COD_ACCIDE;FechaDelAccidente;HoraDelAccidente;ClaseDelAccidente;SecuenciaAccidente;CantidadDeFallecidos;CantidadDeLesionados;Direccion;LugarReferencia;y;x;CondClimatica;CausaFactorPrincipal;CausaEspecifica;OtraCausa;Observaciones
A-2021-01-410;16/01/2021;21:00;DESPISTE;-;1;0;CARRETERA YERBABUENA TINGO KM 4.45;-;-6.5638356;-77.8300923222641;LLUVIOSO;NO IDENTIFICA LA CAUSA;;;EN INVESTIGACIÓN
A-2021-01-42;04/01/2021;20:45;CHOQUE;-;1;2;CARRETERA PANAMERICANA NORTE ALTURA DEL KM. 683;FRONTIS DE CEMENTOS PACASMAYO;-7.41567;-79.548581;DESPEJADO;IMPRUDENCIA DEL CONDUCTOR;ADELANTAR INDEBIDAMENTE;;
A-2021-01-43;07/01/2021;19:40;ATROPELLO;;1;0;CARRETERA PANAMERICANA NORTE KM.445;ALTURA DEL INGRESO AL SECTOR SAN LUÍS Y EL SERVICENTRO SAN JOSÉ;-9.004006504;-78.61846985128324;DESPEJADO;IMPRUDENCIA DEL PEATÓN;CRUCE INDEBIDO POR LA CALZADA;;ATROPELLO POR VOLTEO
A-2021-01-44;02/01/2021;22:00;CHOQUE;----;1;3;CARRETERA  SOJO - PAITA;ALTURA DEL KM. 11;-4.904804841;-80.81424317099258;DESPEJADO;IMPRUDENCIA DEL CONDUCTOR;ADELANTAR INDEBIDAMENTE;;POR DETERMINAR
A-2021-01-49;09/01/2021;16:20;CHOQUE;CHOQUE FRONTAL CON MUERTE Y LESIONES CON DAÑOS MATERIALES;1;4;KM. 22.033 DE CARRETERA PENETRACIÓN PATIVILCA CAJATAMBO;CC.PP. HUAYTO;-10.65888406;-77.6526383087629;SOLEADO;IMPRUDENCIA DEL CONDUCTOR;INVASIÓN DE CARRIL;;NO
A-2021-01-51;10/01/2021;05:20;ATROPELLO FUGA;ATROPELLO Y FUGA DEL VEHICULO Y CONDUCTOR CAUSANTE DEL ACCIDENTE;1;0;KM. 168.600 DE LA CARRETERA PANAMERICANA NORTE;CC.PP. MAZO;-11.0300838;-77.5926482784233;DESPEJADO;NO IDENTIFICA LA CAUSA;;;FUGA DEL VEHICULO CAUSANTE
A-2021-01-54;10/01/2021;20:30;CHOQUE;CHOQUE POR EMBISTE CENTRICO CON MUERTE Y LESIONES GRAVES;1;1;KM. 77.320 DE LA CARRETERA PANAMERICANA NORTE;ALTURA DEL INGRESO AL CC.PP. LAS MALVINAS;-11.60563071;-77.24177233479881;DESPEJADO;IMPRUDENCIA DEL CONDUCTOR;OTRO (IMPRUDENCIA DEL CONDUCTOR);AL HABER REALIZADO SU MANIOBRA DE CAMBIO DE DIRECCIÓN HACIA EL OESTE, SIN LA ADOPCIÓN DE LAS MÁXIMAS MEDIDAS DE SEGURIDAD Y SIN VALORAR LA CORRIENTE VEHICULAR DEL MOMENTO;NO
A-2021-01-55;10/01/2021;05:40;CHOQUE;POR EMBISTE;1;1;CARRETERA FERNANDO BELAUNDE TERRY KM 483;CRUCE CALZADA -SORITOR;-6.039758;-77.060566;DESPEJADO;IMPRUDENCIA DEL CONDUCTOR;CONDUCIR EN ESTADO DE EBRIEDAD Y/O DROGADICCIÓN;;FALTA DE CUIDADO DEL CONDUCTOR DE LA UT2
A-2021-01-56;04/01/2021;20:00;CHOQUE;ATROPELLO Y DESPISTE;1;2;CARRETERA DESAGUADERO - KELLUYO KM 10 200;ALTURA AL DESVIO A LA COMUNIDAD DE AYRIHUAS;-16.687;-69.176;;;;;
A-2021-01-57;05/01/2021;10:55;CAÍDA DE PASAJERO;-;1;0;AV. SAN PEDRO S/N - CHUPACA;ALTURA DEL MIRADOR;-12.0596872;-75.2879895;DESPEJADO;NEGLIGENCIA DEL CONDUCTOR;OTRO (NEGLIGENCIA DEL CONDUCTOR);DESPLAZAR SU VEHICULO A UNA VELOCIDAD NO APROPIADA;
A-2021-01-58;06/01/2021;07:30;ATROPELLO FUGA;;1;0;PANAMERICANA SUR KM. 146 560;ANEXO PAMPA CRUZ;-12.2348153;-75.1553866;DESPEJADO;;;;
A-2021-01-60;11/01/2021;06:46;DESPISTE;VOLCADURA;1;2;CARRETERA TARATA-CHALLAPALCA. ALTURA KM. 91 200;DESVIÓ DE TARATA A TICACO;-17.46677906;-70.0345603030153;DESPEJADO;IMPRUDENCIA DEL CONDUCTOR;CONDUCIR EN ESTADO DE EBRIEDAD Y/O DROGADICCIÓN;;VOLCADURA APOYADO SOBRE SU TECHO, PARANTES DAÑADOS
A-2021-01-62;04/01/2021;04:30;CHOQUE;CHOQUE POL ALCANCE CON LESIONES PERSONALES DAÑOS MATERIALES Y MUERTE;1;1;CARRETERA DE INGRESO A AREQUIPA KM.2.4  APROX;CRUCE LA JOYA - VIA HACIA MOQUEGUA;-16.528801;-71.758877;NUBLADO;IMPRUDENCIA DEL CONDUCTOR;OTRO (IMPRUDENCIA DEL CONDUCTOR);DESANTENIO  EN LA CONDUCCIÓN;EL ACCIDENTE OCURRIO EN CIRCUNSTANCIAS QUE EL CONDUCTOR DE LA UT1  A LA ALTURA DEL KM. 2.4 DE LA CARRETERA DE INGRESO A AREQUIPA, LOGRA IMPACTAR CON SU ESTRUCTURA  ANTERIOR A LA UT2 EN LA PARTE POSTERIOR IZQUIERDA.
A-2021-01-63;09/01/2021;19:50;CHOQUE;-;1;0;EN EL CENTRO POBLADO PAMPA DE LA ISLA ;FRENTE AL COLEGIO PRIMARIA ;-13.96366875;-75.69515216658996;DESPEJADO;IMPRUDENCIA DEL CONDUCTOR;EXCESO DE VELOCIDAD;;
A-2021-01-64;03/01/2021;20:50;ATROPELLO;-;1;0;CARRETERA MARIGINAL MAZAMARI KM 18;ENTRADA AL ANEXO SANTA MARTHA;-11.29912279;-74.54719269575503;NUBLADO;NO IDENTIFICA LA CAUSA;;;
A-2021-01-67;01/01/2021;21:00;CHOQUE CON OBJETO FIJO;DESPISTE-VOLCADURA;1;0;PANAMERICANA NORTE ANTIGUA KM 799;OVALO MOCCE;-6.680472;-79.903582;DESPEJADO;NO IDENTIFICA LA CAUSA;;;
A-2021-01-68;10/01/2021;14:30;VOLCADURA;-;1;0;CARRETERA NUEVA ARICA CAYALTI;KM. 39 200;-6.880811;-79.363869;DESPEJADO;IMPRUDENCIA DEL CONDUCTOR;ADELANTAR INDEBIDAMENTE;;
A-2021-01-70;13/01/2021;05:16;ATROPELLO;MUERTE DEL PEATON;1;0;CARRETERA CENTRAL MARGEN IZQUIERDA KM.105 450;TIENDA LA GRANDE;-11.9379866;-75.3100902;DESPEJADO;IMPRUDENCIA DEL PEATÓN;CRUCE INDEBIDO POR LA CALZADA;;LA ACCION NEGLIGENTE DEL VIANDANTE, AL REALIZAR EL CRUCE DE LA CALZADA, NO ADOPTANDO LAS MEDIDAS DE SEGURIDAD Y PRECAUCION
A-2021-01-71;09/01/2021;15:30;DESPISTE;CHOQUE;1;0;CARRETERA CHICALYO MOSNEFU KM. 07 200;FRONTIS TIENDA NICOLLINI;-6.821616;-79.855199;DESPEJADO;NO IDENTIFICA LA CAUSA;;;
A-2021-01-72;11/01/2021;01:00;ATROPELLO;-;1;0;CARRETERA PANAMERICANA NORTE;KM. 806 600;-6.637867;-79.950015;DESPEJADO;NO IDENTIFICA LA CAUSA;;;
A-2021-01-74;12/01/2021;19:39;CHOQUE;ACCIDENTE DE TRÁNSITO MÚLTIPLE – DESISTE Y VOLCADURA SEGUIDO DE CHOQUES CON CONSECUENCIA DE MUERTE Y LESIONES Y DAÑOS MATERIALES;1;0;"KM. 140.703 DE LA CARRETERA PANAMERICANA NORTE; JURISDICCIÓN POLICIAL DE LA COMISARÍA PNP CRUZ BLANCA";CC.PP. EL PARAISO - SANTA MARIA;-11.18428545;-77.57624035482478;DESPEJADO;NEGLIGENCIA DEL CONDUCTOR;OTRO (NEGLIGENCIA DEL CONDUCTOR);CONDUCTOR DEL VEHÍCULO CATG., M1, CLASE AUTOMÓVIL DE PLACA DE RODAJE F0G-654 (UT-1), AL HABER CONDUCIDO SU VEHÍCULO POR ESE TRAMO DE LA VÍA SIN RECONOCER EL PELIGRO QUE REPRESENTABA LA VÍA POR SUS CARACTERÍSTICAS, DEMOSTRANDO CON SU ACCIONAR UNA MARCADA NEGLIGENCIA, CONTRIBUYENDO A ELLO LA AUSENCIA DE ILUMINACIÓN ARTIFICIAL, ;LA ACTITUD NEGLIGENTE  DEL CONDUCTOR. 
A-2021-01-75;10/01/2021;12:15;CHOQUE;-;1;2;CARRETERA DE PENETRACION A MACABI BAJO ;SECTOR LAS PALMERAS;-7.723725;-79.342576;DESPEJADO;NO IDENTIFICA LA CAUSA;;;
A-2021-01-78;11/01/2021;07:30;CHOQUE;-;1;4;CARRETERA DE PENETRACION A LA PROVINCIA DE GRAN CHIMU ALTURA DEL KM. 06;SECTOR ROMA;-7.743064;-79.08115;DESPEJADO;IMPRUDENCIA DEL CONDUCTOR;ADELANTAR INDEBIDAMENTE;;
A-2021-01-82;13/01/2021;03:10;ATROPELLO FUGA;-;1;0;CARRETERA PANAMERICANA NORTE ALTURA DEL KM. 602;-;-7.879217;-79.130121;DESPEJADO;NO IDENTIFICA LA CAUSA;;;OFICIO NRO. 176-2023-MP/FPPC.ASCOPE-ALRN, DE FECHA 16MAY23, DE LA FPMC ASCOPE, LA DRA. ANA LORENA RODRIGUEZ NAVARRTE, COMUNICA QUE SE ENCUENTRA A LA FECHA CON DISPOSICION DE NO FORMALIZACION DE INVESTIGACION PREPARATORIA, DE FECHA 16MAY23
A-2021-02-100;18/02/2021;10:30;VOLCADURA;VOLCADURA POSTERIOR INCENDIO;2;0;CARRETERA QUILCA MATARANI KM 10 500;KM 10;-16.666286;-72.556992;DESPEJADO;IMPRUDENCIA DEL CONDUCTOR;EXCESO DE VELOCIDAD;;SIN PARTICULARIDADES 
A-2021-02-102;01/02/2021;15:45;DESPISTE;VOLCADURA;1;1;KM 214 340;RUTA PUTINA - SANDIA ;-14.36552302;-69.48053229031025;NUBLADO;IMPRUDENCIA DEL CONDUCTOR;EXCESO DE VELOCIDAD;;NINGUNA
A-2021-02-103;19/02/2021;17:31;VOLCADURA;LA UNIDAD VUELCA EL CONBDUCTOR CAE Y SE GOLPEA EL CRANEO ;1;0;CARRETERA CAMANA - EL CARDO;INGREO AL ANEXO SAN PANCHO;-16.610207;-72.715164;DESPEJADO;NO IDENTIFICA LA CAUSA;;;SIN PARTICULARIDADES 
A-2021-02-104;19/02/2021;16:30;DESPISTE;VOLCADURA;1;1;CARRETERA CAPAZO-PISACOMA;-;-17.183;-69.645;DESPEJADO;IMPRUDENCIA DEL CONDUCTOR;OTRO (IMPRUDENCIA DEL CONDUCTOR);MAL ESTADO DE LA CALZADA;
A-2021-02-106;16/02/2021;04:40;CHOQUE;DESPISTE ;6;3;KM 31 690;JULIACA-HUANCANE ;-15.2968047;-69.9693645;DESPEJADO;IMPRUDENCIA DEL CONDUCTOR;INVASIÓN DE CARRIL;;NINGUNA 
A-2021-02-110;16/02/2021;17:30;DESPISTE;CHOQUE;1;0;CARRETERA FERNANDO BELAUNDE TERRY;KM. 5 500;-5.960593;-79.672984;DESPEJADO;NO IDENTIFICA LA CAUSA;;;
A-2021-02-111;17/02/2021;17:30;ATROPELLO FUGA;FUGA ;1;2;CARRETERA PIURA - TACALA. ALTURA DE LA FERRETERIA DINO.;300 MTS. ANTES DEL OVALO PIURA - CHULUCANAS.;-5.1798425;-80.5700802;DESPEJADO;;;;
A-2021-02-112;17/02/2021;13:10;ATROPELLO;POR COMPRESION ;1;1;CARRETERA OIURA -CURUMUY - CIENEGILLO. A LA ALTURA DEL CASERIO CIENEGILLO SUR;CASERIO CIENEGILLO SUR.;-4.957413;-80.64223;DESPEJADO;;;;
A-2021-02-113;02/02/2021;17:20;ATROPELLO;POR APLASTAMIENTO;1;0;CARRETERA PANAMERICANA NORTE Y LA AV. HUARAZ ;"ALTURA DEL OVALO ""VÍCTOR RAÚL"" - FRONTIS AL INMUEBLE MZ. B3 LTE.05";-9.474333739;-78.2960977852209;DESPEJADO;IMPRUDENCIA DEL CONDUCTOR;NO DAR PASO PREFERENTE AL PEATÓN;;NINGUNA
A-2021-02-115;21/02/2021;20:00;CHOQUE;POR ALCANCE;1;2;CARRETERA PIURA - SULLANA. KM 1005;GRIFO PRIMAX;-5.160125;-80.693127;DESPEJADO;IMPRUDENCIA DEL CONDUCTOR;CONDUCIR EN ESTADO DE EBRIEDAD Y/O DROGADICCIÓN;;EXSISTE SEMAFORO EN EL LUGAR DEL ACCIDENTE.
A-2021-02-124;08/02/2021;11:30;CHOQUE;FATAL;1;0;AV. MALECON CHECA CDRA. 16 CON JR. GRAN PAJATEN CDRA.01;-;-12.025888;-76.98613;DESPEJADO;IMPRUDENCIA DEL CONDUCTOR;EXCESO DE VELOCIDAD;;
A-2021-02-127;08/02/2021;15:40;ATROPELLO;FATAL;1;0;AV. INDEPENDENCIA ;ALTURA AV. JOSE CARLOS MARIATEGUI;-12.029121;-76.99979;DESPEJADO;IMPRUDENCIA DEL CONDUCTOR;CONDUCIR EN ESTADO DE EBRIEDAD Y/O DROGADICCIÓN;;SE CONTINUAN CON LAS DILIGENCIAS DE INVESTIGACION.
A-2021-02-128;19/02/2021;22:39;DESPISTE;SUBSECUENTE SUMERCION;1;1;CARRETERA SAN LUIS - CON CANALETA DE LOS PRADOS - LA ARENA.;PUENTE LOS QUEMADOS - LA ARENA;-5.35371131;-80.7164430447336;DESPEJADO;;;;
A-2021-02-129;22/02/2021;16:40;CHOQUE;LATERAL NEGATIVO, VOLCADURA, CAIDA Y APLASTAMIENTO.;1;0;AV. RAUL MATA LA CRUZ (EX CHULUCANA) CON CALLE 16 (INTERSECCION) - PIURA;GRIFO AVA - COLEGIO HARWARD;-5.176101914;-80.6619739068756;DESPEJADO;;;;
A-2021-02-133;24/02/2021;19:10;CHOQUE;;1;0;CARRETERA MATARANI - LA PÚNTA BOMBOM KM 31   340;PLAYA MOTOBOMBA;-17.122811;-71.887054;DESPEJADO;IMPRUDENCIA DEL CONDUCTOR;EXCESO DE VELOCIDAD;;EL ACCIDENTE OCURRIO EN CIRCUNSTANCIAS QUE LA UT2 SE ENCONTRABA ESTACIONADO A UN COSTADO DE LA CARRETERA DONDE, LA UT2 AL NO TENER PERCEOCION DE LA UT1 QUE SE ENCONTRABA ESTACIONADA IMPACTA EN SU PARTE POSTERIOR  
A-2021-02-135;16/02/2021;15:27;CHOQUE;MUERTE DEL CONDUCTOR;1;1;CARRETERA CENTRAL JUAJA TARMA KM.10 600-CENTRO POBLADO DE YANAMARCA;-------------------------------------;-11.708441;-75.55653763;SOLEADO;;;;
A-2021-02-136;24/02/2021;19:15;CHOQUE;-;1;0;KM. 1295.500 CARRETERA PANAMERICANA SUR ;INGRESO AL MONUMENTO ALTO DE LA ALIANZA ;-17.979841;-70.282731;DESPEJADO;IMPRUDENCIA DEL CONDUCTOR;INVASIÓN DE CARRIL;;EL CONDUCTOR DEL VEHICULO Z5T517, SE ENCONTRABA EN ESTADO DE EBRIEDAD 
A-2021-02-144;16/02/2021;16:10;ESPECIAL;CHOQUE POR ALCANCE, CHOQUE LATERAL POSITIVO, CHOQUE LATERAL NEGATIVO, VOLCADURA Y CAÍDA DE CONDUCTOR Y OCUPANTE;1;1;CARRETARA BAGUA EL MILAGRO;GRIFO SAN LORENZO;-5.633006;-78.555329;SOLEADO;NO IDENTIFICA LA CAUSA;;;SE ENCUENTRA PENDIENTE EL PERITAJE DE DAÑO, RESULTADO DE LA PERICIA DE DOSAJE ETÍLICO Y EL INFORME TÉCNICO
A-2021-02-147;20/02/2021;23:00;DESPISTE;VOLCADURA;1;0;CARRETERA POMATA -ACCESO AL CENTRO POBLADO DE HUACANI;DESVIO AL CENTRO POBLADO DE HUACANI;-16.2675068;-69.29679018408967;DESPEJADO;IMPRUDENCIA DEL CONDUCTOR;EXCESO DE VELOCIDAD;;
A-2021-02-148;18/02/2021;11:00;VOLCADURA;SALE DE UNA CURVA Y SE ENCUENTRA CON VIA ANGOSTA;1;0;EN EL DISTRITO DE QUELLOUNO SECTOR PUMANCUYO;DEVIO DE TROCHA DE QUELLOUNO, CON LA COMUNIDAD DE CCOCHAYOC;-12.6365227;-72.55693921;NUBLADO;NEGLIGENCIA DEL CONDUCTOR;OTRO (NEGLIGENCIA DEL CONDUCTOR);CONDUCIR EN ESTADO DE EBRIEDAD;NINGUNA
A-2021-02-15;05/02/2021;17:30;DESPISTE;VOLCADURA;1;3;CARRETERA AREQUIPA - MATARANI KM 7;HITO 7 DE KILOMETRAJE;-16.6779758;-71.9100334;DESPEJADO;IMPRUDENCIA DEL CONDUCTOR;EXCESO DE VELOCIDAD;;EL ACCIDENTE OCURRIO EN CIRCUNSTANCIAS QUE EL VEHÍCULO SE DESPLAZABA EN LINEA RECTA A VELOCIDAD PERDIENDO EL CONTROL DE SU UNIDAD DESPISTANDOSE A LA DERECHA Y VOLCANDO EN TONEL HASTA SU POSICIÓN FINAL
A-2021-02-156;24/02/2021;12:40;CHOQUE;DESPISTE ;1;0;285 289;JULIACA-AREQUIPA;-15.43385;-70.2663;DESPEJADO;IMPRUDENCIA DEL CONDUCTOR;INVASIÓN DE CARRIL;;LA ACCION DEL CONDUCTOR DE LA UT2 AL CIRCULAR SIN EL CUIDADO Y PRECAUCION EN ZONA DEL EVENTO DE TRANSITO
A-2021-02-163;01/02/2021;18:30;DESPISTE;PERDIDA DE CONTROL DELA DIRECCION EN UNA CURVA ;1;3;CARRETERA  CAYCAY HUARAHUARA;ALTURA DEL PRIMER KILOMETRO COMUNIDAD DE COYUTARO;-13.5972;-71.6969;LLUVIOSO;IMPRUDENCIA DEL CONDUCTOR;EXCESO DE VELOCIDAD;;NINGUNA
A-2021-02-164;05/02/2021;10:30;CAÍDA DE PASAJERO;CAYDA DEL PASAJERO SOBRE LA MANIOBRA DEL CONDUCTOR;1;0;CARRETERA HUAMBUTIO -SAN SALVADOR  SECTOR DENOMINADOBICHOS;KILOMETRO 9;-13.493;-71.7882;DESPEJADO;IMPRUDENCIA DEL CONDUCTOR;GIRAR IMPRUDENTEMENTE;;NINGUNA
A-2021-02-165;19/02/2021;19:15;CHOQUE;LA MOTOCICLTA ADELANTA AL TRAILER EN SU SENTIDO DE DESPLASAMIENTO DE ESTE OESTE EN CIRCUNSTANIA QUE CHO CONLA PARTE INFERIOR DEL VEHICULO  PERDE EL EQUILIBRIO TRIPLE CHOQUE;1;0;KILOMETRO 280 DE LA CARRETERA SANTO TOMAS - QUIÑOTA;CARRETERA-- SANTO TOMAS- QUIÑOTA;-14.320065;-72.13885;DESPEJADO;IMPRUDENCIA DEL CONDUCTOR;EXCESO DE VELOCIDAD;;NINGUNA
A-2021-02-166;20/02/2021;19:30;CHOQUE;MUERTE;1;2;CALLE SAN MIGUEL CDRA. 4 ;-;-7.243284;-79.399869;DESPEJADO;NO IDENTIFICA LA CAUSA;;;
A-2021-02-167;21/02/2021;23:15;CHOQUE;MUERTE;3;2;CARRETERA PANAMERICANA NORTE KM. 676 - SAN PEDRO DE LLOC;EL HORNITO;-7.434894;-79.50161;DESPEJADO;IMPRUDENCIA DEL CONDUCTOR;CONDUCIR EN ESTADO DE EBRIEDAD Y/O DROGADICCIÓN;;
A-2021-02-168;24/02/2021;05:40;CHOQUE;MUERTE;1;1;CARRETERA PANAMERICANA NORTE ALTURA DEL KM. 606;-;-7.838814;-79.152311;DESPEJADO;IMPRUDENCIA DEL CONDUCTOR;FATIGA Y/O CANSANCIO;;
A-2021-02-169;25/02/2021;07:30;CHOQUE FUGA;MUERTE;1;0;CARRETERA PANAMERICANA NORTE ALTURA DEL KM. 642.2;-;-7.704619;-79.314822;DESPEJADO;IMPRUDENCIA DEL CONDUCTOR;OTRO (IMPRUDENCIA DEL CONDUCTOR);AL DESPLAZAR SU VEHICULO MOTOCICLETA POR EL CARRIL DERECHO DE LA CALZADA ESTE DE LA CPN ;
A-2021-02-17;05/02/2021;14:30;ATROPELLO;ATROPELLO POR APLASTAMIENTO;1;0;CARRETERA PENETRACION AL CENTRO POBLADO MANAS - GORGOR - CAJATAMBO;ANEXO. MARCAHUASI ;-10.57236586;-77.15383704151937;NUBLADO;NO IDENTIFICA LA CAUSA;;; SE INVESTIGA 
A-2021-02-170;24/02/2021;19:20;ATROPELLO;PEATON SALIO DE UN JIRON EMBUDO I AL PASAR AL JIRON SANTA ANA FUE IMPACTADO POR LA MOTOCICLETA;1;0;INTERSECCION DEL JIRON EMBUDO CON EL JIRON SANTA ANA ;ZONA URBANA;-12.51453513;-72.41194327228267;DESPEJADO;IMPRUDENCIA DEL CONDUCTOR;EXCESO DE VELOCIDAD;;NINGUNA
A-2021-02-171;08/02/2021;15:00;DESPISTE;VEHICULO ESPECIAL TRABAJO EN TROCHA CARROSABLE SEDIENDO LA TIERRRA DE TRABAJO;1;3;COMUNIDAD ARAVITO;KILOMETRO  78;-12.91865832;-72.736736539381;DESPEJADO;IMPRUDENCIA DEL CONDUCTOR;EXCESO DE VELOCIDAD;;NINGUNA
A-2021-02-172;27/02/2021;07:40;DESPISTE;CHOQUE;1;0;CARRETERA PANAMERICANA SUR KM. 315;(REF. SECTOR LOS MAYURIES);-14.17864108;-75.71557504710242;DESPEJADO;IMPRUDENCIA DEL CONDUCTOR;EXCESO DE VELOCIDAD;;
A-2021-02-175;22/02/2021;08:30;ATROPELLO;-;1;0;AVENIDA GRAN CHIMU CUADRA 15;CALLE CAHUIDE;-6.802063779;-79.84676677752996;DESPEJADO;NO IDENTIFICA LA CAUSA;;;
A-2021-02-176;27/02/2021;07:00;DESPISTE;-;1;0;VIA LOS LIBERTADORES KM. 27;PUENTE SAN IGNACIO;-13.733104;-75.923859;DESPEJADO;IMPRUDENCIA DEL CONDUCTOR;FATIGA Y/O CANSANCIO;;
A-2021-02-177;27/02/2021;04:00;VOLCADURA;SEGUIDO DE ATROPELLO;1;0;CARRETERA PANAMERICANA SUR KM. 301;(FRONTIS GRIFO PETRO PERU);-14.06303715;-75.74121214851782;DESPEJADO;IMPRUDENCIA DEL CONDUCTOR;EXCESO DE VELOCIDAD;;ESTADO DE EBRIEDAD - NO PRESENTA DOCUMENTOS
A-2021-02-178;18/02/2021;11:40;ATROPELLO;-;1;0;JR LISANDRO LUNA ;CENTRO COMERCIAL PLAZA ABASTOS ;-14.91351895;-69.86333177050078;LLUVIOSO;IMPRUDENCIA DEL PEATÓN;OTRO (IMPRUDENCIA DEL PEATÓN);AL EXPONERSE A UN PELIGRO LATENTE, FRENTE A EVIDENTES CONDICIONES DE RIESGO POR LO QUE OVBIO ADOPTAR LA MEDIDAS DE PREVENCION Y CUIDADO;EL OPERATIVO DEL CONDUCTOR DE LA UT1 AL NO TENER CUIDADO Y PRECAUCION CON LOS PEATONES QUE CIRCULAN A SU ALREDEDOR 
A-2021-02-179;22/02/2021;07:50;ATROPELLO;-;1;0;AV PERU CON JR VALLE SAGRADO;-;-15.492512;-70.116788;DESPEJADO;IMPRUDENCIA DEL PEATÓN;CRUCE INDEBIDO POR LA CALZADA;;LA ACCION DEL CONDUCTOR DE LA UT1 AL CONDUCIR SU UNUIDAD A UNA VELOCIDAD QUE SI BIEN ES CIERTO SE ENCONTRABA DENTRO DE LO NORMAL, ESTA NO LE PERMITIO REALIZAR UNA MANIOBRA EVASIVA 
A-2021-02-180;27/02/2021;15:30;ESPECIAL;ATROPELLO POR ARRASTRAMIENTO ;1;0;CALLE REAL;-...;-7.273584;-78.159523;DESPEJADO;NEGLIGENCIA DEL CONDUCTOR;OTRO (NEGLIGENCIA DEL CONDUCTOR);"LA ACTITUD NEGLIGENTE POR PARTE DEL CONDUCTOR DE LA UT, AL DESCENDER DE SU VEHÍCULO DEJANDO EL MOTOR ENCENDIDO PARA LUEGO UBICARSE EN LA PARTE POSTERIOR SIN ADOPTAR SUS MEDIDAS DE SEGURIDAD Y PRECAUCIÓN, PESE A ENCONTRASE EN UNA VÍA RECTA CON GRADIENTE EXPONIENDO SU VIDA Y LA DE LOS DEMÁS; SITUACIÓN QUE GENERÓ EL DESPLAZAMIENTO EN RETROCESO DE DICHO VEHÍCUL";
A-2021-02-181;13/02/2021;19:20;CHOQUE;CONSECUENCIA FATAL;1;2;CARRETERA FERNADO BELAUNDE TERRY ;JARA MOTORS PICOTA;-6.913361781;-76.3323315713814;DESPEJADO;IMPRUDENCIA DEL CONDUCTOR;CONDUCIR EN ESTADO DE EBRIEDAD Y/O DROGADICCIÓN;;NINGUNA
A-2021-02-182;22/02/2021;14:40;DESPISTE;SEGUIDO DE CHOQUE;1;0;CARRETERA PENETRACION HUAURA- SAYAN ;KM. 1.150 APROX.;-11.06297968;-77.5774509197476;DESPEJADO;NO IDENTIFICA LA CAUSA;;;SE INVESTIGA 
A-2021-02-183;23/02/2021;07:00;CHOQUE;MUERTE;1;1;CARRETERA DE PENETRACION ALTURA DEL KM 62.2;A LA PROVINCIA DE GRAN CHIMU;-7.530991;-78.806241;DESPEJADO;IMPRUDENCIA DEL CONDUCTOR;CONDUCIR EN ESTADO DE EBRIEDAD Y/O DROGADICCIÓN;;
A-2021-02-184;23/02/2021;14:20;ATROPELLO;MUERTE;1;0;INTERSECCION DE LA AV. ESPAÑA CON EL PASAJE SAN LUIS;FISCALIA DE LA FAMILIA;-8.112031;-79.032938;DESPEJADO;IMPRUDENCIA DEL PEATÓN;CRUCE INDEBIDO POR LA CALZADA;;
A-2021-02-185;28/02/2021;05:00;ATROPELLO FUGA;MUERTE;1;0;CARRETERA PANAMERICANA NORTE ALTURA DEL  KM. 524.800;-;-8.283801;-78.91814;DESPEJADO;IMPRUDENCIA DEL CONDUCTOR;EXCESO DE VELOCIDAD;;
A-2021-02-186;28/02/2021;04:30;DESPISTE;MUERTE;2;0;CARRETERA SECTOR SITABAMBA ;EL MOLINO;-8.017236;-77.7588;DESPEJADO;IMPRUDENCIA DEL CONDUCTOR;OTRO (IMPRUDENCIA DEL CONDUCTOR);DESTATENCION EN LA CONDUCCION;
A-2021-02-187;28/02/2021;20:40;CHOQUE FUGA;MUERTE;1;2;CARRETERA DE DESVIOA LA PLAYA LARAMIE;FATIMA;-8.54778;-78.678269;DESPEJADO;NO IDENTIFICA LA CAUSA;;;
A-2021-02-188;28/02/2021;21:25;CHOQUE;MUERTE;1;1;CARRETERA DE PENETRACION A LA SIERRA LIBERTEÑA  ALTURA DEL KM. 22;SANTA ROSA;-8.048596;-78.849761;DESPEJADO;IMPRUDENCIA DEL CONDUCTOR;CONDUCIR EN ESTADO DE EBRIEDAD Y/O DROGADICCIÓN;;
A-2021-02-189;28/02/2021;21:00;ATROPELLO;MUERTE;1;0;CALLE 7 DE JULIO;-;-8.088921;-79.026501;DESPEJADO;IMPRUDENCIA DEL CONDUCTOR;CONDUCIR EN ESTADO DE EBRIEDAD Y/O DROGADICCIÓN;;
A-2021-02-190;25/02/2021;05:10;CHOQUE;POR ALCANCE SEGUIDO DE DESPISTE ;1;1;CARRETERA PANAMERICANA NORTE ;ALTURA DEL INGRESO AL CENTRO POBLADO PERALVILLO ;-11.59837382;-77.25110706721921;DESPEJADO;NO IDENTIFICA LA CAUSA;;;NO HA SIDO POSIBLE ELABORAR EL RESPECTIVO INFORME TECNICO, TODA VEZ QUE NO SE CUENTA CON TODO LOS ELEMENTOS DE JUICIO QUE PUDIERAN DETERMINAR LA INDIVIDUALIZACION DE LOS FACTORES INTERVINIENTES QUE DIERON ORIGEN A LA PRODUCCION DEL ACCIDENTE DE TRANSITO
A-2021-02-192;17/02/2021;23:46;ATROPELLO FUGA;-;1;0;CARRETERA PIMENTEL SANTA ROSA;SECTOR SIETE DE JUNIO;-6.833033;-79.926935;DESPEJADO;IMPRUDENCIA DEL CONDUCTOR;EXCESO DE VELOCIDAD;;