COD_ACCIDE;FechaDelAccidente;HoraDelAccidente;ClaseDelAccidente;SecuenciaAccidente;CantidadDeFallecidos;CantidadDeLesionados;Direccion;LugarReferencia;y;x;CondClimatica;CausaFactorPrincipal;CausaEspecifica;OtraCausa;Observaciones
A-2021-02-194;28/02/2021;23:30;DESPISTE;DESPISTE - VOLCADURA;2;1;SECTOR DENOMINADO HUARANGAL - CHIGUATA;EL HUARANGAL ;-16.387007;-71.457041;DESPEJADO;NEGLIGENCIA DEL CONDUCTOR;OTRO (NEGLIGENCIA DEL CONDUCTOR);EXCESO DE CONFIANZA;SIN OBSERVACIONES
A-2021-02-195;17/02/2021;09:35;CHOQUE;VOLCADURA Y CAIDA DEL PASAJERO;1;2;AV. ABELARDO QUIÑONES CUADRA 09;FRONTIS DE LA VIA DE OFICIALES PNP;-3.765741296;-73.26442118723445;SOLEADO;NO IDENTIFICA LA CAUSA;;;EL PRESENTE CASO NO SE ARRIBO A UNA CONCLUSION, OBJETIVA SOBRE EL HECHO, DEBIDO A LA SUSTACCION DEL LUGAR DE LOS HECHOS DEL CONDUCTOR DE LA MOTOCICLETA UT1- NO HABIDOS.
A-2021-02-196;27/02/2021;23:15;CHOQUE;.;4;1;CARRETERA PANAMERICANA NORTE ;KM 195.5;-4.053658967;-80.95568770884869;DESPEJADO;IMPRUDENCIA DEL CONDUCTOR;INVASIÓN DE CARRIL;;
A-2021-02-197;16/02/2021;09:30;DESPISTE;-;1;0;KM.15 700 DEL CENTRO POBLADO HUACHHUA - YAULI;-;-12.769323;-74.734499;DESPEJADO;;;;
A-2021-02-199;27/02/2021;09:45;CHOQUE;VOLCADURA;1;0;CARRETERA PANAMERICANA NORTE ANTIGUA KM. 97;ALTURA DEL GRIFO PRIMAX Y REPSOL;-5.9863394;-79.7392495;DESPEJADO;NO IDENTIFICA LA CAUSA;;;
A-2021-02-20;04/02/2021;22:10;CHOQUE;CHOQUE POR EMBISTE EXCENTRICO LATERAL ANTERIOR Y  SUBSECUENTE VOLCADURA EN TONEL.;1;3;INTERSECCION CONFORMADA POR LA AV. RAUL MATA LA CRUZ (ES AV. CHULUCANAS) Y LA AV. LOS ALGARROBOS;AA.HH. LAS DALIAS;-5.167524;-80.655907;DESPEJADO;IMPRUDENCIA DEL CONDUCTOR;CONDUCIR EN ESTADO DE EBRIEDAD Y/O DROGADICCIÓN;;
A-2021-02-201;19/02/2021;06:55;ATROPELLO FUGA;-;1;0;AVENIDA MEXICO CUADRA 27;CALLE SAN PEDRO;-6.7546582;-79.8478185;DESPEJADO;IMPRUDENCIA DEL CONDUCTOR;CONDUCIR EN SENTIDO CONTRARIO;;ACCIDENTE DE TRANSITO  EN INVESTIGACION
A-2021-02-202;22/02/2021;14:00;DESPISTE;FATAL;1;2;CARRETERA  LLICCHIVILCA - MARISCAL GAMARRA;SECTOR DE HUQUI;-13.90203419;-72.53300183276687;DESPEJADO;IMPRUDENCIA DEL CONDUCTOR;CONDUCIR EN ESTADO DE EBRIEDAD Y/O DROGADICCIÓN;;DESPISTE Y VOLCADURA, CONDUCTOR EN ESTADO DE EBRIEDAD
A-2021-02-209;27/02/2021;20:00;CHOQUE;EMBISTE ;1;3;KM 03 680;VIA INTEROCEANICA CALAPUJA-AZANGARO;-15.2779016;-70.2241947;DESPEJADO;IMPRUDENCIA DEL CONDUCTOR;DESACATO DE SEÑAL DE TRÁNSITO;;NINGUNA 
A-2021-02-21;01/02/2021;19:40;ATROPELLO FUGA;-;1;0;CARRETERA CARROZABLE HACIA LOS QUINBALETAS SECTOR SANTA ROSA;SECTOR ALTO MOLINO RIVERA DEL RIO;-15.92814745;-73.13040730041367;DESPEJADO;NO IDENTIFICA LA CAUSA;;;
A-2021-02-212;20/02/2021;21:19;ATROPELLO FUGA;-;1;1;CARRETERA PANAMERICANA SUR ;DESVIO HUALACAYA;-15.96740465;-69.80668923289836;DESPEJADO;NO IDENTIFICA LA CAUSA;;;
A-2021-02-213;13/02/2021;18:50;ATROPELLO;-;1;1;VIA PANAMERICANA NORTE DESAGUADERO-PUNO KM 1441 50;ALTURA DEL SECTOR ASUNCION;-16.21621;-69.45559;DESPEJADO;IMPRUDENCIA DEL PEATÓN;OTRO (IMPRUDENCIA DEL PEATÓN);INGRESAR IMPRUDENTEMENTE A LA CALZADA;
A-2021-02-214;23/02/2021;11:20;DESPISTE;-;1;0;CARRETERA PANAMERICANA SUR-CHOSICA NORTE;ALTURA C.E NICOLAS DE PIEROLA;-6.8379207;-79.8293674;DESPEJADO;NO IDENTIFICA LA CAUSA;;;
A-2021-02-216;27/02/2021;16:15;CHOQUE;FRONTAL FATAL Y DAÑOS MATERIALES;1;0;CARRETERA CENTRAL HUANCAYO - LA OROYA KM.51 400;-------------;-11.8143497;-75.61393633;LLUVIOSO;;;;
A-2021-02-223;28/02/2021;21:15;ATROPELLO;VOLCADURA;2;0;KM 1310;-;-15.466583;-70.138198;DESPEJADO;IMPRUDENCIA DEL CONDUCTOR;EXCESO DE VELOCIDAD;;ASIMISMO SE HACE DE CONOCIMIENTO QUE EL ACCIDENTE FUE COMUNICADO LUEGO DE 6 DIAS DE HABER OCURRIDO EL ACCIDENTE POR LA COMISARIA ENCARGADA DE LA INVESTIGACIÓN 
A-2021-02-226;24/02/2021;07:15;ESPECIAL;ATROPELLO POR COMPRESION;1;0;INTERIOR  DEL BOTADERO  DE RESIDUOS (BOTADERO MUNICIPAL);QUEBRADA DEL CEMENTERIO ( TROCHA );-17.203995;-70.895577;SOLEADO;IMPRUDENCIA DEL PEATÓN;OTRO (IMPRUDENCIA DEL PEATÓN);INGRESAR PARTE DE SU CUERPO Y CABEZA AL INTERIOR DE LA CAHA COMPACTADORA, SIN CONSIDERAR EL PELIGRO EXISTENTE.;ACCIDENTE DE TRANSITO ESPECIAL. 
A-2021-02-227;25/02/2021;12:40;DESPISTE;SEGUIDO DE VOLCADURA CON CONSECUENCIA FATAL, LESIONES PERSONALES Y DAÑOS MATERIALES;2;1; VIA TROCHA CARROZABLE MATALAQUE - MUYLAQUE KM. 107 400;-;-16.664125;-70.734802;DESPEJADO;IMPRUDENCIA DEL CONDUCTOR;FATIGA Y/O CANSANCIO;;LA IMPRUDENCIA DEL CONDUCTOR AL NO EFECTUAR MANIOBRA ALGUNA AL HACER SU APROXIMACIÓN A UNA CURVA CERRADA A SU DERECHA, LO QUE DIO ORIGEN AL DESPISTE TOTAL SEGUIDA DE VOLCADURA Y LA SECUENCIA DEL ACCIDENTE.
A-2021-02-228;26/02/2021;05:30;CHOQUE;POR ALCANCE, CON CONSECUENCIA FATAL, LESIONES PERSONALES Y DAÑOS MATERIALES. ;1;0;KM. 1094.200;CARRETERA PANAMERICANA SUR;-17.20612;-71.386858;DESPEJADO;IMPRUDENCIA DEL CONDUCTOR;OTRO (IMPRUDENCIA DEL CONDUCTOR);EL OPERATIVO DEL CONDUCTOR DE LA UT-1, AL DESPLAZAR SU UNIDAD DE TRANSITO NO CONSERVANDO SU DISTANCIA ENTRE  LA UT-2 ;
A-2021-02-23;06/02/2021;07:45;DESPISTE;VOLCADURA;2;1; HUANCHOR - C.P. PISCOBAMBA; CARRETERA TALAVERA - PISCOBAMBA;-13.57507;-73.46999;NIEBLA;NEGLIGENCIA DEL CONDUCTOR;OTRO (NEGLIGENCIA DEL CONDUCTOR);CONDUCIR CON EXCESO DE CONFIANZA EN EL TRAMO CON EXCESO DE NEBLINA;
A-2021-02-233;26/02/2021;17:15;ATROPELLO;DESPISTE Y CHOQUE;1;1;CARRETERA CENTRAL MARGEN DERECHA ALTURA DEL KM. 88 500;--------------------;-11.8616999;-75.41395513;DESPEJADO;;;;
A-2021-02-235;19/02/2021;08:30;CHOQUE;;1;0;AV. NESTOR GAMBETTA (NORTE - SUR);ALTURA DEL PARADERO BRISAS DE OQUENDO ;-11.95980448;-77.12836781252078;DESPEJADO;NO IDENTIFICA LA CAUSA;;;NIGUNA
A-2021-02-237;21/02/2021;21:40;CHOQUE CON OBJETO FIJO; -;1;0;CIRCUITOS LAS PLAYAS. ALTURA DE LA CASETA DEL SEGURO LA POSITIVA;-;-12.0968101;-77.0752579074752;SOLEADO;NO IDENTIFICA LA CAUSA;;;
A-2021-02-24;05/02/2021;12:00;CHOQUE;EN CADENA;1;1;CARRETERA PANAMERICANA SUR KM. 278 ;PAMPA DE VILLACURI;-13.934894;-75.869417;DESPEJADO;IMPRUDENCIA DEL CONDUCTOR;EXCESO DE VELOCIDAD;;
A-2021-02-240;04/02/2021;12:00;DESPISTE;;1;0;CARRETERA CAJAMARCA - BAMBAMARCA. ALTURA DEL KM. 31 819;;-7.174738;-78.423229;DESPEJADO;NO IDENTIFICA LA CAUSA;;;NO SE PUEDE DETERMINAR LAS CAUSAS DEL ACCIDENTE POR FALTA DE LEMENTOS
A-2021-02-241;07/02/2021;17:00;DESPISTE;VOLCADURA Y CHOQUE ;1;1;CARRETERA CONCEPCION COMAS ;PARAJE CONDORSINGA ;-11.7295272;-75.074987;SOLEADO;IMPRUDENCIA DEL CONDUCTOR;EXCESO DE VELOCIDAD;;EL ACCIDENTE DE TRANSITO PROVOCO EL FALLECIMIENTO DEL CONDUCTOR 
A-2021-02-242;17/02/2021;07:10;CHOQUE FUGA;-;1;1;CARRETERA CHICLAYO PICSI;;-6.732341;-79.785366;DESPEJADO;NO IDENTIFICA LA CAUSA;;;
A-2021-02-244;12/02/2021;11:50;CHOQUE;;1;0;AV. ALFREDO PALACIOS /AV. PEREZ SALMON  CALLAO ;;-12.05577285;-77.12188849777318;DESPEJADO;NEGLIGENCIA DEL CONDUCTOR;OTRO (NEGLIGENCIA DEL CONDUCTOR);NEGLIGENCIA DEL VEHICULO MENOR ;NEGLIGENCIA DEL VEHICULO MENOR AL TRATAR DE CRUZAR LA CALZADA POR UN LUGAR ANTIRGLAMENTARIO
A-2021-02-246;11/02/2021;22:30;CHOQUE;-;1;0;CARRETERA JAEN PUCARA;CARRETERA FERNANDO BELAUNDE TERRY;-6.0414394;-79.1254947;DESPEJADO;NO IDENTIFICA LA CAUSA;;;ACCIDENTE EN INVESTIGACION
A-2021-02-248;01/02/2021;04:47;CHOQUE;-;1;0;AV. PETIT THOUARS CON AV. JAVIER PRADO;-;-12.09219;-77.032178;DESPEJADO;NEGLIGENCIA DEL CONDUCTOR;CONDUCIR CON FALLAS DE DIRECCIÓN;;
A-2021-02-249;09/02/2021;20:00;ATROPELLO;-;1;0;CARRETERA PANAMERICANA SUR KM. 14.500;-;-12.15676228;-76.98325306177139;DESPEJADO;IMPRUDENCIA DEL PEATÓN;ESTADO DE EBRIEDAD Y/O DROGADICCIÓN;;
A-2021-02-25;07/02/2021;12:00;CHOQUE;;2;0;CARRETERA PANAMERICANA SUR KM. 294;(ENTRADA AL C.P COLLAZOS);-14.005534;-75.766709;DESPEJADO;IMPRUDENCIA DEL CONDUCTOR;INVASIÓN DE CARRIL;;
A-2021-02-250;09/02/2021;21:12;DESPISTE;CHOQUE;1;0;VIADUCTO MANCO CÁPAC;-;-12.07616368;-77.02763028722859;DESPEJADO;IMPRUDENCIA DEL CONDUCTOR;EXCESO DE VELOCIDAD;;
A-2021-02-251;01/02/2021;07:10;CHOQUE;VOLCADURA CAÍDA Y ATROPELLO;1;0;AV. PRÓCERES CON ALFREDO MENDIOLA;-;-11.93762563;-77.07126170396806;DESPEJADO;NO IDENTIFICA LA CAUSA;;;
A-2021-02-252;10/02/2021;15:30;DESPISTE;CHOQUE , VOLCADURA;1;0;CARRETERA PANAMERICANA SUR KM.26.600;-;-12.29093585;-76.86632484197618;DESPEJADO;IMPRUDENCIA DEL CONDUCTOR;EXCESO DE VELOCIDAD;;IMPRUDENCIA DEL CONDUCTOR UT1
A-2021-02-253;10/02/2021;16:15;ATROPELLO;-;1;0;AV. CANADÁ CDRA. 36;-;-12.08129917;-76.99488312005998;DESPEJADO;IMPRUDENCIA DEL PEATÓN;USO DE DISPOSITIVOS MÓVILES Y/O ELECTRÓNICOS;;
A-2021-02-254;10/02/2021;13:00;CHOQUE;VOLCADURA Y CAÍDA;1;0;AV. TOMAS MARZANO CDRA. 17 CON CALLE JUAN TORRES HIGUERA;-;-12.11771693;-77.00858920812608;DESPEJADO;IMPERICIA DEL CONDUCTOR;;;
A-2021-02-255;12/02/2021;07:15;ATROPELLO;-;1;0;AV. CANTA CALLAO;FRENTE AL CENTRO COMERCIAL TOTTUS;-11.95470865;-77.08510190248491;DESPEJADO;NO IDENTIFICA LA CAUSA;;;
A-2021-02-256;13/02/2021;17:20;CHOQUE;VOLCADURA Y CAIDA;1;2;AV. CENTRAL CON AV. EL SOL;-;-12.19905799;-76.94201409816743;DESPEJADO;IMPRUDENCIA DEL CONDUCTOR;EXCESO DE VELOCIDAD;;
A-2021-02-257;13/02/2021;20:40;ATROPELLO FUGA;-;1;0;AV. JOSÉ SACO ROJAS ALT. LADRILLERA LARK;-;-11.86136612;-77.05357243780493;DESPEJADO;IMPRUDENCIA DEL PEATÓN;CRUCE INDEBIDO POR LA CALZADA;;
A-2021-02-258;13/02/2021;08:00;ATROPELLO;-;1;0;AV. INDEPENDENCIA ALT. JOSÉ CARLOS MARIÁTEGUI;-;-12.03023359;-76.99354463022675;DESPEJADO;IMPRUDENCIA DEL CONDUCTOR;EXCESO DE VELOCIDAD;;
A-2021-02-259;13/02/2021;18:50;VOLCADURA;CAIDA;1;0;CALLE ELÍAS AGUIRRE CON CALLE ENRIQUE PALACIOS;-;-12.11694068;-77.03471392393112;DESPEJADO;IMPRUDENCIA DEL CONDUCTOR;EXCESO DE VELOCIDAD;;
A-2021-02-260;16/02/2021;18:30;CHOQUE;VOLCADURA;1;0;AV. SALAVERRY CDRA. 26;-;-12.08513;-77.04855;DESPEJADO;IMPRUDENCIA DEL CONDUCTOR;OTRO (IMPRUDENCIA DEL CONDUCTOR);;
A-2021-02-261;16/02/2021;08:00;CHOQUE;VOLCADURA Y CAIDA;1;0;AV. AREQUIPA CON CALLE EMILIO FERNANDEZ;-;-12.07343065;-77.0361972507521;DESPEJADO;IMPRUDENCIA DEL CONDUCTOR;EXCESO DE VELOCIDAD;;
A-2021-02-262;17/02/2021;11:30;ATROPELLO;-;1;0;AV. MORRO DE ARICA CDRA 1;-;-12.02690198;-77.04017210949648;DESPEJADO;IMPRUDENCIA DEL PEATÓN;DESACATO DE SEÑAL DE TRÁNSITO;;
A-2021-02-263;18/02/2021;18:00;ATROPELLO FUGA;-;1;0;VIA EVITAMATIENTO ;ALTURA PTE BALTA;-12.0431032;-77.02317771163345;DESPEJADO;NO IDENTIFICA LA CAUSA;;;
A-2021-02-264;18/02/2021;15:25;CHOQUE CON OBJETO FIJO;-;1;3;CALLE S/N DE LA ASOCIACIÓN DE CRIADEROS PORCINOS MINAS DE AGUA;-;-12.14029;-76.9112;DESPEJADO;IMPRUDENCIA DEL CONDUCTOR;EXCESO DE VELOCIDAD;;
A-2021-02-265;19/02/2021;20:20;ATROPELLO;-;2;0;AV. 28 DE JULIO CON AVIACION;-;-12.0610189;-77.01281365599989;DESPEJADO;IMPRUDENCIA DEL CONDUCTOR;EXCESO DE VELOCIDAD;;
A-2021-02-266;22/02/2021;07:30;VOLCADURA;CAÍDA;1;0;ALFREDOMENDIOLA CDRA 10;-;-11.98829423;-77.06414607991313;DESPEJADO;IMPRUDENCIA DEL CONDUCTOR;EXCESO DE VELOCIDAD;;
A-2021-02-267;23/02/2021;21:00;ATROPELLO FUGA;-;1;0;VIA EVITAMIENTO KM 0.612;-;-12.057;-76.974;DESPEJADO;NO IDENTIFICA LA CAUSA;;;ACCIDENTE EN INVESTIGACIÓN
A-2021-02-268;24/02/2021;08:30;CHOQUE;DESPISTE Y VOLCADURA;1;0;PROLONG. TACNA CON GUARDIA REPUBLICANA;-;-12.03480687;-77.02985840706565;DESPEJADO;NO IDENTIFICA LA CAUSA;;;ACCIDENTE EN INVESTIGACIÓN
A-2021-02-269;26/02/2021;07:30;ATROPELLO;-;1;0;AV. GUILLERMO BILLINGHURST CDRA 11;-;-12.162491;-76.962732;DESPEJADO;IMPRUDENCIA DEL CONDUCTOR;OTRO (IMPRUDENCIA DEL CONDUCTOR);;
A-2021-02-270;27/02/2021;12:30;ATROPELLO;-;1;0;VIA EVITAMIENTO ALT. PTE RAMIRO PRIALE;;-12.03247741;-76.99107365892452;SOLEADO;NO IDENTIFICA LA CAUSA;;;EN PROCESO DE INVESTIGACIÓN
A-2021-02-271;27/02/2021;22:30;DESPISTE;VOLCADURA;1;0;JR. JORGE CHAVEZ CDRA 2;-;-11.889978;-77.02457;DESPEJADO;IMPRUDENCIA DEL CONDUCTOR;CONDUCIR EN ESTADO DE EBRIEDAD Y/O DROGADICCIÓN;;EBRIEDAD DEL CONDUCTOR
A-2021-02-272;28/02/2021;04:00;DESPISTE;DESPISTE;1;0;CARRETERA PIURA- SULLANA;ALTURA DE MAESTRANZA;-4.916857978;-80.69707447355155;DESPEJADO;NO IDENTIFICA LA CAUSA;;;DESPISTE CON SUBSECUENTE MUERTE
A-2021-02-273;14/02/2021;21:30;VOLCADURA;VOLCADURA Y CAIDA;1;0;CARRTERA PANAMERICANA NORTE ;KM 26 100  - CERRO MOCHO;-4.84499493;-80.88665301972264;DESPEJADO;NO IDENTIFICA LA CAUSA;;;SE INVESTIGA EL ACCIDENTE DE TRANSITO
A-2021-02-274;21/02/2021;20:30;DESPISTE;DESPISTE;1;0;CARRETERA QUERECOTILLO - LANCONES ;ALTURA DEL KM 21;-4.7495287;-80.5879604;DESPEJADO;NO IDENTIFICA LA CAUSA;;;DESPISTE SE INVESTIGA
A-2021-02-275;21/02/2021;20:00;VOLCADURA;VOLCADURA Y DESPISTE;1;0;CARRETERA QUERECOTILLO - LANCONES;ALTURA DEL KM 14;-4.807883;-80.623159;DESPEJADO;NO IDENTIFICA LA CAUSA;;;VOLCADURA Y DESPISTE, SE INVESTIGA 
A-2021-02-276;05/02/2021;09:00;DESPISTE;DESPISTE Y VOLCADURA;1;0;CARRETERA TAMBOGRANDE - CP 12;CENTRO POBLADO 12;-4.885024319;-80.33600611919029;DESPEJADO;NO IDENTIFICA LA CAUSA;;;DESPISTE Y VOLCADURA - SE INVESTIGA
A-2021-02-277;04/02/2021;14:30;DESPISTE;DESPISTE, VOLCADURA, CAIDA , ATROPELLO Y FUGA;1;0;CARRETRA CENTRAL HUANUCO - TINGO MARIA KM.47 700;S/N;-9.712672764;-76.09245650562782;NUBLADO;IMPRUDENCIA DEL CONDUCTOR;OTRO (IMPRUDENCIA DEL CONDUCTOR);NO EXISTE;NO HAY
A-2021-02-278;19/02/2021;21:00;ATROPELLO FUGA;ATROPELLO Y FYGA CON CONSCUENCIA FATAL;1;0;CARRTERA CENTRAL HUANUCO. TINGO MARIA KM. 13.300;S/N;-9.913444;-76.231121;DESPEJADO;NO IDENTIFICA LA CAUSA;;;S/O
A-2021-02-279;11/02/2021;12:35;CHOQUE;CHOQUE, DESPISTE, CAIDA DE CONDUCTOR SEGUIDO DE LESIONES CON SUBSECUENTE MUERTE Y DAÑOS MATERIALES;1;1;CARRETERA HUANCACHUPA - CAYRAN KM. 500;S/N;-9.978324;-76.272743;DESPEJADO;IMPRUDENCIA DEL CONDUCTOR;EXCESO DE VELOCIDAD;;S/O
A-2021-02-28;08/02/2021;18:30;CHOQUE;EL ACCIDENTE SE PRODUJO CUANDO  EL CONDUCTOR SE DESPLAZABA CON SU VEHICULO MENOR  DE PLACA DE RODAJE X1-1230 POR EL CARRIL DERECHO  EN SENTIDO DE OESTE A ESTE  CON DIRECCION DE PUERTO MALDONADO  EL VEHICULO CHOCA EN LA PARTE POSTERIOR DEL VEHICULO MAYOR  DE PLACA DE RODAJE X2K-922 ;1;0;CARRETERA INTEROCEANICA SUR URCOS-IÑAPARI;KM 406 100 SECTOR FITZCARRAL;-12.6768763;-69.3683650006837;;;;;
A-2021-02-280;20/02/2021;10:00;DESPISTE;DESPISTE Y VOLCADURA;1;0;CARRETERA HUANUCO - LA UNION KM. 31 500 ;DISTRITO DE QUISQUI;-9.892969418;-76.4520505758337;DESPEJADO;IMPRUDENCIA DEL CONDUCTOR;OTRO (IMPRUDENCIA DEL CONDUCTOR);FALTA DE PROTOCOLOS DE SEGURIDAD EN LA ZONA DE TRABAJO;S/O
A-2021-02-281;19/02/2021;10:20;DESPISTE;SEGUIDO DE VOLCADURA;2;2;CARRETERA PENETRACIÓN TAUCA - CABANA KM.11 600;CARRETERA QUE SE DIRIGE A LA PROVINCIA DE CABANA;-8.449816342;-78.02931243646064;DESPEJADO;IMPERICIA DEL CONDUCTOR;;;NINGUNA
A-2021-02-282;22/02/2021;06:00;ATROPELLO FUGA;SEGUIDO DE APLASTAMIENTO;1;0;CARRETERA PANAMERICANA NORTE;NUEVO CHIMBOTE;-9.154150574;-78.50331610768579;DESPEJADO;NO IDENTIFICA LA CAUSA;;;NINGUNA
A-2021-02-283;23/02/2021;20:05;ATROPELLO FUGA;;1;0;CARRETERA PANAMERICANA;SAMANCO;-9.251160716;-78.4393731434623;DESPEJADO;NO IDENTIFICA LA CAUSA;;;NUNGUNA
A-2021-02-284;21/02/2021;19:45;DESPISTE;DESPISTE CHOQUE Y VOLCADURA ;1;1;CARRETERA QUE UNE CASERIO PIEDRA BLANCA CON CASERÍO ALAN GARCIA ;SAN JUAN BIGOTE SALITRAL;-5.371868813;-79.820396398911;DESPEJADO;NO IDENTIFICA LA CAUSA;;;
A-2021-02-285;10/02/2021;19:40;CHOQUE FUGA;;1;0;CARRETERA F.B.T KM. 764;SALIDA A TOCACHE - MC- JUANJUI - ALTURA A LA GARITA DE RONDEROS;-7.191479494;-76.73389059871813;SOLEADO;NO IDENTIFICA LA CAUSA;;;NINGUNA
A-2021-02-286;03/02/2021;19:15;ATROPELLO;;1;0;AV. CIRCUMBALACION;;-6.47596;-76.36267;DESPEJADO;IMPRUDENCIA DEL CONDUCTOR;NO DAR PASO PREFERENTE AL PEATÓN;;NINGUNA
A-2021-02-293;07/02/2021;13:15;DESPISTE;-----;1;0;KM. 859 500 DE LA CARRETERA PANAMERICANA SUR;QUEBRADA DEL TORO;-16.60492251;-72.63072251414734;DESPEJADO;NO IDENTIFICA LA CAUSA;;;
A-2021-02-31;03/02/2021;13:30;DESPISTE;VOLCADURA;2;2;CARRETERA DE PENETRAION UCO - PAUCAS.;RISO HUAGANAN;-9.160781226;-76.92738104820685;NUBLADO;IMPRUDENCIA DEL CONDUCTOR;FATIGA Y/O CANSANCIO;;
A-2021-02-32;03/02/2021;12:00;DESPISTE;VOLCADURA;1;1;KM. 43 CARRETERA COSTANERA SUR ;A LA ALTURA DEL DENOMINADO CERRO CORTADO;-18.170141;-70.647195;SOLEADO;IMPRUDENCIA DEL CONDUCTOR;CONDUCIR EN ESTADO DE EBRIEDAD Y/O DROGADICCIÓN;;NO SE PUEDE DETERMINAR AUN QUIEN ES EL CONDUCTOR, DEBIDO QUE AL MOMENTO DE LA INTERVENCIÓN SE ENCONTRÓ A AMBOS OCUPANTES FUERA DEL VEHICULO 
A-2021-02-4;02/02/2021;15:00;CHOQUE;CHOQUE CON SUBSECUENTE MUERTE;1;0;CARRETERA CENTRAL KM. 05;UNIVERSIDAD UNAS;-9.31989;-75.99349;DESPEJADO;IMPRUDENCIA DEL CONDUCTOR;EXCESO DE VELOCIDAD;;NINGUNA
A-2021-02-40;08/02/2021;15:30;DESPISTE;FATAL;1;0;TROCHA CARROZABLE UNCHIÑA;;-14.32371697;-73.24946437688853;LLUVIOSO;IMPRUDENCIA DEL CONDUCTOR;FATIGA Y/O CANSANCIO;;EL ACCIDENTE SE PRODUJO EN LA VIA ANTES MENCIONADA, SE HACE DE CONOCIMIENTO QUE ES UNA TROCHA CARROZABLE NO AFIRMADA, MISMA QUE PRESENTA DESNIVELES EN TODAS SUS PORCIONES DE LA VIA
A-2021-02-42;08/02/2021;17:30;CHOQUE;;1;0;CARRETERA CARAZ-HUALLANCA;PUENTE CUCUSH;-9.025628278;-77.8208550385728;NUBLADO;NO IDENTIFICA LA CAUSA;;;
A-2021-02-45;08/02/2021;18:20;DESPISTE;FATAL;2;0;VIA SANTA ROSA - ANTABAMBA;PUENTE TUPAC AMARU;-14.20255818;-73.13044804455083;DESPEJADO;IMPRUDENCIA DEL CONDUCTOR;FATIGA Y/O CANSANCIO;;EL ACCIDENTE SE PRODUJO EL DIA 08FEB2021, MISMO QUE SE TOMO CONOCIMIENTO EL DIA 10FEB2021 A RAZON DE NO SABER LA SITUACION DE LAS PERSONAS QUE FALLECIERON PORQUE NUNCA LLEGARON A SU DESTINO, LOS FAMILIARES FUERON LOS QUE COMUNICARON LA DESAPARACION DE LOS OCCISOS, DESPUES DE LA BUSQUEDA DE VARIAS HORAS DE BUSQUEDA SE DIO CON LA UBICACION DEL VEHICULO
A-2021-02-46;09/02/2021;08:30;DESPISTE;FATAL;1;1;VIA HAQUIRA - SAN JUAN DE LLAC-HUA;SECTOR DE CHAHUILLCA;-14.22305223;-72.15168099959223;LLUVIOSO;NO IDENTIFICA LA CAUSA;;;ACCIDENTE DE TRANSITO OCURRIDO EN FECHA MENCIONADA CON SALDO DE UNA PERSONA FALLECIDA Y OTRA HERIDA
A-2021-02-47;11/02/2021;15:00;DESPISTE;FATAL;1;1;TROCHA CARROZABLE LAMBRAMA - RACTAY; RACTAY;-14.02734988;-72.60715432872891;DESPEJADO;NO IDENTIFICA LA CAUSA;;;DESPISTE VEHICULAR 
A-2021-02-5;02/02/2021;13:30;CHOQUE;CON VOLCADURA;1;1;CARRETERA PANAMERICANA SUR KM. 323;(ALTURA DEL ALAMO);-14.240577;-75.692856;DESPEJADO;IMPRUDENCIA DEL CONDUCTOR;INVASIÓN DE CARRIL;;
A-2021-02-50;11/02/2021;17:25;CHOQUE;VOLCADURA ;1;2;INTERSECCION FORMADA ENTRE LAS MZ. “J” Y “E” DE LA ASOC. CIUDAD MUNICIPAL ;;-16.323438;-71.594112;DESPEJADO;IMPRUDENCIA DEL CONDUCTOR;NO ESTABLECER EL DERECHO DE PASO;;EL ACCIDENTE OCURRIO EN CIRCUNSTANCIAS QUE LA UT1 SE DESPLAZABA EN SENTIDO DE SUR A NORTE Y LA UT2 DE OESTE A ESTE Y AL LLEGAR A LA INTERSECCION FORMADA POR LAS MANZANAS “J” Y “E” DE LA ASOC. CIUDAD MUNICIPAL, LA UT1 IMPACTA CON SU VERTICE ANTERIOR DERECHO A LA UT2 EN SU LADO DERECHO
A-2021-02-56;04/02/2021;12:00;CHOQUE;VOLCADURA EN TONEL DERECHO ;1;0;KM 05;BIFURCACION AL DISTRITO DE SAN JOSE ;-14.8922844;-70.1617261;NUBLADO;IMPRUDENCIA DEL CONDUCTOR;EXCESO DE VELOCIDAD;;AL NO TOMAR EN CUENTA EL CONDUCTOR DE LA UT1 EL FACTOR CLIMATERICO EL CUAL DISMINUYO SUS REFLEJOS, CONLLEVANDO A UNA PERDIDA DE TRACCIÓN Y CONTROL DEL MISMO
A-2021-02-6;01/02/2021;20:40;CHOQUE;CHOQUE FRONTAL EXCENTRICO IZQUIERDO, CON SUB SECUENTE DESPISTE Y VOLCADURA.;2;5;CARRETERA PANAMERICANA NORTE PIURA - CHICLAYO. ALTURA DEL KM. 987.;-;-5.260848;-80.613699;DESPEJADO;IMPRUDENCIA DEL CONDUCTOR;CONDUCIR EN ESTADO DE EBRIEDAD Y/O DROGADICCIÓN;;
A-2021-02-63;12/02/2021;02:20;VOLCADURA;;1;13;COMUNIDAD DE CHANCAS;COMUNIDAD DE HUANOQUITE;-13.68282856;-72.0160588098124;LLUVIOSO;NEGLIGENCIA DEL CONDUCTOR;;;