COD_ACCIDE;FechaDelAccidente;HoraDelAccidente;ClaseDelAccidente;SecuenciaAccidente;CantidadDeFallecidos;CantidadDeLesionados;Direccion;LugarReferencia;y;x;CondClimatica;CausaFactorPrincipal;CausaEspecifica;OtraCausa;Observaciones
A-2021-02-66;12/02/2021;11:15;CHOQUE;;1;0;CARRETERA DE INGRESO A LA PUNTA BOMBOM - ANEXO LA PAMPILLA;ANEXO LA PAMPILLA;-17.1583427;-71.7933493;DESPEJADO;IMPRUDENCIA DEL CONDUCTOR;INVASIÓN DE CARRIL;;CONDUCTOR SE ENCONTRABA EN ESTADO DE EBRIEDAD, NO EXISTE SEÑALIZACIÓN DEL KILOMETRAJE EN EL LUGAR
A-2021-02-68;13/02/2021;10:00;DESPISTE;VOLCADURA;1;0;CARRETERA QUINUABAMBA-YAMIAN;;-8.691887466;-77.36824103548135;NUBLADO;IMPRUDENCIA DEL CONDUCTOR;OTRO (IMPRUDENCIA DEL CONDUCTOR);CUANTO A LAS FUNCIONALIDADES DE LA MAQUINA.;
A-2021-02-69;15/02/2021;15:38;CAÍDA DE PASAJERO;MUERTE DEL OCUPANTE CAÍDO;1;0;CARRETERA QUE CONDUCE DEL DISTRITO DE CAJARURO - NARAJOS ALTO;KM. 00 237.5  DEL CRUCE CAJARURO.;-5.750702123;-78.42147209445628;SOLEADO;NO IDENTIFICA LA CAUSA;;;SE ENCUENTRA PENDIENTE EL PERITAJE DE DAÑO, RESULTADO DE LA PERICIA DE DOSAJE ETÍLICO Y EL INFORME TÉCNICO
A-2021-02-71;14/02/2021;20:30;DESPISTE;VOLCADURA;1;0;CARRETERA ANCAHUACHANA;CARRETERA PORVENIR - ROCCCHACC ;-13.405828;-73.604734;DESPEJADO;IMPRUDENCIA DEL CONDUCTOR;CONDUCIR EN ESTADO DE EBRIEDAD Y/O DROGADICCIÓN;;
A-2021-02-74;14/02/2021;06:00;CHOQUE;POR EMBISTE;1;0;INTERSECCION DE LA AVENIDA CACERES CON V. COUNTRY.;GRIFO MEGA;-5.1824885;-80.6313471;DESPEJADO;IMPRUDENCIA DEL CONDUCTOR;EXCESO DE VELOCIDAD;;
A-2021-02-75;03/02/2021;15:30;DESPISTE;VOLCADURA CON CONSECUENCIA FATAL ;1;0;CARRETERA INTEROCEANICA KM 137;CARRETERA INTEROCEÁNICA KM 137 ;-16.72916;-70.453007;GRANIZADO;INFRAESTRUCTURA Y ENTORNO VIAL;FACTOR AMBIENTAL;;CONDUCTOR PIERDE EL CONTROL DE SU VEHICULO, A CAUSA DEL FACTOR CLIMATOLOGICO.
A-2021-02-76;02/02/2021;05:40;CHOQUE;CHOQUE POR ALCANSE;1;0;CARRETERA FERNANDO BELAUNDE TERRY KM 483 994;NO TIENE;-6.042342804;-77.05495127659906;DESPEJADO;IMPRUDENCIA DEL CONDUCTOR;OTRO (IMPRUDENCIA DEL CONDUCTOR);NO COLOCAR LOS CONOS DE SEGURIDAD CONFORME A LA NORMA ESTABLECIDA;EL ACC. TRANSITO SE DIO AL AMANECER, NO HAVIA FLUDO ELECTRICO LA LUZ NATURAL ERA POBRE.
A-2021-02-77;10/02/2021;14:45;CHOQUE;-;1;0;CARRETERA PANAMERICANA NORTE KM. 608 CHICLIN;ALTURA DEL RESTAURANTE DON LUCHO CHICLIN;-7.834859;-79.157289;DESPEJADO;IMPRUDENCIA DEL CONDUCTOR;OTRO (IMPRUDENCIA DEL CONDUCTOR);EXCESO DE CONFIANZA Y DISTRACION;
A-2021-02-78;04/02/2021;09:45;ATROPELLO;ATROPELLO CON PROYECCION;1;0;INTERSECCION DE CALLE TUPAC AMARU CON CALLE CUSCO;PLAZA DE ARMAS PAMPAMARCA;-14.14751;-71.46;DESPEJADO;NEGLIGENCIA DEL CONDUCTOR;OTRO (NEGLIGENCIA DEL CONDUCTOR);;NINGUNA
A-2021-02-79;12/02/2021;13:20;ATROPELLO;;1;0;CARRETERA A LA COMUNIDAD DE CUYO CHICO;CERCA AL HOTEL ROYAL PISAQ;-13.40901;-71.83107314;DESPEJADO;NEGLIGENCIA DEL CONDUCTOR;OTRO (NEGLIGENCIA DEL CONDUCTOR);;NINGUNA
A-2021-02-8;04/02/2021;02:30;CHOQUE FUGA;-;1;0;CARRETERA PUNO-DESAGUADERO KM  1420;SECTOR DENOMINADO ANCASAYA;-16.11862696;-69.59255185;DESPEJADO;IMPRUDENCIA DEL CONDUCTOR;EXCESO DE VELOCIDAD;;EXCESO DE VELOCIDAD DEL VEHICULO NO IDENTIFICADO
A-2021-02-80;15/02/2021;07:30;ESPECIAL;---------;2;4;CARRETERA CAJAMARCA- CIUDAD DE DIOS;KM.76 60;-7.19824358;-78.95239371;SOLEADO;IMPRUDENCIA DEL CONDUCTOR;INVASIÓN DE CARRIL;;
A-2021-02-82;17/02/2021;06:15;CHOQUE;FRONTAL;1;4;CARRETERA PANAMERICANA SUR ALTURA  KM. 468.45;-;-14.97386556;-74.98803833433065;DESPEJADO;IMPRUDENCIA DEL CONDUCTOR;INVASIÓN DE CARRIL;;
A-2021-02-83;17/02/2021;19:25;ATROPELLO;CHOQUE;1;0;PSJE. SAN RAFAEL ;CUADRA Nª 03;-7.13840293;-78.52786045;DESPEJADO;NEGLIGENCIA DEL CONDUCTOR;OTRO (NEGLIGENCIA DEL CONDUCTOR);"AL DESCENDER DE SU VEHÍCULO SIN ADOPTAR SUS MEDIDAS DE SEGURIDAD PESE A ENCONTRASE EN UNA VÍA RECTA CON GRADIENTE; SITUACIÓN QUE GENERÓ EL DESPLAZAMIENTO EN RETROCESO DE DICHO VEHÍCULO.";
A-2021-02-84;18/02/2021;07:40;DESPISTE;VOLCADURA;1;0;CARRETERA YUNGUYO-COPANI ;COMUNIDAD CHAMBICHOCAQUE;-16.266;-69.08;DESPEJADO;IMPRUDENCIA DEL CONDUCTOR;CONDUCIR EN ESTADO DE EBRIEDAD Y/O DROGADICCIÓN;;
A-2021-02-85;16/02/2021;14:30;ATROPELLO;MUERTE DEL PEATON;1;0;AV. HUASCAR KM.302 000 - CARRETERA VIQUES - CHUPURO;------------;-12.1572836;-75.2356973;DESPEJADO;;;;
A-2021-02-86;12/02/2021;20:26;CHOQUE;-;1;0;CARRETERA CHICLAYO- FERREÑAFE;FRONTIS MOLINERA ANGIE SAC;-6.7453118;-79.8012296;DESPEJADO;IMPRUDENCIA DEL CONDUCTOR;EXCESO DE VELOCIDAD;;
A-2021-02-87;05/02/2021;22:00;ATROPELLO;-;1;0;CARRETERA PANAMERICANA NORTE KM 629 PAIJAN;-;-7.733987;-79.300616;DESPEJADO;IMPRUDENCIA DEL PEATÓN;CRUCE INDEBIDO POR LA CALZADA;;
A-2021-02-88;10/02/2021;20:30;CHOQUE;-;1;1;AV. EL EJERCITO;"ALTURA DEL FRONTIS DEL CUARTEL MR. ""SANTIAGO ZAVALA"" BIN 323 HUAMACHUCO";-7.81973;-78.028613;DESPEJADO;NO IDENTIFICA LA CAUSA;;;
A-2021-02-89;17/02/2021;19:20;ATROPELLO;-;1;0;AV. SEBASTIAN BARRANCA ;(FRONTIS AL INMUEBLE MZ F LT. 21;-14.055739;-75.728511;DESPEJADO;IMPRUDENCIA DEL PEATÓN;CRUCE INDEBIDO POR LA CALZADA;;
A-2021-02-91;13/02/2021;20:00;ATROPELLO;-;1;0;CARRETERA PANAMERICANA NORTE KM. 586 HUANCHACO;-;-8.012936;-79.071356;DESPEJADO;IMPRUDENCIA DEL CONDUCTOR;CONDUCIR EN ESTADO DE EBRIEDAD Y/O DROGADICCIÓN;;
A-2021-02-92;15/02/2021;08:30;DESPISTE;-;1;0;CARRETERA HUANCASPATA S/N;ALTURA DE LA ANTENA DE MOVISTAR;-8.459044;-77.300349;DESPEJADO;NO IDENTIFICA LA CAUSA;;;
A-2021-02-93;18/02/2021;00:10;DESPISTE;-;1;1;CARRETERA PANAMERICANA SUR KM. 265;-;-13.923069;-75.993168;DESPEJADO;IMPRUDENCIA DEL CONDUCTOR;FATIGA Y/O CANSANCIO;;
A-2021-02-94;19/02/2021;03:50;ATROPELLO FUGA;-;1;0;CARRETERA PUNO-DESAGUADERO KM 1473 400;DESVIO AL CENTRO POBLADO DE LLAQUEPA;-16.34595052;-69.24282331;DESPEJADO;IMPRUDENCIA DEL PEATÓN;CRUCE INDEBIDO POR LA CALZADA;;
A-2021-02-95;05/02/2021;09:45;ATROPELLO;EXESO DE VELOCIDAD DE VEHICULO MENOR MOTORIZADO;1;0;CARRETERA DE RED NACIONAL ;ALTUTA DEL ESTADIO TUPAC AMARU DE SICUANI;-14.27587598;-71.2356738655972;DESPEJADO;IMPRUDENCIA DEL CONDUCTOR;EXCESO DE VELOCIDAD;;NINGUNA
A-2021-02-96;20/02/2021;05:30;DESPISTE;CON CONSECUENCIA FATAL;1;0;-9.2972753;-76.0076681;-9.2972753;-76.0076681;DESPEJADO;NO IDENTIFICA LA CAUSA;;;NINGUNA
A-2021-02-99;10/02/2021;23:30;DESPISTE;SE DIRIGIO DE NORTE A SUR EN UNA CURVA Y DESOISTA;1;0;CARRETERA AFIRMADA DE COLLABAMBA;SIN REFERENCIA;-13.974894;-71.962837;NUBLADO;IMPRUDENCIA DEL CONDUCTOR;FATIGA Y/O CANSANCIO;;NINGUNA
A-2021-03-1;01/03/2021;08:50;ATROPELLO;-;1;0;CARRETERA YUNGUYO-ZEPITA;CENTRO POBLADO DE VILLA YANAPATA;-16.30911252;-69.06047903;DESPEJADO;IMPRUDENCIA DEL CONDUCTOR;EXCESO DE VELOCIDAD;;
A-2021-03-100;01/03/2021;05:28;ATROPELLO;A PEATON GUIADOR;1;0;CARRETERA PANAMERICANA NORTE;ALTURA DEL INGRESO A LA COOPERATIVA LOS LAURES;-11.53777847;-77.2829764573073;DESPEJADO;IMPRUDENCIA DEL PEATÓN;CRUCE INDEBIDO POR LA CALZADA;;EL PEATON GUIABA  UNA MOTOCILCETA, MOMENTOS EN EL QUE HACIA SU CRUZE TRANSVERSAL POR LA CALZADA ESTE EN SENTIDO DE ESTE A OESTE DE LA CARRETERA PANAMERICANA NORTE 
A-2021-03-101;06/03/2021;04:30;DESPISTE;VOLCADURA;1;0;CARRETERA HUARAL - CERRO DE PASCO;KM.92.066.10;-11.1295183;-76.62382890757128;LLUVIOSO;NO IDENTIFICA LA CAUSA;;;SE INVESTIGA LAS CAUSAS  
A-2021-03-102;08/03/2021;06:30;VOLCADURA;EN TONEL 1/4 CON DESPIESTE PARCIAL SEGUIDO DE CHOQUE;3;2;CARRETERA HUARAL-ACOS ;KM. 53.600;-11.27648095;-76.82007008530744;LLUVIOSO;NO IDENTIFICA LA CAUSA;;;SE INVESTIGA LAS CAUSAS 
A-2021-03-103;03/03/2021;21:36;CHOQUE;POR INVACION DE VEHICULO MENOR;1;0;COMUNIDAD SENNCCA CHEQTUYOC MARANGANI;FABRICA DE FRASADAS MARANGANI;-14.321561;-71.200158;DESPEJADO;IMPRUDENCIA DEL CONDUCTOR;INVASIÓN DE CARRIL;;NINGUNA
A-2021-03-104;18/03/2021;03:26;CHOQUE;CHOQUE MÚLTIPLE,  CUANDO LA MOTOCICLETA DE MARCA BAJAJ S/P/R CHOCA CON EL CARGUERO  S/P/R  SEGUIDO POR ATROPELLO AL CONDUCTOR DE LA MOTOCICLETA POR EL VEHÍCULO POLICIAL PERTENECIENTE DIVPRCAR-MDD ;1;2;CARRETERA INTEROCEANICA SUR KM 323 900  LOCALIDAD DE SANTA ROSA;PUENTE HUACANAYO;-12.883538;-70.026828;;;;;
A-2021-03-105;12/03/2021;13:00;VOLCADURA;PROYECTADO EL CONDUCTOR DEL VEHICULO MENOR;1;0;CALLE QUILLABAMBA  PARALELA AL RIO ESPINAR;ANTES DEL PUENTE DE ESPINAR;-14.784459;-71.462374;DESPEJADO;IMPRUDENCIA DEL CONDUCTOR;CONDUCIR EN ESTADO DE EBRIEDAD Y/O DROGADICCIÓN;;NINGUNA
A-2021-03-106;08/03/2021;19:50;ATROPELLO FUGA;DE CONDUCTOR Y VEHÍCULO ;1;0;CARRETERA PANAMERICANA NORTE ;FONTIS DE LA EMPRESA FROZEN ;-10.84768423;-77.69390695701968;DESPEJADO;NO IDENTIFICA LA CAUSA;;;SE INVESTIGA 
A-2021-03-107;13/03/2021;03:00;DESPISTE;CHOQUE CON OBJETO FIJO ;2;0;CARRETERA PANAMERICANA NORTE ;INGRESO A LAS SALINAS ;-11.24895483;-77.52969139879113;DESPEJADO;NO IDENTIFICA LA CAUSA;;;SE INVESTIGA 
A-2021-03-108;17/03/2021;06:00;CHOQUE;-;1;3;CARRETERA PANAMERIANA SUR KM. 1291 900;INGRESO AL MUSEO ALTO DE LA ALIANZA;-17.975617;-70.2867008;DESPEJADO;IMPRUDENCIA DEL CONDUCTOR;DESACATO DE SEÑAL DE TRÁNSITO;;
A-2021-03-109;18/03/2021;09:40;ATROPELLO;ATROPELLO POR RETROCESO DE VEHICULO;1;0;CALLE HUASCAR URB. CUATRO SUYOS SECTOR ALTO QOSQO;PARADERO QIOSCO;-13.526312;-71.929567;SOLEADO;IMPRUDENCIA DEL CONDUCTOR;OTRO (IMPRUDENCIA DEL CONDUCTOR);RETROCEDER INADECUADAMENTE;NINGUNA
A-2021-03-11;03/03/2021;07:45;CHOQUE;;1;1;CARRETERA PATIVILCA - HUARAZ;JURISDICCION DEL DISTRITO DE CATAC;-9.859137724;-77.40590948703202;DESPEJADO;IMPRUDENCIA DEL CONDUCTOR;FATIGA Y/O CANSANCIO;;
A-2021-03-110;15/03/2021;09:00;CHOQUE;POR EMBISTE - VIOLCADURA - INCENDIO PARCIAL ;1;1;CARRETERA HUARAL - IRRIGACION SANTA ROSA ;INGRESO A LA INVACION NUEVO SAYAN ;-11.37977506;-77.31190138795026;DESPEJADO;IMPRUDENCIA DEL CONDUCTOR;INVASIÓN DE CARRIL;;"EL FACTOR PREDOMINANTE ES LA INVASION DE CARRIL POR PARTE DE EL VEHICULO AUTOMOTOR MENOR DE PLCA DE RODAJE B8-7859; MINETRAS QUE PARA EL CONDUCTOR DEL VEHICULO DE PLACA DE RODAJE T4K-027 SE DETERMINA COMO FACTOR CONTRIBUTIVO CON SU VELOCIDAD "
A-2021-03-111;18/03/2021;12:30;DESPISTE;VOLCADURA;1;1;CARRETERA PANAMERICANA SUR KM. 374.500;-;-14.49554259;-75.28891236341828;DESPEJADO;NO IDENTIFICA LA CAUSA;;;
A-2021-03-112;08/03/2021;15:30;CHOQUE;DESPISTE;1;7;KM 117 428;-;-14.4807473;-70.2578329;DESPEJADO;IMPRUDENCIA DEL CONDUCTOR;EXCESO DE VELOCIDAD;;
A-2021-03-113;15/03/2021;12:20;ATROPELLO;-;1;0;KM 32 325;-;-15.290999;-69.95277;DESPEJADO;IMPRUDENCIA DEL CONDUCTOR;EXCESO DE VELOCIDAD;;NINGUNA 
A-2021-03-116;17/03/2021;03:00;CHOQUE;CHOQUE ENTRE DOS VEHICULOS;1;1;CARRETERA CUSCO ABANCAY SECTOR PAUCARPATA;UN KILOMETRO ANTES DE LIMATAMBO;-13.454315;-72.411212;LLUVIOSO;INFRAESTRUCTURA Y ENTORNO VIAL;FACTOR AMBIENTAL;;NINGUNA
A-2021-03-12;02/03/2021;21:40;DESPISTE;SUBSECUENTE VOLCADURA;1;4;------------;------------;-6.91790623;-78.2523829;LLUVIOSO;IMPRUDENCIA DEL CONDUCTOR;CONDUCIR EN ESTADO DE EBRIEDAD Y/O DROGADICCIÓN;;
A-2021-03-131;19/03/2021;21:30;CHOQUE;VOLCADURA;1;0;CARRETERA ILAVE-C.P.CORARACA;-;-16.148;-69.622;DESPEJADO;NEGLIGENCIA DEL CONDUCTOR;CONDUCIR CON FALLAS ELÉCTRICAS;;
A-2021-03-134;19/03/2021;02:40;CHOQUE;VEHICULO SE EMPOTRA CONTRA OTRO VEHICULO ESTACIONADO;1;0;KILOMETRO983 900 PARADERO BOSQUE;A LA ALTURA DEL MERCADO SABADO BARATILLO;-13.566591;-71.833875;DESPEJADO;IMPRUDENCIA DEL CONDUCTOR;CONDUCIR EN ESTADO DE EBRIEDAD Y/O DROGADICCIÓN;;NINGUNA
A-2021-03-135;19/03/2021;20:20;CHOQUE;CHOQUE FRONTAL EXCENTRICO IZQUIERDO;1;3;KILÓMETRO 5 DE LA PANAMERICANA ANTIGUA ;GARITA SAN JOSE  INGRESO CERRO VERDE;-16.5407845;-71.6995849;DESPEJADO;IMPRUDENCIA DEL CONDUCTOR;INVASIÓN DE CARRIL;;SIN OBSERVACIONES
A-2021-03-136;20/03/2021;16:30;CHOQUE;CHOQUE FRONTAL ;1;1;KILÓMETRO 104   500 DE LA CARRETERA AREQUIPA JULIACA ;LAGUNA PAMPA BLANCA;-16.0735194;-71.4758204;DESPEJADO;IMPRUDENCIA DEL CONDUCTOR;INVASIÓN DE CARRIL;;SIN OBSERVACIONES
A-2021-03-137;06/03/2021;18:00;DESPISTE;SUBSECUENTE VOLCADURA Y APLASTAMIENTO. ;1;1;CARRETERA CHULUCANAS SAN PEDRO - SAN JORGE - DISTRITO DE MORROPON. ;POZO DE OXIDACIÓN.;-4.9969;-79.958187;LLUVIOSO;;;;
A-2021-03-140;14/03/2021;22:30;CHOQUE;MUERTE;1;0;CARRETERA DE PENETRACION A LA PLAYA EL MILAGRO;-;-7.737351251;-79.30589344133942;DESPEJADO;IMPRUDENCIA DEL CONDUCTOR;CONDUCIR EN ESTADO DE EBRIEDAD Y/O DROGADICCIÓN;;
A-2021-03-142;16/03/2021;17:45;ATROPELLO;MUERTE;1;0;CARRETERA PANAMERICANA NORTE KM 719.500;-;-7.151852;-79.449101;DESPEJADO;NO IDENTIFICA LA CAUSA;;;
A-2021-03-143;19/03/2021;11:50;CHOQUE;MUERTE;1;0;CARRETERA PANAMERICANA NORTE KM 666 ;-;-7.434928;-79.501621;DESPEJADO;IMPRUDENCIA DEL CONDUCTOR;OTRO (IMPRUDENCIA DEL CONDUCTOR);ACCION OPERATIVA NEGLIGENTE DEL CONDUCTOR DE LA MOTOCICLETA  SIN EL DEBIDO CUIDADO Y PREVENCION;-ACCION OPERATIVA NEGLIGENTE DEL CONDUCTOR DE LA MOTOCICLETA  SIN EL DEBIDO CUIDADO Y PREVENCION
A-2021-03-145;16/03/2021;08:00;ATROPELLO;;1;0;CARRETERA  DE ACCESO HUANCHIN - ANTA;BARRIO DE HUANCHIN;-9.356615206;-77.59713007455545;DESPEJADO;IMPRUDENCIA DEL CONDUCTOR;EXCESO DE VELOCIDAD;;
A-2021-03-146;20/03/2021;20:00;CHOQUE FUGA;-;1;0;KM 1 500;TROCHA ÑUÑOA-TICUYO;-14.47158298;-70.63235122851832;NUBLADO;IMPRUDENCIA DEL CONDUCTOR;EXCESO DE VELOCIDAD;;NINGUNA 
A-2021-03-147;16/03/2021;14:30;DESPISTE;VOLCADURA ;1;6;CARRETERA QUERORAGRA - CAJAY;CENTRO POBLADO QUERORAGRA;-9.291594641;-77.06817394987873;SOLEADO;IMPRUDENCIA DEL CONDUCTOR;FATIGA Y/O CANSANCIO;;
A-2021-03-148;19/03/2021;18:00;DESPISTE;MUERTE;1;0;CARRETERA A HUANCHACO ALTURA DEL KM 12;DISCOTECA ARENA;-8.0959207;-79.1139278;DESPEJADO;IMPRUDENCIA DEL CONDUCTOR;EXCESO DE VELOCIDAD;;
A-2021-03-155;18/03/2021;13:30;DESPISTE;VOLCADURA;1;0;-----------;"LUGAR DENNOMINADO LA """"Z""";-6.03268818;-78.76084474;DESPEJADO;IMPRUDENCIA DEL CONDUCTOR;EXCESO DE VELOCIDAD;;
A-2021-03-160;22/03/2021;09:00;CHOQUE;-;1;0;CARRETERA TIQUILLACA-SAN ANTONIO DE ESQUILACHE (JUNCAL);ALTURA DEL KM 09 820;-15.92643148;-70.23046904105486;DESPEJADO;IMPRUDENCIA DEL CONDUCTOR;NO ESTABLECER EL DERECHO DE PASO;;IMPRUDENCIA DEL CONDUCTOR DE LA CAMIONETA
A-2021-03-164;21/03/2021;10:40;CHOQUE;;1;4;KM. 57 250;-----------;-7.222726157;-79.20615785520997;DESPEJADO;IMPRUDENCIA DEL CONDUCTOR;INVASIÓN DE CARRIL;;
A-2021-03-166;21/03/2021;11:50;CHOQUE;-;1;0;CARRETERA MARIGINAL KM 103-RIO NEGRO;ALTURA DEL VIVERO MUNICIPAL-VILLA CAPIRI-RIO NEGRO;-11.10363111;-74.69443274237562;DESPEJADO;;;;
A-2021-03-167;19/03/2021;14:30;DESPISTE;VOCADURA PRESIPITACION Y SUMERCION;4;2;CARRETERA MARGEN DERECHA CORIBENI;PUENTE CORIBENI;-12.6442572;-72.9332272616422;NUBLADO;INFRAESTRUCTURA Y ENTORNO VIAL;FACTOR AMBIENTAL;;NINGUNA
A-2021-03-168;13/03/2021;08:29;ESPECIAL;CAIDA DEL CONDUCTOR;1;0;CARRETERA FERNANDO BELAUNDE TERRY KM.420 26;REF. 3 DE MAYO - PARDO MIGUEL NARANJOS;-5.746693706;-77.47625704613425;LLUVIOSO;IMPRUDENCIA DEL CONDUCTOR;CONDUCIR EN ESTADO DE EBRIEDAD Y/O DROGADICCIÓN;;EBRIEDAD DEL CONDUCTOR
A-2021-03-169;21/03/2021;18:45;CHOQUE;-;1;1;CARRETERA AL DISTRITO DE POSIC KM.0.600;-;-6.044007;-77.171703;DESPEJADO;IMPRUDENCIA DEL CONDUCTOR;CONDUCIR EN ESTADO DE EBRIEDAD Y/O DROGADICCIÓN;;EBRIEDAD DEL CONDUCTOR UT2
A-2021-03-170;03/03/2021;18:00;ATROPELLO;-;1;0;CARRETERA ANILLO VIAL ANEXO 8 ALT. PARAD. APURIMAC;--;-11.96010361;-76.98185596768646;DESPEJADO;IMPRUDENCIA DEL PEATÓN;OTRO (IMPRUDENCIA DEL PEATÓN);;
A-2021-03-171;04/03/2021;20:40;VOLCADURA;CAIDA;1;0;AV. HEROES DEL CENEPA ALT. COLEG. RICARDO PALMA;-;-11.961697;-76.982522;DESPEJADO;NO IDENTIFICA LA CAUSA;;;
A-2021-03-172;22/03/2021;03:20;DESPISTE;CHOQUE - VOLCADURA;1;1;CARRETERA FERNANDO BELAUNDE TERRY KM.513 100;REF, SECTOR EL TRIUNFO - JERILLO;-6.134287719;-76.8424262397659;DESPEJADO;IMPRUDENCIA DEL CONDUCTOR;OTRO (IMPRUDENCIA DEL CONDUCTOR);;
A-2021-03-173;20/03/2021;19:45;CAÍDA DE PASAJERO;-;1;0;CARRETERA MARIGINAL KM 117- RIO NEGRO;"ALTURA DEL GRIFO ""EL SOL""-RIO NEGRO";-11.20568215;-74.66242047948204;DESPEJADO;;;;
A-2021-03-175;05/03/2021;00:30;DESPISTE;CHOQUE;1;0;AV. UNIVERSITARIA CON AV. PERU;-;-12.031772;-77.077474;DESPEJADO;INFRAESTRUCTURA Y ENTORNO VIAL;;;
A-2021-03-176;22/03/2021;14:00;CHOQUE;-;3;0;CARRETERA MARIGINAL  KM.18 850-SAN MARTIN DE PANGOA;ALTURA DEL  SECTOR VILLA PROGRESO-SAN MARTIN DE PANGOA;-11.37398488;-74.49930280995058;DESPEJADO;IMPRUDENCIA DEL CONDUCTOR;EXCESO DE VELOCIDAD;;SE APRECIA RESTOS DE PARABRIZA ,FAROS Y MICAS EN UNA LONGITUD DE 22 METROS APROX  SOBRE EL CARRIL ESTE ASIMISMO LA LÍNEAS  DOBLES CONTINÚAN PINTADAS DE COLOR AMARILLO 
A-2021-03-177;20/03/2021;23:40;DESPISTE;VOLCADURA EN TONEL DERECHO;1;0;CASERIO HUAYOBAMBA;----------;-7.32351431;-78.17276079;DESPEJADO;IMPRUDENCIA DEL CONDUCTOR;EXCESO DE VELOCIDAD;;
A-2021-03-178;06/03/2021;02:20;ATROPELLO FUGA;-;1;0;PANAMERICANA NORTE KM. 757 500;-;-6.938924;-79.723199;DESPEJADO;IMPRUDENCIA DEL PEATÓN;CRUCE INDEBIDO POR LA CALZADA;;PEATON QUE HASTA LA FECHA NO HA SIDO IDENTIFICADO
A-2021-03-179;20/03/2021;19:30;CHOQUE;-;1;0;PANAMERICANA NORTE KM. 802 500;MOLINO RANZA;-6.661266789;-79.9278410687739;DESPEJADO;IMPRUDENCIA DEL CONDUCTOR;INVASIÓN DE CARRIL;;ACCIDENTE DE TRANSITO  EN INVESTIGACION
A-2021-03-180;12/03/2021;07:35;CHOQUE;-;1;23;CARRETERA PANAMERICANA NORTE KM 847 500;-;-6.3690787;-80.2055165;DESPEJADO;NO IDENTIFICA LA CAUSA;;;ACCIDENTE DE TRANSITO  EN INVESTIGACION
A-2021-03-182;21/03/2021;21:00;ATROPELLO FUGA;;1;0;PANEMERICANA SUR KM 784 600;;-16.438828;-73.103706;DESPEJADO;IMPRUDENCIA DEL PEATÓN;OTRO (IMPRUDENCIA DEL PEATÓN);INVETIGACION ;SIN PARTICULARIDADES 
A-2021-03-186;25/03/2021;18:32;ATROPELLO;;1;1;3RA CUADRA CALLE CRUZ VERDE;INTERSECCION DE LA CALLE CONSUELO CON LA CALLE CRUZ VERDE;-16.400793;-71.54054;DESPEJADO;IMPRUDENCIA DEL CONDUCTOR;OTRO (IMPRUDENCIA DEL CONDUCTOR);DESATENCIÓN EN LA CONDUCCIÓN;TAMBIEN EXISTE IMPRUDENCIA POR PARTE DEL PEATÓN
A-2021-03-187;19/03/2021;09:30;DESPISTE;VOLCADURA;1;1;KM 208 436;JULIACA-AREQUIPA;-15.68907121;-70.81193843738657;DESPEJADO;IMPRUDENCIA DEL CONDUCTOR;EXCESO DE VELOCIDAD;;NINGUNA 
A-2021-03-188;20/03/2021;18:00;CHOQUE;DESPISTE Y VOLCADURA ;1;1;KM 12 880;DESVIO SANTIAGO DE PUPUJA ;-15.05;-70.24757;NUBLADO;IMPRUDENCIA DEL CONDUCTOR;OTRO (IMPRUDENCIA DEL CONDUCTOR);DEZPLAZAR SU VEHICULO SIN MANTENER SU LINEA DE CIRCULACION Y SIN ADOPTAR MEDIDAS DE PRECAUCION ANTICIPADA;NINGUNA 
A-2021-03-189;22/03/2021;09:00;ATROPELLO;DESPISTE ;1;0;KM 194 700;CALAPUJA-PUERTO MALDONADO;-13.9932258;-70.4806316;SOLEADO;IMPRUDENCIA DEL PEATÓN;CRUCE INDEBIDO POR LA CALZADA;;LA NEGLIGENCIA DE LAS PERSONAS QUE TIENEN BAJO SU CUIDADO AL MENOR DE EDAD VIANDANTE, AL EXPONER A UN PELIGRO LATENTE
A-2021-03-190;24/03/2021;19:30;DESPISTE;VOLCADURA ;1;3;KM 4 400;CENTRO POBLADO DIEGO ;-14.41044906;-70.70375704495181;NUBLADO;IMPRUDENCIA DEL CONDUCTOR;EXCESO DE VELOCIDAD;;NINGUNA
A-2021-03-193;22/03/2021;00:30;CHOQUE;-;1;0;CARRETERA FERNANDO BELAUNDE TERRY KM 119 900;-;-6.0517875;-79.1069385;DESPEJADO;NO IDENTIFICA LA CAUSA;;;ACCIDENTE DE TRANSITO  EN INVESTIGACION
A-2021-03-194;08/03/2021;17:40;DESPISTE;VOLCADURA ;1;3;CARRETERA RIO SECO - SAYAN ;ALTURA DEL FUNDO ORRANTIA DE LUIS PRECIADO LOPEZ;-11.20947087;-77.30811335932076;DESPEJADO;NO IDENTIFICA LA CAUSA;;;SE INVESTIGA 
A-2021-03-197;26/03/2021;15:30;DESPISTE;DESPISTE CHOQUE;1;0;CALLE PERIMETRAL;FRENTE A CALLE LAS MALVINAS;-16.352045;-72.191188;DESPEJADO;IMPRUDENCIA DEL CONDUCTOR;OTRO (IMPRUDENCIA DEL CONDUCTOR);EXCESO DE CONFIANZA;SIN OBSERVACIONES