COD_ACCIDE;FechaDelAccidente;HoraDelAccidente;ClaseDelAccidente;SecuenciaAccidente;CantidadDeFallecidos;CantidadDeLesionados;Direccion;LugarReferencia;y;x;CondClimatica;CausaFactorPrincipal;CausaEspecifica;OtraCausa;Observaciones
A-2021-03-198;26/03/2021;18:30;CHOQUE;CHOQUE FRONTAL;1;3;CARRETERA AREQUIPA JULIACA KILÓMETRO 74.400;HITO DE KILOMETRAJE 72;-16.178638;-71.647253;DESPEJADO;IMPRUDENCIA DEL CONDUCTOR;CONDUCIR EN SENTIDO CONTRARIO;;SIN OBSERVACIONES
A-2021-03-199;24/03/2021;15:00;CHOQUE;-;1;0;CARRETERA MARIGINAL KM. 77 900;CP. ASHANINKA-PICHANAQUI;-10.96787801;-74.7917760942454;DESPEJADO;;;;
A-2021-03-200;26/03/2021;04:30;CHOQUE;VOLCADURA;1;0;AV. CELESTINO VARGAS;ALTURA DEL GRIPO CHIMA;-17.986708;-70.210552;DESPEJADO;IMPRUDENCIA DEL CONDUCTOR;CONDUCIR EN ESTADO DE EBRIEDAD Y/O DROGADICCIÓN;;ASIMISMO EL VEHÍCULO Z5M-776 ESTUVO EN RETROCESO EN LA VÍA AL MOMENTO DEL ACCIDENTE
A-2021-03-201;05/03/2021;21:30;ATROPELLO;-;1;0;CARRTERERA PANAMERICANA SUR KM. 14;-;-12.185667;-76.974538;DESPEJADO;IMPRUDENCIA DEL CONDUCTOR;OTRO (IMPRUDENCIA DEL CONDUCTOR);;
A-2021-03-202;06/03/2021;03:50;ATROPELLO;DESPISTE CHOQUE VOLCADURA;3;0;CARRETERA PANAMERICANA NORTE KM. 22.000;-;-11.939114;-77.071492;DESPEJADO;IMPRUDENCIA DEL CONDUCTOR;OTRO (IMPRUDENCIA DEL CONDUCTOR);;
A-2021-03-203;26/03/2021;19:00;CHOQUE;EL ACCIDENTE SE PRODUJO CUANDO EL VEHÍCULO MENOR , MOTOCICLETA  DE PLACA DE RODAJE 2036-0X  , SE DESPLAZABA  POR EL CARRIL ESTE, DEL TRAMO ALEGRIA-MAVILA , EN SENTIDO DE SUR A NORTE  , DONDE EL VEHÍCULO MENOR IMPACTA EN LA PARTE POSTERIOR DEL VEHÍCULO MAYOR DE PLACA DE RODAJE  A2Z-805  .;1;1;CARRETERA INTEROCEÁNICA SUR KM 496 90 TRAMO ALEGRIA-MAVILA;TRAMO  ALEGRIA-MAVILA;-12.0725992;-69.1198846;;;;;
A-2021-03-213;20/03/2021;20:30;CHOQUE;MUERTE;1;0;CARRETERA PANAMERICANA NORTE ALTURA DEL KM 691 ;-;-7.336833;-79.495344;DESPEJADO;NO IDENTIFICA LA CAUSA;;;
A-2021-03-214;26/03/2021;20:30;DESPISTE;CHOQUE Y VOLCADURA ;1;1; CARRETERA ANDAHUAYLAS - PAMPACHIRI ;ANEXO DE YANAMA;-13.94749451;-73.4382497707236;DESPEJADO;IMPRUDENCIA DEL CONDUCTOR;EXCESO DE VELOCIDAD;;VEHICULO NO CUENTA CON SOAT, Y CONDUCTOR SIN L.C.
A-2021-03-216;20/03/2021;06:45;DESPISTE;SEGUIDO DE VOLCADURA - MUERTE;1;3;CARRETERA PANAMERICANA NORTE ALTURA DEL KM. 458.500;-;-8.964107;-78.624423;DESPEJADO;NO IDENTIFICA LA CAUSA;;;
A-2021-03-217;21/03/2021;22:00;CHOQUE;MUERTE;1;0;CARRETERA PANAMERICANA NORTE ALTURA DEL KM. 702.500;SECTOR CURVA DE LA BARRANCA;-7.255380444;-79.4904159816797;DESPEJADO;IMPRUDENCIA DEL CONDUCTOR;CONDUCIR EN ESTADO DE EBRIEDAD Y/O DROGADICCIÓN;;
A-2021-03-218;11/03/2021;17:40;CHOQUE CON OBJETO FIJO;-;1;0;CARRETERA PANAMERICANA NORTE KM. 33.700;-;-11.91275;-77.07335;DESPEJADO;IMPRUDENCIA DEL CONDUCTOR;EXCESO DE VELOCIDAD;;
A-2021-03-219;25/03/2021;05:30;DESPISTE;FATAL;1;3;CARRETERA CHUQUIBAMBILLA - ABANCAY. LAMBRASPATA KM 92 600;LAMBRASPATA;-14.10441484;-72.74611625204166;;;;;
A-2021-03-221;12/03/2021;16:00;ATROPELLO;-;1;0;AV. BRASIL CDRA 23;-;-12.08142;-77.05889;DESPEJADO;NO IDENTIFICA LA CAUSA;;;
A-2021-03-222;23/03/2021;19:30;ATROPELLO;MUERTE;1;1;CARRETERA PANAMERICANA NORTE ALTURA DEL KM. 690.900;-;-7.346123;-79.511216;DESPEJADO;NEGLIGENCIA DEL CONDUCTOR;OTRO (NEGLIGENCIA DEL CONDUCTOR);CONDUCIR CON DEFICIENCIA DE ALUMBRADO ELECTRICO;
A-2021-03-224;27/03/2021;20:30;CHOQUE;CHOQUE CON SUBSECUENTE MUERTE;1;1;INTERSECCIÓN AV. VIDAURRAZAGA CON CALLE PABLO DE OLAVIDE;GRIFO LOS INCAS;-16.419134;-71.538835;DESPEJADO;IMPRUDENCIA DEL CONDUCTOR;EXCESO DE VELOCIDAD;;SIN OBSERVACIONES
A-2021-03-225;25/03/2021;20:45;CHOQUE FUGA;MUERTE;1;0;CARRETERA A LA SIERRA LIBERTEÑA KM. 57;-;-7.99931101;-78.68804637143906;DESPEJADO;NO IDENTIFICA LA CAUSA;;;
A-2021-03-226;26/03/2021;21:30;ATROPELLO FUGA;MUERTE;1;0;INTERSECCION DE LAS CALLES MAC GREGOR Y CARLOS ALVEAR;-;-8.079445;-79.035751;DESPEJADO;NO IDENTIFICA LA CAUSA;;;
A-2021-03-227;27/03/2021;02:10;CHOQUE;DESPISTE;1;1;CARRETERA VIA LOS LIBERTADORES KM. 15.5;GRIFO PRIMAX;-13.693049;-76.021685;DESPEJADO;IMPRUDENCIA DEL CONDUCTOR;EXCESO DE VELOCIDAD;;
A-2021-03-228;16/03/2021;16:00;ATROPELLO FUGA;-;1;0;AV. ALFREDO MENDIOLA CON AV. BOLOGNESI REF. PARAD. PILAS;-;-12.00466;-77.06125;DESPEJADO;NO IDENTIFICA LA CAUSA;;;
A-2021-03-229;27/03/2021;07:30;DESPISTE;MUERTE;1;1;CARRETERA CHINCHANGO A JULCAN;-;-8.032453;-78.502576;DESPEJADO;NO IDENTIFICA LA CAUSA;;;
A-2021-03-23;06/03/2021;06:15;DESPISTE;CHOQUE ATROPELLO;1;1;AV LOS PERALES;;-16.442496;-71.586279;DESPEJADO;IMPRUDENCIA DEL CONDUCTOR;OTRO (IMPRUDENCIA DEL CONDUCTOR);EXCESO DE CONFIANZA;EL ACCIDENTE OCURRIO EN CIRCUNSTANCIAS QUE EL CONDUCTOR DE ESTA UNIDAD ADELANTABA A OTRO VEHICULO QUE LO ANTECEDIA
A-2021-03-230;17/03/2021;10:30;ATROPELLO;-;1;0;AV. TUPAC AMARU KM. 11 ALT. BANCO CONTINENTAL;-;-12.03756;-77.04597;SOLEADO;IMPRUDENCIA DEL PEATÓN;OTRO (IMPRUDENCIA DEL PEATÓN);;
A-2021-03-231;27/03/2021;21:50;ATROPELLO FUGA;-;1;0;AV. INDUSTRIAL;FRONTIS DOMICILIO E-3;-14.04354556;-75.74112707414302;DESPEJADO;NO IDENTIFICA LA CAUSA;;;
A-2021-03-232;27/03/2021;21:30;ATROPELLO FUGA;MUERTE;1;0;CARRETERA PANAMERICANA NORTE ALTURA DEL KM 588;-;-7.887445;-79.126379;DESPEJADO;NO IDENTIFICA LA CAUSA;;;NO SE HA LLEGADO A ESTABLECER LA CAUSA DEL ACCIDENTE, DEBIDO A LA CARENCIA DE EVIDENCIAS Y/O PERICIAS Y LA UT-1 NO HA SIDO IDENTIFICADO.
A-2021-03-233;17/03/2021;17:00;VOLCADURA;-;1;0;AV. GARCIA RADA CDRA 15;-;-12.38028;-76.78787;DESPEJADO;NO IDENTIFICA LA CAUSA;;;
A-2021-03-234;28/03/2021;19:45;CHOQUE CON OBJETO FIJO;SEGUIDO DE ATROPELLO;1;0;AA.HH TEMISTOCLE ROCHA;-;-14.04583951;-75.74718142237191;DESPEJADO;NO IDENTIFICA LA CAUSA;;;
A-2021-03-236;19/03/2021;08:40;DESPISTE;-;1;0;AV. CATALINO MIRANDA CDRA 2;-;-12.13744;-77.01514;DESPEJADO;IMPRUDENCIA DEL CONDUCTOR;EXCESO DE VELOCIDAD;;
A-2021-03-237;20/03/2021;07:00;ATROPELLO;-;1;0;AV. ANGELICA GAMARRA CON AV. UNIVERSITARIA;-;-12.00624;-77.0827;DESPEJADO;IMPRUDENCIA DEL CONDUCTOR;OTRO (IMPRUDENCIA DEL CONDUCTOR);;
A-2021-03-24;06/03/2021;17:30;DESPISTE;CHOQUE DESPISTE VOLCADURA;1;0;AVENIDA PUENTE SAN MARTIN;PUENTE SAN MARTIN;-16.403636;-71.544713;DESPEJADO;IMPRUDENCIA DEL CONDUCTOR;EXCESO DE VELOCIDAD;;SIN OBSERVACIONES
A-2021-03-240;21/03/2021;20:00;ATROPELLO;VOLCADURA;1;0;AV. UNIVERISTARIA CDRA 3;-;-12.00193;-77.087;DESPEJADO;IMPRUDENCIA DEL CONDUCTOR;EXCESO DE VELOCIDAD;;
A-2021-03-242;19/03/2021;15:10;DESPISTE;VOLCADURA;2;0;CARRETERA PENETRACION OYON;ALTURA DE CASHACUTA - HUPAI;-10.67120415;-76.76976285249098;DESPEJADO;NO IDENTIFICA LA CAUSA;;;SE INVESTIGA 
A-2021-03-243;24/03/2021;09:30;CHOQUE;-;1;0;AV. LA MOLINA CDRA 37;-;-12.0607;-76.94719;DESPEJADO;IMPRUDENCIA DEL CONDUCTOR;OTRO (IMPRUDENCIA DEL CONDUCTOR);;
A-2021-03-245;20/03/2021;09:30;ATROPELLO FUGA;CON CONSECUENCIA DE MUERTE ;1;0;CARRETERA PANAMERICANA NORTE ;ALTURA DE LA URB. LOS CIPRECES ;-11.12052805;-77.59414475468402;DESPEJADO;NO IDENTIFICA LA CAUSA;;;SE INVESTIGA 
A-2021-03-247;20/03/2021;11:20;CHOQUE;POR ALCANCE ;2;2;CARRETERA PANAMERICANA NORTE;ALTURA DEL VALLE DE FORTALEZA;-10.65249977;-77.84463793068983;DESPEJADO;IMPRUDENCIA DEL CONDUCTOR;FATIGA Y/O CANSANCIO;;
A-2021-03-250;26/03/2021;20:00;CHOQUE FUGA;VOLCADURA;1;1;AV. PARTICIPACION CUADRA 27; PROXIMOS  A LA CALLE FRANCISCO SECADA VIGNETA;-3.785814198;-73.28995031986766;DESPEJADO;NO IDENTIFICA LA CAUSA;;;NO SE ARRIBO A UNA CONCLUSIÓN OBJETIVA DEL HECHO, DEBIDO A LA SUSTRACCIÓN DE LUGAR DE LOS HECHOS DEL VEHÍCULO PARTICIPE DEL EVENTO DE TRANSITO FUGADO.
A-2021-03-252;26/03/2021;07:45;DESPISTE;VOLCADURA ;1;1;CARRETERA INTEROCEÁNICA PIURA - OLMOS.;ALTURA DEL KM 181   500. ;-5.329315;-80.0771;DESPEJADO;;;;
A-2021-03-253;26/03/2021;17:00;VOLCADURA;---------------;1;0;KM.96 700;SECTOR PIEDRA GRANDE;-6.90688137;-79.13921384;DESPEJADO;NEGLIGENCIA DEL CONDUCTOR;OTRO (NEGLIGENCIA DEL CONDUCTOR);SE HA LLEGADO A DETERMINAR LA ACTITUD NEGLIGENTE POR PARTE DEL CONDUCTOR DE LA UT-1, AL NO ADOPTAR SUS MEDIDAS DE SEGURIDAD Y PRECAUCIÓN PESE AL ENCONTRARSE TRANSPORTANDO CARGA NO ADECUADA PARA EL TIPO DE VEHÍCULO QUE CONDUCÍA, HACIÉNDOLE PERDER EL CONTROL Y EQUILIBRIO DE SU UNIDAD Y POSTERIORMENTE LA CAÍDA DEL MISMO, PRODUCIÉNDOSE LA VOLCADURA EN TONEL IZQUIERDO.   ;
A-2021-03-254;27/03/2021;08:30;INCENDIO;-;1;0;CARRETERA CENTRAL KM 85 - 400;-;-11.791667;-76.337556;DESPEJADO;NO IDENTIFICA LA CAUSA;;;
A-2021-03-257;28/03/2021;01:40;DESPISTE;MUERTE;1;1;AVENIDA ALAMEDA CDRA. 02; CEMENTERIO MUNICIPAL DE PUEBLO NUEVO;-7.185060669;-79.51876737032491;DESPEJADO;NO IDENTIFICA LA CAUSA;;;
A-2021-03-258;05/03/2021;19:30;ATROPELLO;CONSECUENCIA FATAL;1;1;AV. FIDEL MIRANDA S/N-SAPALLANGA;ALTURA DEL PARADERO 17;-12.1380528;-75.16620673;DESPEJADO;;;;
A-2021-03-259;21/03/2021;19:45;CHOQUE;VOLCADURA Y CAIDA DE CONDUCTOR ;1;1;KM 40 640;JULIACA-HUANCANE ;-15.2710254;-69.895208;NUBLADO;IMPRUDENCIA DEL CONDUCTOR;CONDUCIR EN ESTADO DE EBRIEDAD Y/O DROGADICCIÓN;;NINGUNA 
A-2021-03-26;07/03/2021;21:23;CHOQUE;-;1;1;CARRETERA PIURA - CHICLAYO KM 984 200.;ALTURA DEL GRIFO AVA. ;-5.283955993;-80.61486486635837;LLUVIOSO;IMPRUDENCIA DEL CONDUCTOR;INVASIÓN DE CARRIL;;
A-2021-03-260;22/03/2021;13:50;ATROPELLO;-;1;1;KM 1321;JULIACA-PUNO;-15.5497222;-70.1086111;NUBLADO;IMPRUDENCIA DEL CONDUCTOR;EXCESO DE VELOCIDAD;;NINGUNA 
A-2021-03-261;28/03/2021;20:00;ATROPELLO FUGA;-;1;0;KM 293;AREQUIPA JULIACA;-15.52084929;-70.17885623135186;NUBLADO;IMPRUDENCIA DEL CONDUCTOR;OTRO (IMPRUDENCIA DEL CONDUCTOR);NO IDENTIFICA LA CAUSA;NINGUNA 
A-2021-03-262;15/03/2021;17:20;ATROPELLO;CONSECUENCIA FATAL;1;0;JR. BOLOGNESI - BARRIO VISTA ALEGRE CHUPACA;---------------------;-12.0884911;-75.286090516;DESPEJADO;;;;
A-2021-03-265;14/03/2021;18:00;CHOQUE;FATAL Y DAÑOS MATERIALES;1;0;CARRETERA CENTRAL MARGEN IZQUIERDA;------------------;-11.894049;-75.341376;LLUVIOSO;;;;
A-2021-03-266;23/03/2021;17:00;CHOQUE;-;3;18;CARRETERA PANAMERICANA NORTE KM. 754 400;;-6.957083415;-79.69393886021302;DESPEJADO;NO IDENTIFICA LA CAUSA;;;ACCIDENTE DE TRANSITO  EN INVESTIGACION
A-2021-03-267;26/03/2021;03:30;DESPISTE;VOLCADURA;1;0;KM.133 500 VIA HUANUARA CANDARAVE;-;-17.311855;-70.31844;DESPEJADO;IMPRUDENCIA DEL CONDUCTOR;CONDUCIR EN ESTADO DE EBRIEDAD Y/O DROGADICCIÓN;;
A-2021-03-269;26/03/2021;20:53;ATROPELLO FUGA;-;1;0;CALLE LUIS VALCARCEL;ALTURA DEL MERCADO LA UNION;-18.053095;-70.253597;DESPEJADO;INFRAESTRUCTURA Y ENTORNO VIAL;SEÑALIZACIÓN DEFECTUOSA;;
A-2021-03-27;05/03/2021;18:00;DESPISTE;DESPISTE VOLCADURA;1;0;CARRETERA AREQUIPA - JULIACA KM 72;TRAMO 5 VIA INTEROCEÁNICA SUR CERCA DE MORRO VERDE;-16.1780492;-71.6472994;DESPEJADO;NEGLIGENCIA DEL CONDUCTOR;OTRO (NEGLIGENCIA DEL CONDUCTOR);FALTA DE CONTROL;SE DESCONOCE LA HORA EXACTA A LA QUE OCURRIO EL ACCIDENTE ASI COM EL ESTADO DEL CLIMA DEBIDO DE QUE DICHA UNIDAD VEHICULAR SE ENCONTRABA DESAPARECIDA DESDE HACE TRES DIAS ANTES DE LA INTERVENCIO
A-2021-03-270;30/03/2021;12:10;CHOQUE;EN CADENA;2;0;CARRETERA PANAMERICANA SUR KM. 423;-;-14.687108;-75.123428;DESPEJADO;NO IDENTIFICA LA CAUSA;;;
A-2021-03-271;25/03/2021;19:50;CHOQUE;-;1;0;AVENIDA BELAUNDE Y CALLE PIURA;FRENTE AL GRIFO REPSOL;-6.7654206;-79.8528301;DESPEJADO;NO IDENTIFICA LA CAUSA;;;ACCIDENTE DE TRANSITO  EN INVESTIGACION
A-2021-03-272;30/03/2021;19:10;CHOQUE;TRIPLE CHOQUE;1;0;VIA DEL DISTRITO DE SAYLLA;CRUCE A NIVEL FERROVIARIO;-13.565124;-71.837256;DESPEJADO;IMPRUDENCIA DEL CONDUCTOR;INVASIÓN DE CARRIL;;NINGUNA
A-2021-03-273;02/03/2021;02:00;DESPISTE;VOLCADURA;1;1;VIA LOS LIBERTADORES KM177;---;-13.450225;-74.983666;NUBLADO;IMPRUDENCIA DEL CONDUCTOR;FATIGA Y/O CANSANCIO;;
A-2021-03-274;13/03/2021;01:00;CHOQUE;VOLCADURA;2;8;VIA LOS LIBERTADORES KM. 02;---;-13.353474;-74.954488;DESPEJADO;IMPRUDENCIA DEL CONDUCTOR;;;
A-2021-03-275;25/03/2021;18:40;CHOQUE;VOLCADURA;1;0;AV. EL MAESTRO ;FRENTE AL GRIFO SEÑOR DE SIPAN;-6.1578438;-79.7023381;DESPEJADO;NO IDENTIFICA LA CAUSA;;;ACCIDENTE DE TRANSITO  EN INVESTIGACION
A-2021-03-276;23/03/2021;19:40;DESPISTE;-;1;0;KM 4276;CARRETERA JULIACA CUSCO;-15.25049524;-70.31697922152009;NUBLADO;NEGLIGENCIA DEL CONDUCTOR;OTRO (NEGLIGENCIA DEL CONDUCTOR);CONFIGURACIÓN DE LA VÍA ;NINGUNA
A-2021-03-277;31/03/2021;21:00;ATROPELLO;;1;1;CARRETERA HUARAZ-CARAZ. ;OVALO DE DISTRITO DE TINCO;-9.269004271;-77.67599794945315;LLUVIOSO;IMPRUDENCIA DEL CONDUCTOR;NO DAR PASO PREFERENTE AL PEATÓN;;
A-2021-03-28;08/03/2021;16:30;CHOQUE;VOLCADURA;1;0;CARRTERA PANAMERICANA SUR KM 1430 80;C.P. CCORPA MAQUERA;-16.18222041;-69.53192410164623;DESPEJADO;IMPRUDENCIA DEL CONDUCTOR;GIRAR IMPRUDENTEMENTE;;IMPREDENCIA DE LA MOTOCARGA, AL GIRAR IMPRUDENTEMENTE EN LA VIA.
A-2021-03-280;28/03/2021;05:20;DESPISTE;-;1;0;CARRETERA RURAL DE ARASAYA;SAN PEDRO DE PUTINA PUNCO;-14.0628467;-68.95309940779988;DESPEJADO;IMPRUDENCIA DEL CONDUCTOR;EXCESO DE VELOCIDAD;;NINGUNA
A-2021-03-281;30/03/2021;23:15;CHOQUE;VOLCADURA;1;0;JR TUMBRES CON MARIANO MELGAR ;-;-15.48802483;-70.13208385244509;NUBLADO;IMPRUDENCIA DEL CONDUCTOR;OTRO (IMPRUDENCIA DEL CONDUCTOR);SIN VALORAR LOS RIESGOS EXISTENTES;NINGUNA 
A-2021-03-282;12/03/2021;20:20;CHOQUE;-;1;1;CARRETERA CENTRAL OROYA -PASCO KM 106 100 ;C.P DE SHELBY;-10.81827368;-76.20787658954369;LLUVIOSO;;;;EL ACCIDENTE CONTINUA EN INVESTIGACION 
A-2021-03-283;30/03/2021;15:10;ATROPELLO;APLASTAMIENTO;1;1;KM 1223 750;-;-14.9186437;-70.5641597;DESPEJADO;IMPRUDENCIA DEL PEATÓN;CRUCE INDEBIDO POR LA CALZADA;;NINGUNA
A-2021-03-284;30/03/2021;08:15;CHOQUE;-;1;0;KM 05 700;-;-15.25751;-70.22343;DESPEJADO;IMPRUDENCIA DEL CONDUCTOR;EXCESO DE VELOCIDAD;;NINGUNA 
A-2021-03-287;30/03/2021;06:00;DESPISTE;VOLCADURA;1;0;CARRETERA PANAMERICANA NORTE ;KM. 170 APROX.;-10.96326984;-77.64632993513834;DESPEJADO;NO IDENTIFICA LA CAUSA;;;SE INVESTIGA 
A-2021-03-288;30/03/2021;14:42;ATROPELLO;-;1;0;CARRETERA PANAMERICANA NORTE ;INGRESO AL SECTOR CHOLOQUE - CHANCAYLLO;-11.4940187;-77.30373700042851;SOLEADO;IMPRUDENCIA DEL PEATÓN;CRUCE INDEBIDO POR LA CALZADA;;
A-2021-03-292;31/03/2021;10:00;CHOQUE;VOLCADURA Y ATROPELLO;1;3;CARRETERA AYACUCHO - HUANTA KM. 379;NINGUNA;-13.046056;-74.224796;LLUVIOSO;IMPRUDENCIA DEL CONDUCTOR;EXCESO DE VELOCIDAD;;NINGUNA
A-2021-03-295;29/03/2021;03:40;DESPISTE;VOLCADURA - INCENDIO ;1;0;CARRETERA PANAMERICANA NORTE;ALTURA DEL VALLE LA FORTALEZA PARAMONGA;-10.64844033;-77.85044760795031;DESPEJADO;NO IDENTIFICA LA CAUSA;;;SE INVESTIGA 
A-2021-03-296;15/03/2021;01:00;CHOQUE;--------;1;4;CARRETERA  VIA LOBO TAHUANTINSUYO - KIMBIRI;MAPITUNARI;-12.624625;-73.789154;DESPEJADO;NEGLIGENCIA DEL CONDUCTOR;OTRO (NEGLIGENCIA DEL CONDUCTOR);ELUDIR BACHES, HUECOS EN LA VIA;NINGUNA
A-2021-03-297;27/03/2021;23:30;DESPISTE;;1;0;AV. NEVEZUELA CDRA. 05 BELLAVISTA ;OVALO LA PERLA ;-12.06490616;-77.11599952363943;DESPEJADO;IMPRUDENCIA DEL CONDUCTOR;CONDUCIR EN ESTADO DE EBRIEDAD Y/O DROGADICCIÓN;;CODNUCTOR DEL VEHICULO MENOR EN ESTADO DE EBRIEDAD
A-2021-03-298;31/03/2021;15:00;ESPECIAL;-;1;0;QUEBRADA DE HUAYCOLORO SIN NOMBRE;-;-11.92051026;-76.87444854375725;DESPEJADO;NO IDENTIFICA LA CAUSA;;;
A-2021-03-299;31/03/2021;21:40;ATROPELLO;-;1;0;CARRETERA PANAMERICANA SUR KM.34.200;-;-12.26177708;-76.8831283306641;DESPEJADO;IMPRUDENCIA DEL PEATÓN;ESTADO DE EBRIEDAD Y/O DROGADICCIÓN;;
A-2021-03-300;08/03/2021;15:30;DESPISTE;DESPISTE Y VOLCADURA;1;0;CARRETERA LIMABAMBA - ZARUMILLA;A 1 H DE LA LIMABAMBA;-6.528155636;-77.41589920908366;LLUVIOSO;NO IDENTIFICA LA CAUSA;;;SE ENCUENTRA PENDIENTE EL PERITAJE DE DAÑO, RESULTADO DE LA PERICIA DE DOSAJE ETÍLICO Y EL INFORME TÉCNICO
A-2021-03-301;22/03/2021;11:00;CHOQUE;UN AUTOMÓVIL IMPACTO A UNA MOTOCICLETA, PROVOCANDO QUE SE DESPISTEN Y SE VOLQUEEN AMBOS VEHÍCULOS ;2;1;CARRETERA FERNANDO BELAUNDE TERRY KM 221 20;;-5.724799032;-78.47560712182704;SOLEADO;NO IDENTIFICA LA CAUSA;;;SE ENCUENTRA PENDIENTE EL PERITAJE DE DAÑO, RESULTADO DE LA PERICIA DE DOSAJE ETÍLICO Y EL INFORME TÉCNICO
A-2021-03-302;27/03/2021;13:55;ATROPELLO;-;1;0;AV. RAMON CAASTILLA N° 806;FRENTE AL MERCADO LAMBAYEQUE;-6.7039467;-79.9051717;DESPEJADO;NO IDENTIFICA LA CAUSA;;;ACCIDENTE DE TRANSITO  EN INVESTIGACION
A-2021-03-303;21/03/2021;14:55;CHOQUE FUGA;-;1;0;AVENIDA PAKATMUROS CUADRA 22;-;-5.696099;-78.806165;SOLEADO;NO IDENTIFICA LA CAUSA;;;ACCIDENTE DE TRANSITO  EN INVESTIGACION
A-2021-03-305;08/03/2021;06:00;CHOQUE CON OBJETO FIJO;CHOQUE CON CONSECUENCIA FATAL;1;0;CARRETERA MARCAVELICA - MALLARES;PARADERO DE MOTOS ;-4.859390537;-80.77017540941709;;;;;
A-2021-03-306;10/03/2021;05:00;CHOQUE CON OBJETO FIJO;CHOQUE Y DESPISTE;1;0;CARRETERA PANAMERICANA NORTE KM 67;ENACE - TALARA ALTA;-4.5940524;-81.1739242;DESPEJADO;INFRAESTRUCTURA Y ENTORNO VIAL;OTRO (INFRAESTRUCTURA Y ENTORNO VIAL);POSTE DE ALUMBRADO ELECTRICO;CHOQUE CON OBJETO FIJO - POSTE DE ALUMBRADO ELECTRICO
A-2021-03-307;19/03/2021;09:00;CHOQUE;CHOQUE POR ALCANCE;1;0;CARRETERA SULLANA TAMBOGRANDE ;ALTURA DEL CENTRO POBLADO PEDREGAL ALTO;-4.930936712;-80.5380034003376;DESPEJADO;;;;
A-2021-03-308;28/03/2021;23:30;DESPISTE;VOLCADURA;1;1;CARRETERA PENETRACION CORIRE-APLAO KM. 21;SECTOR LA CRUZ;-16.37375645;-72.47942453975892;DESPEJADO;IMPRUDENCIA DEL CONDUCTOR;EXCESO DE VELOCIDAD;;
A-2021-03-309;28/03/2021;12:30;CHOQUE;-;1;1;CARRETERA TUMAN - PATAPO;FRENTE AL CEMENTERIO TUMAN;-6.745034;-79.689578;DESPEJADO;NO IDENTIFICA LA CAUSA;;;ACCIDENTE DE TRANSITO  EN INVESTIGACION
A-2021-03-31;07/03/2021;01:30;DESPISTE;VOLCADURA EN TONEL DERECHO;1;1;CARRETERA CENTRO POBLADO OTUZCO- COMBAYO;KM. 10 520;-7.06915203;-78.39827421;LLUVIOSO;IMPRUDENCIA DEL CONDUCTOR;FATIGA Y/O CANSANCIO;;
A-2021-03-310;22/03/2021;07:40;CHOQUE;;1;1;INTERSECCIÓN DEL JIRÓN CAHUIDE CON JIRÓN LORETO;CERCA DE RESERVORIO DE SEMI RURAL PACHACUTEC;-16.38887218;-71.57667851196345;DESPEJADO;IMPRUDENCIA DEL CONDUCTOR;OTRO (IMPRUDENCIA DEL CONDUCTOR);EXCESO DE CONFIANZA;SIN OBSERVACIONES
A-2021-03-311;16/03/2021;17:30;ATROPELLO;;1;1;AV. ARRGENTINA CDR.60;CON DIRECCION HACIA EL OVALO UNION;-12.04742092;-77.08599033016722;DESPEJADO;IMPRUDENCIA DEL PEATÓN;CRUCE INDEBIDO POR LA CALZADA;;NINGUNA
A-2021-03-312;31/03/2021;15:05;ATROPELLO;-;1;0;CARRETERA CHICLAYO- CHONGOYAPE;-;-6.6321239;-79.3980907;DESPEJADO;NO IDENTIFICA LA CAUSA;;;ACCIDENTE DE TRANSITO  EN INVESTIGACION
A-2021-03-313;31/03/2021;21:00;CHOQUE;-;1;0;CPN KM 632;-;-7.715331;-79.310961;DESPEJADO;IMPRUDENCIA DEL CONDUCTOR;CONDUCIR EN ESTADO DE EBRIEDAD Y/O DROGADICCIÓN;;
A-2021-03-315;09/03/2021;03:00;DESPISTE;DESPISTE Y VOLCADURA;1;0;CARRETERA AYABACA;AYABACA;-4.704679386;-79.79501006503793;LLUVIOSO;NO IDENTIFICA LA CAUSA;;;DESPISTE Y VOLCADURA 
A-2021-03-32;06/03/2021;08:30;ATROPELLO;-;1;0;CARRETERA MARIGINAL KM.4 -RIO NEGRO;FRENTE A LA (UNCP);-11.21473816;-74.6551090295526;DESPEJADO;;;;
A-2021-03-320;13/03/2021;21:00;CHOQUE FUGA;-;1;0;CARRETERA TUMAN CRUCE CAPOTE;ALTURA DEL CRUCE SAN JOSE;-6.678596;-79.781781;DESPEJADO;NO IDENTIFICA LA CAUSA;;;ACCIDENTE DE TRANSITO  EN INVESTIGACION
A-2021-03-321;31/03/2021;17:50;DESPISTE;VOLCADURA Y FUGA DE CONDUCTOR;1;3;CARRETERA CENTRAL MARGEN DERECHA-HUANCAYO-JAUJA;---------------------;-11.948392;-75.325018;LLUVIOSO;;;;
A-2021-03-323;08/03/2021;02:30;CHOQUE;_;1;0;CARRETERA PANAMERICAN NORTE MOTUPE;-;-6.3450316;-79.770666;DESPEJADO;NO IDENTIFICA LA CAUSA;;;ACCIDENTE DE TRANSITO  EN INVESTIGACION
A-2021-03-324;23/03/2021;12:40;ATROPELLO;-;1;0;CARRETERA JAEN SAN IGNACIO KM. 13;EMPRESA VOLCAFE;-5.55862434;-78.80684133885843;SOLEADO;NO IDENTIFICA LA CAUSA;;;ACCIDENTE DE TRANSITO  EN INVESTIGACION