COD_ACCIDE;FechaDelAccidente;HoraDelAccidente;ClaseDelAccidente;SecuenciaAccidente;CantidadDeFallecidos;CantidadDeLesionados;Direccion;LugarReferencia;y;x;CondClimatica;CausaFactorPrincipal;CausaEspecifica;OtraCausa;Observaciones
A-2021-03-325;31/03/2021;05:30;CHOQUE;-;2;0;CARRETERA CHICAYO FERREÑAFE;KM. 13;-6.637427824;-79.80798673523505;DESPEJADO;NO IDENTIFICA LA CAUSA;;;ACCIDENTE DE TRANSITO  EN INVESTIGACION
A-2021-03-326;21/03/2021;12:30;DESPISTE;-;1;0;PASAJE LOS ANDES EN EL COMITE 16 DEL AAHH;-;-11.99940028;-77.0437503319536;DESPEJADO;NO IDENTIFICA LA CAUSA;;;
A-2021-03-334;15/03/2021;07:00;DESPISTE;VOLCADURA Y CAIDA;2;3;CARRETERA CARROZABLE - CENTRO POBLADO LA LOMA.;ALTURA DEL MOLINO - HUARMACA - HUANCABAMBA.;-5.61141;-79.611036;DESPEJADO;;;;
A-2021-03-335;06/03/2021;19:50;ATROPELLO;MUERTE ;1;1;AV. LOS LAURELES CON EL JR. PARAISO;AA.HH. YOSHIYAMA;-8.405868002;-74.55392539503238;DESPEJADO;;;;
A-2021-03-336;08/03/2021;17:00;CHOQUE;-;1;0;CARRETERA JAEN - SAN IGNACIO;-;-5.685918176;-78.79005609596572;DESPEJADO;NO IDENTIFICA LA CAUSA;;;ACCIDENTE EN INVESTIGACION
A-2021-03-346;14/03/2021;03:00;ATROPELLO FUGA;-;1;0;CARRETERA PANAMERICANA NORTE KM 21.000;-;-11.946883;-77.070858;DESPEJADO;NO IDENTIFICA LA CAUSA;;;
A-2021-03-347;18/03/2021;23:20;ATROPELLO FUGA;-;1;0;CARRETERA PANAMERICANA SUR KM 59;-;-12.47704287;-76.74824147897822;DESPEJADO;NO IDENTIFICA LA CAUSA;;;
A-2021-03-348;20/03/2021;06:15;DESPISTE;CHOQUE Y VOLCADURA ;1;3;CARRETERA CHUPACA - HUACHAC ;;-12.047251;-75.303147;DESPEJADO;IMPRUDENCIA DEL CONDUCTOR;EXCESO DE VELOCIDAD;;NINGUNA
A-2021-03-349;07/03/2021;12:30;CHOQUE CON OBJETO FIJO;CHOQUE DESPISTE FATAL;1;0;CARRETERA PANAMERICANA NORTE KM 42.000;-;-11.79079343;-77.14873099633672;DESPEJADO;IMPRUDENCIA DEL CONDUCTOR;OTRO (IMPRUDENCIA DEL CONDUCTOR);;
A-2021-03-350;28/03/2021;23:00;CHOQUE FUGA;---;1;1;CARRETERA PIURA CHULUCANAS ;ALTURA URB LAS COLINAS;-5.181108;-80.57434;DESPEJADO;NO IDENTIFICA LA CAUSA;;;
A-2021-03-352;05/03/2021;19:00;ATROPELLO;-;1;0;JR. WASHINGTON CDRA 9 ALT. INTERSEC. CON JR. QUILCA;-;-12.050964;-77.039908;DESPEJADO;IMPRUDENCIA DEL PEATÓN;ESTADO DE EBRIEDAD Y/O DROGADICCIÓN;;EBRIEDAD DEL PEATÓN
A-2021-03-353;24/03/2021;14:30;ATROPELLO;-;1;0;AV. LIMA SUR CDRA 3;-;-11.94518019;-76.71322899549537;SOLEADO;NO IDENTIFICA LA CAUSA;;;ACCIDENTE EN INVESTIGACION
A-2021-03-354;26/03/2021;03:50;DESPISTE;CHOQUE FATAL;1;0;AV. TUPAC AMARU KM. 13 ALT. CDRA  14;-;-11.953623;-77.051583;DESPEJADO;IMPRUDENCIA DEL CONDUCTOR;OTRO (IMPRUDENCIA DEL CONDUCTOR);;
A-2021-03-355;26/03/2021;22:00;CHOQUE;-;1;0;AV. PACHACUTEC CON AV. 27 DE DICIEMBRE;-;-12.193128;-76.935911;DESPEJADO;IMPRUDENCIA DEL CONDUCTOR;OTRO (IMPRUDENCIA DEL CONDUCTOR);;
A-2021-03-356;27/03/2021;17:00;CHOQUE;-;1;2;ANTIGUA CARRETERA PANAMERICANA SUR KM. 23.500;-;-12.24408178;-76.94098072336237;DESPEJADO;NO IDENTIFICA LA CAUSA;;;
A-2021-03-357;29/03/2021;05:50;CHOQUE;-;1;2;AV. LOS ALAMOS CON AV. JOSE OLAYA;-;-12.224975;-76.932972;DESPEJADO;IMPRUDENCIA DEL CONDUCTOR;OTRO (IMPRUDENCIA DEL CONDUCTOR);;
A-2021-03-358;29/03/2021;07:45;CHOQUE;DESPISTE Y ATROPELLO;1;0;AV. DEFENSORES DEL MORRO CON AV. LAS GAVIOTAS;-;-12.183982;-77.008011;DESPEJADO;IMPRUDENCIA DEL CONDUCTOR;EXCESO DE VELOCIDAD;;
A-2021-03-359;29/03/2021;19:00;ATROPELLO;VOLCADURA;1;0;AV. MALECON CHECA CON AV. PÏRAMIDE;-;-12.027828;-77.001119;DESPEJADO;IMPRUDENCIA DEL CONDUCTOR;EXCESO DE VELOCIDAD;;
A-2021-03-36;04/03/2021;10:00;CHOQUE;-;1;0;CARRETERA PANAMERICAN NORTE KM. 807;-;-6.6306533;-79.9547741;SOLEADO;NO IDENTIFICA LA CAUSA;;;
A-2021-03-360;29/03/2021;20:00;DESPISTE;CHOQUE;1;0;JR. TUPAC AMARU CON CLLE LAS RUINAS 4TA ZONA;-;-11.91039907;-77.02092664971087;DESPEJADO;NO IDENTIFICA LA CAUSA;;;
A-2021-03-361;31/03/2021;15:45;ATROPELLO;-;1;0;AV. SALAVERRY CDRA 29;-;-12.096617;-77.055005;SOLEADO;IMPRUDENCIA DEL CONDUCTOR;OTRO (IMPRUDENCIA DEL CONDUCTOR);;
A-2021-03-363;10/03/2021;10:00;DESPISTE;DESPISTE;2;0;CARRETERA PIURA - PAITA;ALTURA KM 22;-5.11413;-80.88071;DESPEJADO;NO IDENTIFICA LA CAUSA;;;DESPISTE CON SUBSECUENTE MUERTE
A-2021-03-364;27/03/2021;17:30;CHOQUE;CHOQUE FRONTAL;1;0;CARRETERA TAMBOGRANDE - LAS LOMAS ;ALTURA DEL CASERIO CP. 15;-4.8322721;-80.2882567;DESPEJADO;NO IDENTIFICA LA CAUSA;;;CHOQUE, SUBSECUENTE MUERTE
A-2021-03-365;03/03/2021;15:03;DESPISTE;DESPISTE Y VOLCADURA;2;0;CARRETERAS LAS LOMAS - SAPILLICA ;ALTURA CASERIO ZAPOTAL ;-4.767575263;-80.03604948149277;DESPEJADO;IMPRUDENCIA DEL CONDUCTOR;OTRO (IMPRUDENCIA DEL CONDUCTOR);IMPRUDENCIA DEL CONDUCTOR;IMPRUDENCIA DEL CONDUCTOR, LA HACER MAL USO DE LA VIA
A-2021-03-367;07/03/2021;20:00;ATROPELLO;ATROPELLO;1;0;CARRETERA CENTRAL HUANUCO - AMBO;C.P HUANCAHUASI - QUICACAN;-10.06603526;-76.21928850486164;DESPEJADO;NO IDENTIFICA LA CAUSA;;;S/O
A-2021-03-368;15/03/2021;05:00;DESPISTE;DESPISTE VOLCADURA, CAIDA DE CONDUCTOR Y OCUPANTES;1;0;CARRETERA YARUMAYO - MARGOS KM. 111 19;SAN PEDRO DE CHAULAN;-9.978158882;-76.49972328540551;DESPEJADO;NO IDENTIFICA LA CAUSA;;;S/O
A-2021-03-369;18/03/2021;17:50;DESPISTE;DESPISTE, CHOQUE, VOLCADURA DE CONSECUENCIA FATAL Y DAÑOS MATERIALES;1;0;CARRETERA AMBO COYLLAR HUAÑUSHCO;COYLLAR HUAÑUSHCO;-10.138769;-76.222358;DESPEJADO;IMPRUDENCIA DEL CONDUCTOR;EXCESO DE VELOCIDAD;;S/O
A-2021-03-37;05/03/2021;15:00;DESPISTE;EL VEHICULO CIRCULABA DE OESTE A ESTE SE DESPISTA HACIA LATERAL SUR;1;1;SECTOR ACO ACCO  HUAYCCO DISTRTO DE COLQUEMARCA;TERRENO DE FELIX SEVALLOS BARRA;-14.2836;-72.0403;NUBLADO;IMPRUDENCIA DEL CONDUCTOR;EXCESO DE VELOCIDAD;;NINGUNA
A-2021-03-370;20/03/2021;13:33;ATROPELLO;ATROPELLO SEGUIDO DE LESIONES CON CONSECUENCIA FATAL, DESPISTE - VOLCADURA Y DAÑOS MATERIALES;1;0;CARRETERA CENTRAL HUANUCO AMBO;QUICACAN - CHANCADORA AMBO;-10.058429;-76.222235;DESPEJADO;NO IDENTIFICA LA CAUSA;;;SOLO SE REALIZO EL ITP, LA CIA AMBO SE ENCUENTRA ACARGO
A-2021-03-371;29/03/2021;01:30;CHOQUE;CHOQUE - VOLCADURA CON SUBSECUNTE LESIONES CAIDA DE OCUPANTE DE CONSECUENCIA FATAL Y DAÑOS MATERIALES;1;2;CARRETERA HUANUCO - AMBO;INMEDIACIONES DEL CUARTEL ;-9.987041;-76.244492;DESPEJADO;IMPRUDENCIA DEL CONDUCTOR;CONDUCIR EN ESTADO DE EBRIEDAD Y/O DROGADICCIÓN;;S/O
A-2021-03-372;08/03/2021;06:20;DESPISTE;SEGUIDO DE VOLCADURA;1;0;PROLONGACIÓN MIGUEL GRAU;ALTURA DEL HOTEL CHIMÚ;-9.078415681;-78.59126234022105;DESPEJADO;IMPRUDENCIA DEL CONDUCTOR;CONDUCIR EN ESTADO DE EBRIEDAD Y/O DROGADICCIÓN;;NINGUNA
A-2021-03-373;13/03/2021;20:20;ATROPELLO FUGA;POR PROYECCIÓN;1;0;CARRETERA PENETRACIÓN CHIMBOTE A CAMBIO PUENTE KM.5;;-9.033604855;-78.56125272044436;DESPEJADO;NO IDENTIFICA LA CAUSA;;;EN PROCESO DE IDENTIFICACIÓN AL VEHÍCULO FUGADO Y AL PEATÓN
A-2021-03-375;21/03/2021;19:30;CHOQUE;FATAL;1;0;CARRETERA PENETRACIÓN CASMA - HUARAZ KM.  41 900;NINGUNA;-9.516666372;-77.98920716539112;DESPEJADO;NO IDENTIFICA LA CAUSA;;;NINGUNA
A-2021-03-377;20/03/2021;11:40;VOLCADURA;CONSECUENCIA FATAL;1;0;CARRETERA F.B.T KM. 58;FERETERIA JARA MOTORS;-6.924153;-76.329368;SOLEADO;IMPERICIA DEL CONDUCTOR;;;NINGUNA
A-2021-03-378;31/03/2021;08:50;ATROPELLO;ATROPELLO POR PROYECCION - DESPISTE, SEGUIDO DE CHOQUE;1;0;INTERSECCIONES DEL JR. JIMENEZ PIMENEL Y JR. CABO ALBERTO LEVEAU ;;-6.49013;-76.36175;DESPEJADO;IMPRUDENCIA DEL CONDUCTOR;EXCESO DE VELOCIDAD;;NINGUNO
A-2021-03-382;26/03/2021;15:40;CHOQUE FUGA;-;1;0;CALLE ATAHUALPA CUADRA 01;AL COSTADO DEL MUSEO BRUÑING;-6.704442;-79.903106;DESPEJADO;NO IDENTIFICA LA CAUSA;;;ACCIDENTE EN INVESTIGACION
A-2021-03-41;07/03/2021;00:35;DESPISTE;-;1;0;INTERSECCION DE LA AV. BALTA Y AV. CHICLAYO;-;-6.7463873;-79.8359186;DESPEJADO;IMPRUDENCIA DEL CONDUCTOR;EXCESO DE VELOCIDAD;;ACCIDENTE DE TRANSITO  EN INVESTIGACION
A-2021-03-42;08/03/2021;21:30;DESPISTE;VOLCADURA;1;0;CARRETERA PENETRACION CRUCE SALAS;CPM BRICEÑO KM. 02 500;-6.299153;-79.758988;LLUVIOSO;NO IDENTIFICA LA CAUSA;;;ACCIDENTE DE TRANSITO  EN INVESTIGACION
A-2021-03-43;11/03/2021;20:30;ATROPELLO;-;1;0;CARRETERA ILAVE-FARATA;CENTRO POBLADO DE PERCCATUYO;-16.0551;-69.6171;DESPEJADO;IMPRUDENCIA DEL PEATÓN;ESTADO DE EBRIEDAD Y/O DROGADICCIÓN;;
A-2021-03-44;10/03/2021;07:00;DESPISTE;-;1;3;PANAMERICANA SUR KM 798 700;;-16.48163;-73.000389;DESPEJADO;NO IDENTIFICA LA CAUSA;;;EN INVESTIGACION
A-2021-03-46;06/03/2021;06:30;DESPISTE;CHOQUE Y VOLCADURA;1;0;ANTES DEL PUENTE ECHARATE;PUENTE DE ECHARATE;-12.7681;-72.5767;DESPEJADO;IMPRUDENCIA DEL CONDUCTOR;CONDUCIR EN ESTADO DE EBRIEDAD Y/O DROGADICCIÓN;;NINGUNA
A-2021-03-48;12/03/2021;06:45;ATROPELLO;VELOCIDAD DEL VEHICULO;1;0;PROLONGACION AV. DE LA CULTURA  ALTURA DEL PARADERO SAN MIGUEL;FRENTE AL GRIFO SAN MIGUEL;-13.531674;-71.916772;DESPEJADO;NEGLIGENCIA DEL CONDUCTOR;OTRO (NEGLIGENCIA DEL CONDUCTOR);EXESO DE VELOCIDAD;NINGUNA
A-2021-03-5;02/03/2021;05:50;DESPISTE;-;1;2;ANTIGUA CARRETERA PANAMERICANA SU KM. 221;-;-13.630134;-76.152208;DESPEJADO;IMPRUDENCIA DEL CONDUCTOR;FATIGA Y/O CANSANCIO;;
A-2021-03-50;12/03/2021;06:30;CHOQUE;CHOQUE POR ALCANCE CON SUBSECUENTE MUERTE;2;1;KM 6 CASERIO LA VICTORIA RUTA AUCAYACU-TOCACHE;CASERÍO LA VICTORIA;-8.894713;-76.096844;NUBLADO;IMPRUDENCIA DEL CONDUCTOR;EXCESO DE VELOCIDAD;;NINGUNA
A-2021-03-58;02/03/2021;13:30;DESPISTE;MUERTE;1;0;CARRETERA DE PENETRACION A LA SIERRA LIBERTEÑA ALTURA DEL KM. 154 300;SECTOR LA RAMADA;-7.915461;-78.14592;DESPEJADO;NO IDENTIFICA LA CAUSA;;;
A-2021-03-59;05/03/2021;18:10;CHOQUE;MUERTE;1;3;CARRETERA A GUADALUPE PUEBLO NUEVO A CIEN METROS APROX DE ZONA CONOCIDA COMO LA Y EN CURVA A PACANGA ;-;-7.195012;-79.496807;DESPEJADO;IMPRUDENCIA DEL CONDUCTOR;INVASIÓN DE CARRIL;;ACCION OPERATIVA IMPRUDENTE Y NEGLIGENTE DEL CONDUCTOR DE LA MOTOCICLETA, AL REALIZAR EL VIRAJE AMPLIO INVADIENDO EL CARRIL CONTRARIO
A-2021-03-6;01/03/2021;15:00;DESPISTE;VOLCADURA;1;0;ACCESO AL CC.PP YANEC;ALTURA DEL KILOMTRO 02;-11.16358188;-75.8564661443685;DESPEJADO;IMPRUDENCIA DEL CONDUCTOR;CONDUCIR EN ESTADO DE EBRIEDAD Y/O DROGADICCIÓN;;
A-2021-03-60;08/03/2021;05:00;CHOQUE FUGA;MUERTE;1;0;CARRETERA DEL SECTOR MOCAN;-;-7.679810923;-79.23708866294055;DESPEJADO;NO IDENTIFICA LA CAUSA;;;
A-2021-03-61;08/03/2021;11:10;CHOQUE;MUERTE;1;0;PANAMERICANA NORTE KM 703 SECTOR PUENTE LUNA GUADALUPE;-;-7.238599;-79.459271;DESPEJADO;IMPRUDENCIA DEL CONDUCTOR;INVASIÓN DE CARRIL;;INVASION DE CARRIL DE LA MOTOCICLETA
A-2021-03-62;09/03/2021;20:30;CHOQUE FUGA;MUERTE;1;0;CARRETERA PANAMERICANA NORTE KM. 593 EL MILAGRO;EL ENCANTO;-7.99302;-79.074555;DESPEJADO;NO IDENTIFICA LA CAUSA;;;
A-2021-03-63;12/03/2021;10:00;CHOQUE;MUERTE;1;0;CARRETERA DE PENETRACION A LA SIERRA LIBERTEÑA KM 23 ;SECTOR MENOCUCHO LAREDO;-8.016867521;-78.83514398371496;DESPEJADO;IMPRUDENCIA DEL CONDUCTOR;OTRO (IMPRUDENCIA DEL CONDUCTOR);EXCESO DE CONFIANZA;
A-2021-03-64;03/03/2021;22:00;CAÍDA DE PASAJERO;AL PARECER SUFRIO CAIDA DE PASAJERO;1;0;CARRETERA QUIÑOTA  A SANTO TOMAS;INGRESO AL DISTRITO DE QUIÑOTA;-14.311253;-72.142777;DESPEJADO;NEGLIGENCIA DEL CONDUCTOR;OTRO (NEGLIGENCIA DEL CONDUCTOR);NO PERCATARSE DE SU PASAJERO;NINGUNA
A-2021-03-65;02/03/2021;07:45;CHOQUE;ENTRE DOS VEHICULOS;4;0;KILOMETRO 67 900 VIA INTEROCEANICA;ALTURA DE LA COMUNIDAD DE CHASPARA OCONGATE;-13.652514;-71.305902;DESPEJADO;IMPRUDENCIA DEL CONDUCTOR;INVASIÓN DE CARRIL;;NINGUNA
A-2021-03-67;12/03/2021;19:50;CHOQUE;DESPISTE CHOQUE;1;0;KILÓMETRO 56 CARRETRA AREQUIPA - JUALIACA;KILOMETRO 56;-16.278201;-71.658954;DESPEJADO;IMPRUDENCIA DEL CONDUCTOR;INVASIÓN DE CARRIL;;SIN OBSERVACIONES
A-2021-03-69;01/03/2021;08:00;CAÍDA DE PASAJERO;-;1;0;AV. PROCERES DE LA INDEPEPNDENCIA CDRA 19;-;-11.9969;-77.0544;DESPEJADO;NO IDENTIFICA LA CAUSA;;;
A-2021-03-7;03/03/2021;19:00;DESPISTE;CHOQUE - VOLCADURA;1;0;ASOC JOSE LUIS BUSTAMANTE Y RIVERO SECTOR 3 ;OVALO DE INGRESO A LA AUTOPISTA LA JOYA;-16.3354896;-71.5971248;DESPEJADO;NO IDENTIFICA LA CAUSA;;;SIN OBSERVACIONES
A-2021-03-70;12/03/2021;19:00;DESPISTE;CHOQUE CON SUBSECUENTE SUMERSIÓN. ;1;0;CARRETERA LA UNIÓN - TABLAZO (VICE). ;"ALTURA DEL PUENTE ""EL MILESO"". ";-5.402755;-80.752317;DESPEJADO;IMPRUDENCIA DEL CONDUCTOR;OTRO (IMPRUDENCIA DEL CONDUCTOR);DISTRACCION DEL CONDUCTOR;
A-2021-03-73;13/03/2021;00:10;ATROPELLO;ATROPELLO CON PROYECCIÓN;1;0;KILÓMETRO 3.5 DE LA VIA DE EVITAMIENTO;KILÓMETRO 3;-16.3758069;-71.5751028;DESPEJADO;IMPRUDENCIA DEL CONDUCTOR;OTRO (IMPRUDENCIA DEL CONDUCTOR);DESATENCIÓN EN LA CONDUCCIÓN;SIN OBSERVACIONES
A-2021-03-74;09/03/2021;21:30;DESPISTE;VOLCADURA EN TONEL DERECHO;2;1;CARRETERA QUE CONDUCE DEL CURCE HUAMBOS AL DISTRITO DE QUEROCOTO.;ALTURA DELCASERIA CAMPAMENTO;-6.40624446;-79.03196898;LLUVIOSO;NO IDENTIFICA LA CAUSA;;;"NO ES POSIBLE DETERMINAR LAS CAUSAS DEL ACCIDENTE DE TRÁNSITO; DEBIDO A QUE NO SE CUENTA CON EL ELEMENTO HOMBRE (CONDUCTOR).  "
A-2021-03-75;14/03/2021;14:44;DESPISTE;DESPISTE VOLCADURA;1;0;CARRETERA VIA DE PENETRACIÓN IMATA MOROCAUQE (ESPINAR) KILOMETRO 14.500;KILÓMETRO 14;-15.663868;-71.05266;GRANIZADO;IMPRUDENCIA DEL CONDUCTOR;EXCESO DE VELOCIDAD;;SIN OBSERVACIONES
A-2021-03-76;12/03/2021;23:00;CHOQUE CON OBJETO FIJO;-;1;0;CARRETERA VIA DE PENETRACIÓN AL CASERIO LA VENTA ALTA;(ENTRADA);-14.25426;-75.692065;DESPEJADO;IMPRUDENCIA DEL CONDUCTOR;OTRO (IMPRUDENCIA DEL CONDUCTOR);POSIBLE ESTADO DE EBRIEDAD;
A-2021-03-77;12/03/2021;04:30;DESPISTE;VOLCADURAB EN TONEL IZQUIERDO;1;8;KILOMETRO 26 700 CARRETERA MARANGANI QUENAMARI CHOQUECCOTA ;ALTURA DE LA COMUNIDAD DE TAÑIHUA;-14.3569;-71.1589;LLUVIOSO;IMPRUDENCIA DEL CONDUCTOR;EXCESO DE PASAJEROS O CARGA;;NINGUNA
A-2021-03-78;12/03/2021;08:00;ATROPELLO;SUBSECUENTE APLASTAMIENTO.;1;0;CARRETERA PIURA - CHULUCANAS. PROLONGACIÓN GUARDIA CIVIL ALTURA DEL AA.HH SAN FRANCISCO.;"FRONTIS DE LA CEVICHERA ""MI CHAVELITA"".";-5.185041;-80.586141;DESPEJADO;;;;
A-2021-03-79;13/03/2021;15:40;ATROPELLO;-;1;0;CARRETERA FERNANDO BELAUNDI TERRY KM 477 500;PLAZA ORIENTE DISTRITO DE NUEVA CAJAMARCA;-5.92532612;-77.31517099342778;DESPEJADO;IMPRUDENCIA DEL CONDUCTOR;OTRO (IMPRUDENCIA DEL CONDUCTOR);;
A-2021-03-8;04/03/2021;10:20;CHOQUE CON OBJETO FIJO;EL ACCIDENTE SE PRODUJO CUANDO EL CONDUCTOR DE LA TRIMOVIL CARGUERO COLOR ROJO DE PLACA DE RODAJE 3215-AA, SE DESPLAZABA POR LA CARRETERA DEL CORREDOR TURÍSTICO DE TAMBOPATA KM 05  EN SENTIDO DE NORTE A SUR  EL CUAL INGRESA POR UN SENDERO TROCHA   QUE DA ACCESO A SU DOMICILIO , EL CUAL ESTABA  CUBIE;1;0;CARRETERA DEL CORREDOR TURISTICO DE TAMBOPATA KM  05;CORREDOR TURISTICO;-12.633364;-69.183511;SOLEADO;NEGLIGENCIA DEL CONDUCTOR;OTRO (NEGLIGENCIA DEL CONDUCTOR);EXCESO DE CONFIANZA;
A-2021-03-80;08/03/2021;20:00;CHOQUE CON OBJETO FIJO;-;1;0;CARRETERA PANAMERICANA NORTE KM 899;KM. 899 240;-6.154283394;-80.4744833231973;DESPEJADO;NO IDENTIFICA LA CAUSA;;;ACCIDENTE DE TRANSITO EN INVESTIGACION
A-2021-03-81;13/03/2021;23:30;ATROPELLO FUGA;ATROPELLO CON PROYECCIÓN;1;1;AV CHACHANI; FRENTE AL INMUEBLE L - 14;-16.3188112;-71.52969234622411;DESPEJADO;IMPRUDENCIA DEL CONDUCTOR;EXCESO DE VELOCIDAD;;SIN OBSERVACIONES
A-2021-03-82;13/03/2021;16:50;CHOQUE;SUBSECUENTE ;1;5;CARRETERA PACCHA CON CASONA VÍA CARROZABLE. ;ALTURA DE LA PUERTA DE INGRESO A LA PARCELA DE LA PERSONA DE MARÍA FLORES ZAPATA.;-5.009547659;-80.2211168608005;DESPEJADO;;;;
A-2021-03-83;08/03/2021;19:45;CHOQUE;-;1;8;CARRETERA CHICLAYO FERREÑAFE;KM. 11 830;-6.687525;-79.779782;LLUVIOSO;IMPRUDENCIA DEL CONDUCTOR;INVASIÓN DE CARRIL;;
A-2021-03-84;03/03/2021;16:15;ATROPELLO;APLASTAMIENTO;1;0;CALLE16 DE JULIO CUADRA 3;CALLE N° 01;-3.760023;-73.248444;SOLEADO;IMPRUDENCIA DEL PEATÓN;CRUCE INDEBIDO POR LA CALZADA;;LA CUADRA 10 DE LA CALLE 16 DE JULIO, EL DIA DEL EVENTO SE ENCONTRABA EN AMNTENIMIENTO DE VIA CON MATERIAL ASFALTO Y AL PARECER NO CONTABA CON LOS DISPOSITIVOS DE SEGURIDAD
A-2021-03-90;06/03/2021;12:00;ATROPELLO;CON PROYECCION;1;0;CALLE ABTAO;CALLE MOORE;-3.757262363;-73.25272629123265;SOLEADO;NO IDENTIFICA LA CAUSA;;;NO SE ARRIBO A UNA CONCLUSIÓN OBJETIVA SOBRE EL HECHO, DEBIDO A LA SUSTRACCION DEL LUGAR DE LOS HECHOS DEL CONDUCTOR, FUGADO.
A-2021-03-92;12/03/2021;18:30;CHOQUE FUGA;VOLCADURA ;1;1;AV. JUAN SANTOS ATAHUALPA - SAN RAMON;ALTURA DEL  GINNASIO SELVA FORT-EL MILAGRO;-11.12694969;-75.36334645316921;DESPEJADO;IMPRUDENCIA DEL CONDUCTOR;EXCESO DE VELOCIDAD;;
A-2021-03-93;01/03/2021;19:30;CHOQUE;VOLCADURA SEGUIDO DE DESPISTE;1;0;CARRETERA BARRANQUITA;SANTIAGO BORJA ;-6.21662;-75.99639;DESPEJADO;IMPRUDENCIA DEL CONDUCTOR;CONDUCIR EN ESTADO DE EBRIEDAD Y/O DROGADICCIÓN;;NINGUNA
A-2021-03-94;06/03/2021;19:45;ATROPELLO;CON PROYECCIO CON CONSECUENCIA FATAL, LESIONES PERSONALES Y DAÑOS MATERIALES. ;1;0;KM. 1196 100;CARRETERA PANAMERICANA SUR;-17.639785;-70.930033;DESPEJADO;IMPRUDENCIA DEL PEATÓN;CRUCE INDEBIDO POR LA CALZADA;;
A-2021-03-95;15/03/2021;10:20;ATROPELLO;----;1;1;CARRETERA SHAULLO- NAMORA;;-7.192588213;-78.4284867247807;DESPEJADO;IMPRUDENCIA DEL PEATÓN;CRUCE INDEBIDO POR LA CALZADA;;
A-2021-03-96;04/03/2021;06:28;CHOQUE;EMBISTE - VOLCADURA ;1;0;CARRETERA PANAMERICANA NORTE ;KM. 148.700 ;-11.112764;-77.59242894031976;DESPEJADO;IMPRUDENCIA DEL CONDUCTOR;NO ESTABLECER EL DERECHO DE PASO;;LA CARRETERA PANAMERICANA NORTE KM. 148.700 APROX.,  ALTURA DEL CENTRO POBLADO ALBERTO FUJIMORI FUJIMORI  Y LA AV. FÉLIX B. CÁRDENAS, CONFORMA UNA INTERSECCIÓN EN FORMA DE CRUZ A NIVEL
A-2021-03-98;17/03/2021;03:40;ATROPELLO FUGA;ATROPELLO CON APLASTAMIENTO;1;0;JIRÓN NICÓLAS DE PIEROLA FRENTE A INMUEBLE 14 MZ Ñ ZN B - EL TRIUNFO;INSTITUCIÓN EDUCATIVA INICIAL EL TRIUNFO;-16.496078;-71.836013;DESPEJADO;IMPRUDENCIA DEL CONDUCTOR;OTRO (IMPRUDENCIA DEL CONDUCTOR);CUIDADO Y PREVENCIÓN;SIN OBSERVACIONES
A-2021-03-99;03/03/2021;17:50;CHOQUE;CONSECUENCIA  FATAL;1;2;CARRETERA;FRONTIS VILLA TOSCANO;-6.89955;-76.33663;LLUVIOSO;IMPRUDENCIA DEL CONDUCTOR;EXCESO DE VELOCIDAD;;NINGUNA
A-2021-04-100;05/04/2021;14:00;DESPISTE;VOLCADURA;5;2;ANEXO MALLAO;A 3.3 KM DEL CRUCE DE LA CARRETERA DE  PENETRACIÓN PATIVILCA - HUARAZ.;-10.17960038;-77.47241302532659;SOLEADO;IMPRUDENCIA DEL CONDUCTOR;EXCESO DE VELOCIDAD;;
A-2021-04-101;17/04/2021;07:20;CHOQUE;;1;0;KILÓMETRO 972 DE LA CARRETERA PANAMERICANA SUR ;URBANIZACIÓN LA FLORIDA;-16.51822643;-71.79940535161711;DESPEJADO;;;;SIN OBSERVACIONES
A-2021-04-102;12/04/2021;07:00;DESPISTE;VOLCADURA;20;14;KM 49 DE LA CARRETERA DE PENETRACION POMABAMBA-PASACANCHA;ALTURA DEL LUGAR DENOMINADO PALO SECO, JURISDICCION DEL CASERIO DE CHUCANA;-8.696660054;-77.53486365347635;LLUVIOSO;IMPRUDENCIA DEL CONDUCTOR;OTRO (IMPRUDENCIA DEL CONDUCTOR);CONDICION CLIMATOLOGICO;
A-2021-04-103;19/04/2021;04:00;ATROPELLO FUGA;FATAL;1;0;CARRETERA PANAMERICANA NORTE LA LEGUA - CATACAOS ALTURA DEL KM 993 - LA LEGUA.;ALTURA DEL KM 993.;-5.228093;-80.653777;DESPEJADO;;;;
A-2021-04-104;09/04/2021;21:30;CHOQUE;-;1;0;AV. SESQUICENTENARIO CUADRA 11;MECÁNICA QUISPE ;-13.664063;-73.406394;DESPEJADO;IMPRUDENCIA DEL CONDUCTOR;CONDUCIR EN ESTADO DE EBRIEDAD Y/O DROGADICCIÓN;;INVESTIGACIÓN A CARGO DEL S1 PNP PERCY DUANY ROJAS CCORISAPRA 
A-2021-04-105;19/04/2021;19:50;DESPISTE;SEGUIDO DE VOLCADURA;1;9;SECTOR ESCALANTE. CARRETERA DE PENETRACION A AYAVI KM. 45.200;SECTOR ESCALANTE;-13.83751114;-75.55509477784405;DESPEJADO;INFRAESTRUCTURA Y ENTORNO VIAL;OTRO (INFRAESTRUCTURA Y ENTORNO VIAL);CONFIGURACION Y CARACTERISTICAS DE LA VIA ;
A-2021-04-106;18/04/2021;05:00;ATROPELLO FUGA;FATAL;1;0;CARRETERA COSTANERA SUR KM. 17;COOPERATIVA LOS PALOS;-18.282521;-70.440696;NUBLADO;IMPRUDENCIA DEL PEATÓN;ESTADO DE EBRIEDAD Y/O DROGADICCIÓN;;PROCESO DE UBICACIÓN AL VEHÍCULO O VEHÍCULOS PARTICIPANTES