COD_ACCIDE;FechaDelAccidente;HoraDelAccidente;ClaseDelAccidente;SecuenciaAccidente;CantidadDeFallecidos;CantidadDeLesionados;Direccion;LugarReferencia;y;x;CondClimatica;CausaFactorPrincipal;CausaEspecifica;OtraCausa;Observaciones
A-2021-04-107;18/04/2021;04:30;DESPISTE;VOLCADURA;1;0;SECTOR YLLAHUANI PATA CARRETERA YANAOCA QUEHUE;COMUNIDAD DE ILLAHUANIPATA;-14.233373;-71.432597;NUBLADO;NEGLIGENCIA DEL CONDUCTOR;OTRO (NEGLIGENCIA DEL CONDUCTOR);DESATENCION AL CONDUCIR;NINGUNA
A-2021-04-108;17/04/2021;15:00;DESPISTE;DESPISTE CON SUBSECUENTE VOLCADURA;1;0;KILÓMETRO 35 DE LA ANTIGUA CARRETERA CABRERIAS - JULIACA;SECTOR TAMBO DE PISAC;-16.24776205;-71.47610770583664;DESPEJADO;NO IDENTIFICA LA CAUSA;;;EN EL VEHÍCULO SE ENCONTRABA UN OCUPANTE IDENTIFICADO COMO JUAN CARLOS SALAS FLORES CON DNI 48491366, QUIEN SE ENCUENTRA ILESO
A-2021-04-109;18/04/2021;17:10;DESPISTE;DESPISTE VOLCADURA;1;0;KILÓMETRO 25 DE LA CARRETERA AREQUIPA CHIGUATA;ANEXO TILUMPAYA;-16.40886513;-71.42158259761975;DESPEJADO;IMPRUDENCIA DEL CONDUCTOR;OTRO (IMPRUDENCIA DEL CONDUCTOR);POR DETERMINAR;SIN OBSERVACIONES
A-2021-04-111;13/04/2021;15:30;DESPISTE;-;1;0;PUENTE PAUCAR  - SECTROR PAUCAR;TROCHA CARROSABLE DEL SECTOR PAUCAR;-7.818842;-78.051671;DESPEJADO;NO IDENTIFICA LA CAUSA;;;
A-2021-04-113;19/04/2021;19:00;ATROPELLO;;1;0;AV. MIGUEL GRAU -EL MILAGRO;ALTURA 1ER SEMAFORO;-8.041961;-79.058879;DESPEJADO;IMPRUDENCIA DEL CONDUCTOR;OTRO (IMPRUDENCIA DEL CONDUCTOR);DESATENCION EN LA CONDUCCION;
A-2021-04-114;13/04/2021;13:20;DESPISTE;VOLCADURA;1;0;KM 41 500;JOSE DOMINGO CHOQUEHUANCA HACIA TULANI;-15.14390453;-70.28900647426507;NUBLADO;IMPRUDENCIA DEL CONDUCTOR;EXCESO DE VELOCIDAD;;NINGUNA
A-2021-04-115;18/04/2021;10:50;DESPISTE;VOLCADURA;1;0;KM 11 352;JULIACA-HUATA;-15.555315;-70.019694;DESPEJADO;IMPRUDENCIA DEL CONDUCTOR;EXCESO DE VELOCIDAD;;NINGUNA 
A-2021-04-116;05/04/2021;15:30;DESPISTE;VOLCADURA;6;8;KM 52 328;-;-14.133438;-69.683171;NUBLADO;IMPRUDENCIA DEL CONDUCTOR;EXCESO DE VELOCIDAD;;NINGUNA 
A-2021-04-121;21/04/2021;05:10;CHOQUE;SEGUIDO DE ATROPELLO ;1;0;CARRETERA PANAMERICANA SUR KM. 279;FUNDO CHALLAPAMPA;-13.9346253;-75.870705217;DESPEJADO;IMPRUDENCIA DEL CONDUCTOR;OTRO (IMPRUDENCIA DEL CONDUCTOR);CIRCULAR CON LOS SISTEMAS DE LUCES MALOGRADOS ;
A-2021-04-122;10/04/2021;14:00;ATROPELLO FUGA;-;1;0;CP. ÑAHUIMPUQUIO ;PUENTE ÑAHUIMPUQUIO ;-13.770326;-73.35418;NUBLADO;NO IDENTIFICA LA CAUSA;;;INVESTIGACIÓN A CARGO S1 PNP PERCY DUANY ROJAS CCORISAPRA 
A-2021-04-124;08/04/2021;01:00;DESPISTE;DESPISTE Y VOLCADURA;1;1;CARRETERA ESPINAR-VELILLE;ALTURA DEL SECTOR DENOMINADO HUAYLLAPACHETA;-14.317023;-71.736049;DESPEJADO;IMPRUDENCIA DEL CONDUCTOR;EXCESO DE VELOCIDAD;;LA MANIFESTACIÓN DEL CONDUCTOR NO SE LE HA TOMADO POR ENCONTRARSE EN UNA SITUACION CRITICA
A-2021-04-125;16/04/2021;11:10;ATROPELLO FUGA;VEHÍCULO FUGADO;1;0;CARRETERA QUILLABAMBA ECHARATE;ALTURA DEL PUENTE QUE DA INGRESO AL DISTRITO DE ECHARATE;-12.764117;-72.586902;DESPEJADO;IMPRUDENCIA DEL CONDUCTOR;EXCESO DE VELOCIDAD;;
A-2021-04-126;16/04/2021;20:50;DESPISTE;VOLCADURA;1;0;AV-VIA DE EVITAMIENTO CARRIL DE BAJADA;ALTURA DEL PUENTE KAYRA;-13.55511;-71.875119;LLUVIOSO;IMPRUDENCIA DEL CONDUCTOR;EXCESO DE VELOCIDAD;;
A-2021-04-128;22/04/2021;11:50;DESPISTE;-;3;0;CPN KM. 4799 - GUADALUPITO;-;-8.960994;-78.628281;DESPEJADO;NEGLIGENCIA DEL CONDUCTOR;OTRO (NEGLIGENCIA DEL CONDUCTOR);ADELANTAMMIENTO INVADIENDO EL CARRIL DERECHO DEL CONDUCTOR NO IDENTIFICADO;
A-2021-04-129;21/04/2021;20:00;ATROPELLO;-;1;0;CARRETERA CHCLAYO LAMBAYEQUE;KM. 793;-6.7296316;-79.8883738;DESPEJADO;NO IDENTIFICA LA CAUSA;;;ACCIDENTE DE TRANSITO  EN INVESTIGACION
A-2021-04-133;21/04/2021;22:15;ATROPELLO;;1;0;INTERSECCION DE LA AVENIDA TUMBES CON AVENIDA PIURA ;ALTURA DEL EX CINE TUMBES.;-3.56841915;-80.45914645042534;DESPEJADO;IMPRUDENCIA DEL PEATÓN;OTRO (IMPRUDENCIA DEL PEATÓN);AL QUERER ABORDAR CUANDO EL VEHÍCULO ESTA EN MOVIMIENTO ;
A-2021-04-134;23/04/2021;06:18;ATROPELLO FUGA;-;1;0;CARRETERA PANAMERICANA SUR 1421 100;ALTURA DE LA COMUNIDAD DE CHASQUI;-16.12470675;-69.58561060283843;DESPEJADO;IMPRUDENCIA DEL CONDUCTOR;EXCESO DE VELOCIDAD;;
A-2021-04-135;23/04/2021;14:30;DESPISTE;;2;9;ENTRE LA BAJADA  ENTRE LA LAGUNA PURHUAY Y EL CENTRO POBLADO DE ACOPALCA.;;-9.319134745;-77.20134579694593;NUBLADO;IMPRUDENCIA DEL CONDUCTOR;EXCESO DE PASAJEROS O CARGA;;
A-2021-04-137;02/04/2021;07:00;ATROPELLO;-;1;1;AVENIDA CHICLAYO CUADRA 03;INTERSECCION CALLE ROMA;-6.750371;-79.829915;SOLEADO;IMPRUDENCIA DEL CONDUCTOR;NO DAR PASO PREFERENTE AL PEATÓN;;ACCIDENTE DE TRANSITO  EN INVESTIGACION
A-2021-04-138;15/04/2021;15:50;CHOQUE;-;1;1;CARRETERA FERNANDO BELAUNDE TERRY KM. 129.300;CASERIO PLAYA AZUL PUCARA;-6.04011293;-79.0328333510505;DESPEJADO;NO IDENTIFICA LA CAUSA;;;ACCIDENTE DE TRANSITO  EN INVESTIGACION
A-2021-04-14;01/04/2021;22:00;DESPISTE;VOLCADURA EN TONEL DERECHO;1;3;CARRETERA BAMBAMARCA CELENDIN;KM.20 800;-6.69908934;-78.4326443;LLUVIOSO;NO IDENTIFICA LA CAUSA;;;NO SE LLEGÓ A DETERMINAR LA CAUSA DEL ACCIDENTE DE TRÁNSITO, DEBIDO A LA FALTA DEL ELEMENTO VEHÍCULO Y A LA NO IDENTIFICACIÓN PLENA DEL ELEMENTO HOMBRE (CONDUCTOR)
A-2021-04-140;25/04/2021;02:15;ATROPELLO;;1;0;AV. ENRIQUE MEIGGS / AV. HUASCAR ;DE OESTE A ESTE ;-12.05012798;-77.13967692583283;DESPEJADO;;;;
A-2021-04-141;25/04/2021;22:00;CHOQUE;;1;0;AV. NESTOR GAMBETTA KM 10 APROX. ;ALTURA DEL PARADERO LUBRICANTE DE NORTE A SUR;-11.96974921;-77.12548212654109;DESPEJADO;NO IDENTIFICA LA CAUSA;;;NIGUNA
A-2021-04-142;26/04/2021;04:20;DESPISTE;SEGUIDO DE CHOQUE.;1;2;INTERSECCION DE LA AVENIDA UNIVERSITARIA CON LA CALLE PUMACAHUA ;"A 50 METROS APROX., DEL GRIFO ""TUMPIS""";-3.580171143;-80.44856768971081;DESPEJADO;IMPRUDENCIA DEL CONDUCTOR;CONDUCIR EN ESTADO DE EBRIEDAD Y/O DROGADICCIÓN;;
A-2021-04-143;05/04/2021;13:55;ATROPELLO;POR ENCONTRONAZO;1;0;AV. MARCOS SAPAC;ALTURA DEL CENTRO DE SALUD SAN SEBASTIAN;-13.53252;-71.929495;DESPEJADO;IMPRUDENCIA DEL PEATÓN;CRUCE INDEBIDO POR LA CALZADA;;
A-2021-04-144;24/04/2021;11:45;CHOQUE;;1;0;AVENIDA CENTENARIO;FRONTIS DEL VIVERO LA CANTUTA;-9.51467046;-77.53099610976474;SOLEADO;IMPRUDENCIA DEL CONDUCTOR;NO ESTABLECER EL DERECHO DE PASO;;
A-2021-04-145;23/04/2021;07:30;CHOQUE;POR ALCANSE;1;0;CARRETERA SUCUANI CUSCO;ALTURA DEL SECTOR CCAYOCCA ;-14.04370313;-71.2729837080364;DESPEJADO;IMPRUDENCIA DEL CONDUCTOR;EXCESO DE VELOCIDAD;;
A-2021-04-146;23/04/2021;07:30;ATROPELLO;MUERTE DE LA PEATON;1;0;CALLE BUENAVISTA;PARQUE QORILASO;-14.452748;-72.082632;SOLEADO;NEGLIGENCIA DEL CONDUCTOR;OTRO (NEGLIGENCIA DEL CONDUCTOR);POR NO ASEGURAR VIEN DU VEHICULO AL MOMENTO DE ESTACIONAR;
A-2021-04-147;23/04/2021;05:10;CHOQUE;POR ALCANCE SEGUIDO DE CAIDA DE CABINA ;1;0;CARRETERA PANAMERICANA SUR KM. 488;-;-15.1371348;-74.9825958;DESPEJADO;IMPRUDENCIA DEL CONDUCTOR;CONDUCIR EN ESTADO DE EBRIEDAD Y/O DROGADICCIÓN;;
A-2021-04-148;11/04/2021;23:00;CHOQUE;-;1;4;KM 1288 041;JULIACA CUSCO;-15.30687486;-70.23276326719375;NUBLADO;IMPRUDENCIA DEL CONDUCTOR;CONDUCIR EN ESTADO DE EBRIEDAD Y/O DROGADICCIÓN;;NINGUNA 
A-2021-04-149;23/04/2021;14:30;CHOQUE;-;2;1;KM 247 30;-;-15.689975;-70.52936698439152;DESPEJADO;IMPRUDENCIA DEL CONDUCTOR;INVASIÓN DE CARRIL;;NINGUNA 
A-2021-04-151;23/04/2021;14:30;CHOQUE;----------------------;1;0;KM.148  200;CARRETERA DE PENETRACIÓN CHONGOYAPE - CHOTA, SECTOR PARGO, DISTRITO DE LLAMA;-6.46931532;-79.04992001;DESPEJADO;IMPRUDENCIA DEL CONDUCTOR;INVASIÓN DE CARRIL;;
A-2021-04-152;25/04/2021;16:00;CHOQUE;DESPISTE;1;2;CARRETERA PANAMERICANA SUR KM 1349;-;-15.778642;-70.032045;DESPEJADO;IMPRUDENCIA DEL CONDUCTOR;EXCESO DE VELOCIDAD;;
A-2021-04-153;25/04/2021;16:30;ATROPELLO FUGA;-;1;2;CARRETERA BINACIONAL;ALTURA DEL ESTADIO DE DESAGUADERO.;-16.577499;-69.053221;DESPEJADO;IMPRUDENCIA DEL CONDUCTOR;EXCESO DE VELOCIDAD;;
A-2021-04-154;12/04/2021;21:20;ATROPELLO;POR VOLTEO;1;0;AV. MARISCAL CASTILLA CRA. 26-EL TAMBO;-----------------;-12.044233;-75.226414;DESPEJADO;;;;
A-2021-04-156;18/04/2021;17:10;DESPISTE;CHOQUE Y VOLCADURA;3;0;CARRETERA CENTRAL LIMA - LA OROYA ALTURA PUENTE PACHACHACA;-------------;-11.6130433;-76.0269168;LLUVIOSO;;;;
A-2021-04-160;26/04/2021;06:00;DESPISTE;VOLCADURA;1;0;CARRETERA ILAVE- MAZOCRUZ KM 13 120;CP TIUTIRI;-16.28037824;-69.68476687;DESPEJADO;IMPRUDENCIA DEL CONDUCTOR;GIRAR IMPRUDENTEMENTE;;
A-2021-04-161;04/04/2021;21:00;DESPISTE;VOLCADURA;1;0;COMUNIDAD DE BELLAVISTA - TALAVERA ;ANEXO DE TACANA;-13.5634716;-73.4540211;LLUVIOSO;INFRAESTRUCTURA Y ENTORNO VIAL;SUPERFICIE DETERIORADA;;FACTOR CLIMATOLOGICO CON LLUVIA Y LA CONFIGURACIÓN DE LA VIA, TROCHA CARROZABLE Y DESCENDENTE CON CURVAS
A-2021-04-163;24/04/2021;21:00;CHOQUE FUGA;-;1;0;KILOMETRO 27 CARRETERA SIMBAL;CRUCE SIMBAL;-7.974098;-78.812277;DESPEJADO;NO IDENTIFICA LA CAUSA;;;
A-2021-04-165;20/04/2021;09:35;VOLCADURA;CAIDA DE PASAJERO;1;0;AV. FERROCARRIL ;FRONTIS ELECTROCENTRO EL TAMBO;-12.055297;-75.212626;SOLEADO;;;;
A-2021-04-167;22/04/2021;12:21;ATROPELLO FUGA;MUERTE DEL PEATON;1;0;CARRETERA TARMA - JAUJA;---------------------;-11.70311;-75.559091;DESPEJADO;;;;
A-2021-04-168;04/04/2021;14:45;CHOQUE;VOLCADURA Y CAIDA;1;0;INTERSECCION JR. AREQUIPA Y JR. HUANUCO-HUANCAYO;---------------;-12.0738047;-75.210433317;DESPEJADO;;;;
A-2021-04-169;24/04/2021;22:20;DESPISTE;VOLCADURA Y CAIDA;1;0;CALLE REAL Y FEROCARRIL;--------------------------;-12.0765584;-75.207582417;DESPEJADO;;;;
A-2021-04-17;04/04/2021;04:50;DESPISTE;SEGUIDO DE VOLCADURA;1;7;CARRETERA PANAMERICANA SUR KM. 273;REF. BALANZA DE COVI PERU;-13.93082;-75.925659;DESPEJADO;IMPRUDENCIA DEL CONDUCTOR;CONDUCIR EN ESTADO DE EBRIEDAD Y/O DROGADICCIÓN;;
A-2021-04-170;24/04/2021;10:30;CHOQUE;----------------------;1;6;CARRETERA CENTRAL JAUJA - HUANCAYO;CRUCE LA HUAYCHA;-11.94441779;-75.33027359;SOLEADO;;;;
A-2021-04-171;14/04/2021;06:45;DESPISTE;VOLCADURA;1;3;CARRETERA JULIACA-PUNO KM 1350 500;-;-15.78966549;-70.03369678;DESPEJADO;IMPRUDENCIA DEL CONDUCTOR;GIRAR IMPRUDENTEMENTE;;
A-2021-04-172;27/04/2021;11:30;CHOQUE;-;1;0;KILOMETRO 577.200 CARRETERA PANAMERICANA NORTE;-;-8.024046;-79.076353;DESPEJADO;IMPRUDENCIA DEL CONDUCTOR;NO ESTABLECER EL DERECHO DE PASO;;
A-2021-04-173;27/04/2021;08:00;DESPISTE;-;1;0;"SECTOR LA ""Y""";CARRETERA VIJUS;-7.719236;-77.662911;DESPEJADO;NO IDENTIFICA LA CAUSA;;;CONSTANCIA DEL CASO ARCHIVADO
A-2021-04-175;25/04/2021;18:20;VOLCADURA;CON CONSECUENCIA FATAL;1;0;CARRETERA RURAL QUE CONDUCE AL CPM GANIMEDES;-;-5.776095329;-77.1690432205311;DESPEJADO;IMPRUDENCIA DEL CONDUCTOR;OTRO (IMPRUDENCIA DEL CONDUCTOR);;SE HA CALCULADO EL KILOMETRAJE BASADO EN EL TIEMPO DE RECORRIDO Y DISTANCIA DEL LUGAR, TODAVEZ QUE NO ESTA SEÑALADO POR KILOMETRO POR LA AUTORIDAD COMPETENTE
A-2021-04-176;25/04/2021;20:00;CHOQUE;---;1;0;CARRETERA MARGINAL KM 26 270;ALTURA DEL CENTRO POBLADO  BAJO KIATARI;-11.50664008;-74.45938332501434;DESPEJADO;IMPRUDENCIA DEL CONDUCTOR;CONDUCIR EN ESTADO DE EBRIEDAD Y/O DROGADICCIÓN;;
A-2021-04-177;23/04/2021;19:30;CHOQUE;DE CONSECUENCIA FATAL;1;0;CARRETRA PALLPATA ESPINAR;A 300 METROS DEL OVALO DE ESPINAR;-14.780251;-71.396026;NUBLADO;IMPRUDENCIA DEL CONDUCTOR;EXCESO DE VELOCIDAD;;CONDUCTOR DE LA UT1 ABANDONO EL LUGAR DANDOSE A LA FUGA ABANDONADO SU VEHICULO Y SE PRESENTO AL DÍA SIGUIENTE A HORAS 12:45
A-2021-04-178;27/04/2021;07:30;CAÍDA DE PASAJERO;CAIDA Y ATROPELLO DE CONSECUENCIA FATAL;1;0;URB LEON XIII FRONTIS DEL INMUEBLE H-11 CAYMA ;PARQUE LEON XIII;-16.39100794;-71.54839748858807;DESPEJADO;IMPRUDENCIA DEL PASAJERO/OCUPANTE;OTRO (IMPRUDENCIA DEL PASAJERO/OCUPANTE);NO TOMAR SUS MEDIDAS DE SEGURIDAD;SIN OBSERVACIONES
A-2021-04-179;14/04/2021;19:00;VOLCADURA;CONSECUENCIA FATAL;1;0;TROCHA CARROZABLE QUE CONDUCE  A LA CONCESIONARIA  MINERA SAN CRISTOBAL;SECTOR PACORNIYOC;-13.581504;-71.711606;DESPEJADO;NEGLIGENCIA DEL CONDUCTOR;CONDUCIR CON FALLAS DE CARROCERÍA;;
A-2021-04-180;03/04/2021;13:40;DESPISTE;CONSECUENCIA FATAL;1;0;SECTOR DENOMINADO CHURUMA SANGARARA;ALTURA DE LA LAGUNA DE SANGARARA;-13.93799;-71.619028188;DESPEJADO;NEGLIGENCIA DEL CONDUCTOR;OTRO (NEGLIGENCIA DEL CONDUCTOR);EXCESO DE CONFIANZA;
A-2021-04-181;19/04/2021;23:30;DESPISTE;CONSECUENCIA FATAL;1;0;COMUNIDAD CAMPESINA KATAÑIRAY;SECTOR ATUMPAMPA;-13.491315;-72.277111;DESPEJADO;IMPRUDENCIA DEL CONDUCTOR;CONDUCIR EN ESTADO DE EBRIEDAD Y/O DROGADICCIÓN;;
A-2021-04-182;01/04/2021;09:20;ATROPELLO;-;1;0;CARRETERA PILCUYO-CHIPANA;COMUNIDAD CILACOLLO ALTURA DEL SECTOR COLLI COLLINI;-16.094171;-69.544627;DESPEJADO;IMPRUDENCIA DEL PEATÓN;CRUCE INDEBIDO POR LA CALZADA;;
A-2021-04-184;28/04/2021;17:30;DESPISTE;-;1;2;CARRETERA MOLINO TONCONI SIWAILLU;SECTOR DENOMINADO CONCONI;-16.249499;-69.390472;DESPEJADO;IMPRUDENCIA DEL CONDUCTOR;EXCESO DE VELOCIDAD;;
A-2021-04-185;26/04/2021;14:30;ATROPELLO;CON CONSECUENCIA FATAL;1;0;CARRETERA LONGITUDINAL DE LA SELVA NORTE KM. 538 600;SIN REFERENCIA;-8.751402355;-76.1221856331335;DESPEJADO;IMPRUDENCIA DEL CONDUCTOR;EXCESO DE VELOCIDAD;;NINGUNA
A-2021-04-187;23/04/2021;04:45;ATROPELLO;CON VOLTEO Y PROYECCION, CON CONSECUENCIA FATAL Y DAÑOS MATERIALES. ;1;0;CARRETERA BINACIONAL KM 7;CRUCE TOQUEPALA;-17.20278081;-70.91790671033618;DESPEJADO;IMPRUDENCIA DEL PEATÓN;CRUCE INDEBIDO POR LA CALZADA;;
A-2021-04-188;27/04/2021;18:45;CHOQUE;POR ALCANCE CON SUBSECUENTE MUERTE Y DAÑOS  MATERIALES. ;1;0;CARRETERA MOQUEGUA - TOQUEPALA ;REF. ALTURA DE LA BODEGA ATENCIO. ;-17.213738;-70.922987;DESPEJADO;IMPRUDENCIA DEL CONDUCTOR;CONDUCIR EN ESTADO DE EBRIEDAD Y/O DROGADICCIÓN;;CONDUCTOR DEL VEHICULO DE PLACA N° 3623-5V, SE ENCONTRABA EN ESTADO DE EBRIEDAD. 
A-2021-04-189;28/04/2021;19:30;ATROPELLO;CONSECUENCIA FATAL;1;0;CARRETERA SICUANI- CUSCO ;SECTOR ACCOPATA;-13.804365;-71.545984;DESPEJADO;IMPRUDENCIA DEL CONDUCTOR;EXCESO DE VELOCIDAD;;
A-2021-04-19;03/04/2021;13:40;ATROPELLO;;1;0;CARRETERA CENTRAL HUARAZ-CARAZ.;CASERIO DE HUANCHUY - YUNGAY;-9.121546314;-77.76274894606632;NUBLADO;IMPRUDENCIA DEL CONDUCTOR;EXCESO DE VELOCIDAD;;
A-2021-04-193;24/04/2021;17:00;CHOQUE;-----;1;0;CARRETERA MARIGINAL KM 59 300;SECTOR SHANKIVIRONI;-10.89080429;-74.94928842950357;DESPEJADO;;;;EL ACCIDENTE DE TRANCITO DE CONSCUENCIA FATAL  SE ENCUENTRA EN INVESTIGACION
A-2021-04-194;27/04/2021;04:30;ATROPELLO FUGA;-;1;0;CARRETERA PANAMERICANA SUR KM. 448;-;-14.826;-74.955;DESPEJADO;NO IDENTIFICA LA CAUSA;;;
A-2021-04-195;22/04/2021;18:30;DESPISTE;DESPISTE Y VOLCADURA CON CONSECUENCIA FATAL;2;0;CARRRETERA ANTABAMBA -  CARAYBAMBA;LLANAQUILLCA;-14.39241426;-72.92141519023642;DESPEJADO;NO IDENTIFICA LA CAUSA;;;EL VEHICULO SE DESPISTO PRODUCIENDOSE LA VOLCADURA Y COMO CONSECUNECIA FALLECIERON CONDUCTOR Y OCUPANTE
A-2021-04-199;05/04/2021;07:30;CHOQUE;   ---;1;6;VIA LOS LIBERTADORES KM 178 100 ;-;-13.44379;-74.964815;DESPEJADO;IMPRUDENCIA DEL CONDUCTOR;EXCESO DE VELOCIDAD;;
A-2021-04-20;04/04/2021;19:00;CHOQUE;;1;0;CARRETERA DE PENETRACION HUARAZ-CARAZ;GRIFO PECSA , LUGAR DENOMINADO MULLACA;-9.441034326;-77.54961201855198;NUBLADO;IMPRUDENCIA DEL CONDUCTOR;INVASIÓN DE CARRIL;;
A-2021-04-200;29/04/2021;16:00;ATROPELLO;;1;0;AV. NESTOR GAMBETTA KM.2 ;FRENTE A REVISIONES TECNICAS DE NORTE A SUR ;-11.9944074;-77.12599190223546;DESPEJADO;NO IDENTIFICA LA CAUSA;;;NINGUNO
A-2021-04-201;25/04/2021;04:30;CHOQUE;-;1;0;KM 89 750;CARRETA VIQUECHICO COJATA;-15.1201561;-69.5422729;NUBLADO;IMPRUDENCIA DEL CONDUCTOR;OTRO (IMPRUDENCIA DEL CONDUCTOR);AL DESPLAZAR SU UNIDAD OCUPANDO UNA FRACCION DE LA CALZADA POR UNA VIA RAPIDA ;NINGUNA 
A-2021-04-202;29/04/2021;09:00;DESPISTE;DE CONSECUENCIA FATAL;1;1;CARRETERA PITUMARCA-PINAYA;ALTURA DE LA LAGUNA SIBINACOCHA;-13.92986;-71.0209;DESPEJADO;NEGLIGENCIA DEL CONDUCTOR;OTRO (NEGLIGENCIA DEL CONDUCTOR);VELOCIDAD INAPROPIADA;
A-2021-04-203;04/04/2021;17:30;DESPISTE;DESPISTE TOTAL CON SUB SECUENTE VOLCADURA ;1;0;CARRETERA CAROZABLE PIURA - MORROPON - PACAIPAMPA ;A LA ALTURA DE LA CANTERA FRANELO KM. 144   400;-5.008129;-79.713425;DESPEJADO;;;;
A-2021-04-204;29/04/2021;23:40;CHOQUE CON OBJETO FIJO;DESPISTE SEGUIDO DE CHOQUE Y FUGA;1;0;CARRETERA PANAMERICANA NORTE KM. 243;INGRESO A LA FACULTAD DE CIENCIAS AGRARIAS DE LA UNT;-3.603042926;-80.49703530897278;DESPEJADO;IMPRUDENCIA DEL CONDUCTOR;EXCESO DE VELOCIDAD;;
A-2021-04-205;30/04/2021;06:55;ATROPELLO FUGA;ATROPELLO Y FUGA;1;0;CARRETERA PANAMERICANA NORTE KM. 253 1;PUENTE HEROES DEL CENEPA II;-3.55303556;-80.42390441286221;DESPEJADO;IMPRUDENCIA DEL CONDUCTOR;EXCESO DE VELOCIDAD;;
A-2021-04-206;26/04/2021;05:40;CHOQUE;FRONTAL;1;2;CARRTERA VIA HUANCAYO-CHONGOS ALTO;ALTURA PEAJE MITO PAMPA;-12.177069;-75.259884;DESPEJADO;;;;
A-2021-04-211;29/04/2021;11:00;ATROPELLO FUGA;-;1;0;CARRETERA CARROZABLE ALTO LAREDO; CERROLA CRUZ;-8.092592;-78.956074;DESPEJADO;IMPRUDENCIA DEL CONDUCTOR;NO DAR PASO PREFERENTE AL PEATÓN;;
A-2021-04-212;20/04/2021;20:05;CHOQUE;-;2;3;CARRETERA CHICLAYO SANTA CRUZ;KM. 38;-6.740117853;-79.67576966896017;DESPEJADO;NO IDENTIFICA LA CAUSA;;;ACCIDENTE DE TRANSITO  EN INVESTIGACION
A-2021-04-213;24/04/2021;19:10;DESPISTE;-;1;0;CARRETERA PANAMERICANA NORTE REQUE;KM.722;-6.8548202;-79.8257166;DESPEJADO;NO IDENTIFICA LA CAUSA;;;ACCIDENTE DE TRANSITO  EN INVESTIGACION
A-2021-04-214;10/04/2021;09:40;ATROPELLO;-;1;0;VIA DE EVITAMIENTO KM. 785;-;-6.779284;-79.8729521;LLUVIOSO;NO IDENTIFICA LA CAUSA;;;ACCIDENTE DE TRANSITO  EN INVESTIGACION
A-2021-04-215;30/04/2021;19:25;CHOQUE;-;1;0;CPN KM 523;-;-8.15108;-79.034121;DESPEJADO;IMPRUDENCIA DEL CONDUCTOR;CONDUCIR EN ESTADO DE EBRIEDAD Y/O DROGADICCIÓN;;
A-2021-04-216;27/04/2021;18:00;CHOQUE;-;1;0;CARRETERA CHICLAYO REQUE;PUENTE DE REQUE;-6.862620514;-79.81867247722157;DESPEJADO;NO IDENTIFICA LA CAUSA;;;ACCIDENTE DE TRANSITO  EN INVESTIGACION
A-2021-04-217;29/04/2021;15:30;CHOQUE;FATAL;1;3;AVENIDA CASUARINAS CON INTERSECCION CON LA AVENIDA INDEPENDENCIA - CASTILLA;NO HAY REFERENCIA ;-5.187268;-80.613112;DESPEJADO;;;;
A-2021-04-218;21/04/2021;11:30;DESPISTE;VOLCADURA;1;1;CARRETERA CHINCHA - VILLA DE ARMA KM 88 50M ;-;-13.185949;-75.572333;DESPEJADO;NO IDENTIFICA LA CAUSA;;;
A-2021-04-219;03/04/2021;10:30;ATROPELLO;-;1;0;AV. GERARDO UNGER ;;-12.015548;-77.052266;DESPEJADO;IMPRUDENCIA DEL PEATÓN;OTRO (IMPRUDENCIA DEL PEATÓN);;
A-2021-04-220;06/04/2021;10:20;CHOQUE;-;1;4;AV. RIVA AGUERO CDRA. 5 ;-;-12.054878;-77.004339;DESPEJADO;NO IDENTIFICA LA CAUSA;;;
A-2021-04-221;07/04/2021;17:00;ATROPELLO;-;1;0;AV. 09 DE OCTUBRE ALTURA DEL PUENTE HUANUCO;-;-12.041403;-77.020181;DESPEJADO;IMPRUDENCIA DEL PEATÓN;OTRO (IMPRUDENCIA DEL PEATÓN);;
A-2021-04-222;07/04/2021;18:00;ATROPELLO FUGA;-;1;0;JR. LORENZO DE VIDAURRE ALTURA DE LA INTERSECCION CON LA AVENIDA MIGUEL GRAU;-;-12.05516206;-77.01369525044477;DESPEJADO;NO IDENTIFICA LA CAUSA;;;
A-2021-04-225;21/04/2021;05:56;DESPISTE;DESPISTE-VOLCADURA;1;0;PANBAMERICANA SUR KM 858.5;;-16.605183;-72.630501;LLUVIOSO;INFRAESTRUCTURA Y ENTORNO VIAL;OTRO (INFRAESTRUCTURA Y ENTORNO VIAL);VIA MOJADA;SIN PARTICULARIDADES 
A-2021-04-226;23/04/2021;00:30;DESPISTE;VOLCADURA;1;1;CARRETERA PANAMERICANA SUR KM. 557 300;--;-15.615523;-74.649963;DESPEJADO;NO IDENTIFICA LA CAUSA;;;
A-2021-04-227;24/04/2021;04:00;DESPISTE;DESPISTE-VOLCADURA;1;4;TROCHA AL ANEXO LA EUGENIA;;-15.89423;-73.190285;DESPEJADO;NO IDENTIFICA LA CAUSA;;;SIN PARTICULARIDADES 