COD_ACCIDE;FechaDelAccidente;HoraDelAccidente;ClaseDelAccidente;SecuenciaAccidente;CantidadDeFallecidos;CantidadDeLesionados;Direccion;LugarReferencia;y;x;CondClimatica;CausaFactorPrincipal;CausaEspecifica;OtraCausa;Observaciones
A-2021-04-229;26/04/2021;06:10;ATROPELLO FUGA;-;1;0;CARRETERA PANAMERICANA NORTE ANTIGUA KM 30;ALTURA DEL KM. 30 570;-6.42040019;-79.83478720198148;DESPEJADO;NO IDENTIFICA LA CAUSA;;;
A-2021-04-23;04/04/2021;17:20;CHOQUE;;1;1;KM 720 CPN - PACANGUILLA;-;-7.156068;-79.444243;DESPEJADO;IMPRUDENCIA DEL CONDUCTOR;ADELANTAR INDEBIDAMENTE;;
A-2021-04-230;30/04/2021;03:00;CHOQUE;VOLCADURA;1;0;KM 13 801;HUANCANE JULIACA ;-15.3979771;-70.0630439;NUBLADO;NEGLIGENCIA DEL CONDUCTOR;OTRO (NEGLIGENCIA DEL CONDUCTOR);CIRCULAR EN UNA VIA DE CONFIGURACION RESTA Y PLANA, A UNA VELOCIDAD MAYOR QUE LA RAZONABLE ;NINGUNA 
A-2021-04-231;07/04/2021;21:20;ATROPELLO;;1;0;CARRETERA PANAMERICANA NORTE KM 36;-;-11.83371;-77.113468;DESPEJADO;IMPRUDENCIA DEL CONDUCTOR;OTRO (IMPRUDENCIA DEL CONDUCTOR);;
A-2021-04-232;07/04/2021;18:00;ATROPELLO;-;1;0;MZ. D LT. 07 ASOC. SAN ANDRES ;-;-12.05311822;-77.00628305305597;DESPEJADO;NEGLIGENCIA DEL CONDUCTOR;OTRO (NEGLIGENCIA DEL CONDUCTOR);;
A-2021-04-233;09/04/2021;20:20;ATROPELLO FUGA;-;1;0;AV. CANTO GRANDE CUADRA 37;-;-11.969483;-77.005295;DESPEJADO;IMPRUDENCIA DEL PEATÓN;OTRO (IMPRUDENCIA DEL PEATÓN);;
A-2021-04-234;09/04/2021;08:10;DESPISTE;-;1;0;AV. ALFREDO MENDIOLA CDRA. 08;-;-12.0208394;-77.0591224;DESPEJADO;NO IDENTIFICA LA CAUSA;;;
A-2021-04-235;10/04/2021;08:00;ATROPELLO;-;1;0;AV. UNIVERSITARIA CDRA 72;-;-11.936976;-77.057317;DESPEJADO;IMPRUDENCIA DEL CONDUCTOR;OTRO (IMPRUDENCIA DEL CONDUCTOR);;
A-2021-04-239;10/04/2021;14:30;DESPISTE;-;1;6;AV. OSCAR BENAVIDES EX. AV. COLONIAL CDRA.2 ;-;-12.046567;-77.045112;SOLEADO;NEGLIGENCIA DEL CONDUCTOR;OTRO (NEGLIGENCIA DEL CONDUCTOR);FALLA MECÁNICA;
A-2021-04-24;04/04/2021;22:00;CHOQUE FUGA;;1;0;CARRETERA  CUSCO SICUANI ALTURA DE LA COMUNIDAD DE QUEA;PARADERO QUEA;-14.184078;-71.351995;DESPEJADO;NO IDENTIFICA LA CAUSA;;;
A-2021-04-240;11/04/2021;09:40;ATROPELLO;-;1;0;ALTURA DE LA CUADRA 14;-;-12.01158658;-77.00225764657088;SOLEADO;IMPRUDENCIA DEL CONDUCTOR;OTRO (IMPRUDENCIA DEL CONDUCTOR);;
A-2021-04-241;13/04/2021;21:40;ATROPELLO FUGA;-;1;0;CARRETERA CENTRAL KM 10.200;-;-12.01693062;-76.89219493519806;DESPEJADO;NO IDENTIFICA LA CAUSA;;;
A-2021-04-242;14/04/2021;17:40;CHOQUE;-;1;0;AV. BRASIL CDRA. 11 Y EL JR. COLOMBIA;-;-12.07116;-77.050526;DESPEJADO;IMPRUDENCIA DEL CONDUCTOR;OTRO (IMPRUDENCIA DEL CONDUCTOR);;
A-2021-04-243;15/04/2021;13:00;CHOQUE;;1;2;AV. UNION JICAMARCA DEL AAHH;-;-11.967223;-76.936176;DESPEJADO;IMPRUDENCIA DEL CONDUCTOR;EXCESO DE VELOCIDAD;;
A-2021-04-244;16/04/2021;07:20;ATROPELLO;-;1;0;AV. DEL AIRE CON EL JR. RIO CHIRA;-;-12.07639269;-76.99618090398323;DESPEJADO;NO IDENTIFICA LA CAUSA;;;
A-2021-04-245;19/04/2021;19:45;ATROPELLO;-;1;0;CARRETERA PANAMERICANA SUR ALT. AV. ANDRES TINOCO;-;-12.14366077;-76.98169504559282;DESPEJADO;IMPRUDENCIA DEL PEATÓN;OTRO (IMPRUDENCIA DEL PEATÓN);;
A-2021-04-246;21/04/2021;10:00;ATROPELLO;-;1;0;AV. HUAYNA CAPAC ALTURA DE LA MZ. BD1;-;-11.916645;-76.969383;DESPEJADO;IMPRUDENCIA DEL PEATÓN;OTRO (IMPRUDENCIA DEL PEATÓN);;
A-2021-04-247;08/04/2021;09:00;DESPISTE;CHOQUE Y VOLCADURA;1;1;CARRETERA PENETRACIÓN  PATIVILCA-HUARAZ;CENTRO POBLADO TUNAN;-10.56150257;-77.75940758797587;SOLEADO;IMPRUDENCIA DEL CONDUCTOR;EXCESO DE VELOCIDAD;;NO HAY OBSERVACIONES
A-2021-04-248;11/04/2021;17:00;ATROPELLO;LESIONES SEGUIDO DE MUERTE;1;1;PANAMERICANA NORTE ;OVALO DE BARRANCA;-10.73740879;-77.74961095594773;;;;;
A-2021-04-249;12/04/2021;02:40;CHOQUE;FRONTAL;1;0;CARRETERA PANAMERICANA NORTE ;PUENTE FORTALEZA;-10.65534662;-77.8399700098646;SOLEADO;IMPRUDENCIA DEL CONDUCTOR;OTRO (IMPRUDENCIA DEL CONDUCTOR);;
A-2021-04-25;03/04/2021;06:00;DESPISTE;DESPISTE CHOQUE;1;0;INTERSECCIÓN DE LA CALLE 2 CON CALLE 5 (LEONCIO PRADO);PARQUE INFANTIL URB VILLA DEL MAR;-16.41957351;-71.50312824858133;DESPEJADO;IMPRUDENCIA DEL CONDUCTOR;OTRO (IMPRUDENCIA DEL CONDUCTOR);A DETERMINAR;SIN OBSERVACIONES
A-2021-04-250;22/04/2021;22:00;ATROPELLO;;1;0;CARRETERA PANAMERICANA SUR KM. 009-437;-;-12.139552;-76.981017;DESPEJADO;IMPRUDENCIA DEL PEATÓN;OTRO (IMPRUDENCIA DEL PEATÓN);;
A-2021-04-252;26/04/2021;02:00;ATROPELLO FUGA;-;1;0;CARRETERA PANAMERICANA NORTE ALT. AV. ALFREDO MENDIOLA CDRA 10;-;-12.018517;-77.059519;DESPEJADO;NO IDENTIFICA LA CAUSA;;;
A-2021-04-253;26/04/2021;12:00;CHOQUE CON OBJETO FIJO;;1;0;AV. PROCERES DE LA INDEPENDENCIA CDRA 15;- ;-12.009293;-77.004063;DESPEJADO;IMPRUDENCIA DEL CONDUCTOR;EXCESO DE VELOCIDAD;;
A-2021-04-254;26/04/2021;18:20;ATROPELLO;-;1;0;AV. ALFREDO MENDIOLA CDRA 20;-;-12.007427;-77.061738;DESPEJADO;IMPRUDENCIA DEL PEATÓN;OTRO (IMPRUDENCIA DEL PEATÓN);;
A-2021-04-255;26/04/2021;19:30;ATROPELLO;-;1;0;JR. DE LA TORRE UGARTE CDRA 2;-;-11.975217;-77.00532;DESPEJADO;IMPRUDENCIA DEL CONDUCTOR;OTRO (IMPRUDENCIA DEL CONDUCTOR);;
A-2021-04-256;26/04/2021;23:15;DESPISTE;-;2;2;CARRETERA CENTRAL KM 22/2;-;-11.980851;-76.792388;DESPEJADO;IMPRUDENCIA DEL CONDUCTOR;EXCESO DE VELOCIDAD;;
A-2021-04-258;11/04/2021;04:20;CHOQUE;VOLCADURA, CAIDA, ATROPELLO Y FUGA;1;0;CARRETERA PANAMERICANA SUR KM. 31;-;-12.28545;-76.87457;DESPEJADO;NO IDENTIFICA LA CAUSA;;;
A-2021-04-259;28/04/2021;04:30;CHOQUE;-;1;0;INTERSECCION DE LA CALLE 16 Y LA AV. MALECON CHILLON;-;-11.92322626;-77.07654145949084;DESPEJADO;IMPRUDENCIA DEL CONDUCTOR;OTRO (IMPRUDENCIA DEL CONDUCTOR);;
A-2021-04-26;04/04/2021;21:30;ATROPELLO;CON PROYECCIÓN ;1;0;CARRETERA PANAMERICANA NORTE;CENTRO POBLADO MEDIO MUNDO;-10.9280137;-77.65143687572593;DESPEJADO;IMPRUDENCIA DEL PEATÓN;ESTADO DE EBRIEDAD Y/O DROGADICCIÓN;;
A-2021-04-260;29/04/2021;00:10;CHOQUE;;1;1;AV. CORDIALIDAD 8079;-;-11.9378246;-77.07888112938127;DESPEJADO;NO IDENTIFICA LA CAUSA;;;
A-2021-04-261;28/04/2021;16:30;ATROPELLO;-;1;0;PARCELA 2B EX FUNDO LAS SALINAS;-;-12.28618;-76.87237;DESPEJADO;IMPRUDENCIA DEL CONDUCTOR;OTRO (IMPRUDENCIA DEL CONDUCTOR);;
A-2021-04-27;06/04/2021;01:30;DESPISTE;VOLCADURA;1;1;KM.14 100;;-7.165161;-78.83830201;LLUVIOSO;IMPRUDENCIA DEL CONDUCTOR;FATIGA Y/O CANSANCIO;;
A-2021-04-271;26/04/2021;20:15;CHOQUE;EXCENTRICO;1;0;CARRETERA A PAITA ;CIUDAD DEL PESCADOR;-5.102095;-81.069194;DESPEJADO;IMPRUDENCIA DEL CONDUCTOR;EXCESO DE VELOCIDAD;;ACCIDENTE DE TRANSITO FRONTAL - DAÑOS MATERIALES
A-2021-04-272;16/04/2021;06:20;CHOQUE;CHOQUE POR ALCANCE ;1;0;CARRETERA PIURA - PAITA ;CARRETERA PIURA  - PAITA ;-5.1131573;-81.0028846;DESPEJADO;NO IDENTIFICA LA CAUSA;;;CHOQUE POR ALCANCE, SUBSECUENTE DESPISTE TOTAL 
A-2021-04-273;22/04/2021;19:00;ATROPELLO FUGA;CON LESIONES GRAVES SEGUIDO DE MUERTE;1;0;ANTIGUA CARRETERA PANAMERICANA NORTE;PUENTE BOLIVAR;-10.72150202;-77.77330574542792;;;;;
A-2021-04-274;13/04/2021;08:10;VOLCADURA;DESPISTE PARCIAL;1;2;KILOMETRO 946.300 DE LA CARRETERA PANAMERICANA SUR;HITO DE KILOMETRAJE 946;-16.44309282;-71.98043251709701;DESPEJADO;IMPRUDENCIA DEL CONDUCTOR;OTRO (IMPRUDENCIA DEL CONDUCTOR);VELOCIDAD NO ADECUADA ;LA INTERVENCIÓN SE REALIZA POR SUBSECUENTE MUERTE, INTERVINIENDO EL DÍA 13 DE MAYO 2021
A-2021-04-278;26/04/2021;11:00;DESPISTE;VOLCADURA;1;4;TROCHA CARROZABLE SARHUA-CCENHUA ;ALTURA KM.12 DSITRITO DE SARHUA;-13.674243;-74.320074;NUBLADO;NEGLIGENCIA DEL CONDUCTOR;OTRO (NEGLIGENCIA DEL CONDUCTOR);EXCESO DE PESO ;NINGUNA
A-2021-04-279;25/04/2021;11:30;ATROPELLO;FATAL;1;1;DIRECCION DE VICCO HACIA HUAYLLAY;-;-10.86696128;-76.28819879898643;;;;;
A-2021-04-28;05/04/2021;14:15;CHOQUE;;1;1;INTERSECCIÓN DEL JR. GUILLERMO URRELO Y AV. MIGUEL GRAU;;-7.15509546;-78.51223546;DESPEJADO;IMPRUDENCIA DEL CONDUCTOR;EXCESO DE VELOCIDAD;;
A-2021-04-280;29/04/2021;10:50;DESPISTE;VOLCADURA ;1;1;CARRETERA PENETRACION RIO SECO - SAYAN;KM. 4.935.30;-11.39811245;-77.33464609261696;DESPEJADO;NEGLIGENCIA DEL CONDUCTOR;CONDUCIR CON FALLAS DE NEUMÁTICOS;;
A-2021-04-281;29/04/2021;11:30;ATROPELLO;PROYECCION SEGUIDO DE APLASTAMIENTO;1;0;ANEXO SAUME;PARCELA DE PROPIEDAD DE QVF. NESTOR RAMON AVENDAÑO PAEZ;-11.4307818;-77.08143126557555;DESPEJADO;NO IDENTIFICA LA CAUSA;;;FALTA REALIZAR EL INFROME POLICIAL 
A-2021-04-285;29/04/2021;18:45;ATROPELLO;PROYECCION ;1;0;CARRETERA PANAMERICANA NORTE;CENTRO POBLADO MIRAMAR;-10.98942995;-77.63791485551336;DESPEJADO;IMPRUDENCIA DEL CONDUCTOR;;;
A-2021-04-29;08/04/2021;10:00;DESPISTE;DESPISTE VOLCADURA;1;0;CARRETERA CERRO VERDE KM 24.400;CERCA A LA ENLOZADA;-16.48547287;-71.62227539440323;DESPEJADO;IMPRUDENCIA DEL CONDUCTOR;CONDUCIR EN ESTADO DE EBRIEDAD Y/O DROGADICCIÓN;;SIN OBSERVACIONES
A-2021-04-291;21/04/2021;19:50;CHOQUE;-;1;2;CARRETERA SALTUR;-;-6.79093;-79.598616;DESPEJADO;NO IDENTIFICA LA CAUSA;;;ACCIDENTE EN INVESTIGACION
A-2021-04-292;29/04/2021;07:00;DESPISTE;CHOQUE ;1;2;CARRETERA CENTRAL LA OROYA - CERRO DE PASCO KM. 07.500;;-11.485281;-75.9531612;SOLEADO;IMPRUDENCIA DEL CONDUCTOR;EXCESO DE VELOCIDAD;;NINGUNA
A-2021-04-295;19/04/2021;17:22;ATROPELLO;CON APLASTAMIENTO;1;0;JR. MICAELA BASTIDAS INTERSECCIÓN PJE SAN MARTIN;-;-5.944299;-77.302306;DESPEJADO;IMPRUDENCIA DEL CONDUCTOR;OTRO (IMPRUDENCIA DEL CONDUCTOR);;
A-2021-04-299;08/04/2021;06:00;DESPISTE;SEGUIDO DE VOLCADURA;11;19;CARRETERA INTEROCEANICA NAZCA  - ABANCAY;LUGRA DENOMINADO NEGRO MAYO;-14.6399303;-73.71511169;DESPEJADO;IMPRUDENCIA DEL CONDUCTOR;FATIGA Y/O CANSANCIO;;NINGUNA
A-2021-04-3;01/04/2021;07:00;CHOQUE;CAIDA DE PASAJERO;1;2;CALLE PANTOJA;CON A.V 28 DE JULIO ;-3.727735;-73.247409;DESPEJADO;IMPRUDENCIA DEL CONDUCTOR;EXCESO DE VELOCIDAD;;PENDIENTE
A-2021-04-30;07/04/2021;10:30;ESPECIAL;DESPRENDIMIENTO DE LLANTA POSTERIOR IZQUIERDA;1;0;CARRETERA PANAMERICANA SUR KM 1048.400;CERCA DE SANTA ROSA CHICO;-17.03281264;-71.69802188826868;DESPEJADO;IMPRUDENCIA DEL CONDUCTOR;OTRO (IMPRUDENCIA DEL CONDUCTOR);DESPRENDIMIENTO DE LLANTA;SIN OBSERVACIONES
A-2021-04-300;25/04/2021;18:30;DESPISTE;DESPISTE CHOQUE ATROPELLO;1;0;INTERSECCIÓN DE LOS JIRONES AYACUCHO Y JUAN LIMPIAS SOLO;;-6.308780147;-77.89786413559592;DESPEJADO;;;;SE ENCUENTRA PENDIENTE EL PERITAJE DE DAÑO, RESULTADO DE LA PERICIA DE DOSAJE ETÍLICO  E INFORME TÉCNICO FINAL
A-2021-04-301;21/04/2021;21:10;ATROPELLO;FATAL Y DAÑOS  MATERIALES ;1;0;CARRETERA CENTRAL LA OROYA - CERRO DE PASO KM. 82.765;;-10.9311262;-76.0555103;DESPEJADO;NO IDENTIFICA LA CAUSA;;;NINGUNA
A-2021-04-309;21/04/2021;08:00;ATROPELLO;;1;0;AV. MORALES DUAREZ CARMEN DE LA LEGUA REYNOSO ;;-12.03908971;-77.09487395265722;DESPEJADO;NO IDENTIFICA LA CAUSA;;;SE DETERMINO QUE EL PEATON ANTES MENCIONADO SUFRIA DE DEPRESION LO QUE HABRIA LLEVADO A TOMAR ESA DECISION FATAL DE ANZARSE A LOS NEUMATICOS DE UN VEHICULO EN MOVIMIENTO.
A-2021-04-31;08/04/2021;17:50;CHOQUE;-;2;0;CARRETERA PANAMERICANA SUR PUNO-DESAGUADERO;COMUNIDAD SANTIAGO;-16.1626732;-69.54302245792485;DESPEJADO;IMPRUDENCIA DEL CONDUCTOR;NO ESTABLECER EL DERECHO DE PASO;;LA MOTOCICLETA NO ESTABLECIO EL RECHO DE PASO AL OTRO VEHICULO.
A-2021-04-310;26/04/2021;07:15;ATROPELLO FUGA;ARROLLAMIENTO FATAL;1;0;VIA FERREA PK. 17.300 ALT. DE LINEA FERREA Y 4EL JR. LOS TOPACIOS;-;-12.03641624;-77.00151550062228;DESPEJADO;NO IDENTIFICA LA CAUSA;;;
A-2021-04-311;04/04/2021;12:30;ATROPELLO;ATROPELLO;1;0;AA.HH. VICTORIA ;MZ I LOTE 02 - EL OBRERO;-4.909915206;-80.68494015346894;DESPEJADO;IMPRUDENCIA DEL CONDUCTOR;OTRO (IMPRUDENCIA DEL CONDUCTOR);DISTRACCION DEL CONDUCTOR;ATROPELLO CON CONSECUENCIAS FATALES
A-2021-04-312;25/04/2021;10:30;DESPISTE;VOLCADURA;2;6;CARRETERA ALTURA DEL CENTRO POBLADO PALMIRA ALTA-ACORIA;KM. 52 600;-12.64179;-74.86311;DESPEJADO;NO IDENTIFICA LA CAUSA;;;FALTA DE DOCUMENTACION
A-2021-04-313;21/04/2021;10:30;DESPISTE;VOLCADURA;2;0;CARRETERA PUCA PUCA-TANATARA;KM. 14 400;-13.15336;-75.64931;DESPEJADO;NO IDENTIFICA LA CAUSA;;;FALTA DE DOCUMENTACION 
A-2021-04-314;03/04/2021;07:47;ATROPELLO;ATROPELLO CON VOLTEO Y DELITO CONTRA LA ADMINISTRACION DE JUSTICIA CONTRA LA FUNCION JURISDICCIONAL - FUGA DEL LUGAR;1;0;AV. 14 DE AGOSTO;CDA. 01;-9.938782;-76.244047;DESPEJADO;IMPRUDENCIA DEL CONDUCTOR;CONDUCIR EN ESTADO DE EBRIEDAD Y/O DROGADICCIÓN;;S/O
A-2021-04-315;06/04/2021;05:00;CHOQUE;CHOQUE, DESPISTE Y VOLCADURA;1;1;CARRTERA HUANUCO - TINGO MARIA;LEON PAMPA;-9.529889;-75.965192;LLUVIOSO;IMPRUDENCIA DEL CONDUCTOR;ADELANTAR INDEBIDAMENTE;;S/0
A-2021-04-316;09/04/2021;18:20;DESPISTE;DESPISTE- VOLCADURA SEGUIDO DE LESIONES CON SUBSECUENTE MUERTE;1;1;CARRETERA FERNANDO BELAUNDE TERRY - MALLQUI;INGRESO AL CASERIO TUPAC AMARU;-9.525074;-75.954437;DESPEJADO;IMPRUDENCIA DEL CONDUCTOR;OTRO (IMPRUDENCIA DEL CONDUCTOR);NO CUALCULAR BIEN LOS ESPACIOS;S/O
A-2021-04-317;10/04/2021;15:00;ATROPELLO;ATROPELLO SEGUIDO DE LESIONES CON SUBSECUENTE MUERTE;1;0;CARRETERA HUÁNUCO - TINGO MARIA ;SAN ANDRES;-9.888402;-76.207281;DESPEJADO;IMPRUDENCIA DEL PEATÓN;CRUCE INDEBIDO POR LA CALZADA;;S/O
A-2021-04-318;22/04/2021;16:25;CHOQUE;CHOQUE POR EMBISTE EXCENTRICOANTERIOR IZQUIERDO, DESPISTE, VOLCADURA EN TONEL IZQUIERDO 1/1 CON CONSECUENCIA FATAL- SEGUIDO DE CHOQUE FRIONTAL;1;2;AV. UNIVERSITARIA CDRS. 7;UNIVERSIDAD HERMILIO VALDIZAN;-9.950517;-76.250307;DESPEJADO;IMPRUDENCIA DEL CONDUCTOR;CONDUCIR EN ESTADO DE EBRIEDAD Y/O DROGADICCIÓN;;S/O
A-2021-04-319;01/04/2021;04:00;CHOQUE;FATAL;2;0;CARRETERA PANAMERICANA NORTE KM. 421;NINGUNA;-9.159992121;-78.49698374553051;DESPEJADO;NO IDENTIFICA LA CAUSA;;;NINGUNA
A-2021-04-32;06/04/2021;12:30;DESPISTE;VOLCADURA ;1;1;ZONA DENOMINADA PUENTE LA LIMA;;-6.02857;-78.791621;DESPEJADO;NO IDENTIFICA LA CAUSA;;;"NO HA SIDO POSIBLE DETERMINAR LAS CAUSAS CONCRETAS DEL PRESENTE ACCIDENTE DE TRÁNSITO, DEBIDO A LA FALTA DE UNO DE LOS ELEMENTOS DEL TRÁNSITO PARTICIPANTES EN EL CITADO EVENTO (ELEMENTO VEHÍCULO); TODA VEZ, QUE DICHA UT HA SIDO MANIPULADA POR TERCERAS PERSONAS"
A-2021-04-320;07/04/2021;04:30;CHOQUE;FRONTAL;1;0;CARRETERA PANAMERICANA NORTE KM. 371 420;NINGUNA;-9.426303877;-78.36322055623961;DESPEJADO;NO IDENTIFICA LA CAUSA;;;NINGUNA
A-2021-04-321;12/04/2021;14:40;CHOQUE;FRONTAL;1;0;CARRETERA PANAMERICANA NORTE KM. 383 150;;-9.386123724;-78.38270036653594;DESPEJADO;NO IDENTIFICA LA CAUSA;;;NINGUNA
A-2021-04-322;11/04/2021;19:40;CHOQUE;POR EMBISTE - SEGUIDO DE FUGA;1;0;CARRETERA TARAPOTO YURIMAGUAS KM 28 800;NINGUNO;-6.490609;-76.334311;DESPEJADO;IMPRUDENCIA DEL CONDUCTOR;INVASIÓN DE CARRIL;;NINGUNA
A-2021-04-323;26/04/2021;18:20;CHOQUE;;1;1;CARRETERA F.B.T KM 744;ENTRADA AL CASERÍO MIRAFLORES;-7.072906374;-76.71596313007927;DESPEJADO;IMPRUDENCIA DEL CONDUCTOR;CONDUCIR EN ESTADO DE EBRIEDAD Y/O DROGADICCIÓN;;NINGUNO
A-2021-04-324;12/04/2021;09:00;ESPECIAL;SUCESO FORTUITO;1;0;CARRETERA F.B.T KM 568 800;TABALOSOS;-6.38853;-76.62908;SOLEADO;INFRAESTRUCTURA Y ENTORNO VIAL;FACTOR AMBIENTAL;;NINGUNO
A-2021-04-325;23/04/2021;10:00;DESPISTE;SEGUIDO DE CHOQUE Y ATROPELLO;1;0;CARRETERA FERNANDO BELAUNDE TERRY NORTE. ALTURA DEL KM 567 600;;-6.38954;-76.628213;SOLEADO;IMPRUDENCIA DEL CONDUCTOR;EXCESO DE VELOCIDAD;;NINGUNO
A-2021-04-326;09/04/2021;20:50;ATROPELLO;SEGUIDO DE FUGA ;1;0;AV. VIA DE EVITAMIENTO CDRA.20;;-6.533466;-76.373776;SOLEADO;NO IDENTIFICA LA CAUSA;;;NINGUNA
A-2021-04-38;01/04/2021;08:00;DESPISTE;CON CONSECUENSIA DE VOLCADURA;1;0;0 200KM  DE LA CARRETERA EN EL TRAMO DE SHIGSHAG;EN EL ANEXO DE NAHUIN;-11.44170832;-75.53182458966285;DESPEJADO;;;;
A-2021-04-39;10/04/2021;22:30;CHOQUE;MULTIPLE ;1;2;AV. CUZCO / AV. PUNO MI PERU ;FRONTIS DEL COLEGIO FE Y ALEGRIA ;-11.85628419;-77.12128517216202;DESPEJADO;IMPRUDENCIA DEL CONDUCTOR;OTRO (IMPRUDENCIA DEL CONDUCTOR);EXCESO DE CONFIANZA AL CONDUCIR EL VEHICULO EN PUNTO NEUTRO ;IMPRUDENCIA DEL CONDUCTOR DE LA UT1 (OMNIBUS)
A-2021-04-40;08/04/2021;12:33;DESPISTE;SUB SECUENTE DE VOLCADURA;1;0;CARRETERA TRAMO RURAL -TRAMO PANTEON KM 10 450;CASERIO PURHUARACRA;-11.25609441;-75.90572115138157;NUBLADO;;;;PENDIENTE
A-2021-04-41;05/04/2021;18:36;CHOQUE FUGA;-;1;0;CARRETERA MARIGINAL  MAZAMARI;ALTURA DEL PUENTE SANTA MARTA;-11.30223696;-74.54661386778807;DESPEJADO;;;;EN INVESTIGACION
A-2021-04-42;09/04/2021;14:30;CHOQUE;CHOQUE FRONTAL;1;3;KILÓMETRO 130 DE LA CARRETERA AREQUIPA JULIACA;14:30;-16.019093;-71.2838097;LLUVIOSO;IMPRUDENCIA DEL CONDUCTOR;OTRO (IMPRUDENCIA DEL CONDUCTOR);VELOCIDAD NO ADECUADA;SIN OBSERVACIONES
A-2021-04-43;10/04/2021;22:00;CHOQUE CON OBJETO FIJO;CHOQUE CON ATROPELLO;1;2;AUTOPISTA AREQUIPA LA JOYA ;SECTOR 10 DE LA ASOCIACIÓN JOSÉ LUIS BUSTAMANTE Y RIVERO;-16.349449;-71.609067;DESPEJADO;IMPRUDENCIA DEL CONDUCTOR;EXCESO DE VELOCIDAD;;SIN OBSERVACIONES
A-2021-04-44;10/04/2021;04:00;DESPISTE;VOLCADURA;1;0;SECTOR CHUINCACA;BOSQUE;-14.1240417;-71.45938409956628;NUBLADO;IMPRUDENCIA DEL CONDUCTOR;EXCESO DE VELOCIDAD;;NINGUNA
A-2021-04-45;06/04/2021;15:20;DESPISTE;VOCADURA;1;1;SECTOR DENOMINADO HOSPITAL PAMPA;ALTURA DEL KILOMETRO 27;-13.474206;-72.15724;DESPEJADO;IMPRUDENCIA DEL CONDUCTOR;EXCESO DE VELOCIDAD;;NINGUNA
A-2021-04-46;10/04/2021;18:35;ATROPELLO;IMPACTANDO AL PEATON Y ARRASTRADO DEL PEATON;1;0;COMUNIDAD DE OCCOPATA;SECTOR LAULLICCASA KILOMETRO 13;-13.60298;-71.956285;DESPEJADO;IMPRUDENCIA DEL CONDUCTOR;EXCESO DE VELOCIDAD;;NINGUNA
A-2021-04-47;02/04/2021;13:03;ATROPELLO;-;1;0;AV. MANUEL A. ODRIA;FRONTIS DEL PARQUE DEL NIÑO;-18.029503;-70.264294;SOLEADO;IMPRUDENCIA DEL PEATÓN;ESTADO DE EBRIEDAD Y/O DROGADICCIÓN;;
A-2021-04-48;11/04/2021;05:10;CHOQUE;-;1;0;CARRETERA PANAMERICANA NORTE KM. 449;-;-8.957886;-78.629494;DESPEJADO;IMPRUDENCIA DEL CONDUCTOR;EXCESO DE VELOCIDAD;;EXCESO DE VELOCIDAD DEL CONDUCTOR DE LA UT1 MOTOCICLETA
A-2021-04-49;10/04/2021;15:15;ATROPELLO FUGA;APLASTAMIENTO;1;0;AV JORGE BASADRE CON AV TARTA;ALTURA DE LA INTERSECCION CANADA;-17.994464;-70.251829;SOLEADO;IMPRUDENCIA DEL PEATÓN;CRUCE INDEBIDO POR LA CALZADA;;ASIMISMO SE ENCUENTRA HACIENDO CIERTOS ARREGLOS EN LA VIA 
A-2021-04-55;08/04/2021;14:50;ATROPELLO;-;1;1;CARRETERA FBT KM 434;-;-5.821697;-77.378454;DESPEJADO;IMPRUDENCIA DEL PEATÓN;OTRO (IMPRUDENCIA DEL PEATÓN);;
A-2021-04-56;12/04/2021;00:15;DESPISTE;-;2;0;CENTRO POBLADO 28 DE JULIO;DISTRITO DE PERENE;-10.85343218;-74.85401646881803;DESPEJADO;;;;
A-2021-04-6;01/04/2021;21:40;DESPISTE;VOLCADURA;2;5;AV. NESTOR GAMBETTA S/N ;ALTURA DE LA REFINERIA LA PAMPILLA DE SUR A NORTE ;-11.91868873;-77.1287114439881;DESPEJADO;IMPRUDENCIA DEL CONDUCTOR;CONDUCIR EN ESTADO DE EBRIEDAD Y/O DROGADICCIÓN;;EL CONDUCTOR EN ESTADO DE EBRIEDAD
A-2021-04-60;05/04/2021;17:00;CHOQUE;VOLCADURA Y CAIDA;1;0;CARRETERA AYACUCHO ANDAHUAYLAS KM 397 131;CENTRO POBLADO CASAORCCO;-13.2162044;-74.2269812;DESPEJADO;IMPRUDENCIA DEL CONDUCTOR;CONDUCIR EN ESTADO DE EBRIEDAD Y/O DROGADICCIÓN;;NINGUNA
A-2021-04-61;01/04/2021;08:20;ESPECIAL;DESPISTE;1;0;VIA LOS LIBERTADORES KM. 328 070;NINGUNA;-13.16257;-74.2396644;DESPEJADO;NEGLIGENCIA DEL CONDUCTOR;OTRO (NEGLIGENCIA DEL CONDUCTOR);DEJARLO ABANDONADO CON MOTOR ENCENDIDO;NINGUNA
A-2021-04-62;14/04/2021;07:45;CHOQUE;SEGUIDO DE VOLCADURA Y DESPISTE TOTAL;1;4;AV. VICTORIA GOTUZO ;SECTOR LA MAQUINA;-14.016173;-75.705801;DESPEJADO;IMPRUDENCIA DEL CONDUCTOR;GIRAR IMPRUDENTEMENTE;;
A-2021-04-63;09/04/2021;09:00;VOLCADURA;-;1;0;CARRETERA COLLANA-TIQUILLACA;FUNDO TOTORANI CHICO, COMUNIDAD BELEN;-15.78698316;-70.08120213017172;DESPEJADO;NEGLIGENCIA DEL CONDUCTOR;CONDUCIR CON FALLAS DE FRENOS;;ARO ANTERIOR CON PRESCENCIA DE OXIDO EN SU TOTALIDAD, MECANISMO DE FRENO ANTERIOR (HULE) DESGASTADOS.