COD_ACCIDE;FechaDelAccidente;HoraDelAccidente;ClaseDelAccidente;SecuenciaAccidente;CantidadDeFallecidos;CantidadDeLesionados;Direccion;LugarReferencia;y;x;CondClimatica;CausaFactorPrincipal;CausaEspecifica;OtraCausa;Observaciones
A-2021-04-66;15/04/2021;14:30;DESPISTE;VOLCADURA, APLASTAMIENTO;1;0;CARRETERA SANTA CLARA;FRONTIS DE LA URB. LOS MADEROS;-3.775162236;-73.30292675957386;SOLEADO;IMPRUDENCIA DEL CONDUCTOR;CONDUCIR EN ESTADO DE EBRIEDAD Y/O DROGADICCIÓN;;PENDIENTE
A-2021-04-71;08/04/2021;04:45;DESPISTE;CAIDA, MUERTE.;1;1;CARRETERA IQUITOS NAUTA KM 56;ALTURA DEL CASERIO 12 DE ABRIL;-4.091061573;-73.45173545621408;SOLEADO;NO IDENTIFICA LA CAUSA;;;PENDIENTE
A-2021-04-74;12/04/2021;11:00;CHOQUE;POR ALCANCE;1;0;CARRETERA PIURA - CATACAOS - LA ARENA ;ALTURA DEL CASERIO CASARA;-5.3270303;-80.7091891;DESPEJADO;;;;
A-2021-04-80;10/04/2021;08:00;DESPISTE;VOLCADURA Y SUMERSION;1;0;CANAL BAGGIO ARBULU. TROCHA CARROZABLE QUE UNE LA ARENA - CASAGRANDE;ALTURA DEL POSTE DE MADERA DE TENDIDO ELECTRICO N° L6658A;-5.327202;-80.709734;DESPEJADO;;;;
A-2021-04-82;10/04/2021;16:00;CHOQUE;FRONTAL EXCENTRICO IZQUIERDO Y DESPISTE;1;2;CARRETERA CENTRAL LA OROYA AYACUCHO ALT.KM. 56 525;------------------;-11.814453;-75.614052;LLUVIOSO;;;;
A-2021-04-84;17/04/2021;04:45;CHOQUE;SUBSCUENTE ATROPELLO ;1;3;AV.BUENOS AIRES (EX MIGUEL GRAU) / CONTRALMIRANTE VILLAR ;;-12.06178481;-77.13568562333947;DESPEJADO;NO IDENTIFICA LA CAUSA;;;SE ENCUENTRA EN INVESTIGACION 
A-2021-04-86;16/04/2021;21:30;CHOQUE;VOLCADURA;1;0;CARRETERA PANAMERICANA SUR PUNO- DESAGUADERO1430 300;-;-16.184;-69.531;DESPEJADO;IMPRUDENCIA DEL CONDUCTOR;CONDUCIR EN ESTADO DE EBRIEDAD Y/O DROGADICCIÓN;;EL CONDUCTOR DE LA MOTOCICLETA SE ENCONTRABA EN ESTADO DE EBRIEDAD.
A-2021-04-87;08/04/2021;18:45;CHOQUE;ENTRE DOS VEHICULOS MENORES;1;2;CARRETERA INTEROCEANICA ALTURA DEL DISTRITO DE MAHUUYANI;PUENTE PEQUENO DE AGUAS RESIDUALES;-13.6114352;-71.2451296;NUBLADO;IMPRUDENCIA DEL CONDUCTOR;EXCESO DE VELOCIDAD;;NINGUNA
A-2021-04-88;09/04/2021;18:00;CHOQUE;;1;2;KM. 108;DE LA CARRETERA DE PENETRACION CIUDAD DE DIOS- CAJAMARCA;-7.23580207;-78.70758406;DESPEJADO;IMPRUDENCIA DEL CONDUCTOR;CONDUCIR EN ESTADO DE EBRIEDAD Y/O DROGADICCIÓN;;
A-2021-04-89;05/04/2021;20:30;DESPISTE;DESPISTE, CHOQUE Y ATROPELLO CON CONSECUENCIA FATAL;1;0;CORREDOR VIAL SUR MARA -CUSCO;PITIC - MARA;-14.06501661;-72.06663619986575;DESPEJADO;IMPRUDENCIA DEL CONDUCTOR;OTRO (IMPRUDENCIA DEL CONDUCTOR);TRABADO DEL PEDAL DE FRENO;EL VEHICULO PRESENTO TRABAS EN EL PEDAL DE FRENO, LO QUE ORIGINO EL ACCIDENTE DE TRANSITO
A-2021-04-9;01/04/2021;03:05;ATROPELLO FUGA;-;1;0;KM 607 300 CPN;CRUCE CON CASCAS;-7.839252;-79.152646;DESPEJADO;NO IDENTIFICA LA CAUSA;;;
A-2021-04-90;06/04/2021;12:15;ATROPELLO;--;1;0;KM 10 800;CABANA-JULIACA;-15.63747592;-70.3295756686597;DESPEJADO;NEGLIGENCIA DEL CONDUCTOR;OTRO (NEGLIGENCIA DEL CONDUCTOR);AL CIRCULAR POR LA VIA EN INVESTIGACION CON BIFURCACIONES Y SEÑALES REGULADORAS ;NINGUNA 
A-2021-04-91;10/04/2021;10:30;ATROPELLO;-;1;0;PLAZA DE ARMAS HUAYRAPATA;PLAZA DE ARMAS;-15.32126358;-69.34099316;DESPEJADO;IMPRUDENCIA DEL PEATÓN;CRUCE INDEBIDO POR LA CALZADA;;NINGUNA
A-2021-04-92;14/04/2021;11:45;DESPISTE;CHOQUE ;1;0;CARRETERA CENTRAL KM 47 210- TARMA;SECTOR TRAMATAMBO;-11.44325411;-75.69294148260842;DESPEJADO;IMPRUDENCIA DEL CONDUCTOR;EXCESO DE VELOCIDAD;;
A-2021-04-96;16/04/2021;04:15;ATROPELLO;-;1;0;CARRETERA PANAMERICANA SUR KM. 430;-;-14.71645977;-75.09105373;DESPEJADO;IMPRUDENCIA DEL PEATÓN;OTRO (IMPRUDENCIA DEL PEATÓN);ORATE;
A-2021-04-97;17/04/2021;22:50;CHOQUE;-;2;2;CARRETERA PANAMERICANA SUR KM. 454;-;-14.858588;-74.972278;DESPEJADO;IMPRUDENCIA DEL CONDUCTOR;CONDUCIR EN ESTADO DE EBRIEDAD Y/O DROGADICCIÓN;;
A-2021-04-99;14/04/2021;10:00;CHOQUE;CHOQUE  FRONTAL CON CONSECUENCIA FATAL;1;1;KM. 14.5;CASERÍO 07 DE OCTUBRE;-8.943214;-76.131939;DESPEJADO;NO IDENTIFICA LA CAUSA;;;NINGUNA
A-2021-05-1;01/05/2021;04:45;ATROPELLO FUGA;-;1;0;RELLENO SANITARIO EL MILAGRO;-;-8.025953;-79.047857;DESPEJADO;NO IDENTIFICA LA CAUSA;;;ACCION NEGLIGENTE DEL HERMANO Y PRIMO DEL PATON (12), QUE SE ENCONTRABA DURMIENDO CUBIERTO CON SABANAS Y COLCHAS ACOSTADO (TENDIDO) SOBRE EL SUELO DE LA PLATAFORMA NRO. 07 .
A-2021-05-10;01/05/2021;16:30;ATROPELLO;SEGUIDO DE CHOQUE;1;2;CARRETERA AL CASERÍO SELVA ALEGRE;-;-6.225567;-77.134417;DESPEJADO;IMPRUDENCIA DEL CONDUCTOR;OTRO (IMPRUDENCIA DEL CONDUCTOR);;NO TIENE LINEAS LONGITUDINALES CONTINUAS Y DISCONTINUAS QUE SEPAREN LOS CARRILES
A-2021-05-105;18/05/2021;21:05;CHOQUE;CHOQUE POR ALCANCE;1;0;CARRETERA  INTEROCEANICA KM 421 300;FRONTIS AL RESTAURANTE SABOR A CAMPO;-12.6138;-69.243869;;;;;
A-2021-05-108;18/05/2021;20:20;VOLCADURA;CHOQUE APLASTAMIENTO Y FUGA;1;0;AV VIDURRAZAGA FRENTE AL CENTRO COMERCIAL FERETRAN;CENTRO COMERCIAL FERETRAN;-16.425553;-71.53839;DESPEJADO;IMPRUDENCIA DEL CONDUCTOR;ADELANTAR INDEBIDAMENTE;;SIN OBSERVACIONES
A-2021-05-109;08/05/2021;03:50;CHOQUE; -;1;0;AV. MARIGINAL - PICHANAQUI;INGRESO AL AA.HH  LOS ANGELES-PICHANAQUI;-10.93290157;-74.86769527334864;DESPEJADO;;;;
A-2021-05-11;05/05/2021;07:00;ATROPELLO;;1;0;CENTRO POBLADO DE HUARIPAMPA;AV. 28 DE JULIO;-9.663039537;-77.467772744454;DESPEJADO;IMPRUDENCIA DEL CONDUCTOR;EXCESO DE VELOCIDAD;;
A-2021-05-110;15/05/2021;19:00;CHOQUE;FRONTAL;2;3;CARRETERA DE PENETRACION HUARAZ-CARAZ;LUGAR DENOMINADO HUANCHAC PAMPA;-9.30077861;-77.62263159386384;NUBLADO;IMPRUDENCIA DEL CONDUCTOR;CONDUCIR EN ESTADO DE EBRIEDAD Y/O DROGADICCIÓN;;
A-2021-05-111;20/05/2021;05:40;DESPISTE;DESPISTE CON CONSECUENCIA FATAL;1;0;CARRETERA CENTRAL KM. 2.5;NINGUNA;-9.358401;-75.979258;DESPEJADO;NO IDENTIFICA LA CAUSA;;;NINGUNA
A-2021-05-112;18/05/2021;15:00;CHOQUE; FATAL;1;0;CARRETERA CENTRAL TARMA;SECTOR HUASQUI;-11.3909659;-75.68829563662541;DESPEJADO;;;;
A-2021-05-113;19/05/2021;07:50;CHOQUE;CHOQUE POR ALCANCE;3;1;CARRETERA PIURA - CHULUCANAS;A LA ALTURA DEL CASERIO SEÑOR CAUTIVO KM. 34;-5.136257;-80.331393;DESPEJADO;IMPRUDENCIA DEL CONDUCTOR;EXCESO DE VELOCIDAD;;
A-2021-05-114;14/05/2021;21:30;CHOQUE CON OBJETO FIJO;VOLCADURA ;1;0;JR. LEGUIA CDRA 06;;-7.15010397;-78.51644851;DESPEJADO;IMPRUDENCIA DEL CONDUCTOR;CONDUCIR EN ESTADO DE EBRIEDAD Y/O DROGADICCIÓN;;
A-2021-05-115;16/05/2021;04:00;DESPISTE;-;1;0;CARRETERA DEL DISTRITO DE YURACYACU AL CASERIO UCRANIA;-;-5.94608816;-77.2427443729863;;;;;
A-2021-05-116;22/05/2021;21:00;DESPISTE;;1;0;AV. LA MARINA CDRA 06 ;FRENTE A LA POLLERIA DE CARBON;-12.0681796;-77.11449708038921;DESPEJADO;NO IDENTIFICA LA CAUSA;;;SE DESESTIMA COMO ACCIDENTE DE TRANSITO YA QUE EL CONDUCTOR FALLECIO POR UN PARO CARDIACO.
A-2021-05-120;15/05/2021;12:45;DESPISTE;CONSECUENCIA FATAL;1;1;CARRETERA CHECA DESCANSO;PARQUE JUCUNI COMUNIDAD DE HANANSAYA CCOLLANA;-14.499621;-71.329169;DESPEJADO;NEGLIGENCIA DEL CONDUCTOR;OTRO (NEGLIGENCIA DEL CONDUCTOR);VELOCIDAD MAYOR A LA RAZONABLE Y DISTRACION;
A-2021-05-121;15/05/2021;15:45;CHOQUE;CONSECUENCOA FATAL;1;0;SECTOR DE PACHAQ CHICO;A LA ALTURA DEL KILOMETRO 238;-12.804034;-72.683129;DESPEJADO;NEGLIGENCIA DEL CONDUCTOR;OTRO (NEGLIGENCIA DEL CONDUCTOR);VELOCIDAD INAPROPIADA;
A-2021-05-123;01/05/2021;15:30;ATROPELLO;-;1;0;AV. TÚPAC AMARU DEL KM. 09;-;-11.962209;-77.054503;DESPEJADO;NO IDENTIFICA LA CAUSA;;;
A-2021-05-124;01/05/2021;05:30;CHOQUE FUGA;-;1;0;AV. LIMA CDRA. 05;-;-11.930175;-76.69002;DESPEJADO;NO IDENTIFICA LA CAUSA;;;
A-2021-05-125;02/05/2021;09:00;CHOQUE;-;1;0;AV. SEBASTIÁN LORENTE CON JR. JUNÍN;-;-12.05307245;-77.01305632819688;SOLEADO;IMPRUDENCIA DEL CONDUCTOR;EXCESO DE VELOCIDAD;;
A-2021-05-126;03/05/2021;06:00;ATROPELLO;-;1;0;VIA EVITAMIENTO KM. 2800;-;-12.03346404;-76.99048730611834;SOLEADO;IMPRUDENCIA DEL PEATÓN;ESTADO DE EBRIEDAD Y/O DROGADICCIÓN;;EBRIEDAD DEL PEATON
A-2021-05-127;03/05/2021;15:30;ATROPELLO;-;1;0;AV. UNIVERSITARIA CDRA 63;-;-11.90559656;-77.04212480216349;DESPEJADO;IMPRUDENCIA DEL PEATÓN;OTRO (IMPRUDENCIA DEL PEATÓN);;
A-2021-05-128;05/05/2021;21:50;ATROPELLO;-;1;1;AV. ARGENTINA CDRA. 04;-;-12.044108;-77.046872;DESPEJADO;IMPRUDENCIA DEL PEATÓN;OTRO (IMPRUDENCIA DEL PEATÓN);;
A-2021-05-130;09/05/2021;02:00;ATROPELLO;-;1;0;AV. PANAMERICANA SUR;-;-12.17513;-76.97776;DESPEJADO;IMPRUDENCIA DEL PEATÓN;ESTADO DE EBRIEDAD Y/O DROGADICCIÓN;;EBRIEDAD DEL PEATÓN
A-2021-05-131;10/05/2021;22:00;ATROPELLO FUGA;-;1;0;AV. PANAMERICANA NORTE;-;-11.965534;-77.067883;DESPEJADO;NO IDENTIFICA LA CAUSA;;;
A-2021-05-132;14/05/2021;17:45;ATROPELLO;-;1;0;AV. TUPAC AMARU CDRA 6;-;-12.04231738;-76.97828863347918;DESPEJADO;IMPRUDENCIA DEL CONDUCTOR;EXCESO DE VELOCIDAD;;
A-2021-05-133;18/05/2021;12:00;CHOQUE;-;1;0;KM 13.5 CARRETERA CENTRAL;-;-12.00777092;-76.85896757387667;DESPEJADO;IMPRUDENCIA DEL CONDUCTOR;ADELANTAR INDEBIDAMENTE;;
A-2021-05-134;20/05/2021;07:10;VOLCADURA;-;1;0;CDRA 26 DE LA AV. MOLINA;-;-12.078943;-76.930904;DESPEJADO;IMPRUDENCIA DEL CONDUCTOR;EXCESO DE VELOCIDAD;;
A-2021-05-136;21/05/2021;16:50;CHOQUE;-;1;0;AUXILIAR PANAMERICANA SUR ;FRONTIS DE LA UNIVERSIDAD SAN LUIS GONZAG;-14.08111597;-75.7356150195617;DESPEJADO;IMPRUDENCIA DEL CONDUCTOR;EXCESO DE VELOCIDAD;;
A-2021-05-138;22/05/2021;01:40;CHOQUE;-;1;0;AVENIDA JORGE CHAVEZ ;ALTURA DE LA FABRICA SUIN FRUITS;-14.016307;-75.73436;DESPEJADO;NO IDENTIFICA LA CAUSA;;;
A-2021-05-139;22/05/2021;14:30;VOLCADURA;-;1;6;DESIERTO DE HUACACHINA;-;-14.09;-75.77;SOLEADO;NEGLIGENCIA DEL CONDUCTOR;CONDUCIR CON FALLAS DE CARROCERÍA;;
A-2021-05-140;22/05/2021;18:00;CHOQUE;-;1;2;CARRETERA DE PENETRACION  CHANGUILLO - PUERTO CABALLA;INTERSECCION VIA CABILDO Y/O PUERTO CABALLA;-14.670563;-75.291881;SOLEADO;IMPRUDENCIA DEL CONDUCTOR;INVASIÓN DE CARRIL;;
A-2021-05-142;07/05/2021;09:55;ATROPELLO;-;1;0;KM 36 900;CENTRO POBLADO PUQUIS;-15.281613;-69.9257604;DESPEJADO;IMPRUDENCIA DEL PEATÓN;CRUCE INDEBIDO POR LA CALZADA;;NINGUNA 
A-2021-05-144;21/05/2021;22:20;CHOQUE FUGA;;1;1;CARRETERA CATAC-CHAVIN DE HUANTAR;BARRIO DE BUENOS AIRES;-9.769431577;-77.41685231499594;DESPEJADO;IMPRUDENCIA DEL CONDUCTOR;EXCESO DE VELOCIDAD;;
A-2021-05-149;25/05/2021;04:00;CHOQUE;DESPISTE, VOLCADURA;5;6;KILÓMETRO 1012.400 DE LA CARRETERA PANAMERICANA SUR;HITO 1012;-16.839662;-71.858213;DESPEJADO;NEGLIGENCIA DEL CONDUCTOR;OTRO (NEGLIGENCIA DEL CONDUCTOR);DESATENCION EN LA CONDUCCIÓN;SIN OBSERVACIONES
A-2021-05-15;05/05/2021;12:30;DESPISTE;VOLCADURA;1;0;CP. AJO - SECTOR ROSASPATA;COMUNIDAD DE ROSASPATA;-13.6516219;-73.0590121;DESPEJADO;IMPRUDENCIA DEL CONDUCTOR;CONDUCIR EN ESTADO DE EBRIEDAD Y/O DROGADICCIÓN;;INVESTIGACIÓN A CARGO ST1 PNP VICTOR DENNIS RAMIREZ ROMANI 
A-2021-05-150;20/05/2021;00:05;DESPISTE;CHOQUE Y VOLCADURA;1;0;JR JORGE CHAVEZ ;ALTURA DE LA UNAMAD;-12.589681;-69.208873;;;;;
A-2021-05-151;22/05/2021;16:30;ATROPELLO;PROYECTADO;1;0;CARRETERA IQUITOS NAUTA KM 32-584;CENTRO POBLADO  13 DE FEBRERO;-4.015585724;-73.43273512207432;SOLEADO;NO IDENTIFICA LA CAUSA;;;PENDIENTE
A-2021-05-153;08/05/2021;05:40;ATROPELLO;CHOQUE;1;0;CARRETERA AYACUCHO ANDAHUAYLASKM. 395 ;GRIFO AVA;-13.203862;-74.217087;DESPEJADO;IMPRUDENCIA DEL CONDUCTOR;EXCESO DE VELOCIDAD;;NINGUNA
A-2021-05-157;23/05/2021;13:25;CAÍDA DE PASAJERO;CAÍDA DE LA TOLVA DEL VEHÍCULO ;1;0;CARRETERA TAMBO GRANDE ;CASERIO HUACA BLANCA;-4.898257;-80.35187;DESPEJADO;NO IDENTIFICA LA CAUSA;;;CAÍDA DEL OCUPANTE POR LA PARTE SUPERIOR DEL VEHÍCULO (TOLVA)  
A-2021-05-158;22/05/2021;15:30;CHOQUE;MUERTE;1;1;CARRETERA PANAMERICANA NORTE ALTURA DEL KM. 501;-;-8.040941;-79.084076;DESPEJADO;IMPRUDENCIA DEL CONDUCTOR;ADELANTAR INDEBIDAMENTE;;
A-2021-05-160;24/05/2021;08:00;DESPISTE;;1;1;KM 130 CARRETERA CHOTA - CHICLAYO;;-6.538239205;-79.12057235970696;DESPEJADO;IMPRUDENCIA DEL CONDUCTOR;OTRO (IMPRUDENCIA DEL CONDUCTOR);L CONDUCIR SU UNIDAD CON SU ESTADO PSICOFÍSICO Y PSICOSOMÁTICO  ALTERADO POR LA INGESTA DE BEBIDAS ALCOHÓLICAS,  LO QUE NO LE PERMITIÓ VALORAR LA CONFIGURACIÓN  DE LA VÍA POR LA CIRCULABA Y TENER UNA ÓPTIMA REACCIÓN  A FIN DE EVITAR EL ACCIDENTE;
A-2021-05-161;16/05/2021;18:40;CHOQUE;-;1;1;KM 94 100 DE LA CARRETERA CENTRAL OROYA-PASCO;-;-10.86982191;-76.11155199290695;;;;;
A-2021-05-162;22/05/2021;19:20;ATROPELLO;MUERTE;1;3;VIA DE EVITAMIENTO - AVENIDA 2 DE MAYO - TRUJILLO;ALTURA DEL BUNGALO VIP SUITES ;-8.132569;-79.02341;DESPEJADO;NO IDENTIFICA LA CAUSA;;;
A-2021-05-163;27/05/2021;08:40;CHOQUE;CON SUBSECUENTE MUERTE;1;0;AV.MARIA PARADO DE BELLIDO;JR. HUANUCO;-8.92963;-76.11737;DESPEJADO;IMPRUDENCIA DEL CONDUCTOR;EXCESO DE VELOCIDAD;;NINGUNA
A-2021-05-164;24/05/2021;09:00;CHOQUE;VOLCADURA CIDA Y DESPISTE;1;0;CARRETERA MARIGINAL KM 15 500 MAZAMARI;CARRETERA MARIGINAL CAPIRUSHARI-MAZAMARI;-11.29394647;-74.54910274211872;DESPEJADO;IMPRUDENCIA DEL CONDUCTOR;INVASIÓN DE CARRIL;;IMPRUDENCIA DEL CONDUCTOR DE LA MOTOCICLETA DE PLACA DE RODAJE 5328-GW
A-2021-05-165;27/05/2021;01:41;CHOQUE;CONSECUENCIA FATAL;1;0;KILOMETRO 184.700 DE LA CARRETERA AREQUIPA JULIACA;UJUYO;-15.755638;-70.949413;DESPEJADO;NO IDENTIFICA LA CAUSA;;;S/O
A-2021-05-166;20/05/2021;20:20;CHOQUE FUGA;MUERTE;1;1;CARRETERA DE ACCESO A POROTO ALTURA DEL KM. 47 - POROTO;SECTOR EL RINCÓN DEL CASERÍO PLATANAR;-8.012785;-78.757032;DESPEJADO;IMPRUDENCIA DEL CONDUCTOR;INVASIÓN DE CARRIL;;
A-2021-05-167;25/05/2021;11:30;DESPISTE;CONSECUENCIA FATAL;1;1;CENTRO POBLADO LAS PALMAS;CARRETERA DE PENETRACION DEL SECTOR DE PUENTE IPOKI-PICHANAQUI;-11.01982152;-74.75027911457556;DESPEJADO;NEGLIGENCIA DEL CONDUCTOR;OTRO (NEGLIGENCIA DEL CONDUCTOR);ENFERMEDAD DEL CONDUCTOR(EPILEPCIA);
A-2021-05-17;07/05/2021;19:10;CHOQUE;CHOQUE CON SUBSECUENTE VOLCADURA;1;0;KM 163.700 DE LA CARRETERA AREQUIPA JULIACA;CERCA DEL PUEBLO DE IMATA;-15.84166792;-71.10177723625667;DESPEJADO;IMPRUDENCIA DEL CONDUCTOR;INVASIÓN DE CARRIL;;SIN OBSERVACIONES
A-2021-05-172;28/05/2021;06:00;CHOQUE;FRONTAL;1;1;CARRETERA EL PAPAYO - LA OBRILLA ALTURA DEL KM. 24 514 - CASERIO LA OBRILLA.;AL FRENTE DEL POZO DE AGUA DEL CASERIO LA OBRILLA;-4.989286677;-80.58363662;DESPEJADO;;;;
A-2021-05-173;28/05/2021;16:30;CHOQUE;DESPISTE -VOLCADURA;1;2;CARRETERA COSTANERA SUR KM. 12 500;BOSQUE CHICO;-18.122931;-70.38478;DESPEJADO;IMPRUDENCIA DEL CONDUCTOR;OTRO (IMPRUDENCIA DEL CONDUCTOR);INGRESAR A UN VIA SIN TOMAR LAS MEDIDAS DE PRECAUCION;
A-2021-05-174;10/05/2021;06:00;DESPISTE;VOLCADURA;2;0;PANMERICANA NORTE KM. 751 500;LAGUNAS - MOCUPE;-6.974972;-79.672524;NUBLADO;NO IDENTIFICA LA CAUSA;;;ACCIDENTE DE TRANSITO  EN INVESTIGACION
A-2021-05-175;05/05/2021;19:15;CHOQUE;CHOQUE LATERAL SEGUIDO DE DESPISTE ;1;1;KM.196.440 DE LA CARRETEA PANAMERICANA NORTE -CALZADA ESTE.;OVALO DE BARRANCA;-10.73691337;-77.74969622049346;DESPEJADO;IMPRUDENCIA DEL CONDUCTOR;OTRO (IMPRUDENCIA DEL CONDUCTOR);AL FALTA DE CUIDADO Y PREVENCIÓN. ;
A-2021-05-176;26/05/2021;16:00;DESPISTE;CONSECUENCIA FATAL;1;3;CARRETERA OLLANTAYTAMBO-LA CONVENCION;KILOMETRO 96;-13.13635;-72.284437;DESPEJADO;IMPRUDENCIA DEL CONDUCTOR;EXCESO DE VELOCIDAD;;
A-2021-05-177;20/05/2021;10:45;CHOQUE;CONSECUENCIA FATAL;1;0;APV VALLECITO;ALTURA DEL PARQUE VALLECITO;-13.549298;-71.905554;DESPEJADO;NEGLIGENCIA DEL CONDUCTOR;OTRO (NEGLIGENCIA DEL CONDUCTOR);POR NO ASEGURAR SU VEHICULO;
A-2021-05-178;13/05/2021;19:30;ATROPELLO;-;1;0;KM1306;PUENTE MARAVILLAS;-15.43497261;-70.14088673661455;;;;;
A-2021-05-18;07/05/2021;04:40;ATROPELLO;-;1;0;CARRETERA PANAMERICANA SUR KM. 457;-;-14.8729674;-74.9904761;DESPEJADO;NO IDENTIFICA LA CAUSA;;;
A-2021-05-180;18/05/2021;19:20;DESPISTE;ACCIDENTE DE TRÁNSITO SIMPLE - DESPISTE TOTAL;1;1;CARRETERA BAGUA - CASUAL KM 20;;-5.598773695;-78.55107903073039;SOLEADO;NO IDENTIFICA LA CAUSA;;;LA UPIAT PNP AMAZONAS NO CUENTA CON PERITOS PARA QUE PUEDA ELABORAR LOS INFORMES DE SECUENCIA DE EVENTO DE ACCIDENTE DE TRÁNSITO
A-2021-05-181;22/05/2021;07:00;CHOQUE;FATAL;1;1;KM 284 150;COMUNIDAD CAMPESINA DE QUILCACCASA;-14.55214617;-73.38386531211128;DESPEJADO;IMPRUDENCIA DEL CONDUCTOR;FATIGA Y/O CANSANCIO;;
A-2021-05-182;22/05/2021;21:51;CHOQUE;CHOQUE, VOLCADURA Y CAÍDA DEL CONDUCTOR ;1;0;INTERSECCIÓN DE LOS JR. HERMOSURA Y SOCIEGO ;;-6.233383981;-77.86731715212338;DESPEJADO;NO IDENTIFICA LA CAUSA;;;SE ENCUENTRA PENDIENTE EL PERITAJE DE DAÑO, RESULTADO DE LA PERICIA DE DOSAJE ETÍLICO Y EL INFORME TÉCNICO
A-2021-05-183;11/05/2021;15:30;DESPISTE;-;1;0;CARRETERA DE PENETRACION FERREÑAFE PITIPO;-;-6.5567402;-79.7682136;DESPEJADO;NO IDENTIFICA LA CAUSA;;;
A-2021-05-184;22/05/2021;16:50;CHOQUE;-;1;0;KM 13 200;CABANILLA-LAMPA;-15.51152974;-70.35054438396111;DESPEJADO;IMPRUDENCIA DEL CONDUCTOR;OTRO (IMPRUDENCIA DEL CONDUCTOR);AL DESPLAZAR SU UNIDAD AMPARADO BAJO EL PRINCIPIO DE CONFIANZA, AL HABER INGRESADO A UNA VIA PRIINCIPAL BAJO UNA VIA ALTERNA ;NINGUNA 
A-2021-05-185;25/05/2021;04:20;DESPISTE;VOLCADURA;1;1;KM 31 350;AZANGARO-MUÑANI;-14.76124534;-69.98398249345642;DESPEJADO;INFRAESTRUCTURA Y ENTORNO VIAL;OTRO (INFRAESTRUCTURA Y ENTORNO VIAL);FALTA DE ADHERENCIA SUFICIENTE ENTRE LOS NEUMATIVOS CON EL TERRENO DONDE CIRCULAN LOS VEHICULOS ;NINGUNA 
A-2021-05-186;26/05/2021;08:30;ATROPELLO;CONSECUENCIA FATAL;1;0;ANGOTURA;ALTURA DELLPARADERO DEL BOSQUE;-13.56573628;-71.8359251424733;DESPEJADO;IMPRUDENCIA DEL PEATÓN;OTRO (IMPRUDENCIA DEL PEATÓN);CRUCE INDEBIDO DE LA CALZADA;
A-2021-05-187;15/05/2021;11:30;CHOQUE;VOLCADURA Y APLASTAMIENTO;1;1;AVENIDA AGRICULTURA CUADRA 01;OVALO EPSEL;-6.762234;-79.829662;SOLEADO;NO IDENTIFICA LA CAUSA;;;ACCIDENTE DE TRANSITO  EN INVESTIGACION
A-2021-05-188;16/05/2021;21:30;ATROPELLO FUGA;-;1;0;PANAMERICA NORTE ANTIGUA KM. 57 750;ANCHOVIRA;-6.2216688;-79.7073985;DESPEJADO;NO IDENTIFICA LA CAUSA;;;ACCIDENTE DE TRANSITO  EN INVESTIGACION
A-2021-05-189;05/05/2021;14:00;DESPISTE;CONSECUENCIA FATAL;3;1;KILOMETRO 135;ALTURA DEL ABRA MALAGA;-13.133249;-72.316248;NIEBLA;NEGLIGENCIA DEL CONDUCTOR;OTRO (NEGLIGENCIA DEL CONDUCTOR);CANSANCIO;
A-2021-05-19;05/05/2021;00:10;ATROPELLO;CON FUGA;1;0;CARRETERA PANAMERICANA NORTE PIURA CHICLAYO ALTURA DEL KM 988 FRENE GRIFO EL VOLANTE.;VERTICE SUR ESTE DEL GUARDAVIAS UBICADO AL LADO OESTE DE LA CALZADA OESTE;-5.255503;-80.616913;DESPEJADO;;;;
A-2021-05-191;22/05/2021;11:53;CHOQUE;-;1;0;INTERSECCION CALLE EL PROGRESO Y AGUSTIN GAMARRA- CAYALTI;-;-6.892505;-79.563207;DESPEJADO;NO IDENTIFICA LA CAUSA;;;ACCIDENTE DE TRANSITO  EN INVESTIGACION
A-2021-05-192;16/05/2021;19:15;CHOQUE FUGA;-;1;1;PANAMERICANA NORTE ANTIGUA KM. 57 800;-;-6.213567;-79.701722;DESPEJADO;NO IDENTIFICA LA CAUSA;;;ACCIDENTE DE TRANSITO  EN INVESTIGACION
A-2021-05-193;30/05/2021;12:40;ATROPELLO FUGA;-;1;0;CARRETERA PANAMERICANA SUR KM. 291;FRONTIS CEMENTERIO GUADALUPE;-13.975654;-75.776505;DESPEJADO;NO IDENTIFICA LA CAUSA;;;
A-2021-05-194;10/05/2021;18:12;CHOQUE;-;1;0;KM 108 28;SECTOR SANTA MARIA ;-14.5411033;-70.2900262;DESPEJADO;IMPRUDENCIA DEL CONDUCTOR;EXCESO DE VELOCIDAD;;NINGUNA 
A-2021-05-195;13/05/2021;19:00;CHOQUE;-;1;0;KM 2 141;JULIACA-PUSI;-15.41987808;-70.0500696320667;DESPEJADO;NEGLIGENCIA DEL CONDUCTOR;CONDUCIR CON FALLAS ELÉCTRICAS;;NINGUNA
A-2021-05-196;20/05/2021;12:10;VOLCADURA;DE CONSECUENCIA FATAL;1;0;CPM ZONA PATRIA-PERENE;AL INGREZO DE LA ZONA RURAL DE ZONA PATRIA;-10.89247418;-75.16506149878079;DESPEJADO;;;;
A-2021-05-197;28/05/2021;22:20;CHOQUE;CON CONSECUENCIA FATAL ;2;0;CARRETERA MARIGINAL  KM. 98 500-RIO NEGRO;VIVERI HUANDO - LA CAMPIÑA-RIO NEGRO;-11.21403306;-74.65583372642733;DESPEJADO;;;;