COD_ACCIDE;FechaDelAccidente;HoraDelAccidente;ClaseDelAccidente;SecuenciaAccidente;CantidadDeFallecidos;CantidadDeLesionados;Direccion;LugarReferencia;y;x;CondClimatica;CausaFactorPrincipal;CausaEspecifica;OtraCausa;Observaciones
A-2021-05-198;28/05/2021;04:20;DESPISTE;FATAL;1;0;CCAÑAMURO PROGRESO;CAPILLAS ;-14.09154821;-72.4669091751593;DESPEJADO;IMPRUDENCIA DEL CONDUCTOR;FATIGA Y/O CANSANCIO;;
A-2021-05-199;28/05/2021;09:00;ATROPELLO;FATAL;1;0;CALLE ANTABAMBA SIN NUMERO;PLAZA DE ARMAS;-14.33981354;-72.8950592666448;DESPEJADO;;;;
A-2021-05-2;01/05/2021;20:00;CHOQUE;-;1;0;VIA LOS LIBERTADORES INTERSECCION AV. INDUSTRIAL ;INTERSECCION ;-13.67998662;-76.14755565186188;DESPEJADO;NO IDENTIFICA LA CAUSA;;;EL CONDUCTOR DEL AUTOMOVILA4P-614  HASTA LA PRESENTE NO HA SIDO IDENTIFICADO
A-2021-05-20;08/05/2021;07:45;CHOQUE;-;1;0;CARRETERA PUNO-DESAGUADERO KM 1462 150;ALTURA DEL FARO DEL DISTRITO DE POMATA;-16.260407;-69.296237;DESPEJADO;;;;
A-2021-05-200;23/05/2021;21:00;CHOQUE;-;1;0;CARRETERA FERNANDO BELAUNDE TERRY KM. 13;CASERIO AGUA BLANCA;-5.940762251;-79.60256158934189;DESPEJADO;NO IDENTIFICA LA CAUSA;;;ACCIDENTE DE TRANSITO  EN INVESTIGACION
A-2021-05-201;25/05/2021;14:00;CHOQUE;CHOQUE POR EMBISTE;1;0;PANAMERICANA SUR;KM 603;-15.81381;-74.354744;DESPEJADO;IMPRUDENCIA DEL CONDUCTOR;INVASIÓN DE CARRIL;;INVESTIGACIÓN EN PROCESO 
A-2021-05-202;19/05/2021;23:30;DESPISTE;CONSECUENCIA FATAL;2;0;COMUNIDAD PANTI CALLE;KILOMETRO 149;-13.123531;-72.333281;NIEBLA;NEGLIGENCIA DEL CONDUCTOR;OTRO (NEGLIGENCIA DEL CONDUCTOR);CANSACIO Y VELOCIDAD;
A-2021-05-203;28/05/2021;10:10;CHOQUE;CONSECUENCIA FATAL;1;0;CARRETERA ESPINAR LIVITACA;SECTOR APACHETA;-14.574877;-71.722283;DESPEJADO;IMPRUDENCIA DEL CONDUCTOR;EXCESO DE VELOCIDAD;;
A-2021-05-205;29/05/2021;19:50;CHOQUE;DE CONSECUENCIA FATAL;1;0;CARRETERA MARIGINAL-PICHANAQUI;ALTURA DEL ARCO DE INGRESO AL AA.VV. LOS ANGELES-PICHANAQUI;-10.93290683;-74.86763641307203;DESPEJADO;IMPRUDENCIA DEL CONDUCTOR;EXCESO DE VELOCIDAD;; IMPRUDENCIA DEL CONDUCTOR DE PLACA DE RODAJE   W6-2632
A-2021-05-206;02/05/2021;16:30;DESPISTE;VOLCADURA;2;0;CENTRO POBLADO DE PUTINA PUNCO;-;-14.119034;-69.050906;DESPEJADO;IMPRUDENCIA DEL CONDUCTOR;EXCESO DE VELOCIDAD;;POR FALTA DE ACTUADOS NO SE PUSO FORMULAR EL PRESENTE DOCUMENTO EN SU DEBIDO TIEMPO 
A-2021-05-207;17/05/2021;19:00;ATROPELLO;-;1;0;KM 89 787;-;-14.80226838;-70.34450097558799;DESPEJADO;NEGLIGENCIA DEL CONDUCTOR;OTRO (NEGLIGENCIA DEL CONDUCTOR);DESPLAZAR A UNA VELOCIDAD NO RAZONABLE NI PRUDENTE ;NINGUNA 
A-2021-05-208;28/05/2021;20:15;ATROPELLO FUGA;CONSECUENCIA DE MUERTE;1;0;JR. 2 DE MAYO CON INTERCECCION DE JR.PUNO;CASA RUSTICA CON PUERTA DE REJAS DE COLOR BLANCO;-11.41642763;-75.68733561864786;DESPEJADO;;;;
A-2021-05-209;25/05/2021;17:25;ATROPELLO;POR APLASTAMIENTO;1;0;JR. PLAZA DE ARMAS;;-7.20238724;-78.32503492;DESPEJADO;IMPRUDENCIA DEL CONDUCTOR;CONDUCIR EN ESTADO DE EBRIEDAD Y/O DROGADICCIÓN;;
A-2021-05-21;07/05/2021;02:40;CHOQUE;-;2;0;CPN KM 515;-;-8.412773;-78.798247;DESPEJADO;IMPRUDENCIA DEL CONDUCTOR;NO ESTABLECER EL DERECHO DE PASO;;
A-2021-05-210;11/05/2021;13:15;ATROPELLO;-;2;0;KM 19 500;-;-15.29835808;-70.00006019210296;DESPEJADO;NEGLIGENCIA DEL CONDUCTOR;OTRO (NEGLIGENCIA DEL CONDUCTOR);DEZPLAZAR SU VEHICULO A UNA VELOCIDAD NO RAZONABLE NI PRUDENTE PARA LAS CIRCUNSTANCIAS ;POR FALTA DE ACTUADOS NO REMITIDOS EN SU DEBIDO MOMENTO POR LA COMISARIA CORRESPONDIENTES ES QUE NO SE FORMULO EL INFORME EN SU DEBIDO MOMENTO 
A-2021-05-211;18/05/2021;22:15;CHOQUE;-;1;3;SECTOR PINAYA-MACARI;-;-14.76717442;-70.93875286479684;;;;;
A-2021-05-212;28/05/2021;08:20;CHOQUE;MUERTE;1;1;CARRETERA PANAMERICANA NORTE ALTURA DEL KM. 579.500;ALTURA DE CARROCERIAS CONSERMET;-8.064051;-79.090253;DESPEJADO;IMPRUDENCIA DEL CONDUCTOR;GIRAR IMPRUDENTEMENTE;;
A-2021-05-213;30/05/2021;20:25;DESPISTE;MUERTE;2;2;INTERSECCION DE LA CARRETERA DE PENETRACION A SANTIAGO DE CAO - CHIQUITOY Y CARRETERA DE PENETRACION A PLAYA TRES PALOS CHIQUITOY;ALTURA DE LA CURVA VILLALOBOS;-7.962044;-79.217278;DESPEJADO;IMPRUDENCIA DEL CONDUCTOR;OTRO (IMPRUDENCIA DEL CONDUCTOR);ACCION OPERATIVA IMPRUDENTE DEL CONDUCTOR DE LA CAMIONETA A UNA VELOCIDAD NO RAZONABLE NI PRUDENTE PARA LAS CIRCUNSTANCIAS DEL LUGAR Y MOMENTO CALZADA MOJADA Y CON PRESENCIA DE NEBLINA Y LA PRESENCIA DEL VEHICULO NO IDENTIFICADO QUE INVADIO SU CARRIL;ACCION OPERATIVA IMPRUDENTE DEL CONDUCTOR DE LA CAMIONETA A UNA VELOCIDAD NO RAZONABLE NI PRUDENTE PARA LAS CIRCUNSTANCIAS DEL LUGAR Y MOMENTO CALZADA MOJADA Y CON PRESENCIA DE NEBLINA Y LA PRESENCIA DEL VEHICULO NO IDENTIFICADO QUE INVADIO SU CARRIL
A-2021-05-214;30/05/2021;06:30;DESPISTE;VOLCADURA;1;1;SECTOR CCILLU RUMI - COMUNIDAD DE MOLLEPATA;C.P. DE CHACCHAHUA - CALLEBAMBA;-13.5492647;-73.7618212;SOLEADO;IMPRUDENCIA DEL CONDUCTOR;;;INVESTIGACIÓN A CARGO S1 PNP PERCY DUANY ROJAS CCORISAPRA 
A-2021-05-215;29/05/2021;19:40;CHOQUE FUGA;CHOQUE Y FUGA;2;1;PANAMERICANA SUR ;KM 624;-15.86324272;-74.2205506526191;DESPEJADO;IMPRUDENCIA DEL CONDUCTOR;CONDUCIR EN SENTIDO CONTRARIO;;CONDUCTOR FUGADO 
A-2021-05-216;09/05/2021;08:30;DESPISTE;CON CONSECUENCIA DE MUERTE;1;0;KM.22.600 EN LA CARRETERA PENETRACIÓN ARAYA CHICA ;CENTRO POBLADO LA CENTRAL;-10.68309675;-77.5875042875954;DESPEJADO;IMPRUDENCIA DEL CONDUCTOR;EXCESO DE VELOCIDAD;;
A-2021-05-218;29/05/2021;11:30;DESPISTE;VOLCADURA Y MUERTE;1;2;KM.237.900 CARRETERA PANAMERICANA NORTE. PARAMONGA;-;-10.63953045;-77.85450685967196;DESPEJADO;IMPRUDENCIA DEL CONDUCTOR;EXCESO DE VELOCIDAD;;
A-2021-05-22;07/05/2021;15:30;DESPISTE;MUERTE;1;0;CARRETERA DE ACCESO A SANTIAGO DE CHUCO;CACERIO HUAYATAN;-8.141737;-78.197709;DESPEJADO;IMPRUDENCIA DEL CONDUCTOR;FATIGA Y/O CANSANCIO;;
A-2021-05-228;03/05/2021;08:20;ATROPELLO;DESPISTE Y CHOQUE ;1;2;AV. CENTENARIO S/N ;ALTURA DEL HOTEL TUKILLACTA ;-11.957304;-75.26739;DESPEJADO;IMPRUDENCIA DEL CONDUCTOR;EXCESO DE VELOCIDAD;;NINGUNA 
A-2021-05-23;08/05/2021;19:20;CHOQUE;MUERTE;1;0;PANAMERICANA NORTE KM 478;-;-8.954141;-78.629623;DESPEJADO;IMPRUDENCIA DEL CONDUCTOR;EXCESO DE VELOCIDAD;;
A-2021-05-237;28/05/2021;11:35;DESPISTE;VOLCADURA;1;1;COTAPARACO;LUGAR DENOMINADO  COYAMA;-10.00429095;-77.59659360353507;DESPEJADO;INFRAESTRUCTURA Y ENTORNO VIAL;OTRO (INFRAESTRUCTURA Y ENTORNO VIAL);MAL ESTADO  DE LA INFRAESTRUCTURA VIAL.;
A-2021-05-238;30/05/2021;11:40;DESPISTE;VOLCADURA;1;2;CARRETERA CONOCOCHA - CHIQUIAN;KM 485;-10.13710344;-77.16717840766506;SOLEADO;;;;
A-2021-05-246;31/05/2021;08:30;ATROPELLO;APLASTAMIENTO;1;0;JR. HUASCARAN ;"FRENTE DEL INMUEBLE MZ ""C"" LT ""20""";-8.383529;-74.598973;DESPEJADO;;;;
A-2021-05-251;14/05/2021;15:00;CHOQUE;-;1;2;CARRETERA JAEN CHAMAYA;COMISARIA CHAMAYA;-5.836237;-78.756643;SOLEADO;NO IDENTIFICA LA CAUSA;;;ACCIDENTE EN INVESTIGACION
A-2021-05-255;25/05/2021;03:40;CHOQUE;-;1;2;PANAMERICANA NORTE ANTIGUA KM. 68 800;ALTURA DEL PUENTE CHOCAPE;-6.1602298;-79.6997597;DESPEJADO;NO IDENTIFICA LA CAUSA;;;ACCIDENTE EN INVESTIGACION
A-2021-05-256;26/05/2021;09:00;DESPISTE;VOLCADURA;1;2;CARRETERA CARROZABLE PALO BLANCO - VILLA RUMI;CAÑARIS;-6.041945;-79.532663;NUBLADO;NO IDENTIFICA LA CAUSA;;;ACCIDENTE EN INVESTIGACION
A-2021-05-258;05/05/2021;20:10;DESPISTE;-;1;0;PANAMERICANA SUR KM. 777;CHOSICA DEL NORTE;-6.8512811;-79.8269899;DESPEJADO;NO IDENTIFICA LA CAUSA;;;ACCIDENTE EN INVESTIGACION
A-2021-05-259;24/05/2021;13:35;DESPISTE;-;1;0;CARRETERA MONSEFU ;PUENTE Nª 04 - CHACUPE;-6.8402936;-79.8596427;DESPEJADO;NO IDENTIFICA LA CAUSA;;;ACCIDENTE EN INVESTIGACION
A-2021-05-26;08/05/2021;19:50;CHOQUE;MUERTE;2;3;CPN KM. 515;-;-8.415622;-78.789251;DESPEJADO;IMPRUDENCIA DEL CONDUCTOR;FATIGA Y/O CANSANCIO;;
A-2021-05-260;30/05/2021;20:10;DESPISTE;-;1;1;CARRETERA PANAMERICANA NORTE KM. 49 744;-;-6.3038644;-79.7571286;DESPEJADO;NO IDENTIFICA LA CAUSA;;;ACCIDENTE EN INVESTIGACION
A-2021-05-265;27/05/2021;06:30;ATROPELLO;-;1;0;AV. 2 DE SETIEMBRE CUADRA 4;-;-14.914385;-69.861438;DESPEJADO;IMPRUDENCIA DEL CONDUCTOR;EXCESO DE VELOCIDAD;;LA UT1, AL DESPLAZARSE A UNA VELOCIDAD NO RAZONABLE NI PRUDENTE PARA LAS CIRCUNSTANCIAS DEL MOMENTO Y LUGAR.
A-2021-05-267;28/05/2021;05:00;DESPISTE;Y CHOQUE;3;0;KM. 36 400;-;-15.00976941;-70.1810931569851;DESPEJADO;IMPRUDENCIA DEL CONDUCTOR;EXCESO DE VELOCIDAD;;LA ACCION DEL CONDUCTOR AL DESPLAZAR SU UNIDAD CON ATENCIÓN QUE NO SE ENCONTRABA CENTRADA EN LA CONDUCCIÓN
A-2021-05-269;08/05/2021;19:20;ATROPELLO;ACCIDENTE DE TRÁNSITO EN LA MODALIDAD DE ATROPELLO CON PROYECCIÓN, LESIONES TRAUMÁTICAS GRAVES, POSTERIOR DECESO Y DAÑOS MATERIALES;1;0;AV. LOS GERANIOS - FRONTIS DEL DOMICILIO SIGNADO CON LA MZ. C - LOTE 8 - HUARAL - HUARAL - LIMA;FRONTIS DEL MINISTERIO PUBLICO DE HUARAL;-11.491536;-77.211604;;;;;
A-2021-05-27;08/05/2021;17:30;CHOQUE;-;1;0;CARRETERA FERNANDO BELAUBE TERRI KM 474 880;-;-6.0414216;-77.1308047;DESPEJADO;IMPRUDENCIA DEL CONDUCTOR;OTRO (IMPRUDENCIA DEL CONDUCTOR);;
A-2021-05-270;30/05/2021;04:05;ATROPELLO;ACCIDENTE DE TRÁNSITO MÚLTIPLE – ATROPELLO CON PROYECCIÓN, CONSECUENCIA DE MUERTE Y DAÑOS MATERIALES;1;0;KM.75.078.80 DE LA CARRETERA PANAMERICANA NORTE;KM 75.078.80 DE LA C.P.N. - AUCALLAMA - HUARAL;-11.47350918;-77.3090648284244;;;;;
A-2021-05-272;31/05/2021;10:15;CHOQUE;-;1;6;CARRETERA PANAMERICANA NORTE KM. 27  500;-;-6.447826279;-79.85437276207495;SOLEADO;NO IDENTIFICA LA CAUSA;;;ACCIDENTE EN INVESTIGACION
A-2021-05-277;28/05/2021;15:30;CHOQUE;-;1;0;CARRETAERA RIOJA AL DISTRITO DE YURACYACU;-;-5.956872;-77.228726;DESPEJADO;IMPRUDENCIA DEL CONDUCTOR;INVASIÓN DE CARRIL;;EL CONDUCTOR DEL VEHICULO MENOR NO PORTABA NINGUN DOCUMENTO
A-2021-05-28;10/05/2021;01:00;DESPISTE;VOLCADURA;1;0;CARRETERA BINACIONAL KM 04 350;DESVIO PIZACOMA;-16.62051462;-69.40568275124429;DESPEJADO;INFRAESTRUCTURA Y ENTORNO VIAL;SUPERFICIE DETERIORADA;;LA VIA SE ENCONTRABA EN MUY MAL ESTADO, PARA LA CIRCULACION DE VEHICULOS.
A-2021-05-286;28/05/2021;19:10;DESPISTE;SEGUIDO DE VOLCADURA CON CONSECUENCIA FATAL Y DAÑOS MATERIALES;2;0;COSTANERA NORTE ;KM. 188 - CON DIRECCION A AREQUIPA. ;-17.287596;-71.452845;DESPEJADO;IMPRUDENCIA DEL CONDUCTOR;EXCESO DE VELOCIDAD;;
A-2021-05-287;13/05/2021;08:20;CHOQUE;-;1;0;VIA DE EVITAMIENTO KM. 784;;-6.785434;-79.869206;DESPEJADO;NO IDENTIFICA LA CAUSA;;;ACCIDENTE EN INVESTIGACION
A-2021-05-288;31/05/2021;15:55;CHOQUE;-;1;1;CARRETERA PANAMERICANA NORTE KM. 769;-;-6.883133;-79.811744;DESPEJADO;NO IDENTIFICA LA CAUSA;;;ACCIDENTE EN INVESTIGACION
A-2021-05-289;31/05/2021;12:50;ATROPELLO;-;1;0;CARRETERA POMALCA -CALLANCA;-;-6.785794;-79.777171;SOLEADO;NO IDENTIFICA LA CAUSA;;;
A-2021-05-29;03/05/2021;02:00;DESPISTE;FATAL;1;1;ÑAHUINLLA;CARRETERA ÑAHUINLLA - PAMPUTA;-13.97750664;-72.38680757070567;DESPEJADO;IMPRUDENCIA DEL CONDUCTOR;CONDUCIR EN ESTADO DE EBRIEDAD Y/O DROGADICCIÓN;;ACCIDENTE DE TRANSITO OCASIONADO POR CONDUCIR EN ESTADO DE EBRIEDAD
A-2021-05-291;29/05/2021;20:00;CHOQUE;POR ALCANCE;2;0;KM.183.300. PANAMERICANA NORTE ;ENTRADA AL CENTRO POBLADO TUTUMO;-10.84696244;-77.69401368089524;LLUVIOSO;NEGLIGENCIA DEL CONDUCTOR;CONDUCIR CON FALLAS ELÉCTRICAS;;
A-2021-05-292;29/05/2021;21:40;DESPISTE;-;1;0;CARERETERA DE PENETRACION TUMAN;KM 04 CARRETERA TUMAN LUYA;-6.706245425;-79.6957146645593;DESPEJADO;NO IDENTIFICA LA CAUSA;;;ACCIDENTE EN INVESTIGACION
A-2021-05-3;02/05/2021;03:31;CHOQUE;_____;1;0;AV. FRAY GERONIMO S/N -PAMPA DEL CARMEN;PAMPA DEL CARMEN;-11.05411901;-75.32400898727913;DESPEJADO;;;;
A-2021-05-30;07/05/2021;20:00;DESPISTE;;2;0;CARRETERA CENTRAL CARAZ - HUARAZ;ALTURA DE LA CURVA ANTES DEL PUENTE PUEBLO LIBRE;-9.077566096;-77.78314446226604;DESPEJADO;IMPRUDENCIA DEL CONDUCTOR;EXCESO DE VELOCIDAD;;
A-2021-05-308;05/05/2021;13:30;CHOQUE;-;1;0;CARRETERA  VIA LOS LIBERTADORES KM. 03 ;-;-13.67872213;-76.13532408819252;DESPEJADO;NO IDENTIFICA LA CAUSA;;;
A-2021-05-311;26/05/2021;07:00;CHOQUE;VOLCADURA;1;0;ANTIGUA CARRETERA PANAMERICANA SUR KM. 34.000;-;-12.29569334;-76.85870128496227;DESPEJADO;IMPRUDENCIA DEL CONDUCTOR;OTRO (IMPRUDENCIA DEL CONDUCTOR);;
A-2021-05-312;27/05/2021;17:40;ATROPELLO;FATAL;1;0;AV. UNIVERSITARIA CON AV. METROPOLITANA;-;-11.961375;-77.062622;DESPEJADO;IMPRUDENCIA DEL PEATÓN;ESTADO DE EBRIEDAD Y/O DROGADICCIÓN;;EBRIEDAD DEL PEATON
A-2021-05-313;28/05/2021;19:00;ATROPELLO;-;2;0;CARRETERA PANAMERICANA SUR KM. 24.600;-;-12.24957969;-76.9317592700767;DESPEJADO;IMPRUDENCIA DEL PEATÓN;ESTADO DE EBRIEDAD Y/O DROGADICCIÓN;;
A-2021-05-314;29/05/2021;18:30;CHOQUE;CAÍDA FATAL;1;0;CLLE PROYECTOS INTEGRALES 14 DE SETIEMBRE DE A.H. LAS LOMAS DE CASA ;-;-11.939689;-77.002096;DESPEJADO;NO IDENTIFICA LA CAUSA;;;
A-2021-05-315;31/05/2021;08:20;ATROPELLO;MULTIPLE;1;0;CALLE MIGUEL IGLESIAS MZ. J ;-;-12.16852548;-77.02117475237579;DESPEJADO;IMPRUDENCIA DEL PEATÓN;OTRO (IMPRUDENCIA DEL PEATÓN);;
A-2021-05-316;04/05/2021;06:30;CHOQUE CON OBJETO FIJO;CHOQUE Y VOLCADURA;1;0;DISTRITO DE TECTE- SANRAFAEL - AMBO- HUANUCO;KM. 191;-10.258065;-76.147926;DESPEJADO;IMPRUDENCIA DEL CONDUCTOR;EXCESO DE VELOCIDAD;;S/O
A-2021-05-317;14/05/2021;16:00;VOLCADURA;VOLCADURA, CAIDA, SEGUIDO DE CHOQUE;1;0;CARRETERA CENTRAL HUANUCO - TINGO MARIA ;KM.48;-9.695459;-76.086889;LLUVIOSO;IMPRUDENCIA DEL CONDUCTOR;INVASIÓN DE CARRIL;;S/O
A-2021-05-318;03/05/2021;16:30;DESPISTE;DESPISTE Y VOLCADURA SEGUIDO DE LESIONES CON SUBSECUENTE MUERTE Y DAÑOS MATERIALES;1;3;CARRETERA A UTAO CABRA MAYO;CHURUBAMBA;-9.830753;-76.153403;DESPEJADO;IMPRUDENCIA DEL PASAJERO/OCUPANTE;OTRO (IMPRUDENCIA DEL PASAJERO/OCUPANTE);MOVER INVOLUNTARIAMENTE EL SEGURO DE FRENO;S/O
A-2021-05-319;01/05/2021;15:25;ATROPELLO;POR PROYECCIÓN;1;0;AV. PACÍFICO ;FRENTE A LA URB. PACIFICO Nº.464;-9.124688512;-78.52870251604854;DESPEJADO;IMPRUDENCIA DEL CONDUCTOR;NO DAR PASO PREFERENTE AL PEATÓN;;NINGUNA
A-2021-05-32;09/05/2021;21:00;CHOQUE;CHOQUE FRONTAL;1;2;CARRETERA FERNANDO BELAUNDY TERRI KM 488 200;SECTOR SAN JOSE DEL MORRO;-6.045477;-77.015953;DESPEJADO;IMPRUDENCIA DEL CONDUCTOR;CONDUCIR EN ESTADO DE EBRIEDAD Y/O DROGADICCIÓN;;
A-2021-05-321;20/05/2021;08:00;DESPISTE;SEGUIDO DE VOLCADURA;1;0;CARRETERA PANAMERICANA NORTE KM.397 500;NINGUNA;-9.32439097;-78.40631869203264;DESPEJADO;NO IDENTIFICA LA CAUSA;;;NINGUNA
A-2021-05-323;17/05/2021;09:30;CHOQUE;FRONTAL CÉNTRICO SEGUIDO DE VOLCADURA DE TONEL 1/1 ;1;0;CARRETERA FERNANDO BELUNDE TERRY SUR KM 724 800;ALTURA DE LA ENTRADA DEL DISTRITO DE TINGO DE SAPOSOA;-7.087009289;-76.6352227872794;SOLEADO;IMPRUDENCIA DEL CONDUCTOR;OTRO (IMPRUDENCIA DEL CONDUCTOR);DISTRACCION DEL CONDUCTOR;NINGUNO
A-2021-05-324;05/05/2021;05:45;DESPISTE;DESPISTE CON SUBSECUENTE MUERTE;1;0;CARRETERA MARGINAL KL-08 MAZAMARI;;-11.33568;-74.52846;;;;;
A-2021-05-325;25/05/2021;18:10;CHOQUE;CHOQUE ;1;0;CARRETERA MEDIO PIURA ALTURA CASERO TERELA ;ALTURA DE CASERIO TERELA ;-5.080388;-80.595817;DESPEJADO;NO IDENTIFICA LA CAUSA;;;
A-2021-05-326;19/05/2021;05:30;DESPISTE;VOLCADURA;1;2;CARRETERA VIA LOS LIBERTADORES;VINCHOS;-13.26641253;-74.30822444180802;DESPEJADO;IMPRUDENCIA DEL CONDUCTOR;EXCESO DE VELOCIDAD;;EXCESO DE VELOCIDAD
A-2021-05-34;10/05/2021;21:00;CHOQUE;-;1;1;CARRETERA PANAMERICANA SUR KM. 320;-;-14.218953;-75.707239;DESPEJADO;NO IDENTIFICA LA CAUSA;;;
A-2021-05-35;11/05/2021;17:30;CHOQUE;-;1;2;CARRETERA PANAMERICANA SUR KM. 364;-;-14.49029175;-75.30455818676043;DESPEJADO;NO IDENTIFICA LA CAUSA;;;
A-2021-05-36;01/05/2021;18:45;ATROPELLO;-;1;0;KM 1320 100;JULIACA-PUNO;-15.5354642;-70.1146895;NUBLADO;IMPRUDENCIA DEL PEATÓN;CRUCE INDEBIDO POR LA CALZADA;;NINGUNA 
A-2021-05-37;03/05/2021;07:45;DESPISTE;VOLCADURA;1;0;KM 12 500;JULIACA-LAMPA ;-15.43282665;-70.22161597565652;DESPEJADO;NEGLIGENCIA DEL CONDUCTOR;OTRO (NEGLIGENCIA DEL CONDUCTOR);DESPLAZAR SU UNIDAD A UNA VELOCIDAD NO RAZONABLE ;NINGUNA 
A-2021-05-41;13/05/2021;15:10;CHOQUE;FRONTAL;1;0;CARRETERA PARAMERICA SUR CHACA CHACA-YUNGUYO;ALTURA DEL CENTRO POBLADO CHATUMA KM 05;-16.28740403;-69.22546263693665;DESPEJADO;IMPRUDENCIA DEL CONDUCTOR;INVASIÓN DE CARRIL;;INVASION DE CARRIL POR LA TRIMOTO CARGA.
A-2021-05-42;12/05/2021;21:00;ATROPELLO;CON PROYECCIÓN ;1;1;CARRETERA COSTANERA SUR KM. 22 500;COOPERATIVA 28 DE AGOSTO ;-18.158335;-70.462288;DESPEJADO;IMPRUDENCIA DEL CONDUCTOR;OTRO (IMPRUDENCIA DEL CONDUCTOR);CUIDADO Y PREVENCIÓN;
A-2021-05-43;08/05/2021;04:45;CHOQUE;FATAL;1;1;RED VIAL NAZCA - CUSCO KM 817 500;RAMAL DE CACHORA;-13.54196478;-72.80367104108937;DESPEJADO;IMPRUDENCIA DEL CONDUCTOR;EXCESO DE VELOCIDAD;;EL ACCIDENTE SE PRODUJO EN UNA CURVA CONTRACURVA, POR EXCESO DE VELOCIDAD
A-2021-05-46;13/05/2021;19:20;CHOQUE;CON CONSECUENCIA FATAL, LESIONES Y DAÑOS MATERIALES;1;5;CARRETERA LONGITUDINAL DE LA SELVA NORTE KM. 528 500;NINGUNO;-8.963253;-76.095438;DESPEJADO;IMPRUDENCIA DEL CONDUCTOR;EXCESO DE VELOCIDAD;;NINGUNA
A-2021-05-48;08/05/2021;20:30;DESPISTE;FATAL;1;1;RED VIAL NAZCA - CUSCO 845 700;SECTOR EL BOFEDAL;-13.540684;-72.690852;DESPEJADO;IMPRUDENCIA DEL CONDUCTOR;CONDUCIR EN ESTADO DE EBRIEDAD Y/O DROGADICCIÓN;;CONDUCTOR EN ESTADO DE EBRIEDAD
A-2021-05-5;03/05/2021;18:30;CHOQUE;POR ALCANSE;1;1;CARRETERA PANAMERICANA SUR KM 1505 200;COMUNIDAD KUMI;-16.54100211;-69.05834507787692;DESPEJADO;IMPRUDENCIA DEL CONDUCTOR;EXCESO DE VELOCIDAD;;EXCESO DE VELOCIDAD DE LA UT1 (PULSAR)
A-2021-05-50;13/05/2021;07:33;ATROPELLO;-;1;0;AV. INTERNACIONAL CON CALLE JOSE DE LA RIVA AGUERO;PLAZA LA JUVENTUD;-17.987599;-70.244088;DESPEJADO;IMPRUDENCIA DEL CONDUCTOR;NO ESTABLECER EL DERECHO DE PASO;;
A-2021-05-53;13/05/2021;04:30;DESPISTE;;1;1;PANAMERICANA SUR;KM 735;-16.302635;-73.396271;DESPEJADO;NO IDENTIFICA LA CAUSA;;;EN INVESTIGACIÓN 
A-2021-05-54;10/05/2021;21:15;CHOQUE;CHOQUE POR ALCANCE;1;0;CARRETERA PANAMERICANA PIURA - CHICLAYO ALTURA DEL KM. 973;CASERIO ALMIRANTE MIGUEL GRAU;-5.276932;-80.613759;DESPEJADO;;;;
A-2021-05-58;10/05/2021;07:00;DESPISTE;-;1;0;CARRETERA PANAMERICANA NORTE KM. 822;-;-6.525155042;-80.04043742758363;DESPEJADO;NO IDENTIFICA LA CAUSA;;;ACCIDENTE DE TRANSITO  EN INVESTIGACION
A-2021-05-64;07/05/2021;10:45;DESPISTE;SEGUIDO DE VOLCADURA CON SUBSECUENTE MUERTE Y DAÑOS MATERIALES. ;1;0;CARRETERA A TOQUEPALA KM. 1 200;ALTURA DEL RESTAURANTE DEL CHAPARRAL.;-17.210263;-70.921352;SOLEADO;IMPRUDENCIA DEL CONDUCTOR;EXCESO DE VELOCIDAD;;
A-2021-05-67;07/05/2021;15:10;DESPISTE;VOLCADURA;1;2;CARRETERA SULLANA TALARA;CARRETERA SULLANA - TALARA - LA BREA;-4.683566355;-81.09414331545014;DESPEJADO;NO IDENTIFICA LA CAUSA;;;DESPISTE CON SUBSECUENTE VOLCADURA
A-2021-05-68;16/05/2021;06:45;VOLCADURA;DESPISTE;1;1;KILOMTERO 100.300 DE LA CARRETERA AREQUIPA - JULIACA;RESERVA NACIONAL SALINAS;-16.077201;-71.512188;DESPEJADO;NO IDENTIFICA LA CAUSA;;;S/O
A-2021-05-69;10/05/2021;23:30;CHOQUE;CHOQUE POR ALCANCE ;1;0;VIA CARROSABLE DEL PUESTO LAGUNA NRO. 8;PUESTO NRO. 8 EL ALTO EMPRESA CNP-C;-4.235331377;-81.12563250127883;DESPEJADO;NO IDENTIFICA LA CAUSA;;;ACCIDENTE EN UNA ZONA PRIVADA, POR LO TANTO SE REALIZO EL INFORME TÉCNICO DESESTIMANDO EL MISMO
A-2021-05-7;04/05/2021;06:40;CHOQUE;-;1;0;CARRETERA PANAMERICANA SUR KM. 295;ENTRADA A MACACONA;-14.00820919;-75.76604954345218;DESPEJADO;IMPRUDENCIA DEL CONDUCTOR;GIRAR IMPRUDENTEMENTE;;
A-2021-05-70;01/05/2021;16:10;ATROPELLO;DE CONSECUENCIA MORTAL;1;1;SECTOR DE CCOROTO;ALTURA DEL KILOMETRO 40 500;-13.374216;-71.917709;DESPEJADO;NEGLIGENCIA DEL CONDUCTOR;OTRO (NEGLIGENCIA DEL CONDUCTOR);VELOCIDAD INAPROPIADA;