COD_ACCIDE;FechaDelAccidente;HoraDelAccidente;ClaseDelAccidente;SecuenciaAccidente;CantidadDeFallecidos;CantidadDeLesionados;Direccion;LugarReferencia;y;x;CondClimatica;CausaFactorPrincipal;CausaEspecifica;OtraCausa;Observaciones
A-2021-05-71;14/05/2021;10:00;DESPISTE;MUERTE;1;0;CARRETERA DEL ANEXO COLLAY Y GUANAPAMPA;-;-8.304154;-77.270799;DESPEJADO;NO IDENTIFICA LA CAUSA;;;
A-2021-05-72;09/05/2021;04:15;CHOQUE CON OBJETO FIJO; POSTE DE LUZ;1;1;AV. PROGRESO. PUEBLO JOVEN EL TABLASO ;ALTURA MZ. Z LTE. 10;-5.092568523;-81.10497948374011;DESPEJADO;NO IDENTIFICA LA CAUSA;;;CHOQUE CON OBJETO FIJO
A-2021-05-73;04/05/2021;16:10;CHOQUE FUGA;CHOQUE Y FUGA;1;0;CARRETERA SULLANA PIURA;CARRETERA SULLANA - PIURA;-4.905415927;-80.70526061283559;DESPEJADO;NO IDENTIFICA LA CAUSA;;;CHOQUE, DOS VEHÍCULOS,  UNO DE ELLOS SE DIO A LA FUGA
A-2021-05-74;05/05/2021;17:00;DESPISTE;CONSECUENCIA FATAL ;1;1;CARRETERA CUSCO-ABANCAY;KILOMETRO 896 500;-13.457944;-72.4116;DESPEJADO;NEGLIGENCIA DEL CONDUCTOR;OTRO (NEGLIGENCIA DEL CONDUCTOR);VELOCIDAD INAPROPIADA;
A-2021-05-75;15/05/2021;21:50;CHOQUE;MUERTE;1;0;KM 714.5.15CP SAN JOSE DE MORO;CARRTERA PANAMERICANA NORTE;-7.178046;-79.437756;DESPEJADO;IMPRUDENCIA DEL CONDUCTOR;GIRAR IMPRUDENTEMENTE;;
A-2021-05-76;14/05/2021;19:45;ATROPELLO;-;1;0;CALLE CERRO AZUL. ALTURA DE LA INTERSECCION CON CALLE SAN JUAN;-;-13.7084423;-76.2046293;DESPEJADO;IMPRUDENCIA DEL PEATÓN;CRUCE INDEBIDO POR LA CALZADA;;
A-2021-05-77;17/05/2021;00:50;DESPISTE;MUERTE;2;0;CPSL KM 63;-;-7.985028;-78.67921;DESPEJADO;NEGLIGENCIA DEL CONDUCTOR;CONDUCIR CON FALLAS DE FRENOS;;
A-2021-05-78;10/05/2021;13:00;ATROPELLO;-;1;0;DISTRITO DE ROCCHACC;FRONTIS DE LA M.D. ROCCHACC ;-13.4404845;-73.5999776;SOLEADO;IMPRUDENCIA DEL CONDUCTOR;OTRO (IMPRUDENCIA DEL CONDUCTOR);IMPRUDENCIA DEL PEATON ;INVESTIGACIÓN A CARGO S1 PNP PERCY DUANY ROJAS CCORISAPRA 
A-2021-05-79;09/05/2021;18:44;CHOQUE;SEGUIDO DE VOLCADURA ;1;2;CARRETERA DE PENETRACION ZARUMILLA - MATAPALO ;"ALTURA DEL INGRESO DEL CASERÍO "" LA COJA"" ";-3.597169773;-80.20990498828526;DESPEJADO;IMPRUDENCIA DEL CONDUCTOR;GIRAR IMPRUDENTEMENTE;;
A-2021-05-8;03/05/2021;20:00;CHOQUE;-;1;1;CARRETERA PIURA - LA LEGUA A LA ALTURA DEL A.H. BUENOS AIRES.;AL FRENTE DEL POLIDEPORTIVO FELIX SANDOVAL POICON;-5.221969;-80.654578;DESPEJADO;;;;
A-2021-05-80;17/05/2021;16:10;ATROPELLO;;1;0;AV. NESTOR GAMEBTTA KM. 05 DE NORTE A SUR ;PARADERO CAPILLA;-11.90406001;-77.1284922344765;DESPEJADO;IMPRUDENCIA DEL PEATÓN;ESTADO DE EBRIEDAD Y/O DROGADICCIÓN;;PEATON EN ESTADO DE EBRIEDAD
A-2021-05-81;03/05/2021;23:30;DESPISTE;CONSECUENCIA FATAL;3;3;TROCHA CARROZABLE PAUCARTAMBO-KCLLACANCHA;KILÓMETRO 02 SECTOR DE CARMELINA;-13.323248;-71.587061;DESPEJADO;IMPRUDENCIA DEL CONDUCTOR;EXCESO DE VELOCIDAD;;
A-2021-05-82;04/05/2021;20:50;ATROPELLO;CONSECUENCIA FATAL;1;0;CARRETERA CUSCI- SICUANI;ALTURA SEL SECTOR QOQORA- SAN PEDRO;-14.1841;-71.35309818;DESPEJADO;IMPRUDENCIA DEL CONDUCTOR;OTRO (IMPRUDENCIA DEL CONDUCTOR);EXCESO DE CONFIANZA;
A-2021-05-83;18/05/2021;00:00;ATROPELLO FUGA;-;1;0;CARRETERA PANAMERICANA SUR PUNO-JULIACA;-;-15.735935;-70.056914;DESPEJADO;IMPRUDENCIA DEL CONDUCTOR;OTRO (IMPRUDENCIA DEL CONDUCTOR);AL CONDUCIR SU VEHICULO CONFIADAMENTE SIN TOMAR EN CUENTA LOS RIESGOS PRESENTES Y POSIBLES, QUE PUDIERAN PRESENTARSE DURANTE SU DESPLZAMIENTO.;
A-2021-05-84;09/05/2021;22:30;CHOQUE FUGA;CONSECUENCIA FATAL;1;0;CALLE SANTA BARBARA;ALTURA DEL HOSPITAL SANTO TOMAS;-14.448563;-72.084076;DESPEJADO;IMPRUDENCIA DEL CONDUCTOR;EXCESO DE VELOCIDAD;;
A-2021-05-87;16/05/2021;17:00;CHOQUE;CONSECUENCIA FATAL;2;1;CARRETERA CUSCO-SAYLLA;PARADERO CRISTAL DE LA URB. FERROBIARIOS DEL DISTRITO DE SAYLLA;-13.567006;-71.833;SOLEADO;IMPRUDENCIA DEL CONDUCTOR;EXCESO DE VELOCIDAD;;
A-2021-05-9;01/05/2021;16:10;DESPISTE;;1;1;KM. 167 449 DE LA CARRETERA CHOTA-CAJAMARCA;;-6.56770394;-78.64263126;DESPEJADO;;;;LA IMPERICIA PARCIAL DEL CONDUCTOR DE LA UT NAARA MERALI BURGA DIAZ (17) EN LA CONDUCCIÓN DE VEHÍCULOS MOTORIZADOS, QUE LE CONLLEVÓ INGRESAR A LA CURVA A LA IZQUIERDA A UNA VELOCIDAD INAPROPIADA, OCASIONANDO SU DESPISTE HACIA LA BERMA ESTE, DONDE NO LOGRA CONTROLAR LA UNIDAD VEHICULAR MOTOCICLETA POR LO QUE SALE TANGENCIALMENTE DE LA TRAYECTORIA DE LA CURVA INGRESANDO A LA CUNETA Y MATERIALIZANDO EL ACCIDENTE DE TRÁNSITO.
A-2021-05-92;09/05/2021;05:00;DESPISTE;DESPISTE Y VOLCADURA CON CONSECUENCIA FATAL;2;0;INQUILPATA;20 METROS DEL PUENTE INQUILPATA;-13.68999503;-72.3357962695401;DESPEJADO;IMPRUDENCIA DEL CONDUCTOR;FATIGA Y/O CANSANCIO;;
A-2021-05-93;13/05/2021;11:30;DESPISTE;DESPISTE Y VOLCADURA;1;0;CARRETERA CARROSABLE PAMPA LARGA ;APROXIMADAMENTE A 10KM DE LA CARRETERA PAMPA LARGA;-4.547547;-80.206153;DESPEJADO;;;;
A-2021-05-94;01/05/2021;11:20;CHOQUE;FATAL Y DAÑOS MATERIALES;1;0;INTERSECCION DE LA CARRTERA CENTRAL JR. VISTA ALEGRE - SICAYA;------------------------------;-12.023939;-75.271322;SOLEADO;;;;
A-2021-05-95;01/05/2021;00:55;ATROPELLO;CON CONSECUENCIA DE MUERTE ;1;0;196.300;OVALO DE BARRANCA;-10.73874223;-77.74812410503186;DESPEJADO;IMPRUDENCIA DEL PEATÓN;ESTADO DE EBRIEDAD Y/O DROGADICCIÓN;;
A-2021-05-96;17/05/2021;16:30;CHOQUE;-;1;2;CARRETERA TACNA TARATA KM. 46.500;-;-17.700525;-70.102507;DESPEJADO;IMPRUDENCIA DEL CONDUCTOR;INVASIÓN DE CARRIL;;
A-2021-06-10;04/06/2021;02:45;DESPISTE;VOLCADURA;1;0;VIA ACCESO LATERAL 2 - 4 LA CURVA;IBERIA ALTA ;-17.122089;-71.860648;DESPEJADO;IMPRUDENCIA DEL CONDUCTOR;FATIGA Y/O CANSANCIO;;S/O
A-2021-06-100;01/06/2021;08:15;ATROPELLO;-;1;0;AV. HOLANDA CON PROCERES DE HUANDOY;-;-11.954411;-77.076149;DESPEJADO;IMPRUDENCIA DEL CONDUCTOR;OTRO (IMPRUDENCIA DEL CONDUCTOR);;
A-2021-06-101;01/06/2021;10:00;ATROPELLO;-;1;0;PANAMERICANA NORTE KM 35.300;;-11.839958;-77.105521;SOLEADO;IMPRUDENCIA DEL PEATÓN;OTRO (IMPRUDENCIA DEL PEATÓN);;
A-2021-06-102;01/06/2021;21:30;CHOQUE;-;1;0;CARRETERA CENTRAL KM 16.500;-;-11.995138;-76.832106;DESPEJADO;NO IDENTIFICA LA CAUSA;;;
A-2021-06-103;03/06/2021;13:10;CHOQUE;-;1;0;AV. REVOLUCIÓN CON AV. UNIVERSITARIA;-;-12.23578;-76.9232;DESPEJADO;IMPRUDENCIA DEL CONDUCTOR;CONDUCIR EN ESTADO DE EBRIEDAD Y/O DROGADICCIÓN;;
A-2021-06-107;12/06/2021;18:40;ATROPELLO;SUBSECUENTE MUERTE;1;0;KILOMETRO 13 DE LA CARRETERA AREQUIPA YURA;HITO 13;-16.3153818;-71.6065318;DESPEJADO;NO IDENTIFICA LA CAUSA;;;S/O
A-2021-06-108;18/06/2021;03:30;DESPISTE;VOLCADURA;26;17;CARRETERA INTEROCEANICA KM. 40;-;-14.839697;-74.730312;NIEBLA;INFRAESTRUCTURA Y ENTORNO VIAL;FACTOR AMBIENTAL;;
A-2021-06-109;16/06/2021;14:00;ATROPELLO;FATAL;1;0;FUNDO GOYONECHE CHICO - PUEBLO TRADICIONAL DE TIABAYA;AV LOS TUNALES;-16.4336445;-71.6064368;DESPEJADO;NO IDENTIFICA LA CAUSA;;;S/O
A-2021-06-11;03/06/2021;10:20;DESPISTE;VOLCADURA;2;0;KM. 1359 237;;-6.75591833;-78.59191;DESPEJADO;IMPRUDENCIA DEL CONDUCTOR;INVASIÓN DE CARRIL;;
A-2021-06-110;12/06/2021;04:50;CHOQUE;;2;0;KM 159  400 CARRETERA FERNANDO BELAUNDE TERRY;;-5.9653776;-78.84773207;DESPEJADO;IMPRUDENCIA DEL CONDUCTOR;EXCESO DE VELOCIDAD;;
A-2021-06-111;03/06/2021;17:00;CHOQUE;;1;0;JR. MANUEL TELLIRIA CDRA.17;-;-12.05326465;-77.06394977468713;DESPEJADO;NO IDENTIFICA LA CAUSA;;;
A-2021-06-112;04/06/2021;08:30;ATROPELLO;-;1;0;AV. LA MOLINA CDRA. 43;-;-12.086141;-76.895195;DESPEJADO;NEGLIGENCIA DEL CONDUCTOR;OTRO (NEGLIGENCIA DEL CONDUCTOR);;
A-2021-06-113;06/06/2021;23:10;VOLCADURA;-;1;0;AV. ALFREDO BENAVIDES ALTURA DE LA CDRA. 35;-;-12.128586;-76.997693;DESPEJADO;NO IDENTIFICA LA CAUSA;;;
A-2021-06-114;09/06/2021;10:00;CHOQUE;;1;0;VIA EVITAMIENTO PARTE SUPERIOR DE PUENTE NUEVO;-;-12.031138;-77.002644;DESPEJADO;IMPRUDENCIA DEL CONDUCTOR;OTRO (IMPRUDENCIA DEL CONDUCTOR);;
A-2021-06-115;09/06/2021;18:45;ATROPELLO;-;1;0;AV. BRASIL ALTURA DE LA CUADRA 12;--;-12.071682;-77.050911;DESPEJADO;IMPRUDENCIA DEL PEATÓN;OTRO (IMPRUDENCIA DEL PEATÓN);;
A-2021-06-116;15/06/2021;12:30;ATROPELLO;-;1;0;AV. 26 DE NOVIEMBRE CDRA. 10;-;-12.169581;-76.928672;DESPEJADO;IMPRUDENCIA DEL CONDUCTOR;EXCESO DE VELOCIDAD;;
A-2021-06-117;16/06/2021;08:00;DESPISTE;-;1;0;AV. PERÚ ALTURA DE LA CUADRA 31;-;-12.031643;-77.075594;DESPEJADO;NO IDENTIFICA LA CAUSA;;;
A-2021-06-118;17/06/2021;15:20;CHOQUE;CHOQUE FRONTAL;1;0;AVENIDA PROLONGACION SANCHEZ CERRO;A LA ALTURA DEL GRIFO ONERGY;-5.172982;-80.681983;DESPEJADO;;;;
A-2021-06-119;16/06/2021;06:50;ATROPELLO;-;1;0;CARRETERA CENTRAL KM. 1.6;-;-11.73428779;-76.260489446376;NUBLADO;IMPRUDENCIA DEL PEATÓN;OTRO (IMPRUDENCIA DEL PEATÓN);;
A-2021-06-12;03/06/2021;11:15;CHOQUE;CONSECUENCIA FATAL;1;2;CARRETERA CUSCO ABANCAY;ALTURA DE LA URB. SANTA ROSA IZCUCHACA ANTA;-13.463903;-72.1505;DESPEJADO;IMPRUDENCIA DEL CONDUCTOR;NO DAR PASO PREFERENTE AL PEATÓN;;
A-2021-06-120;01/06/2021;18:00;CHOQUE;;2;3;CARRETERA CENTRAL KM. 81 ;ANEXO DE VISCAP ;-11.7919703;-75.4637969;SOLEADO;NO IDENTIFICA LA CAUSA;;;EL CONDUCTOR DEL VEHICULO DE PLACA DE RODAJE BCE-404, NO SE LOGRO UBICAR 
A-2021-06-125;19/06/2021;12:50;CHOQUE;-;1;0;AV. ALMIRANTE MIGUEL GRAU CDRA. 6;-;-12.14493988;-77.0218308315467;DESPEJADO;IMPRUDENCIA DEL CONDUCTOR;OTRO (IMPRUDENCIA DEL CONDUCTOR);;
A-2021-06-126;16/06/2021;20:00;VOLCADURA;CAIDA Y ATROPELLO POR COMPRESION ;1;0;PROLONGACION TRUJILLO CUADRA N° 16 - ANEXO LA CANTUTA - EL TAMBO;;-12.034909;-75.20063;SOLEADO;IMPRUDENCIA DEL CONDUCTOR;CONDUCIR EN ESTADO DE EBRIEDAD Y/O DROGADICCIÓN;;NINGUNA
A-2021-06-127;09/06/2021;15:30;DESPISTE;CONSECUENCIA FATAL;1;1;CARRETERA YANAOCA COMBAPATA;SECTOR TOMAYCURI;-14.113702;-71.458108;DESPEJADO;NO IDENTIFICA LA CAUSA;;;
A-2021-06-128;19/06/2021;08:40;DESPISTE;;4;3;KM.1201 DE LA CARRETERA CAJAMARCA-CAJABAMBA;;-7.36073167;-78.130325;DESPEJADO;INFRAESTRUCTURA Y ENTORNO VIAL;;;
A-2021-06-129;16/06/2021;00:30;DESPISTE;CONSECUENCIA FATAL;1;1;COMUNIDAD CAMPESINA TAMBO REAL;SECTOR DE CANCHAPA SANTA BARBARA;-13.462478;-72.248585;DESPEJADO;NEGLIGENCIA DEL CONDUCTOR;OTRO (NEGLIGENCIA DEL CONDUCTOR);SUEÑO;
A-2021-06-13;05/06/2021;18:30;CHOQUE FUGA;-;2;0;CARRETERA ILAVE-FHARATA;A 2KM DEL DISTRITO DE ILAVE;-16.05686122;-69.61871951934218;DESPEJADO;NO IDENTIFICA LA CAUSA;;;FALTA UN ELEMENTO EN EL ACCIDENTE (FUGADO).
A-2021-06-130;01/06/2021;02:00;DESPISTE;CONSECUENCIA FATAL;1;1;CARRETERA DESVIO PISAC -CUSCO;COMUNIDAD CAMPESINA PAMPA MARCA;-13.53027669;-71.9100932272345;DESPEJADO;IMPRUDENCIA DEL CONDUCTOR;CONDUCIR EN ESTADO DE EBRIEDAD Y/O DROGADICCIÓN;;
A-2021-06-131;03/06/2021;22:20;CHOQUE;CONSECUENCIA FATAL;1;3;CARRETERA CUSCO URUBAMBA;SECTOR PILLMARAY;-13.33923199;-72.1256394083759;DESPEJADO;IMPRUDENCIA DEL CONDUCTOR;INVASIÓN DE CARRIL;;
A-2021-06-132;11/06/2021;20:00;CHOQUE;DESPISTE CON CAÍDA DE CONDUCTOR;1;0;KM. 1306 500;-;-15.44113628;-70.14031827403376;DESPEJADO;IMPRUDENCIA DEL CONDUCTOR;CONDUCIR EN ESTADO DE EBRIEDAD Y/O DROGADICCIÓN;;UT-2, LA ACCION NEGLIGENTE E IMPRUDENTE DEL CONDUCTOR AL CONDUCIR SU VEHICULO SIN ADOPTAR LAS MEDIDAS DE SEGURIDAD ESTANDO BAJO LOS EFECTOS DE LA INGESTA DE BEBIDAS ALCOHÓLICAS.
A-2021-06-133;16/06/2021;05:15;ATROPELLO FUGA;CONSECUENCIA FATAL;1;0;AV. MANUEL PRADO;ALTURA DEL DISTRITO DE PALLPATA ESPINAR;-14.892449;-71.206354;DESPEJADO;IMPRUDENCIA DEL PEATÓN;ESTADO DE EBRIEDAD Y/O DROGADICCIÓN;;
A-2021-06-134;15/06/2021;18:45;CHOQUE;DESPISTE;1;1;VIA COSTANERA KM. 05 700;---;-16.66645307;-72.57973363860539;DESPEJADO;IMPRUDENCIA DEL CONDUCTOR;EXCESO DE VELOCIDAD;;
A-2021-06-135;16/06/2021;09:00;CHOQUE;EXCENTRICO IZQUIERDO;1;1;CARRETERA PANAMERICA SUR KM. 854;PEAJE CAMANA;-16.64149615;-72.62531820964662;DESPEJADO;IMPRUDENCIA DEL CONDUCTOR;INVASIÓN DE CARRIL;;
A-2021-06-136;20/06/2021;10:00;DESPISTE;VOLCADURA Y FUGA;1;0;TROCHA CARROZABLE SAN GREGORIO-SOCSO;---;-16.4726127;-72.55490712914008;DESPEJADO;IMPRUDENCIA DEL CONDUCTOR;EXCESO DE VELOCIDAD;;
A-2021-06-137;07/06/2021;16:00;DESPISTE;---;1;2;CARRETERA DEL CENTRO POBLADO HUAYLLAYOCC-EX HACIENDA;ALTURA DEL KM. 2-ACORIA-HVCA;-12.626018;-74.933047;DESPEJADO;;;;NO SE HA PODIDO DETERMINAR LA POSISCION FINAL DE LA UT-1, DEBIDO A QUE ESTE FUE MOVIDO POR LA POBLACION Y EFECTIVOS POLICIALES INTERVINIENTES EN PRIMERA INSTANCIA.
A-2021-06-138;12/06/2021;00:25;CHOQUE CON OBJETO FIJO;DESPISTE Y VOLCADURA EN TONEL IZQUIERDO Y CAIDA DE CONDUCTOR;1;0;AV. FERROCARRIL CON LA AV. LAMPA;PARQUE LAS AMERICAS;-15.4854;-70.15334;DESPEJADO;IMPRUDENCIA DEL CONDUCTOR;EXCESO DE VELOCIDAD;;LA IMPRUDENCIA Y NEGLIGENCIA DEL CONDUCTOR DE LA UT-1, FRENTE A LAS CONDICIONES VIALES (INTERSECCION) A UNA VELOCIDAD NO RAZONABLE Y PRUDENTE PARA LAS CIRCUNSTANCIAS DEL LUGAR Y MOMENTO.
A-2021-06-139;09/06/2021;11:45;ATROPELLO;APLASTAMIENTO ;1;0;CENTRO POBLADO DE CHILLAMA;A 30M DEL RESERVORIO DEL LUGAR SECCLLA-ANGARAES;-13.06409989;-74.50655755409814;DESPEJADO;NO IDENTIFICA LA CAUSA;;;FALTA DE DOCUMENTACION
A-2021-06-14;03/06/2021;05:20;CHOQUE;CONSECUENCIA FATAL;1;0;CARRETERA PANAMERICANA SUR KILOMETRO 991.650;"ASOCIACIÓN PEQUEÑOS AGRICULTORES ""NUEVO AMANECER""";-16.652031;-71.871478;DESPEJADO;NO IDENTIFICA LA CAUSA;;;SIN OBSERVACIONES
A-2021-06-140;18/06/2021;19:40;ATROPELLO;CONSECUENCIA FATAL;1;0;KILOMETRO 902.800 DE LA CARRETERA PANAMERICANA SUR;CRUCE APLAO;-16.43124767;-72.30939473733457;DESPEJADO;NO IDENTIFICA LA CAUSA;;;S/O
A-2021-06-141;16/06/2021;03:30;DESPISTE;TOTAL Y VOLCADURA;2;1; CARRETERA ICA-HVCA-IZCUCHACA;KM. 294 750M ;-12.514322;-74.969003;DESPEJADO;NO IDENTIFICA LA CAUSA;;;FALTA DE DOCUEMNTACION
A-2021-06-142;20/06/2021;15:50;DESPISTE;CHOQUE VOLCADURA FATAL;1;0;VIA QUE UNE LOS ASENTAMIENTOS B-3 HACIA EL C-3 EL PEDREGAL;FRONTIS EMPRESA CALASPAM;-16.347506;-72.282885;DESPEJADO;NO IDENTIFICA LA CAUSA;;;S/O
A-2021-06-143;18/06/2021;22:30;DESPISTE;CON SUBSECUENTE VOLCADURA Y CAIDA;1;0;CARRETERA VIA DE EVITAMIENTO PIURA - LA LEGUA ;ALTURA DEL HOTEL EL ENCANTO SUIT.;-5.219235;-80.666598;DESPEJADO;IMPRUDENCIA DEL CONDUCTOR;EXCESO DE VELOCIDAD;;
A-2021-06-144;09/06/2021;03:50;ATROPELLO;;1;0;AV CUZCO CUADRA 3;ALTURA DEL GRIFO CHACCHI;-13.17009;-74.21035;DESPEJADO;IMPRUDENCIA DEL PEATÓN;ESTADO DE EBRIEDAD Y/O DROGADICCIÓN;;NINGUNA
A-2021-06-145;19/06/2021;23:30;ATROPELLO FUGA;;1;0;AV. NESTOR GAMBETTA CON DIRECCION A VENTANILLA ;PUENTE BAYER ;-11.99454383;-77.1258039981221;DESPEJADO;IMPRUDENCIA DEL PEATÓN;ESTADO DE EBRIEDAD Y/O DROGADICCIÓN;;NINGUNA
A-2021-06-146;12/06/2021;17:00;CHOQUE FUGA;-;1;0;AVENIDA MADRID INTERSECCION AV. MEXICO;-;-14.0346663;-75.7031269;DESPEJADO;NO IDENTIFICA LA CAUSA;;;
A-2021-06-147;21/06/2021;19:00;ATROPELLO;-;1;0;CARRETERA PANAMERICANA SUR KM. 329;-;-14.294216;-75.678891;DESPEJADO;IMPRUDENCIA DEL CONDUCTOR;EXCESO DE VELOCIDAD;;
A-2021-06-148;22/06/2021;06:40;CHOQUE;-;1;5;CARRETERA PANAMERICANA SUR KM 288.500;-;-13.960023;-75.784643;DESPEJADO;IMPRUDENCIA DEL CONDUCTOR;GIRAR IMPRUDENTEMENTE;;
A-2021-06-149;01/06/2021;05:00;DESPISTE;VOLCADURA;1;0;JR. LIMA ;MERCADO CENTRAL ;-13.690433;-73.11838;NUBLADO;IMPRUDENCIA DEL CONDUCTOR;CONDUCIR EN ESTADO DE EBRIEDAD Y/O DROGADICCIÓN;;INVESTIGACION A CARGO ST1 PNP VICTOR DENNIS RAMIREZ ROMANI 
A-2021-06-154;19/06/2021;22:00;DESPISTE;VOLCADURA;1;0;DISTRITO DE SAN LUIS; SALIDA DE SAN LUIS;-9.090929981;-77.33650086310438;SOLEADO;IMPRUDENCIA DEL CONDUCTOR;FATIGA Y/O CANSANCIO;;
A-2021-06-155;21/06/2021;11:00;DESPISTE;CHOQUE Y CAIDA DE OCUPANTE;1;2;CARRETERA HUARAZ-CASMA;CASERIO QUITAFLOR (COLTAO);-9.559358646;-77.70584727008071;DESPEJADO;IMPRUDENCIA DEL CONDUCTOR;EXCESO DE VELOCIDAD;;
A-2021-06-156;21/06/2021;13:40;CHOQUE;;1;2;KM. 33 CARRETERA SAN PABLO - CAJAMARCA.;CASERIO CARRERAPAMPA;-7.09682997;-78.822862;SOLEADO;IMPRUDENCIA DEL CONDUCTOR;INVASIÓN DE CARRIL;;
A-2021-06-158;12/06/2021;22:20;CHOQUE;-;1;0;CARRETERA PANAMERICAN NORTE KM. 797 800;-;-6.692028;-79.903736;DESPEJADO;NO IDENTIFICA LA CAUSA;;;ACCIDENTE EN INVESTIGACION
A-2021-06-161;15/06/2021;15:00;DESPISTE;DESPISTE - CHOQUE - VOLCADURA;1;0;CARRETERA TACNA - COLLPA - LA PAZ KM 41 800;;-17.825808;-70.021437;DESPEJADO;IMPRUDENCIA DEL CONDUCTOR;EXCESO DE VELOCIDAD;;FALTA DE ATENCIÓN A LA CONDUCCIÓN 
A-2021-06-162;23/06/2021;07:30;CHOQUE;.;1;0;PANAMERICANA NORTE ;ALTURA DEL PUENTE EL PIOJO. ;-3.585782064;-80.47399562260193;DESPEJADO;NEGLIGENCIA DEL CONDUCTOR;CONDUCIR CON FALLAS DE CARROCERÍA;;
A-2021-06-163;22/06/2021;18:00;CHOQUE;LATERAL;1;0;CARRETERA  PUNO - MAÑAZO;ALTURA DEL KM 25;-15.7820572;-70.22156406;DESPEJADO;IMPRUDENCIA DEL CONDUCTOR;INVASIÓN DE CARRIL;;
A-2021-06-17;06/06/2021;18:00;CHOQUE;FRONTAL Y VOLCADURA;2;2;CARRETERA INTEROCEANICA SUR KM6.5 PUERTO MALDONADO-PLANCHON;CARRETERA INTEROCEANICA SUR KM6.5 PUERTO MALDONADO-PLANCHON;-12.55335921;-69.14675291731938;;;;;
A-2021-06-170;06/06/2021;23:00;DESPISTE;-;1;0;CARRETERA TROCHA CARROSABLE CARACOTO - JULIACA;COMUNIDAD SUCHES;-15.56262442;-70.09592765634423;DESPEJADO;IMPRUDENCIA DEL CONDUCTOR;EXCESO DE VELOCIDAD;;LA ACCION NEGLIGENTE DEL CONDUCTOR DE LA UT-I, AL HABER DESPLAZADO SU UNIDAD A UNA VELOCIDAD NO RAZONABLE NI PRUDENTE.
A-2021-06-171;13/06/2021;18:00;DESPISTE;-;1;0;CARRETERA INTERCONEXION JULIACA - ISLA;CENTRO POBLADO ISLA;-15.47027678;-70.25011717576817;DESPEJADO;IMPRUDENCIA DEL CONDUCTOR;CONDUCIR EN ESTADO DE EBRIEDAD Y/O DROGADICCIÓN;;LA ACCION NEGLIGENTE, DEL CONDUCTOR FALLECIDO DE LA UT-1, AL HABER DESPLAZADO SU UNIDAD VEHICULAR A UNA VELOCIDAD NO RAZONABLE NI PRUDENTE
A-2021-06-172;19/06/2021;19:10;ATROPELLO;ATROPELLO;1;1;AV. JOSE AGUILAR SANTISTEBAN;ALTURA DEL RESTAURANTE POLLERIA DON LUIS.;-5.168928;-80.647644;DESPEJADO;IMPRUDENCIA DEL CONDUCTOR;EXCESO DE VELOCIDAD;;
A-2021-06-173;24/06/2021;07:00;CHOQUE;CHOQUE POR EMBISTE CON SUBSECUENTE DE MUERTE ;1;1;CARRETERA LONGITUDINAL DE LA SELVA NORTE KM. 475 300;CASERIO LAS VEGAS;-9.188574253;-75.9226630949866;DESPEJADO;IMPRUDENCIA DEL CONDUCTOR;EXCESO DE VELOCIDAD;;NINGUNA
A-2021-06-177;05/06/2021;18:00;DESPISTE;VOLCADURA, CHOQUE Y APLASTAMIENTO ;1;2;CARRETERA CHUPURO-CHONGOS ALTO. PARAJE DENOMINADO YANAMA Z ;"YANAMA ""Z""";-12.185174;-75.256165;SOLEADO;IMPRUDENCIA DEL CONDUCTOR;EXCESO DE VELOCIDAD;;NINGUNA
A-2021-06-178;06/06/2021;23:30;CAÍDA DE PASAJERO;-;1;0;JR. TRUJILLO CDRA N° 03 MOYOBAMBA;-;-6.030875;-76.980777;DESPEJADO;IMPRUDENCIA DEL CONDUCTOR;EXCESO DE PASAJEROS O CARGA;;
A-2021-06-179;10/06/2021;07:00;DESPISTE;CHOQUE Y VOLCADURA;2;0;KM. 19 300;SECTOR SAN LUIS;-14.59023377;-70.64968048017467;DESPEJADO;IMPRUDENCIA DEL CONDUCTOR;EXCESO DE VELOCIDAD;;LA ACCION DEL CONDUCTOR  AL DESPLAZAR SU UNIDAD VEHICULAR CON EXCESO DE CONFIANZA Y UNA VELOCIDAD QUE SUPERO SU CAPACIDAD DE REACCIÓN 
A-2021-06-18;04/06/2021;20:30;CHOQUE;-;1;1;ANTIGUA CARRETERA PANAMERICANA SUR KM. 227.600;FRONTIS DE GRIFO PETRO PERU;-13.691589;-76.155895;DESPEJADO;IMPRUDENCIA DEL CONDUCTOR;EXCESO DE VELOCIDAD;;
A-2021-06-180;23/06/2021;19:00;CHOQUE;CAIDA;1;0;CARRETERA IQUITOS NAUTA KM. 15  840;LA CURVA DEL DIABLO;-3.899723048;-73.35048787087666;DESPEJADO;NO IDENTIFICA LA CAUSA;;;PENDIENTE
A-2021-06-181;07/06/2021;12:50;ATROPELLO FUGA;-;1;0;CARRETERA FBT KM 471   900;ALTURA AL GRIFO SHILCAYO-RIOJA;-6.051064;-77.151714;DESPEJADO;NO IDENTIFICA LA CAUSA;;;SE DESCONOCE POR FUGA
A-2021-06-182;13/06/2021;16:00;CHOQUE;-;1;2;CARRETERA FBT KM 446;CERCA AL MOLINO SAN MIGUEL;-5.919407;-77.318197;DESPEJADO;IMPRUDENCIA DEL CONDUCTOR;INVASIÓN DE CARRIL;;
A-2021-06-183;24/06/2021;21:20;CHOQUE;FRONTAL;2;1;CARRETERA INTEROCEANICA SUR KM.394-400 PUERTO MALDONADO- LABERINTO;CARRETERA INTEROCEANICA SUR KM.394-400 PUERTO MALDONADO- LABERINTO;-12.65973465;-69.3203245597664;;;;;