COD_ACCIDE;FechaDelAccidente;HoraDelAccidente;ClaseDelAccidente;SecuenciaAccidente;CantidadDeFallecidos;CantidadDeLesionados;Direccion;LugarReferencia;y;x;CondClimatica;CausaFactorPrincipal;CausaEspecifica;OtraCausa;Observaciones
A-2021-06-187;14/06/2021;01:30;DESPISTE;TOTAL Y VOLCADURA;2;5;CARRETERA PAZOS-PICHUS;ALTURA DEL KILOMETRO 21 950 DEL C.P. CARAMPA.;-12.218205;-74.972588;DESPEJADO;NO IDENTIFICA LA CAUSA;;;FALTA DE DOCUMENTACION
A-2021-06-189;23/06/2021;23:00;ATROPELLO FUGA;MUERTE;1;0;CARRETERA CENTRAL TAMBILLO CHICO;CATARATA VELO DE LAS NINFAS;-9.431958843;-75.96656942106995;DESPEJADO;IMPRUDENCIA DEL CONDUCTOR;EXCESO DE VELOCIDAD;;EN INVESTIGACION
A-2021-06-19;05/06/2021;12:49;CHOQUE;-;1;0;AVENIDA LOS MAESTROS;OVALO DEL ESTADIO PICASO PERATTA;-14.068129;-75.739607;DESPEJADO;IMPRUDENCIA DEL CONDUCTOR;ADELANTAR INDEBIDAMENTE;;
A-2021-06-190;24/06/2021;19:00;CHOQUE;-;1;0;PROLONGACION GRAU ;(FRONTIS GRIFO ENEGIGAS);-14.056365;-75.708581;DESPEJADO;NO IDENTIFICA LA CAUSA;;;
A-2021-06-191;19/06/2021;10:00;DESPISTE;SEGUIDO DE VOLCADURA;3;3;CARRETERA ACOCRO ;A 3 KM DEL DISTRITO DE ACOCRO;-13.218993;-74.044114;SOLEADO;NEGLIGENCIA DEL CONDUCTOR;OTRO (NEGLIGENCIA DEL CONDUCTOR);AVERIA EN EL EJE POSTERIOR IZQUIERDO;NINGUNA
A-2021-06-193;20/06/2021;02:20;ATROPELLO;CON PROYECCION;1;0;BARRIO CHAUPI-VIA LIBERTADORES-PILPICHACA-HUAYTARA;KILOMETRO 168;-13.454586;-75.019227;DESPEJADO;NO IDENTIFICA LA CAUSA;;;FALTA DE DOCUMENTACION
A-2021-06-198;27/06/2021;20:30;CHOQUE;SEGUIDO DE VOLCADURA ;1;1;CARRETERA PANAMERICANA NORTE ;KM 245.8;-3.583833237;-80.47256820971259;DESPEJADO;IMPRUDENCIA DEL CONDUCTOR;ADELANTAR INDEBIDAMENTE;;
A-2021-06-199;27/06/2021;20:00;ATROPELLO FUGA;;1;0;AV. ELMER FAUCETT CON AV. CANADA ;;-11.99988028;-77.118723779655;DESPEJADO;NO IDENTIFICA LA CAUSA;;;NINGUNA
A-2021-06-20;05/06/2021;22:30;CHOQUE;CONSECUENCIA FATAL;1;2;CARRETERA PANAMERICANA SUR KILOMETRO 997.450;AGROINCA PPC;-16.7048278;-71.8703738;DESPEJADO;NO IDENTIFICA LA CAUSA;;;S/O
A-2021-06-200;24/06/2021;19:50;ATROPELLO;FATAL;1;0;AVENIDA 54;PARROQUIA DE SAN ALBERTO HURTADO;-16.3274423;-71.5556384;DESPEJADO;IMPRUDENCIA DEL CONDUCTOR;NO DAR PASO PREFERENTE AL PEATÓN;;S/O
A-2021-06-201;27/06/2021;14:20;DESPISTE;CONSECUENCIA FATAL;2;2;AUTOPISTA AREQUIPA LA JOYA;ULTIMO PARADERO  ASOCIACIÓN LAS LOMAS;-16.3665336;-71.6378436;DESPEJADO;NO IDENTIFICA LA CAUSA;;;S/O
A-2021-06-202;27/06/2021;14:20;CHOQUE;-;1;1;AV. PRINCIPAL;ALTURA DE LA CURVA DEL FUNDO MANUELITA;-14.10224947;-75.68214878831114;DESPEJADO;IMPRUDENCIA DEL CONDUCTOR;EXCESO DE VELOCIDAD;;
A-2021-06-203;14/06/2021;14:50;ATROPELLO;-;1;0;CARRETERA RIOJA-POSIC -TAMBO;-;-6.014192;-77.166105;DESPEJADO;IMPRUDENCIA DEL CONDUCTOR;NO DAR PASO PREFERENTE AL PEATÓN;;
A-2021-06-205;18/06/2021;16:40;ATROPELLO;-;1;0;CALLE SAN FRANCISCO CUADRA 03;INMUEBLE 361;-5.991799;-79.747818;SOLEADO;NO IDENTIFICA LA CAUSA;;;ACCIDENTE EN INVESTIGACION
A-2021-06-207;10/06/2021;11:30;CHOQUE;;1;2;AMORAY;KM 385 RED VIAL NAZCA CUSCO;-14.03429252;-73.22030496516825;DESPEJADO;IMPRUDENCIA DEL CONDUCTOR;OTRO (IMPRUDENCIA DEL CONDUCTOR);EN INVESTIGACION;"LA PERSONA FALLECIDA, MURIO DOS SEMANAS DESPUES DEL ACCIDENTE; ASIMISMO EL EFECTIVO POLICIAL DE LA INVESTIGACION DEL ACCIDENTE ES EL S1 PNP  ROGER QUISPE VELAZQUE"
A-2021-06-208;19/06/2021;06:00;DESPISTE;FATAL;1;0;RED VIAL NAZCA CUSCO;KM 323 300;-14.47190502;-73.23739505374836;DESPEJADO;NEGLIGENCIA DEL CONDUCTOR;OTRO (NEGLIGENCIA DEL CONDUCTOR);EN INVESTIGACION;LA INVESTIGACION DEL PRESENTE CASO ESTA SIENDO LLEVADA POR EL ST3 PNP ALEX ANDHER TICONA MARCA
A-2021-06-209;20/06/2021;18:45;ATROPELLO;CON PROYECCION ;1;0;CARRETERA CENTRAL KM. 101;CONCEPCION ;-11.903968;-75.333544;SOLEADO;IMPRUDENCIA DEL PEATÓN;CRUCE INDEBIDO POR LA CALZADA;;NINGUNA
A-2021-06-21;07/06/2021;09:45;DESPISTE;CHOQUE VOLCADURA;1;3;CARRETERA AREQUIPA JULIACA KILOMETRO 79.800;HITO DE KILOMETRAJE 80;-16.12403;-71.635381;DESPEJADO;NO IDENTIFICA LA CAUSA;;;S/O
A-2021-06-210;20/06/2021;13:00;CHOQUE;POR ALCANCE;1;0;KIM. 03 450;-;-15.522839;-70.078009;SOLEADO;IMPRUDENCIA DEL CONDUCTOR;EXCESO DE VELOCIDAD;;LA IMPRUDENCIA DEL CONDUCTOR DE LA UT1, CAMIONETA SUV, AL DESPLAZAR SU UNIDAD A UNA VELOCIDAD NO RAZONABLE NI PRUDENTE PARA LAS CIRCUNSTANCIAS DEL MOMENTO Y LUGAR.
A-2021-06-211;27/06/2021;03:46;ATROPELLO;SEGUIDO DE CHOQUE;1;1;CARRETERA FERNANDO BELAUNDE TERRY KM 454 20;-;-5.979007;-77.288573;DESPEJADO;IMPRUDENCIA DEL PEATÓN;USO DE DISPOSITIVOS MÓVILES Y/O ELECTRÓNICOS;;EL PEATÓN HACIA USO DEL DISPOSITIVO MÓVIL
A-2021-06-213;27/06/2021;03:00;ATROPELLO FUGA;EN ACCIDENTE SE PRODUJO CUANDO EL PEATON SE ACUESTA DE CUBITO DORSOL SOBRE LA CALZADA Y DONDE EL VEHICULO CON UNO DE SUS NEUMATICOS SOBREPASA AL PEATON;1;0;CARRETERA INTEROCEANICA SUR KM 322 650 (KM. 110);VIRGEN CANDELARIA TRAMO LABERINTO SANTA ROSA;-12.87718481;-70.0402617188448;;;;;
A-2021-06-214;19/06/2021;14:10;CHOQUE;CONSECUENCIA MORTAL;2;0;VIA INTEROSEANICA. ALTURA DE LA COMUNIDADPUYCAPAMPA KM 63 300;COMUNIDAD DEL POBLADO DE TINKI;-13.66360064;-71.3408141570007;DESPEJADO;IMPRUDENCIA DEL CONDUCTOR;EXCESO DE VELOCIDAD;;
A-2021-06-215;22/06/2021;23:10;CHOQUE;NINGUNA;1;4;CARRETERA ANDAHUAYLAS AYACUCHO ;ALTURA KM 489;-13.40222;-73.904601;DESPEJADO;IMPRUDENCIA DEL CONDUCTOR;EXCESO DE VELOCIDAD;;NINGUNA
A-2021-06-216;28/06/2021;10:30;DESPISTE;-;1;0;CARRETERA PASCO YANAHUANCA KM 53 ;LUGRA DENOMINADO ANGASH;-10.49716923;-76.51338069190625;NUBLADO;IMPRUDENCIA DEL CONDUCTOR;CONDUCIR EN ESTADO DE EBRIEDAD Y/O DROGADICCIÓN;;
A-2021-06-217;01/06/2021;09:30;CHOQUE;CONSECUENCIA FATAL;1;1;CARRETRA CUSCO-ABANCAY ALTURA DEL KM 992;COMUNIDAD CAMPESINA SAN MARTIN;-13.45296;-72.3110282;DESPEJADO;IMPRUDENCIA DEL CONDUCTOR;EXCESO DE VELOCIDAD;;
A-2021-06-218;01/06/2021;15:00;ATROPELLO;CONSECUENCIA FATAL;1;0;MARAMGANI COMUNIDAD MAMUERA SECTOR DE YURAQCHAQA;CARRTERA CUSCO- PUNO KM 1124 950;-14.3699936;-71.15261;DESPEJADO;IMPRUDENCIA DEL CONDUCTOR;EXCESO DE VELOCIDAD;;
A-2021-06-219;25/06/2021;09:00;DESPISTE;CONSECUENCIA FATAL;2;2;QUINCEMIL -CAMANTI-QUISPICANCHI;COMUNIDAD CAMPESINA SAN LORENZO SECTOR DE ASNA MAYO;-13.18691557;-70.51575479;LLUVIOSO;IMPRUDENCIA DEL CONDUCTOR;EXCESO DE VELOCIDAD;;
A-2021-06-22;02/06/2021;17:40;DESPISTE;SEGUIDO DE VOLCADURA ;1;0;CARRETERA PANAMERICANA NORTE  KM. 241;KURLY SPORT CENTER ;-3.609553142;-80.50655188567089;;;;;
A-2021-06-220;11/06/2021;09:05;DESPISTE;SEGUIDO DE VOLCADURA;2;0;CARRETERA SIVIA CHUVIVANA;VERDECCOCHA;-12.51799;-73.89203;DESPEJADO;IMPRUDENCIA DEL CONDUCTOR;EXCESO DE VELOCIDAD;;NINGUNA
A-2021-06-221;25/06/2021;17:00;DESPISTE;CONSECUENCIA FATAL;3;2;TROCHA CARROZABLE CHECA-CANSAPATA;ALTURA DEL KM 07 500 SECTOR CHACA KINRAY- COLLPAPAMPA DE LA COMUNIDAD ANANSAYA DISTRITO DE CHECA;-14.492229;-71.460864;DESPEJADO;IMPRUDENCIA DEL CONDUCTOR;EXCESO DE VELOCIDAD;;
A-2021-06-222;29/06/2021;11:20;DESPISTE;ATROPELLO;3;0;CARRETERA CHACACHACA - YUNGUYO KM 09 150;ALTURA DEL CENTRO POBLADO DE CHIMBO-QUEÑUANI;-16.2697723;-69.1968094724791;DESPEJADO;IMPRUDENCIA DEL CONDUCTOR;CONDUCIR EN ESTADO DE EBRIEDAD Y/O DROGADICCIÓN;;
A-2021-06-223;28/06/2021;04:50;DESPISTE;CONSECUENCIA FATAL;1;1;LOCALIDAD DE HUAROCONDO;SECTOR PAQORPUJIO;-13.427364;-72.218355;DESPEJADO;IMPRUDENCIA DEL CONDUCTOR;EXCESO DE VELOCIDAD;;
A-2021-06-224;11/06/2021;00:05;DESPISTE;-;1;0;JR. JOSE ANTONIO ZELA CON EL JR. DANIELA. CARREON;-;-15.499152;-70.125657;DESPEJADO;IMPRUDENCIA DEL CONDUCTOR;EXCESO DE VELOCIDAD;;LA IMPRUDENCIA DEL CONDUCTOR AL DESPLAZAR SU UNIDAD VEHICULAR A UNA VELOCIDAD NADA RAZIONABLE NI PRUDENTE PARA LAS CIRCUNSTANCIAS DEL LUGAR Y MOMENTO.
A-2021-06-225;27/06/2021;07:30;VOLCADURA;SEGUIDO DE ATROPELLO POR APLASTAMIENTO;1;0;JR. 07 DE JUNIO CON EL JR. MARIANO PANDIA;BENEFICENCIA  CORAZÓN SAGRADO DE JESÚS;-15.500896;-70.130469;DESPEJADO;IMPRUDENCIA DEL CONDUCTOR;EXCESO DE VELOCIDAD;;LA IMPRUDENCIA DEL CONDUCTOR DE LA MOTOCICLETA ACONDICIONADO AL DESPLAZAR SU UNIDAD CON UN EXCESO DE CONFIANZA Y A UNA VELOCIDAD  NO ACORDE PARA LAS CIRCUNSTANCIA DEL LUGAR Y MOMENTO.
A-2021-06-226;28/06/2021;22:00;CHOQUE;VOLCADURA Y CAIDA;1;0;INTERSECCION DFE LA AV PROGRESO CON AV. JORGE CHAVEZ;A LA ALTURA DE LA CUADRA N° 12 - JURISDICCION DE LA CPNP EL INDIO;-5.211506667;-80.62212667;DESPEJADO;;;;
A-2021-06-227;28/06/2021;05:05;CHOQUE;CHOQUE POR ALCANCE;1;1;AV. PROGRESO;ALTURA DEL PUENTE PROGRESO - CASTILLA;-5.231254;-80.635399;DESPEJADO;;;;
A-2021-06-228;14/06/2021;05:00;ATROPELLO FUGA;-;1;0;KM. 286 100;ALTURA DE NATURGAS;-15.54082054;-70.21040975838613;DESPEJADO;IMPRUDENCIA DEL CONDUCTOR;EXCESO DE VELOCIDAD;;LA ACCION DEL CONDUCTOR NO IDENTIFICADO AL DESPLAZAR SU UNIDAD A UNA VELOCIDAD NO ACORDE PARA EL LUGAR Y MOMENTO
A-2021-06-229;09/06/2021;09:30;CHOQUE;CAIDA DE CICLISTA;1;0;KM. 51 CARRETERA JULIACA - ARAPA;-;-15.27518615;-70.08506475857814;DESPEJADO;IMPRUDENCIA DEL CONDUCTOR;EXCESO DE VELOCIDAD;;"LA IMPRUDENCIA Y NEGLIGENCIA DEL CONDUCTOR  UT-1, FUGA; AL DESPLAZAR SU UNIDAD VEHICULAR CON UN EXCESO DE CONFIANZA Y A UNA VELOCIDAD INCOMPATIBLE PARA EL LUGAR Y MOMENTO."
A-2021-06-23;08/06/2021;05:00;DESPISTE;VOLCADURA Y APLASTAMIENTO;1;0;CARRETERA ILAVE-FHARATA-CAMICACHI;-;-16.05147403;-69.58550825342667;DESPEJADO;IMPRUDENCIA DEL CONDUCTOR;FATIGA Y/O CANSANCIO;;
A-2021-06-230;30/06/2021;06:00;CHOQUE;FRONTAL EXCENTRICO IZQUIERDO;1;6;VIA PENETRACION-MACRISCAL CACERES-ACOBAMABA-PAUCARA;KM. 0 820;-12.531054;-74.922456;DESPEJADO;NO IDENTIFICA LA CAUSA;;;FALTA DE DOCUMENTOS
A-2021-06-231;23/06/2021;18:00;DESPISTE;VOLCADURA EN TONEL;1;0;CARRETERA DE PENETRACION TAPACOCHA - CATAC;KM 10 200;-9.968398245;-77.52915705967843;DESPEJADO;IMPRUDENCIA DEL CONDUCTOR;FATIGA Y/O CANSANCIO;;
A-2021-06-232;22/06/2021;15:55;CHOQUE;-;1;1;KM. 272 080 RED VIAL INTEROCEANICA TRAMO OLLACHEA SAN GABAN;PUENTE CAROLINA;-13.43358229;-70.32961247842753;LLUVIOSO;IMPRUDENCIA DEL CONDUCTOR;EXCESO DE VELOCIDAD;;LA ACCION  IMPRUDENTE DEL CONDUCTOR DE LA UT-2, AL DESPLAZAR SU UNIDAD VEHICULAR A UNA VELOCIDAD NO APROPIADA PARA EL LUGAR Y MOMENTO
A-2021-06-233;12/06/2021;07:39;CHOQUE;MUERTE;1;0;CARRETERA DE PENETRACION A LA SIERRA LIBERTEÑA ALTURA DEL KM. 20.8;GRIFO EL CHE II;-8.063745;-78.859234;DESPEJADO;IMPRUDENCIA DEL CONDUCTOR;GIRAR IMPRUDENTEMENTE;;
A-2021-06-234;29/06/2021;22:00;ATROPELLO FUGA;ATROPELLO Y FUGA;1;0;CARRETERA HOSPICIO LOS PALOS KM 05 950;;-18.236664;-70.368142;DESPEJADO;IMPRUDENCIA DEL PEATÓN;ESTADO DE EBRIEDAD Y/O DROGADICCIÓN;;ASIMISMO NO SE ENCUENTRA EL VEHÍCULO EN EL LUGAR DEL ACCIDENTE
A-2021-06-235;18/06/2021;19:30;CHOQUE;MUERTE;1;0;CARRETERA PANAMERICANA NORTE ALTURA DEL KM. 588;INGRESO AL CP LUZ DEL SOL - EL MILAGRO;-7.992123;-79.075046;DESPEJADO;NO IDENTIFICA LA CAUSA;;;
A-2021-06-237;20/06/2021;20:10;ATROPELLO FUGA;MUERTE;1;0;CARRETERA PANAMERICANA NORTE ALTURA DEL KM. 582;;-8.042738;-79.084645;DESPEJADO;NO IDENTIFICA LA CAUSA;;;DISPOSICION N° 01-2021: NO FORMALIZACION DE INVESTIGACION PREPARATORIA Y ARCHIVO, DEL 14JUN2022.- PRIMERO NO FORMALIZAR LA INVESTIGACION PREPARATORIA POR EL DELITO DE HOMICIDIO CULPOSO, EN AGRAVIO DE PAULINO CHAVES VASQUEZ, Y CONSENTIDA O APROBADA QUE SEA LA PRESENTE, ARCHIVESE LOS ACTUADOS.
A-2021-06-238;24/06/2021;09:30;CHOQUE;MUERTE;1;0;CARRETERA PANAMERICANA NORTE ALTURA DEL KM. 634;PUENTE LA ARENITA - PAIJAN;-7.678769636;-79.32439874352757;DESPEJADO;IMPRUDENCIA DEL CONDUCTOR;GIRAR IMPRUDENTEMENTE;;
A-2021-06-239;24/06/2021;13:00;CHOQUE;MUERTE;3;6;CARRETERA PANAMERICANA NORTE ALTURA DEL KM. 561;LLANTERIA PAPILON;-8.14565;-79.012371;DESPEJADO;IMPRUDENCIA DEL CONDUCTOR;OTRO (IMPRUDENCIA DEL CONDUCTOR);DESATENCION EN LA CONDUCCION ;
A-2021-06-240;25/06/2021;23:55;CHOQUE;MUERTE;1;1;CARRETERA DE PENETRACION A LA SIERRA LIBERTEÑA ALTURA DEL KM. 08;-;-8.096285;-78.962737;DESPEJADO;IMPRUDENCIA DEL CONDUCTOR;FATIGA Y/O CANSANCIO;;
A-2021-06-241;29/06/2021;17:25;DESPISTE;SEGUIDO DE ATROPELLO - MUERTE;1;3;CARRETERA DE PENETRACION AL DISTRITO DE HUAMACHUCO ALTURA DEL KM. 164.9;-;-7.883144;-78.118494;DESPEJADO;IMPRUDENCIA DEL CONDUCTOR;OTRO (IMPRUDENCIA DEL CONDUCTOR);ACCION OPERATIVA DEL CONDUCTOR CAMIONETA;
A-2021-06-243;19/06/2021;10:40;ATROPELLO;CON  PROYECCIÓN, SEGUIDO DE CHOQUE CON CONSECUENCIA FATAL, LESIONES PERSONALES Y DAÑOS MATERIALES.;1;1;CALLE 3;FRONTIS DEL INMUEBLE MZ-37 LT-12 DE LA URBANIZACION  LIBERACION - ILO ;-17.657897;-71.337566;DESPEJADO;NO IDENTIFICA LA CAUSA;;;NO SE HA RECEPCIONADO RESULTADO DE PERICIA MECANICA SOLICITADA. 
A-2021-06-244;28/06/2021;22:00;ATROPELLO FUGA;---------;1;0;KM.100 APROX.;CASERIO ZAPOTAL;-7.212768864;-78.76543875887974;DESPEJADO;NEGLIGENCIA DEL CONDUCTOR;OTRO (NEGLIGENCIA DEL CONDUCTOR); LA ACTITUD NEGLIGENTE POR PARTE DEL CONDUCTOR DE LA UT-1, AL CONDUCIR SU UNIDAD VEHICULAR CON EXCESO DE CONFIANZA Y DISTRACCIÓN, NO EXTREMANDO SUS MEDIDAS DE SEGURIDAD AL MOMENTO DE LA CONDUCCIÓN, PESE A QUE LAS LUCES DE LOS FAROS DE SU VEHÍCULO SE ENCONTRABAN EN BUEN ESTADO DE FUNCIONAMIENTO, PUDIENDO VISUALIZAR SU EJE DE CIRCULACIÓN EN PROFUNDIDAD, PERMITIÉNDOLE PERCATARSE DE LA PRESENCIA DE LOS PELIGROS EXISTENTES EN LA VÍA PÚBLICA. ;
A-2021-06-245;21/06/2021;05:50;ATROPELLO FUGA;-;1;0;PANAMERICANA SUR KM. 25.500;;-12.25263;-76.92798;DESPEJADO;NO IDENTIFICA LA CAUSA;;;
A-2021-06-246;21/06/2021;12:20;ATROPELLO;;1;0;AV ANDRES AVELINO CACERES ;-;-12.014492;-76.819179;DESPEJADO;IMPRUDENCIA DEL CONDUCTOR;OTRO (IMPRUDENCIA DEL CONDUCTOR);;
A-2021-06-247;21/06/2021;13:45;CHOQUE;;1;2;AV. MARIA REICH;--;-12.24393;-76.92189;DESPEJADO;NO IDENTIFICA LA CAUSA;;;
A-2021-06-248;22/06/2021;02:30;ATROPELLO FUGA;-;1;0;CARRETERA PANAMERICA NORTE KM 16.500;-;-11.988199;-77.0645344;DESPEJADO;NO IDENTIFICA LA CAUSA;;;
A-2021-06-249;21/06/2021;22:50;CHOQUE;-;1;0;AV. PROLONGACIÓN LIMA NORTE N°511;-;-11.921471;-76.676499;DESPEJADO;IMPRUDENCIA DEL CONDUCTOR;EXCESO DE VELOCIDAD;;
A-2021-06-25;01/06/2021;02:30;ATROPELLO;MUERTE;1;0;CARRETERA PANAMERICANA NORTE ALTURA DEL KM. 450;-;-8.945029;-78.629661;DESPEJADO;IMPRUDENCIA DEL PEATÓN;ESTADO DE EBRIEDAD Y/O DROGADICCIÓN;;
A-2021-06-250;22/06/2021;13:35;CHOQUE;;1;0;AV. CARLOS IZAGUIRRE CDRA. 11;-;-11.99179;-77.07511;DESPEJADO;NO IDENTIFICA LA CAUSA;;;
A-2021-06-251;22/06/2021;21:30;ATROPELLO;;1;0;CARRETERA ANTIGUA PANAMERICANA SUR KM. 33.500;;-12.25702;-76.88783;DESPEJADO;NO IDENTIFICA LA CAUSA;;;
A-2021-06-252;23/06/2021;00:50;DESPISTE;-;1;1;AV. LAS PALMERAS CDRA. 42;-;-11.986489;-77.072359;DESPEJADO;NO IDENTIFICA LA CAUSA;;;
A-2021-06-254;13/06/2021;18:30;CHOQUE FUGA;EL VEHÍCULO CATG. L3, CLASE AUTOMOTOR MENOR - MOTOCICLETA DE PLACA DE RODAJE 7721-FB, IMPACTA CON SU PARTE FRONTAL A UN VEHÍCULO EN PROCESO DE IDENTIFICACIÓN,  PRODUCTO DE ELLO SU CONDUCTOR CAE,  E IMPACTA CON SU CUERPO AL VEHÍCULO CATG. M1, CLASE AUTOMÓVIL DE PLACA DE RODAJE F7B-464.;1;0;KM. 77.551.65 DE LA CARRETERA PANAMERICANA NORTE - CHANCAY;GRIFO REPSOL - CHANCAY;-11.60064149;-77.2478833363662;DESPEJADO;IMPRUDENCIA DEL CONDUCTOR;OTRO (IMPRUDENCIA DEL CONDUCTOR);"ACTITUD IMPRUDENTE DE LA PERSONA, QUE EN VIDA FUE, MIGUEL ALBERTO COCHACHIN BERROSPI (23), CONDUCTOR DEL VEHÍCULO CATG. L3, CLASE AUTOMOTOR MENOR DE PLACA DE RODAJE 6721-FB,  AL HABER CONDUCIDO SU VEHÍCULO EN FORMA ANTIRREGLAMENTARIA HACIENDO USO DEL CARRIL DE CIRCULACIÓN IZQUIERDO DE LA CALZADA ESTE DE LA CARRETERA PANAMERICANAS NORTE, KM. 77.571.65, CON FALTA DE CUIDADO Y PREVENCIÓN, AUNADO A PRECEPCIÓN INCOMPLETA EN SU EJE DE MARCHA Y A UNA VELOCIDAD PROMEDIO NO MENOR A LOS 70 KM/HR., VELOCIDAD QUE SUPERABA CONSIDERABLEMENTE LOS RANGOS DE VELOCIDAD MÁXIMA PERMITIDA PARA ESE TRAMO DE LA VÍA CONFORME A LA SEÑAL REGULADORA REGLAMENTARIA “R-30”, (VELOCIDAD MÁXIMA 60 KM/HR),  VELOCIDAD QUE EN MOMENTO DADO SUPERO SU CAPACIDAD DE REACCIÓN (0.75 SEGUNDO), EN TIEMPO Y ESPACIO, AL TENER PERCEPCIÓN REAL DEL INMINENTE PELIGRO REPRESENTADO POR LA UT-2 (VEHÍCULO NO IDENTIFICADO), FRENTE A SU EJE DE MARCHA Y POR ENDE NO LE PERMITIÓ REALIZAR MANIOBRA EVASIVA ALGUNA TENDENTE A EVITAR LO ACONTECIDO; SIENDO EVIDENTE QUE IGNORÓ POR EL COMPLETO EL PRINCIPIO DE SEGURIDAD; HABIENDO EXPUESTO AL PELIGRO SU PROPIA INTEGRIDAD FÍSICA.";NINGUNA
A-2021-06-255;14/06/2021;17:40;ATROPELLO;ATROPELLO CON PROYECCIÓN, CON LESIONES TRAUMÁTICAS GRAVES SEGUIDO DE POSTERIOR DECESO Y DAÑOS MATERIALES.;1;0;CAMINO VECINAL  DE IRRIGACIÓN SANTA ROSA A SAN GERÓNIMO - SAYÁN - HUAURA ;CURVA ESCORPIO;-11.230432;-77.377681;DESPEJADO;IMPRUDENCIA DEL CONDUCTOR;NO DAR PASO PREFERENTE AL PEATÓN;;NINGUNA
A-2021-06-256;19/06/2021;02:10;ATROPELLO;ATROPELLO CON PROYECCIÓN, CON CONSECUENCIA DE MUERTE PARA LA PERSONA DE MILNER MORALES SILVERA (36),  CON PARTICIPACIÓN DEL VEHICULO CATG. M3, CALSE III - OMNIBUS DE PLACA DE RODAJE D6X-967, CONDUCIDO POR LA PERSONA DE JULIO ROMÁN PAUCAR FRANCISCO (40).;1;0;KM. 98.604.60 DE LA CARRETERA PANAMERICANA NORTE - CHANCAY - HUARAL;PANAMERICANA NORTE CHANCAY;-11.578115;-77.262181;DESPEJADO;IMPRUDENCIA DEL PEATÓN;CRUCE INDEBIDO POR LA CALZADA;;NINGUNA
A-2021-06-257;23/06/2021;15:40;ATROPELLO FUGA;-;1;0;AV. 28 DE JULIO CDRA. 31 CERCADO DE LIMA;-;-12.060343;-77.0083172;DESPEJADO;NO IDENTIFICA LA CAUSA;;;
A-2021-06-258;23/06/2021;14:30;ATROPELLO FUGA;-;1;0;AV. CENTRAL CDRA. 01 ;-;-12.0251552;-76.9204075;DESPEJADO;IMPRUDENCIA DEL CONDUCTOR;CONDUCIR EN ESTADO DE EBRIEDAD Y/O DROGADICCIÓN;;EBRIEDAD DEL CONDUCTOR
A-2021-06-259;24/06/2021;18:30;CHOQUE;-;1;0;CALLE ALFA CDRA. 01/ CALLE BETA CDRA.01;-;-12.03730005;-76.93201594492336;NUBLADO;NO IDENTIFICA LA CAUSA;;;
A-2021-06-260;25/06/2021;12:30;ATROPELLO FUGA;-;1;0;CALZADA SUR DE LA VIA EVITAMIENTO;ALTURA DEL PARADERO ACHO;-12.04274739;-77.02300806760132;DESPEJADO;NO IDENTIFICA LA CAUSA;;;
A-2021-06-261;28/06/2021;09:00;CHOQUE;--;1;2;CARRETERA PANAMERICANA NORTE CON CALLE D;;-11.9249984;-77.07287307237524;DESPEJADO;NO IDENTIFICA LA CAUSA;;;
A-2021-06-262;28/06/2021;20:30;ATROPELLO FUGA;;1;0;VIA EVITAMIENTO KM 5.385;-;-12.03236526;-77.00653383140924;DESPEJADO;NO IDENTIFICA LA CAUSA;;;
A-2021-06-263;28/06/2021;23:00;ATROPELLO;-;1;0;AV. BRASIL CDRA. 09 BREÑA;-;-12.06845613;-77.04824710442705;DESPEJADO;NO IDENTIFICA LA CAUSA;;;
A-2021-06-264;29/06/2021;08:30;ATROPELLO FUGA;-;1;0;AV. VIRREYES CDRA 3 ALT. CLLE SAN CARLOS;-;-12.033213;-76.942706;DESPEJADO;NO IDENTIFICA LA CAUSA;;;
A-2021-06-265;30/06/2021;10:30;CHOQUE;-;1;0;AV. TUSILAGOS ;-;-12.012326;-77.011352;DESPEJADO;IMPRUDENCIA DEL CONDUCTOR;OTRO (IMPRUDENCIA DEL CONDUCTOR);;
A-2021-06-266;30/06/2021;19:15;CHOQUE;-;1;2;CARRETERA PANAMERICANA SUR KM 31.500;-;-12.28184;-76.88049;NUBLADO;IMPRUDENCIA DEL CONDUCTOR;CONDUCIR EN ESTADO DE EBRIEDAD Y/O DROGADICCIÓN;;
A-2021-06-267;30/06/2021;20:20;CHOQUE;-;1;0;AV. TUPAX AMARU CON LA AV. MAESTRO PERUANO;-;-11.9661628;-77.0559275;DESPEJADO;NO IDENTIFICA LA CAUSA;;;
A-2021-06-268;15/06/2021;06:00;CHOQUE;CHOQUE POSITIO;1;1;CARRETERA CARROZABLECASERIO DEL SAUCE ;HACIENDA PUEBLÑO NUEVO DEL SAUCE;-4.679770326;-80.0868020487453;DESPEJADO;;;;
A-2021-06-269;17/06/2021;05:00;ATROPELLO;ATROPELLO Y VOLCADURA;1;0;CARRETERA CARROZABLE CANAL DANIEL ESCOBAR;TRES COMPUERTAS - BELLAVISTA;-4.866312453;-80.61768646737686;NUBLADO;IMPRUDENCIA DEL CONDUCTOR;EXCESO DE VELOCIDAD;;EXCESO DE VELOCIDAD, FALTA DE REACCION 