COD_ACCIDE;FechaDelAccidente;HoraDelAccidente;ClaseDelAccidente;SecuenciaAccidente;CantidadDeFallecidos;CantidadDeLesionados;Direccion;LugarReferencia;y;x;CondClimatica;CausaFactorPrincipal;CausaEspecifica;OtraCausa;Observaciones
A-2021-06-27;07/06/2021;19:00;CHOQUE;POR ALCANCE;1;2;CARRETERA SANTANA CHIRI KM. 04;-;-13.832273;-76.171214;DESPEJADO;IMPRUDENCIA DEL CONDUCTOR;EXCESO DE VELOCIDAD;;
A-2021-06-270;01/06/2021;02:00;VOLCADURA;-;1;1;TROCHA SECTOR LONCH N° 1 CPN HUAYABAMBA-CAÑARIS;CARRETERA CAÑARIS;-6.065649;-79.426046;DESPEJADO;NO IDENTIFICA LA CAUSA;;;ACCIDENTE EN INVESTIGACION
A-2021-06-271;05/06/2021;19:30;ATROPELLO;;1;0;AV. NESTOR GAMBETTA DE NORTE A SUR ;ALT. EMPRESA FADESA OQUENDO;-11.96481625;-77.12666276482737;DESPEJADO;NEGLIGENCIA DEL CONDUCTOR;OTRO (NEGLIGENCIA DEL CONDUCTOR);MANEJO A LA DEFENSIVA ;PEATON EN ESTADO DE EBRIEDAD 
A-2021-06-272;27/06/2021;16:00;DESPISTE;FATAL, LESIONES PERSONALES Y DAÑOS MATERIALES;1;0;CARRETERA DE PENETRACIÓN JAQUI-LAYTARUMA KM. 03 450;---;-15.44864594;-74.4027313767021;DESPEJADO;NO IDENTIFICA LA CAUSA;;;
A-2021-06-278;08/06/2021;06:37;ESPECIAL;-;1;1;AVENIDA LAMBAYEQUE KM. 7.7;INMEDIACIONES DE LA FABRICA DE HIELO;-6.745098893;-79.8669147096859;LLUVIOSO;NO IDENTIFICA LA CAUSA;;;ACCIDENTE EN INVESTIGACION
A-2021-06-279;07/06/2021;15:30;CHOQUE;-;1;1;CARRETERA PANAMERICANA NORTE KM 832;;-6.4702476;-80.1128442;DESPEJADO;NO IDENTIFICA LA CAUSA;;;ACCIDENTE EN INVESTIGACION
A-2021-06-280;11/06/2021;06:15;CHOQUE;-;1;4;CARRETERA FERNANDO BELAUNDE TERRY KM 119 500;-;-6.002936;-79.168209;NUBLADO;NO IDENTIFICA LA CAUSA;;;ACCIDENTE DE TRANSITO EN INVESTIGACION
A-2021-06-281;13/06/2021;19:00;CHOQUE FUGA;VOLCADURA;1;0;CARRETERA JAEN SAN IGNACIO ;KM 22;-5.676544528;-78.77824641056534;NUBLADO;NO IDENTIFICA LA CAUSA;;;ACCIDENTE EN INVESTIGACION
A-2021-06-282;13/06/2021;21:15;CHOQUE FUGA;-;1;0;CARRETERA PENETRACION FERREÑAFE BATAN GRANDE;A 100 METROS DEL CRUCE CASERIO PUENTE PIEDRA;-6.480815579;-79.66632859822731;DESPEJADO;NO IDENTIFICA LA CAUSA;;;ACCIDENTE EN INVESTIGACION
A-2021-06-283;27/06/2021;06:00;CHOQUE;FRONTAL;1;1;AV. NICOLÁS DE PIÉROLA S/N ;A.H. LA CANDELARIA;-16.57889944;-72.71130139837734;DESPEJADO;NO IDENTIFICA LA CAUSA;;;
A-2021-06-284;16/06/2021;08:15;CHOQUE;DESPISTE;1;0;CARRETERA ANTIGUA PANAMERICANA NORTE;CPM LETICIA;-6.024251;-79.683434;DESPEJADO;NO IDENTIFICA LA CAUSA;;;ACCIDENTE EN INVESTIGACION
A-2021-06-285;17/06/2021;05:30;DESPISTE;-;1;0;CARRETERA DE PENETRACION MOCUPE-OYOTUN;INGRESO A OYOTUN;-6.862141175;-79.30387614648784;DESPEJADO;NO IDENTIFICA LA CAUSA;;;ACCIDENTE EN INVESTIGACION
A-2021-06-286;20/06/2021;19:20;CHOQUE;-;1;2;CARRETERA PANAMERICANA NORTE KM. 31 ;ALTURA PUENTE CHELE;-6.4166449;-79.8325378;DESPEJADO;NO IDENTIFICA LA CAUSA;;;ACCIDENTE EN INVESTIGACION
A-2021-06-287;22/06/2021;08:05;CHOQUE;-;1;0;CARRETERA PANAMERICAN NORTE KM. 33;-;-6.379078;-79.8114;NUBLADO;NO IDENTIFICA LA CAUSA;;;ACCIDENTE EN INVESTIGACION
A-2021-06-293;03/06/2021;04:40;ATROPELLO FUGA;;1;0;AV. ARGENTINA CON AV. ENRIQUE MEIGGS;;-12.04746289;-77.0874816745895;;;;;
A-2021-06-294;25/06/2021;05:35;CHOQUE;;1;0;AV. NESTOR GAMBETTA / AV. PEDRO BELTRAN ;ALTURA DE PLAZA VEA;-11.87306259;-77.12711328495267;DESPEJADO;NEGLIGENCIA DEL CONDUCTOR;OTRO (NEGLIGENCIA DEL CONDUCTOR);NEGLIGENCIA DEL CONDUCTOR DE LA UT1 CAMION ;NEGLIGENCIA DE LA UT-1 CAMION 
A-2021-06-295;18/06/2021;12:30;ATROPELLO;DESPISTE Y CHOQUE ;1;0;CARRETERA CENTRAL LA OROYA - JAUJA KM. 42 100;;-11.768112;-75.708467;DESPEJADO;IMPRUDENCIA DEL PEATÓN;ESTADO DE EBRIEDAD Y/O DROGADICCIÓN;;NINGUNA
A-2021-06-297;27/06/2021;16:15;CHOQUE;MUERTE;1;0;CARRETERA DE ACCESO AL CP DE JOLLUCO A BAOS - GRAN CHIMU;-;-7.557302;-78.720412;DESPEJADO;IMPRUDENCIA DEL CONDUCTOR;INVASIÓN DE CARRIL;;
A-2021-06-298;17/06/2021;08:45;VOLCADURA;DESPISTE TOTAL ;2;1;KM 268 300;CARRETERA AREQUIPA-JULIACA ;-15.6521981;-70.35858040240547;DESPEJADO;IMPRUDENCIA DEL CONDUCTOR;EXCESO DE VELOCIDAD;;NINGUNA 
A-2021-06-299;25/06/2021;15:30;DESPISTE;SUBSECUENTE VOLCADURA;1;1;CARRETERA QUE UNE MORROPON CON SANTO DOMINGO;ALTURA DEL CASERIO SAN MIGUEL;-5.034972439;-79.8578266567617;DESPEJADO;;;;
A-2021-06-30;09/06/2021;19:00;ATROPELLO;CONSECUENCIA FATAL;1;0;CARRETERA PANAMERICANA SUR KILOMETRO 940;HITO DE KILOMETRAJE 940, SANTA RITA DE SIGUAS;-16.4164454;-72.0415901;DESPEJADO;NO IDENTIFICA LA CAUSA;;;S/O
A-2021-06-300;22/06/2021;10:50;DESPISTE;VOLCADURA;1;1;KM 1257;CARRETERA JULIACA-CUSCO;-15.0972742;-70.3563098;DESPEJADO;NEGLIGENCIA DEL CONDUCTOR;CONDUCIR CON FALLAS DE NEUMÁTICOS;;NINGUNA 
A-2021-06-303;28/06/2021;12:30;DESPISTE;TOTAL;1;1;CARRETERA IMPERIAL-CHURCAMPA;KM. 28 310;-12.39026;-74.89023;DESPEJADO;NO IDENTIFICA LA CAUSA;;;FALTA DE DOCUMENTACION
A-2021-06-304;07/06/2021;09:10;CHOQUE;POR EMBISTE ;1;1;AVENIDA FRANCISCO CARLE CUADRA 08 - JAUJA ;;-11.784161;-75.482184;DESPEJADO;IMPRUDENCIA DEL CONDUCTOR;GIRAR IMPRUDENTEMENTE;;NINGUNA
A-2021-06-305;27/06/2021;03:45;DESPISTE;VOLCADURA CAÍDA DE PILOTO Y OCUPANTE CON SUBSECUENTE MUERTE DE OCUPANTE;1;0;PROLONGACION GRAU ;FRONTIS DE LA CASA DEL PERNO;-14.0611623;-75.7207144;DESPEJADO;NO IDENTIFICA LA CAUSA;;;
A-2021-06-306;21/06/2021;08:10;CHOQUE;-;1;0;CARRETERA PANAMERICANA NORTE CHICLAYO- LA VICTORIA;GRIFO Z;-6.813826;-79.829436;SOLEADO;NO IDENTIFICA LA CAUSA;;;ACCIDENTE EN INVESTIGACION
A-2021-06-307;12/06/2021;22:30;ATROPELLO;-;1;0;CARRETERA TUCUME;-;-6.4893174;-79.8574452;DESPEJADO;NO IDENTIFICA LA CAUSA;;;ACCIDENTE EN INVESTIGACION
A-2021-06-308;20/06/2021;23:30;CHOQUE;VOLCADURA;1;1;INTERSECCION DE LA AVENIDA MESONES MURO Y GARCILAZO DE LA VEGA;INSTITUCION EDUCATIVA ANTENOR ORREGO;-5.665668;-78.680329;DESPEJADO;NO IDENTIFICA LA CAUSA;;;ACCIDENTE EN INVESTIGACION
A-2021-06-309;23/06/2021;18:00;ATROPELLO;CHOQUE DESPISTE Y VOLCADURA ;1;0;CARRETERA CENTRAL MARGEN DERECHA KM. 84 100;;-11.82927446;-75.44316147;DESPEJADO;IMPRUDENCIA DEL CONDUCTOR;EXCESO DE VELOCIDAD;;NNGUNA
A-2021-06-31;06/06/2021;02:05;DESPISTE;;1;1;AV. NESTOR GAMBETTA ;CRUCE AV.TUMBES CON AV.VICTOR RAUL ;-11.85189518;-77.12801286450129;DESPEJADO;IMPRUDENCIA DEL CONDUCTOR;OTRO (IMPRUDENCIA DEL CONDUCTOR);VELOCIDAD NO APROPIADA;NINGUNA
A-2021-06-311;24/06/2021;17:50;ATROPELLO;-;1;0;KM 87 600;DESVIO CALAPUJA PUERTO MALDONADO;-14.674477;-70.366127;DESPEJADO;IMPRUDENCIA DEL PEATÓN;CRUCE INDEBIDO POR LA CALZADA;;NINGUNA 
A-2021-06-312;25/06/2021;14:40;CHOQUE;VOLCADURA;1;0;KM 58 560;JULIACA-CAMINACA;-15.38575494;-70.08964322148354;DESPEJADO;NEGLIGENCIA DEL CONDUCTOR;OTRO (NEGLIGENCIA DEL CONDUCTOR);AL CIRCULAR POR UN ESPACIO QUE NO LE CORRESPONDE ;NINGUNA 
A-2021-06-313;12/06/2021;23:30;ATROPELLO;-;1;1;AV. ANDRES AVELINO CACERES INTERSECCION CON AV. COUNTRY PIURA;FRENTE BOTICA FELICIDAD-BCP-INTERBANK;-5.182669;-80.631149;DESPEJADO;;;;
A-2021-06-315;21/06/2021;06:00;CHOQUE;CONSECUENCIA FATAL;1;0; CARRETERA CUSCO ABANCAY KM 930 700; ALTURA DEL PASAJE  SITUADO EN LA COMUNIDAD CAMPESINA DE YANAMA ZURITR;-13.489164;-72.240726;DESPEJADO;IMPRUDENCIA DEL CONDUCTOR;INVASIÓN DE CARRIL;;
A-2021-06-316;29/06/2021;08:00;CHOQUE;VOLCADURA;1;0;KM 00 280;ALTURA COMUNIDAD QUEHUARONY;-14.94426658;-69.86740881756783;DESPEJADO;IMPRUDENCIA DEL CONDUCTOR;CONDUCIR EN SENTIDO CONTRARIO;;NINGUNA
A-2021-06-317;23/06/2021;18:30;ATROPELLO;CONSECUENCIA FATAL;1;0;AV. ANTONIO IWAKI;CARRETERA PATRIA- PAUCARTAMBO;-12.90969356;-71.40412218989076;DESPEJADO;IMPRUDENCIA DEL CONDUCTOR;EXCESO DE VELOCIDAD;;
A-2021-06-319;22/06/2021;12:00;DESPISTE;DESPISTE Y VOLCADURA;1;0;PUENTE INTERNACIONAL - DISTRITO DE SUYO;ALTURA DEL KM 82 - 800 CASERIO EL PROGRESO;-4.576617439;-80.18218691777935;DESPEJADO;;;;
A-2021-06-320;21/06/2021;05:00;CHOQUE;CHOQUE FRONTAL;1;0;CARRETERA TAMBOGRANDE ;CASERIO CURMUY;-4.984016798;-80.61351827767209;DESPEJADO;;;;
A-2021-06-322;06/06/2021;10:40;CHOQUE;-;1;0;CARRETERA CAYALTI;-;-6.9093866;-79.5208461;DESPEJADO;NO IDENTIFICA LA CAUSA;;;ACCIDENTE EN INVESTIGACION
A-2021-06-323;07/06/2021;22:15;DESPISTE;-;1;0;CARRETERA CHICLAYO POMALCA;KM. 03;-6.770434;-79.7821;DESPEJADO;IMPRUDENCIA DEL CONDUCTOR;CONDUCIR EN ESTADO DE EBRIEDAD Y/O DROGADICCIÓN;;ACCIDENTE EN INVESTIGACION
A-2021-06-324;23/06/2021;17:00;CHOQUE;-;1;1;CARRETERA PANAMERICANA NORTE ANTIGUA ;OVALO MOCCE;-6.6813219;-79.9039121;DESPEJADO;NO IDENTIFICA LA CAUSA;;;ACCIDENTE EN INVESTIGACION
A-2021-06-325;28/06/2021;05:45;CHOQUE;-;2;0;CARRETERA PANAMERICAN NORTE ANTIGUA KM. 80 500;CP TONGORRAPE;-6.0373276;-79.677065;DESPEJADO;NO IDENTIFICA LA CAUSA;;;ACCIDENTE EN INVESTIGACION
A-2021-06-326;26/06/2021;22:20;ATROPELLO;-;1;0;CARRETERA LAMBAYEQUE CHICLAYO;KM. 773;-6.752748818;-79.86678567443747;DESPEJADO;IMPRUDENCIA DEL PEATÓN;ESTADO DE EBRIEDAD Y/O DROGADICCIÓN;;
A-2021-06-327;05/06/2021;18:40;CHOQUE;CHOQUE POR EMBISTE LATERAL IZQUIERDO, CON CONSECUENCIA DE MUERTE Y DAÑOS MATERIALES.;1;0;KM.195.600 APROX. DE LA CARRETERA PANAMERICANA NORTE ;OVALO DE BARRANCA;-10.74335385;-77.74478858668942;DESPEJADO;IMPRUDENCIA DEL CONDUCTOR;GIRAR IMPRUDENTEMENTE;;NO HAY OBSERVACIONES
A-2021-06-328;20/06/2021;18:50;ATROPELLO FUGA;;1;0;CARRETERA CENTRAL JAUJA - TARMA KM. 12.500;;-11.6927491;-75.5640005;DESPEJADO;IMPRUDENCIA DEL PEATÓN;ESTADO DE EBRIEDAD Y/O DROGADICCIÓN;;NINGUNA 
A-2021-06-33;09/06/2021;18:00;DESPISTE;SUBSECUENTE CHOQUE Y VOLCADURA;1;1;AVENIDA RAUL MATA DE LA CRUZ;ALTURA DE LA CALLE N° 01.;-5.164;-80.64736333;DESPEJADO;;;;
A-2021-06-333;06/06/2021;17:00;DESPISTE;CON CONSECUENCIA DE MUERTE;1;0;CHIU CHUI KM.01.500;ENTRADA AL PUEBLO CHUI CHUI;-10.72998258;-77.73991223413996;NUBLADO;IMPRUDENCIA DEL CONDUCTOR;CONDUCIR EN ESTADO DE EBRIEDAD Y/O DROGADICCIÓN;;
A-2021-06-334;08/06/2021;17:24;CHOQUE;POR EMBISTE CENTRICO SEGUIDO DE APLASTAMIENTO ;1;0;CENTRO POBLADO PAMPA SAN ALEJO;PARQUE;-10.68736658;-77.67925674740714;SOLEADO;NO IDENTIFICA LA CAUSA;;;
A-2021-06-335;13/06/2021;18:50;CHOQUE;CON CONSECUENCIA DE MUERTE Y DAÑOS MATERIALES;1;0;CARRETERA PANAMERICA NORTE;GRIFO;-10.69683908;-77.7831887438248;DESPEJADO;IMPRUDENCIA DEL CONDUCTOR;EXCESO DE VELOCIDAD;;
A-2021-06-34;02/06/2021;14:25;ATROPELLO;-;1;0;JR JULIACA ;MERCADO VIRGEN DE LA CANDELARIA ;-14.32657047;-69.46594104727231;DESPEJADO;IMPRUDENCIA DEL PEATÓN;CRUCE INDEBIDO POR LA CALZADA;;NINGUNA 
A-2021-06-343;08/06/2021;05:00;DESPISTE;VOLCADURA;1;1;SECTOR PICCHU - COMUNIDAD DE HUASCATAY. DISTRITO DE PACOBAMBA;-;-13.5284151;-73.19722648326862;DESPEJADO;IMPRUDENCIA DEL CONDUCTOR;FATIGA Y/O CANSANCIO;;ACCIDENTE DE TRANSITO (DESPISTE Y VOLCADURA) CON SUBSECUENTE MUERTE DEL OCUPANTE Y LESIONES GRAVES DEL CONDUCTOR 
A-2021-06-344;04/06/2021;14:30;DESPISTE;DESPISTE- VOLCADURA, SEGUIDO DE LESIONES DE CONSECUENCIA FATAL Y DAÑOS MATERIALES ;1;0;CARRETERA AL C.P CHAUCHA - AMBO;S/N;-10.171337;-76.191515;DESPEJADO;NO IDENTIFICA LA CAUSA;;;SE ENCUENTRA A CARGO DE LA CIA AMBO
A-2021-06-345;10/06/2021;17:30;DESPISTE;DESPISTE- CHOQUE, VOLCADURA CAIDA  DE CONDUCTOR SEGUIDO DE APLASTAMIENTO - SOBRE PASO Y DAÑOS MATERIALES;1;0;CARRETERA LONGITUDINAL RUTA PE 18-A KM. 69.00 ;CHINCHAO - CARACOL;-9.711524;-76.094453;DESPEJADO;IMPRUDENCIA DEL CONDUCTOR;EXCESO DE VELOCIDAD;;S/O
A-2021-06-346;24/06/2021;13:40;DESPISTE;ACCIDENTE MIXTO - DESPISTE, VOLCADURA CAIDA DE CONDUCTOR, ATROPELLO POR ARRASTRE SEGUIDO DE LESIONBES Y SUBSECUENTE MUERTE ;1;0;CARRETERA HUANUCO - AMBO - PILLCO MARCA;INMEDIACIONES DEL PUENTE COLPA ALTA;-9.980643;-76.244816;DESPEJADO;IMPRUDENCIA DEL CONDUCTOR;ADELANTAR INDEBIDAMENTE;;S/O
A-2021-06-347;11/06/2021;04:30;CHOQUE;-;1;0;CARRETERA PANAMERICANA NORTE KM. 268 880;;-10.03702529;-78.16308242805525;DESPEJADO;NO IDENTIFICA LA CAUSA;;;NINGUNA
A-2021-06-348;12/06/2021;16:00;DESPISTE;SEGUIDO DE VOLCADURA;3;0;CARRETERA PENENTRACIÓN AL CASERIO CAURULLO KM.17 220;NINGUNA;-8.281153351;-77.9918369232945;DESPEJADO;NO IDENTIFICA LA CAUSA;;;NINGUNA
A-2021-06-349;20/06/2021;11:50;CHOQUE;FATAL;1;0;CARRETERA PANAMERICANA NORTE KM.414 500;NINGUNA;-9.277569417;-78.41736935898118;DESPEJADO;NO IDENTIFICA LA CAUSA;;;NINGUNA
A-2021-06-350;25/06/2021;09:30;DESPISTE;SEGUIDO DE CHOQUE;1;0;CARRETERA PENETRACIÓN CHIMBOTE - NEPEÑA  KM. 06 200;NINGUNA;-9.19011173;-78.35678506898871;DESPEJADO;NO IDENTIFICA LA CAUSA;;;NINGUNA
A-2021-06-354;18/06/2021;18:15;VOLCADURA;CHOQUE - ATROPELLO;1;0;CARRETERA DE PENETRACION SISA AGUA BLANCA. KM 2 500;ALTURA DEL CASIERÍO EL DORADO;-6.61632;-76.69797;SOLEADO;IMPRUDENCIA DEL CONDUCTOR;CONDUCIR EN ESTADO DE EBRIEDAD Y/O DROGADICCIÓN;;NINGUNA
A-2021-06-355;27/06/2021;02:00;CHOQUE;;1;0;AV. VIA DE EVITAMIENTO CDRA. 20;;-6.49826;-76.39229;DESPEJADO;IMPRUDENCIA DEL CONDUCTOR;CONDUCIR EN ESTADO DE EBRIEDAD Y/O DROGADICCIÓN;;NINGUNO
A-2021-06-356;30/06/2021;19:30;ATROPELLO;;1;0;JR. SAN MARTIN SN ;BARRIO PUNCHANA;-6.516202453;-76.74214138703812;SOLEADO;IMPRUDENCIA DEL PEATÓN;CRUCE INDEBIDO POR LA CALZADA;;NINGUNO
A-2021-06-357;20/06/2021;16:00;CHOQUE;SEGUIDO DE VOLCADURA Y FUGA;1;0;JR TUPAC AMARU CDRA 1 MORALES;;-6.4795;-76.38282;DESPEJADO;IMPRUDENCIA DEL CONDUCTOR;CONDUCIR EN SENTIDO CONTRARIO;;NINGUNA
A-2021-06-358;27/06/2021;17:30;ATROPELLO FUGA;;1;0;AV ELMER FAUCET CON AV CANADA ;;-11.99989364;-77.118705716;DESPEJADO;NEGLIGENCIA DEL CONDUCTOR;OTRO (NEGLIGENCIA DEL CONDUCTOR);IMPRUDENCIA;NINGUNA
A-2021-06-38;06/06/2021;09:00;DESPISTE;VOLCADURA;1;3;CARRETERA SAN MARTIN DE PARAS Y RURISH.;;-8.993671843;-77.18471988835631;SOLEADO;IMPRUDENCIA DEL CONDUCTOR;EXCESO DE VELOCIDAD;;
A-2021-06-39;06/06/2021;22:40;ATROPELLO;;1;0;CARRETERA MARCARA-CHANCOS;POYOR BAJO;-9.322398876;-77.59292062158866;DESPEJADO;;;;
A-2021-06-5;02/06/2021;17:30;CHOQUE;SUBSECUENTE VOLCADURA ;3;1;CARRETERA PANAMERICANA SUR KM. 1330 800;-;-18.265441;-70.31958;DESPEJADO;IMPRUDENCIA DEL CONDUCTOR;INVASIÓN DE CARRIL;;
A-2021-06-57;11/06/2021;15:20;CHOQUE;CONSECUENCIA FATAL;1;0;KILOMETRO 120.5 DE LA CARRETERA COSTANERA DEAN VALDIVIA - MEJIA ;CERCA DE IBERIA BAJA;-17.126998;-71.88132;DESPEJADO;NO IDENTIFICA LA CAUSA;;;S/O
A-2021-06-58;01/06/2021;16:30;DESPISTE;MUERTE;1;3;CARRETERA PAZ SECTOR LA LOMA EL CONDOR - ANEXO VIJUS;REFERENCIA QUEBRADA SAN MARCOS;-7.699621;-77.641074;DESPEJADO;IMPRUDENCIA DEL CONDUCTOR;INVASIÓN DE CARRIL;;ACCION OPERATIVA DEL CONDUCTOR DE LA MOTOCICLETA NO IDENTIFICADA, AL DESPLAZARSE POR EL CENTRO DE LA CALZADA O PORCION CIRCULABLE
A-2021-06-59;03/06/2021;01:15;ATROPELLO FUGA;MUERTE;1;0;CARRETERA PANAMERICANA NORTE ALTURA DEL KM 630 ;LAVADERO ULISES - PAIJAN;-7.720955;-79.308816;DESPEJADO;IMPRUDENCIA DEL PEATÓN;CRUCE INDEBIDO POR LA CALZADA;;
A-2021-06-62;04/06/2021;06:15;ATROPELLO FUGA;-;1;0;CARRETERA PANAMERICNA NORTE KM. 737;CARRETERA MOCUPE;-7.053486485;-79.57466683493602;DESPEJADO;NO IDENTIFICA LA CAUSA;;;
A-2021-06-65;03/06/2021;19:45;DESPISTE;MUERTE;1;2;CARRETERA PANAMERICANA NORTE ALTURA DEL KM. 617.5;ROTONDA EN SENTIDO DE SUR A NORTE - CHOCOPE;-7.792066;-79.212409;DESPEJADO;NEGLIGENCIA DEL CONDUCTOR;CONDUCIR CON FALLAS DE FRENOS;;
A-2021-06-73;14/06/2021;13:15;CHOQUE;DESPISTE;1;1;KILOMETRO 948 DE LA CARRETERA PANMERICANA SUR;HITO 948;-16.436571;-71.995343;;;;;
A-2021-06-74;11/06/2021;09:00;CHOQUE;CAÍDA Y APLASTAMIENTO;1;0;AV. CAMIONES DEL INCA Y EL JR. LOS ALGUACILES;-;-12.12893925;-76.98157574472145;DESPEJADO;IMPRUDENCIA DEL CONDUCTOR;OTRO (IMPRUDENCIA DEL CONDUCTOR);;
A-2021-06-75;12/06/2021;16:00;DESPISTE;;1;0;AGOMARCA BAJO;-----------;-6.68773646;-78.52404445;NUBLADO;;;;
A-2021-06-77;03/06/2021;02:50;DESPISTE;MUERTE;1;8;CARRETERA DE LAS PAMPAS DE HUAGUIL;-;-7.814912;-77.78488;DESPEJADO;NO IDENTIFICA LA CAUSA;;;
A-2021-06-78;06/06/2021;22:10;CHOQUE;MUERTE;1;0;CARRETERA PANAMERICANA NORTE ALTURA DEL KM. 582.3;ALTURA DEL BAHIA ROSA;-8.048334;-79.086153;DESPEJADO;IMPRUDENCIA DEL CONDUCTOR;CONDUCIR EN SENTIDO CONTRARIO;;
A-2021-06-79;08/06/2021;16:30;DESPISTE;MUERTE;18;5;CARRETERA DE PENETRACION A RETAMAS ;SECTOR BALCON DEL DIABO O CURVA DEL DIABLO ;-7.891157;-77.629046;LLUVIOSO;IMPRUDENCIA DEL CONDUCTOR;EXCESO DE VELOCIDAD;;
A-2021-06-8;01/06/2021;21:45;CHOQUE;CON EMBISTE;1;0;INTERSECCION AV.15 DE AGOSTO CON JR. JAIME TRONCOSO;CRUCE  DE AVENIDAS ;-12.58983183;-69.18871916901787;;;;;
A-2021-06-80;09/06/2021;18:45;DESPISTE;VOLCADURA;1;1;CARRETERA HUARI-SAN MARCOS;LUGAR DENOMINADO CARMEN CHACA;-9.482074352;-77.1422084865017;DESPEJADO;IMPRUDENCIA DEL CONDUCTOR;EXCESO DE VELOCIDAD;;
A-2021-06-81;09/06/2021;11:00;CHOQUE;MUERTE;1;2;CARRETERA PANAMERICANA NORTE ALTURA DEL KM. 613;-;-7.804772;-79.193644;DESPEJADO;NO IDENTIFICA LA CAUSA;;;
A-2021-06-84;13/06/2021;11:00;ATROPELLO FUGA;MUERTE;1;0;CARRETERA PANAMERICANA NORTE ALTURA DEL KM. 576.6;-;-8.089253;-79.09689;DESPEJADO;NO IDENTIFICA LA CAUSA;;;
A-2021-06-87;13/06/2021;03:00;DESPISTE;VOLCADURA, CAIDA, APLASTAMIENTO CON SUBSECUENTE FUGA.;1;0;CARRETERA  PANAMERICANA NORTE PIURA - SULLANA.;KM. 1018, ALTURA DEL CASERIO LAS VEGAS.;-5.046088;-80.70223;DESPEJADO;;;;
A-2021-06-89;14/06/2021;20:30;ATROPELLO FUGA;;1;0; KM.08 20;;-7.0983;-78.559943;DESPEJADO;NO IDENTIFICA LA CAUSA;;;
A-2021-06-9;03/06/2021;15:40;DESPISTE;CON CONSECUENCIA FATAL;1;1;CARRETERA DE PENETRACIÓN AL VALLE MONZÓN;A 200 METROS DEL CENTRO POBLADO SACHAVACA;-9.23654;-76.08865;DESPEJADO;IMPRUDENCIA DEL CONDUCTOR;EXCESO DE VELOCIDAD;;NINGUNA
A-2021-07-10;04/07/2021;19:00;ATROPELLO;;1;0;AV.NESTOR GAMBETTA KM 15;REFINERIA PAMPILLA;-11.91581239;-77.12852595735622;DESPEJADO;IMPRUDENCIA DEL CONDUCTOR;OTRO (IMPRUDENCIA DEL CONDUCTOR);VELOCIDAD NO APROPIADA;NINGUNA
A-2021-07-101;18/07/2021;23:00;ATROPELLO FUGA;CON PROYECCION;1;0;KILOMETRO 48 DE LA CARRETERA AREQUIPA PUNOA;ASOCIACION CAMINEROS OBREROS;-16.3122898;-71.6097602;DESPEJADO;NO IDENTIFICA LA CAUSA;;;S/O
A-2021-07-102;03/07/2021;10:30;CHOQUE;VOLCADURA;1;4;CARRETERA JAEN SAN IGNACIO;KM. 36 492;-5.598685;-78.781379;SOLEADO;IMPRUDENCIA DEL CONDUCTOR;EXCESO DE VELOCIDAD;;ACCIDENTE EN INVESTIGACION
A-2021-07-103;12/07/2021;22:50;ATROPELLO FUGA;-;1;0;CARRETERA PANAMERICANA NORTE  LAMBAYEQUE;KM. 794;-6.7432016;-79.8756589;DESPEJADO;NO IDENTIFICA LA CAUSA;;;ACCIDENTE EN INVESTIGACION
A-2021-07-105;13/07/2021;19:10;CHOQUE;CHOQUE POR EMBISTE Y VOLCADURA;1;0;JR. LOS CETICOS CON JR. SAN FERNANDO;POR EL COLEGIO SAN FERNANDO;-8.399637781;-74.53477976385207;DESPEJADO;IMPRUDENCIA DEL CONDUCTOR;OTRO (IMPRUDENCIA DEL CONDUCTOR);CONDUCIR MIENTRAS SUMINISTRABA MEDICAMENTOS, HECHO QUE CAUSAN EFECTOS SECUNDARIOS, FALTA DE CONOCIMIENTO DE LAS NORMAS DE TRANSITO AL NO SER TITULAR DE UNA LICENCIA QUE LE FACULTE EL MANEJO DE MOTOCICLETA.;"CONDUCTOR DE LA UT-1 SIN PRESENCIA DE ALCOHOL  0.00 G/L ; Y EL CONDUCTOR DE LA UT-2 SIN PRESENCIA DE ALCOHOL DE 0.00 G/L."
A-2021-07-106;15/07/2021;15:10;DESPISTE;CON CONSECUENCIA FATAL;1;1;CARRETERA FERNANDO BELAUNDE TERRY KM 465  300;CRUCE CARRETERA AL DISTRITO YURACYACU;-6.031427;-77.206819;DESPEJADO;NEGLIGENCIA DEL CONDUCTOR;OTRO (NEGLIGENCIA DEL CONDUCTOR);;
A-2021-07-108;16/07/2021;08:00;CHOQUE;EL ACCIDENTE SE PRODUJO EN LA INTERSECCION DE JR. JAIME TRONCOSO DONDE AMBOS VEHICULOS IMPACTAN CANSANDO DAÑOS FISICOS ASI COMO TAMBIEN DAÑOA MATERIALES ;1;0;INTERSECCIÓN DEL JR. JAIME TRONCOSO CON JR. PARDO DE MIGUEL - PUERTO MALDONADO;A DOS CUADRAS DE LA USE;-12.58620888;-69.19292979405877;;;;;
A-2021-07-109;19/07/2021;04:40;DESPISTE;VOLCADURA;1;1;AV. ATAHUALPA. ALTURA DEL KM. 03 DE LA CARRETERA CAJAMARCA - BAÑOS DEL INCA;;-7.16536638;-78.4903542;DESPEJADO;IMPRUDENCIA DEL CONDUCTOR;CONDUCIR EN ESTADO DE EBRIEDAD Y/O DROGADICCIÓN;;