COD_ACCIDE;FechaDelAccidente;HoraDelAccidente;ClaseDelAccidente;SecuenciaAccidente;CantidadDeFallecidos;CantidadDeLesionados;Direccion;LugarReferencia;y;x;CondClimatica;CausaFactorPrincipal;CausaEspecifica;OtraCausa;Observaciones
A-2021-07-11;01/07/2021;20:30;VOLCADURA;-;1;0;CARRETERA PANAMERICANA SUR KM. 8.500 ALT. PTE BENAVIDES;-;-12.13216495;-76.97838078248924;DESPEJADO;IMPRUDENCIA DEL PEATÓN;OTRO (IMPRUDENCIA DEL PEATÓN);;
A-2021-07-110;14/07/2021;08:30;ESPECIAL;-;1;0; CP. PUMACHUCO ;PLAZA DE ARMAS PUMACHUCO ;-13.33448;-73.737493;DESPEJADO;IMPRUDENCIA DEL CONDUCTOR;NO DAR PASO PREFERENTE AL PEATÓN;;VIA EN MANTENIMIENTO SIN SEÑALIZACIÓN 
A-2021-07-111;17/07/2021;04:30;DESPISTE;CON VOLCADURA EN TONEL UN CUARTO;1;0;VÍA LIBERTADORES;KM. 173 800 (SAN FELIPE-PILPICHACA-HUAYTARA);-13.45216722;-74.9973989385413;NUBLADO;NO IDENTIFICA LA CAUSA;;;FALTA DE DOCUMENTACION
A-2021-07-112;18/07/2021;19:00;DESPISTE;;1;0;CARRETERA UTICYACU - SANGACHE. ALTURA DEL KM.4 500; (REF. DESVÍO A SANGACHE);-6.609316;-78.772981;DESPEJADO;NEGLIGENCIA DEL CONDUCTOR;CONDUCIR CON FALLAS DE FRENOS;;
A-2021-07-116;09/07/2021;00:55;ATROPELLO FUGA;;1;0;ALTURA DEL LUGAR DENOMINADO CONGABLANCA;;-6.5754156;-78.63548693;DESPEJADO;NO IDENTIFICA LA CAUSA;;;
A-2021-07-12;02/07/2021;15:30;ATROPELLO;-;1;0;CARRETERA PANAMERICANA NORTE KM. 18.400;-;-11.967712;-77.067618;DESPEJADO;NO IDENTIFICA LA CAUSA;;;
A-2021-07-120;02/07/2021;17:00;CHOQUE;FRONTAL EXCENTRICO IZQUIERDO SEGUIDO DE ALCANCE CENTRICO.;1;0;CARRETERA HUANCAYO -AYACUCHO.;KM. 274 680 DISTRITO DE ANCO -CHURCAMPA-HUANCAVELICA;-12.68507964;-74.5864762496305;DESPEJADO;NO IDENTIFICA LA CAUSA;;;FALTA DE DOCUMENTACION
A-2021-07-123;24/07/2021;18:30;ATROPELLO FUGA;-;1;0;CARRETERA YUNGUYO-UNICACHI ;INGRESO AL CP VILLA POCCONA;-16.25049677;-69.0628844972651;DESPEJADO;NO IDENTIFICA LA CAUSA;;;
A-2021-07-124;24/07/2021;21:00;ATROPELLO;;1;0;AV. ALAMEDA CENTRAL VILLAS DE OQUENDO MZ N LT.2 ;;-11.98921777;-77.13327621323725;DESPEJADO;IMPRUDENCIA DEL PEATÓN;ESTADO DE EBRIEDAD Y/O DROGADICCIÓN;;PEATON EN ESTADO DE EBRIEDAD
A-2021-07-125;22/07/2021;05:25;CHOQUE; (FRONTAL) CONSECUENCIA FATAL Y DAÑOS MATERIALES;1;0;CARRETERA SECHURA- VICE ALTURA DEL KM 95;ALTURA DEL KM 95 CASERIO CHUSIS;-5.5149555;-80.8180217;DESPEJADO;;;;
A-2021-07-13;02/07/2021;15:00;CHOQUE;-;1;1;AV. 12 DE OCTUBRE CON JR. CARHUARAZO;-;-12.196577;-76.990935;DESPEJADO;NO IDENTIFICA LA CAUSA;;;
A-2021-07-131;25/07/2021;04:15;CHOQUE;;1;1;CARRETERA TACNA - TARATA KM. 13 600;;-17.912879;-70.25429;NIEBLA;IMPRUDENCIA DEL CONDUCTOR;INVASIÓN DE CARRIL;;
A-2021-07-132;04/07/2021;13:31;CHOQUE;CONSECUENCIA FATAL;1;0;SECTOR DE PARAQQEPATA; A LA ALTURA DEL GRIFO;-14.4832;-71.255;DESPEJADO;IMPRUDENCIA DEL CONDUCTOR;INVASIÓN DE CARRIL;;NINGUNA
A-2021-07-133;11/07/2021;05:20;ATROPELLO;CONSECUENCIA FATAL;1;0;CARRETERA CUSCO URCOS;SECTOR ANGOSTURA;-13.555456;-71.856487;DESPEJADO;IMPRUDENCIA DEL CONDUCTOR;EXCESO DE VELOCIDAD;;
A-2021-07-134;10/07/2021;07:45;DESPISTE;CONSECUENCIA FATAL;1;0;CARRETERA DE ACCESO  QUISINSAYA- CCATCCA;ALTURA DEL KILOMETRO 20 DEL DISTRITO DE CCATCCA;-13.537243;-71.499815;DESPEJADO;IMPRUDENCIA DEL CONDUCTOR;EXCESO DE VELOCIDAD;;
A-2021-07-136;01/07/2021;01:30;ATROPELLO FUGA;CONSECUENCIA FATAL;1;0;CARRTERA SICUANI JULIACA;SECTOR DENOMINADO CHOSECANI KM 1123 32;-14.36536;-71.15689;DESPEJADO;IMPRUDENCIA DEL CONDUCTOR;EXCESO DE VELOCIDAD;;
A-2021-07-137;21/07/2021;13:15;CHOQUE;SUBSECUENTE MUERTE;1;0;INTERSECCION DE LA AVENIDA 3 DE OCTUBRE CON CALLE MUNICIPAL;INSTITUCION EDUCATIVA CORONEL LEONCIO PRADO;-16.3632625;-72.1897345;DESPEJADO;NO IDENTIFICA LA CAUSA;;;S/O
A-2021-07-138;24/07/2021;16:40;CHOQUE;CON VOLCADURA PARA UNA DE LAS UNIDADES VEHICULARES;1;0;KILOMETRO 962.650 DE LA CARRETERA PANAMERICANA SUR;HITO DE KILOMETRAJE 963;-16.4900947;-71.8785765;DESPEJADO;NO IDENTIFICA LA CAUSA;;;S/O
A-2021-07-139;25/07/2021;10:45;ATROPELLO;APLASTAMIENTO;1;0;ASOCIACION APIPA SECTOR IV GRUPO II MANZANA N LOTE 10 A;SECTOR IV APIPA;-16.324676;-71.610712;DESPEJADO;NO IDENTIFICA LA CAUSA;;;S/O
A-2021-07-14;03/07/2021;01:12;CHOQUE;-;1;0;AV. GRAU Y LA AV. MANCO CAPAC;-;-12.05924224;-77.02981069274405;DESPEJADO;IMPRUDENCIA DEL CONDUCTOR;CONDUCIR EN ESTADO DE EBRIEDAD Y/O DROGADICCIÓN;;
A-2021-07-140;26/07/2021;18:00;ATROPELLO FUGA;-;1;0;CARRETERA INTEROCEANICA PUNO-MOQUEGUA KM 40;-;-16.15886425;-70.0763590190361;DESPEJADO;NO IDENTIFICA LA CAUSA;;;FALTA UNO DE LOS ELEMNTOS DE TRANSITO, QUE NO NOS PERMITE DETERMINAR FEHACIENTEMENTE LAS CUSAS QUE DIERON LUGAR O MOTIVARON EL DESARROLLO DEL HECHO DEL ACCIDENTE DE TRANSITO.
A-2021-07-141;06/07/2021;06:20;DESPISTE;VOLCADURA;2;0;SECTOR HUAYRAPATA VILLA HUARURUNI;SAN JUAN DEL ORO-SAN PEDRO DE PUTINA PUNCO;-14.21137797;-69.1442638354776;DESPEJADO;NEGLIGENCIA DEL CONDUCTOR;OTRO (NEGLIGENCIA DEL CONDUCTOR);AL DESPLAZAR SU UNIDAD VEHICULAR A UNA VELOCIDAD CONSTANTE EN ACELERACION;NINGUNA
A-2021-07-142;26/07/2021;14:00;CAÍDA DE PASAJERO;SEGUIDO DE ATROPELLO;1;0;SECTOR EL COLORADO;DELIMITACION AYACUCHO ICA;-14.2133552;-75.0935328;DESPEJADO;NO IDENTIFICA LA CAUSA;;;
A-2021-07-143;25/07/2021;16:30;DESPISTE;TOTAL  ;1;1;CARRETERA CHINCHA-HUANCAVELICA;KM. 50 (ANEXO DE MARCAS-HUACHOS);-13.36776;-75.753572;DESPEJADO;NO IDENTIFICA LA CAUSA;;;FALTA DE DOCUMENTACION
A-2021-07-145;27/07/2021;17:20;DESPISTE;VOLCADURA;1;1;CARRETERA DE PENETRACIÓN HUARAZ - PATIVILCA KM 88 500;;-10.15344846;-77.43872082583397;DESPEJADO;IMPRUDENCIA DEL CONDUCTOR;EXCESO DE VELOCIDAD;;NINGUNA
A-2021-07-146;06/07/2021;10:00;DESPISTE;DESPISTE TOTAL, SEGUIDO DE CHOQUE CON CONSECUENCIA FATAL;2;2;CARRETERA DE PENETRACION RIO SECO - SAYAN KM. 30.165.60 - LA MERCED - IRIGACION SANTA ROSA - SAYAN;LA MERCED - IRRIGACION SANTA ROSA.;-11.19110036;-77.30334008873774;DESPEJADO;IMPRUDENCIA DEL CONDUCTOR;EXCESO DE VELOCIDAD;;"LA ACTITUD IMPRUDENTE Y TEMERARIO DE LA PERSONA DE ELVIS ESPIRITU RAMOS (27), CONDUCTOR DEL VEHÍCULO, CATG. M1, CLASE AUTOMÓVIL DE PLACA DE RODAJE B0W-206 (UT-1), AL HABER CONDUCIDO SU VEHÍCULO A UNA VELOCIDAD MAYOR A LOS 100 KM/HR., SIENDO ESTA UNA EXCESIVA VELOCIDAD PARA ESTE TIPO DE VÍA, ELLO AUNADO A LA FALTA DE CUIDADO Y PREVENCIÓN; OCASIONANDO QUE EN MOMENTO DADO PERDIERA EL CONTROL DE MARCHA DEL VEHÍCULO, ADOPTANDO UNA TRAYECTORIA EN DIAGONAL INICIALMENTE HACIA EL CARRIL DE CIRCULACIÓN SUR, SITUACIÓN QUE GÉNERO EN EL CONDUCTOR DE LA MÓVIL, EFECTUAR DOBLE MANIOBRA EVASIVA (VIRAJE HACIA LA DERECHA Y FRENADO), CON LA FINALIDAD DE RECOBRAR SU CARRIL DE CIRCULACIÓN NORMAL Y TRAYECTORIA DE MARCHA, LO CUAL NO RESULTO EFICAZ Y OPORTUNO; SIENDO EVIDENTE QUE IGNORO POR COMPLETO EL PRINCIPIO DE SEGURIDAD, HABIENDO EXPUESTO AL PELIGRO SU PROPIA INTEGRIDAD FÍSICA Y LA DE SUS TRES (03) OCUPANTES, DANDO INICIO A LO ACONTECIDO."
A-2021-07-147;14/07/2021;23:00;ATROPELLO FUGA;ATROPELLO CON CONSECUENCIA DE MUERTE Y FUGA DEL CONDUCTOR Y VEHICULO PARTIICPANTE;1;0;KM. 143 DE LA CARRETERA PANAMERICANA NORTE - HUACHO;INGRESO A LA ZONA DE DESCARGUE DE RESIDUOS SOLIDOS ;-11.15925574;-77.59199499462859;;;;;
A-2021-07-148;18/07/2021;19:20;CHOQUE FUGA;CHOQUE POR ALCANCE CON LESIONES TRAUMATICAS GRAVES, FUGA DE CONDUCTOR Y EL VEHICULO PARTIICPANTE, POSTERIOR DECESO DEL CONDUCTOR;1;1;KM. 171.800 DE LA CARRETERA PANAMERICANA NORTE - VEGUETA;ALTURA DEL CC.PP. MEDIO MUNCO;-10.92706561;-77.6518670560507;;;;;
A-2021-07-149;01/07/2021;02:30;CHOQUE CON OBJETO FIJO;DESPISTE TOTAL SEGUIDO DE CHOQUE;1;0;AV. LOS NATURALES ;DESPISTE, SEGUIDO DE CHOQUE CON LESIONES TRAUMATICAS GRAVES Y POSTERIOR DECESO ;-11.48473497;-77.20606663562256;;;;;
A-2021-07-15;03/07/2021;19:40;CHOQUE;-;1;2;AV. SANTA ROSA CON CALLE MARIE CURIE;-;-12.064744;-76.978404;DESPEJADO;NO IDENTIFICA LA CAUSA;;;
A-2021-07-150;25/07/2021;20:20;ATROPELLO FUGA;ATROPELLO CON CONSECUENCIA FATAL Y FUGA DEL VEHICULO Y CONDUCTOR CAUSANTE DEL EVENTO;1;0;KM. 9.300 DE LA CARRETERA DE PENETRACION ALBERTO FUJIMORI - HUARAL - ACOS;ALTURA CC.PP. EL TRES ;-11.4642792;-77.14083009373078;;;;;
A-2021-07-151;09/07/2021;18:00;ATROPELLO FUGA;-;1;0;KM 35 677;CALAPUJA-PUERTO MALDONADO;-15.017495;-70.1798524;DESPEJADO;IMPRUDENCIA DEL CONDUCTOR;OTRO (IMPRUDENCIA DEL CONDUCTOR);LA ACCION DEL CONDUCTOR NO IDENTIFICADO, AL DESPLAZAR SU UNIDAD SIN RECONOCER LOS RIESGOS ;NINGUNA 
A-2021-07-152;28/07/2021;05:20;CHOQUE;FRONTAL;1;0;CARRETETA PANAMERICA SUR PUNO-JULI KM 1426 500;A 300 METROS DEL GRIFO PECSA;-16.15732495;-69.55000696037474;DESPEJADO;NEGLIGENCIA DEL CONDUCTOR;OTRO (NEGLIGENCIA DEL CONDUCTOR);CONDUCIR UN VEHICULO SIN COMBUSTIBLE;NEGLIGENCIA DE LA TRIMOTO CARGA.
A-2021-07-153;19/07/2021;08:35;CHOQUE;MUERTE;1;1;CARRETERA PANAMERICANA NORTE ALTURA DEL KM. 680;FRENTE AL GRIFO PRIMAX;-7.414561;-79.549833;DESPEJADO;IMPRUDENCIA DEL CONDUCTOR;ADELANTAR INDEBIDAMENTE;;
A-2021-07-154;28/07/2021;05:30;DESPISTE;VOLCADURA;3;0;CARRETERA CARROZABLE CARHUAZ -PUNYA;LUGAR DENOMINADO TUNASIRCA;-9.207732431;-77.63688304644421;DESPEJADO;IMPRUDENCIA DEL CONDUCTOR;;;EN INVESTIGACIÓN
A-2021-07-155;18/07/2021;17:00;DESPISTE;MUERTE;1;0;CARRETERA DE ACCESO DE SANTIAGO DE CHUCO - TRUJILLO ;ALTURA DE LA PEÑA DEL AGUILA;-8.152446;-78.172287;DESPEJADO;IMPRUDENCIA DEL CONDUCTOR;OTRO (IMPRUDENCIA DEL CONDUCTOR);CONDUCIR A UNA ALTA VELOCIDAD ;
A-2021-07-156;24/07/2021;04:10;ATROPELLO;MUERTE;1;1;CARRETERA PANAMERICANA NORTE ALTURA DEL KM. 714.850;-;-7.17782;-79.437801;DESPEJADO;IMPRUDENCIA DEL CONDUCTOR;OTRO (IMPRUDENCIA DEL CONDUCTOR);INVADIR BERMA DE L AV. FLORES S/N;
A-2021-07-157;24/07/2021;11:00;DESPISTE;MUERTE;2;0;CARRETERA HUAMACHUCO - TRUJILLO ALTURA DEL KM. 165.4;-;-7.879601;-78.115746;DESPEJADO;IMPRUDENCIA DEL CONDUCTOR;GIRAR IMPRUDENTEMENTE;;
A-2021-07-158;12/07/2021;12:00;DESPISTE;COSECUENSIA FATAL;1;0;COMUNIDAD CAMPESINA DE PAMPALLACTA;CARRETERA A LA CUMUNIDAD TTIO GRANDE DISTRITO Y PROVINCIA DE CALCA;-13.24952;-71.89265;DESPEJADO;IMPRUDENCIA DEL CONDUCTOR;EXCESO DE VELOCIDAD;;
A-2021-07-159;22/07/2021;05:00;DESPISTE;CONSECUENCIA FATAL;1;0;VIA INTEROCEANICA  CUSCO PUERTO MALDONADO;ALTURA DEL KILOMETRO108;-13.60481;-71.05254;DESPEJADO;IMPRUDENCIA DEL CONDUCTOR;FATIGA Y/O CANSANCIO;;NINGUNA
A-2021-07-16;03/07/2021;22:00;ATROPELLO;-;1;0;AV. NICOLAS AYLLON 16040;-;-12.00750801;-76.85646207678862;DESPEJADO;IMPRUDENCIA DEL PEATÓN;ESTADO DE EBRIEDAD Y/O DROGADICCIÓN;;
A-2021-07-160;06/07/2021;19:58;CHOQUE;CONSECUENCIA FATAL;1;0;VIA DE EVITAMIENTO CASUARINAS;ALTURA DEL MAESTRO LIMITE ENTRE LOS DISTRITOS SAN SEBASTIAN Y SAN JERONIMO;-13.543829;-71.900762;DESPEJADO;IMPRUDENCIA DEL CONDUCTOR;INVASIÓN DE CARRIL;;NINGUNA
A-2021-07-166;29/07/2021;18:30;CHOQUE;Y FUGA;1;1;CARRETERA COATA-ILLPA KM 11 400;DISVIO AL CP CHICHERPAMPA;-15.61376325;-69.9810861654625;DESPEJADO;IMPRUDENCIA DEL CONDUCTOR;OTRO (IMPRUDENCIA DEL CONDUCTOR);INGRESAR IMPRUDENTEMENTE A LA VIA, SIN ADOPTAR NI VALORAR LOS RIESGOS PRESENTES Y POSIBLES ENEL MOMENTO Y CIRCUNSTANCIAS Y LUGAR.;
A-2021-07-169;04/07/2021;01:50;CHOQUE FUGA;NINGUNA;1;0;KM 001 - LOS MOROCHUCOS;CENTRO POBLADO HUALCHANCCA;-13.57731;-74.18991;DESPEJADO;IMPRUDENCIA DEL CONDUCTOR;EXCESO DE VELOCIDAD;;NINGUNA
A-2021-07-17;04/07/2021;03:30;VOLCADURA;-;1;0;CARRETERA PANAMERICANA SUR KM 8 500;-;-12.131299;-76.978347;DESPEJADO;NO IDENTIFICA LA CAUSA;;;
A-2021-07-170;28/07/2021;09:50;ATROPELLO;NINGUNA;1;0;CARRETERA HACIA OCOPA ; DISTRITO PACAYCASA ;-13.062846;-74.229671;DESPEJADO;NEGLIGENCIA DEL CONDUCTOR;OTRO (NEGLIGENCIA DEL CONDUCTOR);NO VALORO LOS RIESGOS;NINGUNA
A-2021-07-179;13/07/2021;11:00;ESPECIAL;-;1;0;SANTIAGO DE QUIRAHUARA CALLE JUNIN ;-;-14.0548579;-74.9788585;DESPEJADO;NO IDENTIFICA LA CAUSA;;;
A-2021-07-180;26/07/2021;20:20;DESPISTE;VOLCADURA;1;0;CARRETERA TACNA - TARATA KM 48 900;;-17.683828;-70.090605;DESPEJADO;IMPRUDENCIA DEL CONDUCTOR;CONDUCIR EN ESTADO DE EBRIEDAD Y/O DROGADICCIÓN;;
A-2021-07-181;03/07/2021;01:40;DESPISTE;CONSECUENCIA FATAL;1;0;CARRETERA SICUANI-LANGUI ALTURA DEL KM 29;SECTOR MARCCA-URINSAYA-LANGUI CURVA TIPO U CON PROMINENCIA ABIERFTA;-14.210094;-71.174294;DESPEJADO;NO IDENTIFICA LA CAUSA;;;
A-2021-07-183;10/07/2021;22:55;CHOQUE;CONSECUENCIA FATAL;1;0;RED VIAL NAZCA-CUSCO ALTURA DEL KM. 942 IZCUCHACA ANTA;ALTURA DEL KM 942;-13.463102;-72.147352;DESPEJADO;NEGLIGENCIA DEL CONDUCTOR;OTRO (NEGLIGENCIA DEL CONDUCTOR);ESTADO DE EBRIEDAD;
A-2021-07-184;23/07/2021;05:40;DESPISTE;A/T SIMPLE - DESPISTE TOTAL SUBSECUENTE DE VOLCADURA EN TONEL DERECHO ;1;0;JR. GUILLERMO SISLEY CUADRA N° 02;"FRENTE AL RESTOBAR ""LA FOGATA""";-8.378404392;-74.5382397939836;DESPEJADO;IMPRUDENCIA DEL CONDUCTOR;CONDUCIR EN ESTADO DE EBRIEDAD Y/O DROGADICCIÓN;;NINGUNA OBSERVACIÓN
A-2021-07-185;29/07/2021;13:30;DESPISTE;TOTAL Y ATROPELLO SEGUIDO DE CHOQUE;1;1;CARRETERA VIA LIBERTADORES DEL BARRIO RUMICHACA MZ.;KM. 196;-13.37192668;-74.9434985220271;DESPEJADO;NO IDENTIFICA LA CAUSA;;;FALTA DE DOCUMENTACION
A-2021-07-186;30/07/2021;14:21;CHOQUE;CONSECUENCIA FATAL, LESIONES Y DAÑOS MATERIALES;1;1;AV. MIRAFLORES C/N TUPAC ;TRIANGULO DE YARINACOCHA;-8.371674848;-74.55712254219883;DESPEJADO;IMPRUDENCIA DEL CONDUCTOR;OTRO (IMPRUDENCIA DEL CONDUCTOR);INGRESAR A UNA INTERSECCION CUANDO EL DERECHO DE PASO NO LE CONCEDIA (SEMAFORO EN LUZ ROJA );EL CONDUCTOR DE LA UT-1 (CAMION) NO ES TITULAR DE UNA LICENCIA DE CONDUCIR QUE LE FACULTE EL MANEJO DE LA CATEGORIA DE VEHICULO QUE ESTABA CONDUCIENDO AL MOMENTO DEL ACCIDENTE DE TRANSITO, EL CONDUCTOR DE LA UT-2 NO CUENTA CON LICENCIA DE CONDUCIR YA QUE ES MENOR DE EDAD (12AÑOS)
A-2021-07-187;25/07/2021;22:00;CHOQUE;DESPISTE ;1;4;KM 132 824;URB HABITAD;-15.54288785;-70.11173133097323;SOLEADO;IMPRUDENCIA DEL CONDUCTOR;EXCESO DE VELOCIDAD;;NINGUNA 
A-2021-07-188;11/07/2021;18:45;DESPISTE;CONSECUENCIA FATAL;1;1;TOCHA CARROZABLE YAURISQUE-SAYHUACALLA;SECTOR PORTO MOCO;-13.657442;-71.923325;DESPEJADO;NO IDENTIFICA LA CAUSA;;;
A-2021-07-189;04/07/2021;22:18;ATROPELLO FUGA;CONSECUENCIA FATAL;1;0;CARRETERA SICUANI-MARANGANI; INMEDIACIONES DE LA PLANTA DE GAS VJ-GAS;-14.305062;-71.210537;DESPEJADO;NO IDENTIFICA LA CAUSA;;;VEHÍCULO FUGADO
A-2021-07-190;11/07/2021;05:00;ATROPELLO FUGA;CONSECUENCIA FATAL;1;0;COMUNIDAD CAMPESINA DE CALLIPATA;COMUNIDAD CAMPESINA CALLIPATA;-13.1838992;-71.353975;DESPEJADO;NO IDENTIFICA LA CAUSA;;;
A-2021-07-191;26/07/2021;19:37;DESPISTE;CONSECUENCIA FATAL;1;0;SECTOR AGUAS ANTAS CENTRO POBLADO DE PATRIA;A UN KILOMETRO DEL CENTRO POBLADO DE PATRIA;-12.96180412;-71.4203391968539;LLUVIOSO;IMPRUDENCIA DEL CONDUCTOR;EXCESO DE VELOCIDAD;;
A-2021-07-192;27/07/2021;23:30;CHOQUE CON OBJETO FIJO;CONSECUENCIA FATAL;1;0;SECTOR DENOMINADO GALITOS DE LAS ROCAS;HOTEL SAN PEDRO;-12.951589;-71.416603;LLUVIOSO;NEGLIGENCIA DEL CONDUCTOR;OTRO (NEGLIGENCIA DEL CONDUCTOR);EXCESO DE CONFIANZA;
A-2021-07-193;27/07/2021;19:32;ATROPELLO FUGA;CONSECUENCIA FATAL;1;0;SECTOR DENOMINADO MARABAMBA;ALTURA DEL KILOMETRO  DEL DISTRITO 1010-ANDAHUAYLILLAS;-13.674539;-71.669498;DESPEJADO;NO IDENTIFICA LA CAUSA;;;
A-2021-07-194;30/07/2021;18:30;CHOQUE;FRONTAL;2;1;CARRETERA SAN MARCOS - SUCCHA;LUGAR DENOMINADO SHIQUIP;-9.458961063;-77.15569725611024;DESPEJADO;NO IDENTIFICA LA CAUSA;;;SE INVESTIGA
A-2021-07-195;19/07/2021;19:00;ATROPELLO;CON PROYECCION CON CONSECUENCIA FATAL,  LESIONES PERSONALES Y DAÑOS MATERIALES;1;0;CARRETERA COSTANERA SUR KM. 4.5;FRONTIS DE LA EMPRESA PROMASA ;-17.674146;-71.362063;DESPEJADO;IMPRUDENCIA DEL CONDUCTOR;OTRO (IMPRUDENCIA DEL CONDUCTOR);CONDUCIR SU UNIDAD VEHICULAR CON UNA DESATENCION EN EL OPERATIVO QUE REALIZABA  ;
A-2021-07-198;29/07/2021;15:00;CHOQUE;LATERAL;1;0;LUGAR DENOMINADO CCELLESQUINA ;CENTRO POBLADO BUENAVISTA DEL DISTRITO DE LIRCAY-ANGARAES;-13.088449;-74.622072;DESPEJADO;NO IDENTIFICA LA CAUSA;;;FALTA DE DOCUMENTACION
A-2021-07-199;18/07/2021;04:30;ATROPELLO;EL VEHÍCULO CATG. N3, CAMIONETA PICK UP, DE PLACA DE RODAJE S2B-881, SE DESPLAZABA POR LA CARRETERA PANAMERICANA NORTE, EN SENTIDO DE SUR A NORTE, AL LLEGA AL KM. 147.882.80, SE INTERPONE EN SU EJE DE MARCHA EL PEATÓN CHRISTIAN SANTIAGO JUSTINIANO ESPINOZA,  LLEGANDO A IMPACTARLO.;1;0;CARRETERA PANAMERICANA NORTE KM. 147.882.80;INGRESO AL AA.HH. ALBERTO FUJIMORI FUJIMORI;-11.11998171;-77.59402055291598;DESPEJADO;IMPRUDENCIA DEL PEATÓN;CRUCE INDEBIDO POR LA CALZADA;;SIN OBSERVACIONES
A-2021-07-202;28/07/2021;18:25;CHOQUE;VOLCADURA;1;0;KILOMETRO 41.720 DE LA CARRETERA COSTANERA;RIO TAMBO;-17.140725;-71.801246;DESPEJADO;NO IDENTIFICA LA CAUSA;;;S/O
A-2021-07-203;30/07/2021;01:48;CHOQUE;DESPISTE;1;0;VIA DE EVITAMIENTO ALTURA DE LA URBANIZACIÓN SANTA MARIA;TERMINAL PESQUERO;-16.344685;-71.581465;DESPEJADO;NO IDENTIFICA LA CAUSA;;;S/O
A-2021-07-204;25/07/2021;14:00;VOLCADURA;TONEL IZQUIERDO 1/1;1;0;CARRETERA QUE CONDUCE DEL CASERÍO CULDÉN AL CENTRO POBLADO UDIMA AYACOS. ALTURA DEL SECTOR ACEDÁN;;-6.73783804;-79.07124715;DESPEJADO;NO IDENTIFICA LA CAUSA;;;
A-2021-07-205;03/07/2021;15:00;CHOQUE;-;3;10;CARRETERA FERREÑAFE PITIPO;KM 20 181;-6.590189;-79.785812;DESPEJADO;NO IDENTIFICA LA CAUSA;;;ACCIDENTE EN INVESTIGACION
A-2021-07-206;27/07/2021;07:30;ATROPELLO FUGA;;1;0;AV. VICTOR RAUL AYA DE  LA TORRE CDA. 03;;-7.613195;-78.053616;DESPEJADO;NO IDENTIFICA LA CAUSA;;;
A-2021-07-207;29/07/2021;06:20;CHOQUE;POSTERIOR CON SUBSECUENTE VOLCADURA  Y DESPISTE.;1;0;CARRETERA PIURA - SULLANA;ALTURA DE LA EMPRESA MAQUINARIA PESADA;-5.144777;-80.697911;DESPEJADO;;;;
A-2021-07-208;27/07/2021;23:45;DESPISTE;SUBSECUENTE VOLCADURA.;1;0;CARRETERA QUE UNE VICE CON SECHURA ALTURA DEL CASERIO BECARA;ENTRE CASERIA EBCARA Y LITERA;-5.44151;-80.81274;DESPEJADO;;;;
A-2021-07-209;03/07/2021;20:30;CHOQUE;-;1;2;CARRETERA PANAMERICANA NORTE KM. 814;CARRETERA MORROPE;-6.572922915;-79.9909434882227;DESPEJADO;NO IDENTIFICA LA CAUSA;;;ACCIDENT EN INVESTIGACION
A-2021-07-21;05/07/2021;17:30;DESPISTE;ATROPELLO Y FUGA ;1;2;AV. 225 SECTOR B3 PACHACUTEC ;VENTANILLA ;-11.84620931;-77.13424790406403;DESPEJADO;NEGLIGENCIA DEL CONDUCTOR;OTRO (NEGLIGENCIA DEL CONDUCTOR);NO VALORAR ADECUADAMENTE LAS CONDICIONES IMPERANTES  EN LA VIA DE CIRCULACION;NINGUNA
A-2021-07-210;14/07/2021;09:00;DESPISTE;-;1;0;CARRETERA MOTUPE;-;-6.017674981;-79.68494826132546;DESPEJADO;IMPRUDENCIA DEL CONDUCTOR;EXCESO DE VELOCIDAD;;ACCIDENTE EN INVESTIGACION
A-2021-07-211;31/07/2021;22:30;VOLCADURA;-;1;0;ANDAHUAYLAS;PRIMERA CURVA KM 02 DE LA CARRETERA ANDAHUAYLAS - PAMPACHIRI;-13.665293;-73.383853;DESPEJADO;IMPRUDENCIA DEL CONDUCTOR;CONDUCIR EN ESTADO DE EBRIEDAD Y/O DROGADICCIÓN;;
A-2021-07-212;31/07/2021;12:40;CHOQUE;MUERTE;1;0;CARRETERA PANAMERICANA NORTE ALTURA DEL KM. 681;-;-7.397249;-79.557872;DESPEJADO;NO IDENTIFICA LA CAUSA;;;
A-2021-07-22;02/07/2021;18:00;DESPISTE;VOLCADURA;3;1;TROCHA CARROZABLE CHAPARRA-ALTO PERÚ;SECTOR CAMBIO BAJO;-15.73168;-73.821106;DESPEJADO;NO IDENTIFICA LA CAUSA;;;
A-2021-07-222;18/07/2021;15:20;CHOQUE;CON LESIONES GRAVES Y SEGUIDO DE MUERTE Y DAÑOS MATERIALES;1;2;CARRETERA PANAMERICANA NORTE ANTIGUA ;ALTURA  DE LA URB. LA FLORIDA;-10.73030408;-77.77765093308459;DESPEJADO;NO IDENTIFICA LA CAUSA;;;
A-2021-07-224;18/07/2021;08:30;DESPISTE;VOLCADURA ;1;4;CARRETERA HUANCAYO - HUAYTAPALLANA KM. 29 - ACOPALPA ;;-11.95518;-75.04378;DESPEJADO;IMPRUDENCIA DEL CONDUCTOR;GIRAR IMPRUDENTEMENTE;;NINGUNA 
A-2021-07-225;25/07/2021;01:00;CHOQUE;;1;0;CARRETERA CENTRAL KM. 24 200;;-11.133637;-75.991793;DESPEJADO;IMPRUDENCIA DEL CONDUCTOR;;;