COD_ACCIDE;FechaDelAccidente;HoraDelAccidente;ClaseDelAccidente;SecuenciaAccidente;CantidadDeFallecidos;CantidadDeLesionados;Direccion;LugarReferencia;y;x;CondClimatica;CausaFactorPrincipal;CausaEspecifica;OtraCausa;Observaciones
A-2021-07-226;07/07/2021;06:15;DESPISTE;FATAL;2;1;CARRETERA PALPACACHI ABANCAY;TOTORAMOCCO;-13.86392416;-72.50583311454133;DESPEJADO;NEGLIGENCIA DEL CONDUCTOR;OTRO (NEGLIGENCIA DEL CONDUCTOR);CRUCE DE ANIMALES;LA INVESTIGACION SE ENCNUETRA A ACARGO DEL S1 PNP ROGER QUISPE VELAZQUE
A-2021-07-227;12/07/2021;10:00;DESPISTE;VOLCADURA CON CONSECUCIA FATAL, LESIONES PERSONALES Y DAÑOS MATERIALES;2;2;TROCHA CARROZABLE CHAPARRA-AGUADITA RETORNO 9;SECTOR AGUADITA;-15.75;-73.787;DESPEJADO;NO IDENTIFICA LA CAUSA;;;
A-2021-07-228;13/07/2021;07:10;DESPISTE;FATAL;1;0;CARRETERA ANTABAMBA HUAQUIRCA;SECTOR DE HUAYLLAPATA CACHORO;-14.33865454;-72.90138831482322;DESPEJADO;NEGLIGENCIA DEL CONDUCTOR;OTRO (NEGLIGENCIA DEL CONDUCTOR);CANSANCIO;LA INVESTIGACION SE ENCUENTRA A CARGO DEL ST3 PNP RONALD LUQUE FLORES
A-2021-07-229;05/07/2021;21:20;ATROPELLO FUGA;-;1;0;AV. 12 OCTUBRE ALTURA DE LA MZ. N LOTE 05 URB. MIGUEL GRAU;-;-12.001002;-77.090998;DESPEJADO;NO IDENTIFICA LA CAUSA;;;
A-2021-07-23;05/07/2021;17:58;ATROPELLO;APLASTAMIENTO;1;0;AV EJERCITO CON AVENIDA CAYMA;TELEFONICA DEL PERU;-16.3895257;-71.5478585;DESPEJADO;NO IDENTIFICA LA CAUSA;;;SIN OBSERVACIONES
A-2021-07-231;06/07/2021;20:00;ATROPELLO FUGA;-;2;0;AV. CANTO GRANDE CDRA. 23 ALTURA DEL PARADERO 19A;;-11.990197;-77.015389;NUBLADO;IMPRUDENCIA DEL CONDUCTOR;EXCESO DE VELOCIDAD;;
A-2021-07-232;30/07/2021;15:40;ATROPELLO;VOLCADURA;1;1;CARRETERA ANTIGUA PANAMERICANA NORTE KM. 43;FUNDO GANDULES SAC;-6.336934793;-79.76568276892179;SOLEADO;IMPRUDENCIA DEL PEATÓN;CRUCE INDEBIDO POR LA CALZADA;;ACCIDENTE EN INVESTIGACION
A-2021-07-233;07/07/2021;11:30;CHOQUE;VOLCADURA , CAÍDA  Y ATROPELLO;1;0;AV. TRAPICHE INTERSECCIÓN CON AV. LOS INCAS ;-;-11.910779;-77.05586;NUBLADO;NO IDENTIFICA LA CAUSA;;;
A-2021-07-235;03/07/2021;12:19;DESPISTE;CAIDA;1;0;AV. GRAU CUADRA CINCO;ALTURA CLINICA AMERICAN CENTER - MANCORA;-4.104010281;-81.04727978228925;DESPEJADO;;;;
A-2021-07-236;11/07/2021;10:30;DESPISTE;CHOQUE CON SUBSECUENTE VOLCADURA, CHOQUE CON OBJETO FIJO;1;1;CARRETERA SAN GERMAN ;ALGARROBAL SECO ;-4.836673326;-80.8964646475364;DESPEJADO;;;;
A-2021-07-237;16/07/2021;14:45;ATROPELLO;ATROPELLO;1;0;CARRETERA PAIMAS - CRUCE DE SANTINES;ALTURA DEL CACERIO GUIR GUIR;-4.624891354;-79.95898957912434;DESPEJADO;;;;
A-2021-07-238;18/07/2021;12:31;CHOQUE;DESPISTE Y VOLCADURA;1;0;CARRETERA PANAMERICANA NORTE  EL ALTO - MANCORA ;ALTURA DEL KM 125 SECTOR EL REPENTIN;-4.228173354;-81.17287156157471;DESPEJADO;;;;
A-2021-07-24;04/07/2021;18:30;CHOQUE;SEGUIDO DE VOLCADURA;1;0;CARRETERA FBT KM 499 900;CPM -  MARONA;-6.065207;-76.923387;DESPEJADO;IMPRUDENCIA DEL CONDUCTOR;GIRAR IMPRUDENTEMENTE;;
A-2021-07-242;09/07/2021;22:30;CHOQUE FUGA;-;1;0;AV. ALEJANDRO ASTETE CDRA. 30;-;-12.1240797;-76.9883922;DESPEJADO;IMPRUDENCIA DEL CONDUCTOR;EXCESO DE VELOCIDAD;;
A-2021-07-243;11/07/2021;13:00;DESPISTE;CHOQUE, VOLCADURA Y CAÍDA;1;0;AV. PROLONGACION TACNA;TUNEL SANTA;-12.0304145;-77.0238564;DESPEJADO;IMPRUDENCIA DEL CONDUCTOR;EXCESO DE VELOCIDAD;;
A-2021-07-244;12/07/2021;14:30;CHOQUE;VOLCADURA Y CAIDA;1;0;AV. AVIACIÓN CDRA. 01 ;-;-12.0580984;-77.0159842;DESPEJADO;IMPRUDENCIA DEL CONDUCTOR;EXCESO DE VELOCIDAD;;
A-2021-07-245;12/07/2021;19:00;ATROPELLO;-;2;0;CARRETERA CENTRAL ALTURA DEL KM 09 ;-;-12.0197036;-76.9007886;DESPEJADO;IMPRUDENCIA DEL PEATÓN;USO DE DISPOSITIVOS MÓVILES Y/O ELECTRÓNICOS;;
A-2021-07-246;13/07/2021;07:30;ATROPELLO;-;1;0;AV. VENEZUELACDRA. 28;-;-12.05899008;-77.071171;DESPEJADO;IMPRUDENCIA DEL CONDUCTOR;EXCESO DE VELOCIDAD;;
A-2021-07-247;14/07/2021;18:35;ATROPELLO;-;1;0;AV. NICOLÁS AYLLÓN C-22 CON AV. SANTA ROSA;-;-12.0532414;-76.9632317;DESPEJADO;IMPRUDENCIA DEL CONDUCTOR;NO DAR PASO PREFERENTE AL PEATÓN;;
A-2021-07-248;15/07/2021;04:30;ATROPELLO;VOLCADURA;1;0;CARRETERA PANAMERICANA NORTE ALT 2DA. ENTRADA DE PALAO;-;-12.01849288;-77.05971127194398;DESPEJADO;NO IDENTIFICA LA CAUSA;;;
A-2021-07-249;22/07/2021;18:30;DESPISTE;FATAL;1;0;CARRETERA 3 DE OCTUBRE;-;-10.44022428;-76.1960974389186;;;;;
A-2021-07-250;16/07/2021;07:30;CHOQUE;VOLCADURA , CAIDA;1;0;AV. UNIVERSITARIA INTERSECCION CON AV. LIMA ;-;-12.029194;-77.076803;DESPEJADO;IMPRUDENCIA DEL CONDUCTOR;EXCESO DE VELOCIDAD;;
A-2021-07-252;31/07/2021;18:30;ATROPELLO FUGA;-;1;0;KM 11 600;CARRETERA SALINAS-CHUPA;-15.03555047;-70.0686228108176;DESPEJADO;NEGLIGENCIA DEL CONDUCTOR;OTRO (NEGLIGENCIA DEL CONDUCTOR);NO SE DETERMINA POR FUGA DE LA UT 1 ;NO SE DETERMINA POR FUGA
A-2021-07-253;17/07/2021;01:20;DESPISTE;CHOQUE ,VOLCADURA;1;1;AV. EL SOL INTERSECCIÓN CON CALLE LOS ALGARROBOS;-;-12.21631937;-76.96818478841601;DESPEJADO;IMPRUDENCIA DEL CONDUCTOR;EXCESO DE VELOCIDAD;;
A-2021-07-254;18/07/2021;19:00;CHOQUE;VOLCADURA;1;0;CARRETERA LIMA-CANTA KM. 37 ALT. CENTRO POBLADO BUENA VISTA;-;-11.74913713;-76.96752013826908;DESPEJADO;IMPRUDENCIA DEL CONDUCTOR;EXCESO DE VELOCIDAD;;
A-2021-07-255;21/07/2021;10:30;ATROPELLO;-;1;0;AV. TUPAC AMARU ALT. DE LA INTERSECCION CON LA AV. CARLOS IZAGUIRRE;-;-11.98885388;-77.05678408991467;DESPEJADO;NEGLIGENCIA DEL CONDUCTOR;OTRO (NEGLIGENCIA DEL CONDUCTOR);;
A-2021-07-256;21/07/2021;13:00;CHOQUE;DESPISTE, ATROPELLO, VOLCADURA;2;0;AV. CANTACALLAO INTERSECCION CON AV. BERTELLO;-;-11.9965999;-77.1126382063782;DESPEJADO;IMPRUDENCIA DEL CONDUCTOR;EXCESO DE VELOCIDAD;;
A-2021-07-257;22/07/2021;15:30;ATROPELLO;-;1;0;AV .METROPOLITANA INTERSECCION CON JIRON LA MINKA;-;-12.03301246;-76.93837525187416;DESPEJADO;IMPRUDENCIA DEL CONDUCTOR;EXCESO DE VELOCIDAD;;
A-2021-07-258;24/07/2021;07:10;DESPISTE;ATROPELLO;1;0;AV. LOS ÁLAMOS CDRA. 1;-;-12.16192348;-76.98217035419115;DESPEJADO;IMPRUDENCIA DEL CONDUCTOR;EXCESO DE VELOCIDAD;;
A-2021-07-259;24/07/2021;16:10;CHOQUE;VOLCADURA , CAIDA;1;1;CARRETERA LIMA - CANTA KM37;-;-11.76971994;-76.9776987730433;DESPEJADO;IMPRUDENCIA DEL CONDUCTOR;EXCESO DE VELOCIDAD;;
A-2021-07-260;26/07/2021;05:00;ATROPELLO FUGA;;1;0;PAN.SUR KM. 34.000;-;-12.27417798;-76.89269725178508;DESPEJADO;IMPRUDENCIA DEL CONDUCTOR;EXCESO DE VELOCIDAD;;
A-2021-07-261;27/07/2021;00:30;ATROPELLO;-;1;0;-;-;-12.0402616;-76.98175109999394;DESPEJADO;NO IDENTIFICA LA CAUSA;;;
A-2021-07-262;28/07/2021;06:45;CHOQUE;VOLCADURA;1;0;VIA DE EVITAMIENTO- AV PAN. SUR ALT DEL PTE PEDAGOGI;-;-12.12212918;-76.97709000235113;DESPEJADO;IMPRUDENCIA DEL CONDUCTOR;EXCESO DE VELOCIDAD;;
A-2021-07-263;30/07/2021;20:30;CHOQUE;-;1;1;AV. UNIVERSITARIA CDRA. 20 ;-;-12.064318;-77.078369;DESPEJADO;NO IDENTIFICA LA CAUSA;;;
A-2021-07-264;29/07/2021;03:05;ATROPELLO FUGA;;1;0;CARRETERA CENTRAL KM. 86.200 - SINCOS ;;-11.8443335;-75.4282329;DESPEJADO;NO IDENTIFICA LA CAUSA;;;NINGUNA
A-2021-07-265;29/07/2021;19:00;ATROPELLO FUGA;;1;0;CARRETERA CENTRAL CENTRAL KM. 88 700;;-11.866267;-75.411093;DESPEJADO;NO IDENTIFICA LA CAUSA;;;NINGUNA 
A-2021-07-266;22/07/2021;21:15;CHOQUE;CON CONSECUENCIA DE MUERTE Y LESIONES GRAVES Y DAÑOS MATERIALES;1;1;KM.12.650 DE LA CARRETERA PATIVILCA - CAJATAMBO;ANEXO PROVIDENCIA;-10.67955959;-77.7163400820985;NUBLADO;NO IDENTIFICA LA CAUSA;;;NO HAY OBSERVACIONES
A-2021-07-272;27/07/2021;17:40;CHOQUE;FATAL Y DAÑOS MATERIALES ;2;6;CARRETERA CENTRAL LA OROYA - JAUJA KM. 50.900;;-11.955375;-75.043765;DESPEJADO;IMPRUDENCIA DEL CONDUCTOR;CONDUCIR EN SENTIDO CONTRARIO;;NINGUNO
A-2021-07-273;31/07/2021;18:00;DESPISTE;VOLCADURA ;1;2;CARRETERA CHONGOS ALTOS - MINERA CORIHUARMI ;;-12.50149;-75.48682;DESPEJADO;IMPRUDENCIA DEL CONDUCTOR;OTRO (IMPRUDENCIA DEL CONDUCTOR);CONDUCIR EL VEHICULO CON FALTA DE ATENCION Y CUIDAD ;NINGUNA 
A-2021-07-274;17/07/2021;19:00;ATROPELLO FUGA;;1;0;AV. NESTOR GAMBETTA KM 4.7. ;ALTURA DE LA EMPRESA ALSA;-12.00153839;-77.12682896429786;DESPEJADO;IMPRUDENCIA DEL CONDUCTOR;CONDUCIR EN ESTADO DE EBRIEDAD Y/O DROGADICCIÓN;;NINGUNA
A-2021-07-275;22/07/2021;04:50;ATROPELLO;;1;0;AV. NESTOR GAMEBTTA / AV. ATALAYA;;-12.0446089;-77.12655512713319;DESPEJADO;IMPRUDENCIA DEL PEATÓN;CRUCE INDEBIDO POR LA CALZADA;;NINGUNA
A-2021-07-276;09/07/2021;06:35;CHOQUE;-;1;0;VIA EXPRESA KM.06 LINEA AMARILLA;-;-12.038363;-77.016899;DESPEJADO;IMPRUDENCIA DEL CONDUCTOR;EXCESO DE VELOCIDAD;;
A-2021-07-277;26/07/2021;21:00;CHOQUE FUGA;CHOQUE Y FUGA ;1;0;CARRETERA PANAMERICANA NORTE - SULLANA - AYABACA ;ALTURA DEL KM 26 - IGNACIO ESCUDERO;-4.845828788;-80.88498466459286;DESPEJADO;NO IDENTIFICA LA CAUSA;;;CHOQUE Y FUGA
A-2021-07-279;01/07/2021;18:30;DESPISTE;DESPISTE VOLCADURA Y CAIDA DE PASAJERO CON SUBSECUENTE MUERTE, LESIONES PERSONALES Y DAÑOS MATRIALES;1;1;CARRETERA YARUMAYO - CP. QUEROSH;LUGAR DENOMINADO QUINCHO ESQUINA;-10.007025;-76.45803;DESPEJADO;IMPRUDENCIA DEL CONDUCTOR;EXCESO DE VELOCIDAD;;S/O
A-2021-07-28;02/07/2021;06:00;DESPISTE;TOTAL CON SUMERSIÓN;1;0;CARRETERA HUANCAYO-AYACUCHO;KM. 199 150;-12.530598;-74.945567;DESPEJADO;NO IDENTIFICA LA CAUSA;;;FALTA DE DOCUMENTACION
A-2021-07-280;02/07/2021;02:00;DESPISTE;DESPISTE Y VOLCADURA;2;1;CARRTERA HUANUCO - PANAO;LUGAR DENOMINADO 11 AMIGOS;-9.890068;-75.992688;DESPEJADO;NO IDENTIFICA LA CAUSA;;;S/O
A-2021-07-284;04/07/2021;18:00;DESPISTE;DESPISTE - VOLCADURA CON CONSECUENCIA FATAL Y DAÑOS MATERIALES;1;0;CARETERA AL CASERIO TUPAC AMARU ;COMUNIDAD CAMPESINA RACCHA CEDRON - HUANCAPPALLAC;-9.899559;-76.434697;DESPEJADO;NO IDENTIFICA LA CAUSA;;;S/O
A-2021-07-285;19/07/2021;08:00;ATROPELLO FUGA;ATROPELLO Y FUGA;1;0;CARRETERA HUANUCO AMBO K 220;LUGAR DENOMINADO MAGAPASH;-10.076634;-76.218674;DESPEJADO;NO IDENTIFICA LA CAUSA;;;S/O
A-2021-07-286;19/07/2021;23:00;DESPISTE;DESPISTE - VOLCADURA CON SUBSECUENTE MUERTE;1;0;CARRTERA CHULLAY - MARGOS KM.  14 300;DME 14 300;-9.925061;-76.36229;DESPEJADO;IMPRUDENCIA DEL CONDUCTOR;OTRO (IMPRUDENCIA DEL CONDUCTOR);HACER USO DE UN ESPACIO DE LA VIA DE MAYOR PELIGRO, PRODUCIENDOSE EL ALUD;S/O
A-2021-07-287;26/07/2021;04:00;DESPISTE;DESPISTE- VOLCADURA - CAIDA DE CONDUSTOR Y OCUPANTES- SEGUIDO DE LESIONES Y SUBSECUENTE MUERTEEE;2;1;CARRETERA COCHUMAYO;MAGANA;-9.865217;-76.18641;DESPEJADO;IMPRUDENCIA DEL CONDUCTOR;FATIGA Y/O CANSANCIO;;S/O
A-2021-07-288;29/07/2021;19:30;DESPISTE;DESPISTE Y VOLCADURA CON CONSECUENCIA FATAL;1;3;CARRETERA AL CENTRO POBLADO DE SOGOBAMBA;S/N;-9.7662;-76.10397;LLUVIOSO;NO IDENTIFICA LA CAUSA;;;S/O
A-2021-07-29;07/07/2021;21:10;CHOQUE;POR ALCANCE;2;1;CARRETERA PANAMERICANA SUR KM 1486 39;ALTURA DEL CENTRO POCLADO DE PARCO;-16.43036877;-69.16751835808462;DESPEJADO;IMPRUDENCIA DEL CONDUCTOR;EXCESO DE VELOCIDAD;;EXCESO DE VELOCIDAD DE LA UT1 (AUTOMOVIL)
A-2021-07-294;19/07/2021;11:00;CAÍDA DE PASAJERO;;1;0;AV. NESTOR GAMBETTA 840 ;PARADERO FARMACIA ;-11.94425757;-77.13135089364027;DESPEJADO;IMPRUDENCIA DEL CONDUCTOR;FRENAR INTEMPESTIVAMENTE;;NINGUNA
A-2021-07-296;10/07/2021;04:00;CHOQUE;POR ALCANCE;1;0;CARRETERA PANAMERICANA NORTE KM.350;NINGUNA;-9.459112972;-78.33128691074788;DESPEJADO;NO IDENTIFICA LA CAUSA;;;NINGUNA
A-2021-07-297;12/07/2021;04:50;CHOQUE;NINGUNA;1;0;CARRETERA PANAMERICANA NORTE KM.402;NINGUNA;-9.23441337;-78.44856350500798;DESPEJADO;NO IDENTIFICA LA CAUSA;;;NINGUNA
A-2021-07-298;15/07/2021;05:45;CHOQUE;POR ALCANCE EXCÉNTRICO IZQUIERDO SEGUIDO DE  DESPISTE Y VOLCADURA EN TONEL;1;0;CARRETERA PENETRACIÓN CHIMBOTE SAN JACINTO  KM. 16 320 ;NINGUNA;-9.157355416;-78.30201765267253;DESPEJADO;IMPRUDENCIA DEL CONDUCTOR;EXCESO DE VELOCIDAD;;NINGUNA
A-2021-07-299;18/07/2021;18:40;ATROPELLO FUGA;FATAL;1;0;CARRETERA PENETRACIÓN HUARMEY - AIJA KM. 02 850;NINGUNA;-9.994870343;-77.87472804855625;DESPEJADO;NO IDENTIFICA LA CAUSA;;;NINGUNA
A-2021-07-300;19/07/2021;16:30;CHOQUE;-;1;0;CARRETERA PENETRACIÓN SANTA - CHUQUICARA KM. 6 400;-;-8.658782913;-78.26001658413668;DESPEJADO;NO IDENTIFICA LA CAUSA;;;NINGUNA
A-2021-07-301;27/07/2021;02:00;CHOQUE;-;1;0;CARRETERA PANAMERICANA NORTE KM.417 100;-;-9.191708484;-78.46640674787727;DESPEJADO;NO IDENTIFICA LA CAUSA;;;NINGUNA
A-2021-07-302;27/07/2021;03:00;ATROPELLO;-;1;0;CARRETERA PANAMERICANA NORTE KM. 357.00;;-9.42659335;-78.36302120525744;DESPEJADO;NO IDENTIFICA LA CAUSA;;;NINGUNA
A-2021-07-304;12/07/2021;03:30;CHOQUE;;1;2;NUEVA VIA DE EVITAMIENTO KM. 07 850;;-6.517511241;-76.3615952657631;DESPEJADO;IMPRUDENCIA DEL CONDUCTOR;CONDUCIR EN ESTADO DE EBRIEDAD Y/O DROGADICCIÓN;;NNGUNA
A-2021-07-305;17/07/2021;08:30;CHOQUE;ATROPELLO;1;0;CARRETERA FERNANDO BELAUNDE TERRY ALTURA DEL CASERIO  PUEBLO NUEVO KM 54 300 TABALOSOS;;-6.315814274;-76.7068584524363;DESPEJADO;IMPRUDENCIA DEL CONDUCTOR;EXCESO DE VELOCIDAD;;NINGUNA
A-2021-07-306;09/07/2021;18:50;ATROPELLO;FUGA;1;0;CARRETERA SISA-AGUABLANCA-CASERIO 20 DE MAYO-SAN JOSE DE SISA;;-6.61362;-76.6821;DESPEJADO;NO IDENTIFICA LA CAUSA;;;NINGUNO
A-2021-07-307;22/07/2021;23:00;DESPISTE;DESPISTE Y CHOQUE;1;1;CARRETERA PANAMERICANA SUR KM.852 800;ROTONDA;-16.65850695;-72.62754665518834;DESPEJADO;NO IDENTIFICA LA CAUSA;;;
A-2021-07-33;05/07/2021;07:25;DESPISTE;VOLCADURA EN TONEL DERECHO;1;0;KM.2 500 DE LA CARRETERA QUE CONDUCE DEL PUENTE EL OBISPO AL CASERÍO LIGLIPAMPA-SECTOR LA LUCMA;;-6.6377064;-78.48006483;DESPEJADO;IMPRUDENCIA DEL CONDUCTOR;FATIGA Y/O CANSANCIO;;
A-2021-07-34;08/07/2021;02:10;CHOQUE;;1;2;CARRETERA DE PENETRACION CARAZ-HUARAZ ;ALTURA DEL CASERIO  DE CABINA;-9.072865103;-77.78696410785597;DESPEJADO;IMPRUDENCIA DEL CONDUCTOR;INVASIÓN DE CARRIL;;
A-2021-07-35;09/07/2021;18:50;DESPISTE;VOLCADURA;1;2;CARRETERA  YUNGAY - ERAPAMPA ;LUGAR DENOMINADO MANZANA;-9.139608251;-77.7298863031341;DESPEJADO;NEGLIGENCIA DEL CONDUCTOR;OTRO (NEGLIGENCIA DEL CONDUCTOR);MANIOBRA DE ACELERACIÓN PARA SALIR DE UNA CUNETA, DONDE HA PERDIDO EL CONTROL DEL VEHICULO.;
A-2021-07-36;10/07/2021;05:45;CHOQUE;;1;0;AV. NESTOR GAMBETTA 1265;CALLAO;-12.03865951;-77.12718311012668;DESPEJADO;IMPRUDENCIA DEL CONDUCTOR;GIRAR IMPRUDENTEMENTE;;NINGUNO
A-2021-07-37;07/07/2021;05:00;CHOQUE;CHOQUE POR ALCANCE ENTRE EL VEHÍCULO MOTOCICLETA DE MARACA BAJAJ, PULSAR Y LA TRI MOTO DE MARCA LAND ROYS;1;0;CARRETERA INTEROCEANICA SUR KM. 320 700 SECTOR VIRGEN CANDELARIA TRAMO LABERINTO - SANTA ROSA;(KM. 11O LA PAMPA);-12.88587513;-70.02098674946659;;;;;
A-2021-07-38;09/07/2021;03:30;CHOQUE;POR ALCANCE CON CONSECUENCIA FATAL;1;0;PASAJE POLIDEPORTIVO DE LA UNAS;PORTON NRO.2 INGRESO AL ESTADIO UNAS;-9.314544;-75.998179;DESPEJADO;IMPRUDENCIA DEL CONDUCTOR;CONDUCIR EN ESTADO DE EBRIEDAD Y/O DROGADICCIÓN;;NO HAY ILUMINACIÓN ARTIFICIAL
A-2021-07-40;01/07/2021;13:30;DESPISTE;MUERTE;1;0;JIRON BRASIL ALTURA DE LA CDRA. 03;-;-8.048035;-79.070344;DESPEJADO;NO IDENTIFICA LA CAUSA;;;
A-2021-07-42;10/07/2021;11:00;DESPISTE;SUBSECUENTE MUERTE;1;1;KILOMETRO 21 DE LA CARRETERA AREQUIPA - CHAPI;YARABAMBA;-16.579011;-71.423802;DESPEJADO;NO IDENTIFICA LA CAUSA;;;S/O
A-2021-07-43;11/07/2021;20:00;ATROPELLO;;1;0;AV. NESTOR GAMBETTA DE NORTE A SUR ;PASANDO EL OVALO 200 MILLAS ;-11.99431295;-77.1259433100459;DESPEJADO;IMPRUDENCIA DEL PEATÓN;ESTADO DE EBRIEDAD Y/O DROGADICCIÓN;;NINGUNA
A-2021-07-44;10/07/2021;05:00;DESPISTE;Y VOLCADURA ;2;1;CARRETRA CENTRP POBLADO TALLHUIS-MALPASO-QUICHUAS-TAYACAJA;KM. 96 350;-12.4888976;-74.6497887;DESPEJADO;NO IDENTIFICA LA CAUSA;;;FALTA DE DOCUEMENTACION
A-2021-07-46;08/07/2021;14:31;DESPISTE;DESPISTE - CHOQUE;1;3;CARRETERA TACNA - TARATA KM 03;;-17.995197;-70.262317;DESPEJADO;IMPRUDENCIA DEL CONDUCTOR;EXCESO DE VELOCIDAD;;
A-2021-07-48;12/07/2021;06:15;CHOQUE;CONSECUENCIA FATAL;4;6;KILOMETRO 181.900 DE LA CARRETERA AREQUIPA JULIACA;SAN ANTONIO DE CHUCA;-15.758273;-70.965986;DESPEJADO;NO IDENTIFICA LA CAUSA;;;S/O
A-2021-07-50;07/07/2021;07:20;ATROPELLO;;1;0;JIRON ANDREA ARAUJO S/N - CHUPACA;;-12.07933;-75.24921;DESPEJADO;IMPRUDENCIA DEL CONDUCTOR;VEHÍCULO MAL ESTACIONADO;;NINGUNA
A-2021-07-51;13/07/2021;07:40;CHOQUE;POR EMBISTE;1;0;CARRETERA PANAMERICANA SUR KM 1469 300;DESVIO AL CP DE LAMPA GRANDE;-16.3144042;-69.26494716577756;DESPEJADO;IMPRUDENCIA DEL CONDUCTOR;GIRAR IMPRUDENTEMENTE;;GIRO IMPRUDENTE DE LA UT2
A-2021-07-56;02/07/2021;22:30;ATROPELLO FUGA;MUERTE;1;0;CARRETERA DE ACCESO DE CIUDAD DE DIOS A CAJAMARCA ALTURA DEL KM. 04;-;-7.305328;-79.443897;DESPEJADO;NO IDENTIFICA LA CAUSA;;;EL DESCUIDO POR PARTE DE LOS PADRES Y/O APODERADO DEL PEATON AL PERMITIR QUE UNA PERSONA CON PROBLEMAS PSIQUIATRICOS HAGA USO DE LA VIA PUBLICA, SIN CONSIDERAR LOS RIESGOS PRESENTES Y POSIBLES QUE SE PUEDAN PRESENTAR EN LA VIA PUBLICA
A-2021-07-57;03/07/2021;19:30;CHOQUE;MUERTE;1;0;CARRETERA PANAMERICANA NORTE ALTURA DEL KM. 617.5;POLLERÍA SARGENTO RUDAS;-7.178163;-79.4377261;DESPEJADO;NO IDENTIFICA LA CAUSA;;;
A-2021-07-58;06/07/2021;12:45;ATROPELLO;MUERTE;1;0;AV. AMERICA SUR ALTURA DE LA CDRA. 11;-;-8.11165;-79.01348;DESPEJADO;NO IDENTIFICA LA CAUSA;;;TRANSACCION EXTRAJUDICIAL: QUE EL SR. ELKIN JOEL CARRANZA CABRERA, SE COMPROMETE ABONAR LA SUMA DE S/. 10,000.00 SOLES A LA PERSONA DE JULIO CESAR REBAZA CABALLERO REPRESENTANDO  A Q.E.V.F. ALCIDES EFREN REBAZA GARCIA, ABSTENIENDOSE DE INICIO Y/O CONTINUAR CUALQUIER ACCCION JUDICIAL, POLICIAL, FISCAL, ADMINISTRATIVA, CIVIL Y PENAL.
A-2021-07-59;07/07/2021;07:40;CHOQUE;MUERTE;1;0;CARRETERA PANAMERICANA NORTE ALTURA DEL KM. 643.5;-;-7.6118045;-79.3688091;LLUVIOSO;IMPRUDENCIA DEL CONDUCTOR;FATIGA Y/O CANSANCIO;;
A-2021-07-60;08/07/2021;16:45;CHOQUE;MUERTE;1;0;"INTERSECCION EN CRUZ "" "" CONFORMADA POR LA CALLE LADISLAO ESPINAR Y LA CARRETERA PANAMERICANA NORTE";OVALO;-7.407695;-79.557017;DESPEJADO;NO IDENTIFICA LA CAUSA;;;
A-2021-07-61;12/07/2021;08:10;CHOQUE;CHOQUE POR ALCANCE EXCENTRICO IZQUIERDO SEGUIDO DE CHOQUE POR EMBISTE CENTRICO IZQUIERDO Y POSTERIOR CHOQUE FRONTAL ;1;0;CARRETERA PANAMERICANA SUR KM. 320;-;-14.215792;-75.709245;DESPEJADO;NO IDENTIFICA LA CAUSA;;;
A-2021-07-62;10/07/2021;01:30;DESPISTE;MUERTE;1;0;CARRETERA DE ACCESO AL PUERTO MALABRIGO ALTURA DEL KM. 8;-;-7.7275;-79.321517;DESPEJADO;NEGLIGENCIA DEL CONDUCTOR;OTRO (NEGLIGENCIA DEL CONDUCTOR);DESTATENCION EN LA CONDUCCION;
A-2021-07-63;10/07/2021;10:15;ATROPELLO;CON APLASTAMIENTO;2;0;AA.H.H. CIUDAD DEL NIÑO 4TA ETAPA CON AA.HH. VILLA LA PAZ - CASTILLA;INMUEBLE MZ. P LT. 03;-5.191074;-80.583146;DESPEJADO;IMPRUDENCIA DEL CONDUCTOR;OTRO (IMPRUDENCIA DEL CONDUCTOR);EXCESO DE CONFIANZA;
A-2021-07-64;10/07/2021;23:50;ATROPELLO FUGA;MUERTE;1;0;CARRETERA PANAMERICANA NORTE ALTURA DEL KM. 571.4;-;-8.126609;-79.075534;DESPEJADO;NO IDENTIFICA LA CAUSA;;;DISPOSICION DE ARCHIVO, DEL 06 DE JUNIO DEL 2022, 1RO. NO PROCEDE FORMALIZAR NI CONTINUAR INVESTIGACION PREPARATORIA CONTRA LOS QUE RESULTEN RESPONSABLES POR LA PRESUNTA COMISION DEL DELITO DE HOMICIDIO CULPOSO EN AGRAVIO DE MERCEDES CHAUPE GOMEZ, EN CONSECUENCIA ARCHIVESE LOS ACTUADOS CONSENTIDA O CONFIRMADA QUE FUERE LA PRESENTE.., FIRMADO. FISCAL PROVINCIAL TITULAR IDALIA ORENDO VELASQUEZ, DE LA 1RA FPPCT.
A-2021-07-65;04/07/2021;17:50;DESPISTE;VOLCADURA;1;1;SECTOR PUYTOCC;CARRETERA DEL CERCADO DE ANDARAPA  AL  C.P. HUANCAS ;-13.516836;-73.356453;SOLEADO;NEGLIGENCIA DEL CONDUCTOR;OTRO (NEGLIGENCIA DEL CONDUCTOR);PERMITIR QUE VIAJEN DOS OCUPANTES EN EL ASIENTO DEL COPILOTO  COPILOTO VIAJE SIN CI;
A-2021-07-70;12/07/2021;16:00;CHOQUE;;2;4;KM. 124;CARRETERA DE PENETRACION CIUDAD DE DIOS- CAJAMARCA;-7.280169;-78.588818;DESPEJADO;NO IDENTIFICA LA CAUSA;;;