COD_ACCIDE;FechaDelAccidente;HoraDelAccidente;ClaseDelAccidente;SecuenciaAccidente;CantidadDeFallecidos;CantidadDeLesionados;Direccion;LugarReferencia;y;x;CondClimatica;CausaFactorPrincipal;CausaEspecifica;OtraCausa;Observaciones
A-2021-07-71;14/07/2021;18:20;ATROPELLO FUGA;;1;0;AV. NESTOR GAMBETTA KM.15 DE NORTE A SUR ;PAMPILLA;-11.91642125;-77.1289141925749;DESPEJADO;NO IDENTIFICA LA CAUSA;;;NO ES POSIBLE EFECTUAR EL ESTUDIO DE TODO LOS ELEMENTOS DE TRANSITO QUE PARTICIPARON EN EL EVENTO.
A-2021-07-74;12/07/2021;14:30;CHOQUE;DAÑOS MATERIALES;2;0;CARRETERA MARIGINAL ALTURA DEL KM 16 790;SHAKIVIRONI-PICHANAKI;-10.89380692;-74.93667564283874;NUBLADO;;;;NINGUNA
A-2021-07-75;09/07/2021;08:00;ATROPELLO;CON SUBSECUENCIA FATAL ;1;0;AV. AVIACION CP. HUINCHOS ;PLAZA DE ARMAS DE HUINCHOS ;-13.715679;-73.342001;DESPEJADO;IMPRUDENCIA DEL CONDUCTOR;NO DAR PASO PREFERENTE AL PEATÓN;;
A-2021-07-76;02/07/2021;06:30;CHOQUE;POR EMBISTE LATERAL DERECHO, CON SUBSECUENTE MUERTE, LESIONES PERSONALES Y DAÑOS PERSONALES. ;1;1;INTERSECCIÓN DE LA AV. SAN ANTONIO DE PADUA CON LA CALLE N° 48  SAN ANTONIO. ;;-17.209031;-70.940198;DESPEJADO;IMPRUDENCIA DEL CONDUCTOR;OTRO (IMPRUDENCIA DEL CONDUCTOR);NO RESPETAR LAS SEÑALES DE TRANSITO.;
A-2021-07-77;09/07/2021;17:00;ATROPELLO;CON PROYECCIÓN Y SUBSECUENTE MUERTE.  ;1;0;TROCHA CARROZABLE S/N  INGRESO A LA ASOC. SAN MIGUEL DEL BOTADERO MUNICIPAL. ;BOTADERO MUNICIPAL. ;-17.2046333;-70.90035;;;;;
A-2021-07-78;07/07/2021;16:30;CHOQUE;VOLCADURA;8;8;CARRETERA COSTANERA KM.13 250;;-18.125966;-70.391346;DESPEJADO;IMPRUDENCIA DEL CONDUCTOR;INVASIÓN DE CARRIL;;INVASIÓN DE CARRIL DEL VEHÍCULO DE PLACA DE RODAJE Z6A-333
A-2021-07-79;15/07/2021;15:00;CHOQUE;POR EMBISTE;1;0;CARRETERA YUNGUYO-COPANI KM 13 600;-;-16.36201097;-69.04291336339008;DESPEJADO;IMPRUDENCIA DEL CONDUCTOR;GIRAR IMPRUDENTEMENTE;;IMPRUDENCIA DEL VEHICULO DE PLACA Nº Z3-006.
A-2021-07-8;04/07/2021;17:30;CHOQUE;CONSECUENCIA FATAL;1;0;CARRETERA PANAMERICANA SUR KM 1017.930;HITO 1017;-16.88814;-71.846429;DESPEJADO;;;;
A-2021-07-80;09/07/2021;19:45;CHOQUE FUGA;CON VOLCADURA;1;0;CARRETERA LOS OLIVOS KM. 1   550;-;-18.21671096;-70.52593212;DESPEJADO;IMPRUDENCIA DEL CONDUCTOR;CONDUCIR EN ESTADO DE EBRIEDAD Y/O DROGADICCIÓN;;
A-2021-07-81;12/07/2021;09:45;CHOQUE;MUERTE;1;0;CARRETERA DE PENETRACION DE CIUDAD DE DIOS A CAJAMARCA ALTURA DEL KM. 16.6;ALTURA DE LA ENTRADA CARROSABLE AL AA.HH TOLON;-7.320172;-79.370243;DESPEJADO;IMPRUDENCIA DEL CONDUCTOR;NO ESTABLECER EL DERECHO DE PASO;;
A-2021-07-82;11/07/2021;12:30;DESPISTE;TOTAL Y VOLCADURA;1;2;CARRETERA DEL PUENTE CORREGIDOR-TICRAPO;VÍA INGRESO AL ANEXO DE SANTUARIO ;-13.222;-75.2929;DESPEJADO;NO IDENTIFICA LA CAUSA;;;FALTA DE DOCUMENTACION
A-2021-07-83;12/07/2021;13:40;DESPISTE;TOTAL Y VOLCADURA EN TONEL;1;9;CARRETERA DEL CENTRO POBLADO QUISUAR-TICRAPO;ALTURA DEL ANEXO CANCHINA MOLLEPAMPA-CASTROVIRREYNA;-13.2544;-75.2749;SOLEADO;NO IDENTIFICA LA CAUSA;;;FALTA DE DOCUMENTACION
A-2021-07-84;04/07/2021;08:10;CHOQUE;-;1;0;KM 303 660;SECTOR SANTA ROSA QUISPICANCHI;-14.21023911;-69.14277791443065;DESPEJADO;IMPRUDENCIA DEL CONDUCTOR;EXCESO DE VELOCIDAD;;NINGUNA 
A-2021-07-85;14/07/2021;17:58;DESPISTE;VOLCADURA;2;0;CARRETERA LLUCSHAPAMPA BAJA. ALTURA DEL KM. 08.5;;-7.092547;-78.521681;DESPEJADO;IMPERICIA DEL CONDUCTOR;;;
A-2021-07-86;11/07/2021;15:00;ATROPELLO FUGA;-;1;0;CARRETERA FERNANDO BELAUNDE TERRY KM 445 300;-;-5.907573;-77.324103;DESPEJADO;NO IDENTIFICA LA CAUSA;;;FUGA DEL VEHICULO Y CONDUCTOR
A-2021-07-9;04/07/2021;16:55;ATROPELLO;DESPISTE VOLCADURA;1;2;CALLE VINTEA REYNOSO 6TA CUADRA;PARRQUIA SAN MIGUEL DE SIMON BOLIVAR;-16.44527;-71.51142;DESPEJADO;;;;
A-2021-07-91;18/07/2021;04:30;ATROPELLO;-;1;0;CARRETERA PANAMERICANA SUR KM.1271;-;-17.876742;-70.451452;DESPEJADO;IMPRUDENCIA DEL PEATÓN;OTRO (IMPRUDENCIA DEL PEATÓN);INGRESO A LA VIA EN FORMA BRUSCA;
A-2021-07-92;14/07/2021;10:40;ATROPELLO;MUERTE;1;0;INTERSECCION DE LA CALLE REPUBLICA DE URUGUAY Y LA CALLE REPUBLICA DE VENEZUELA;-;-8.446464;-78.737754;DESPEJADO;IMPRUDENCIA DEL CONDUCTOR;OTRO (IMPRUDENCIA DEL CONDUCTOR);CONDUCIR EN RETROCESO;
A-2021-07-93;16/07/2021;16:55;ATROPELLO;SUBSECUENTE MUERTE;1;0;AVENDA ARANCOTA;FRENTE A INMUEBLE 139;-16.439212;-71.571189;DESPEJADO;NO IDENTIFICA LA CAUSA;;;S/O
A-2021-07-94;15/07/2021;22:20;CHOQUE;MUERTE;1;0;INTERSECCION DE LA AV. PERU Y LA CALLE HUALLAGA;-;-8.104748;-79.019586;DESPEJADO;IMPRUDENCIA DEL CONDUCTOR;CONDUCIR EN SENTIDO CONTRARIO;;
A-2021-07-95;18/07/2021;10:35;DESPISTE;VOLCADURA CON SUBSECUENTE MUERTE;1;0;KILOMETRO 29.500 DE LA CARRTERA AREQUIPA - CHIVAY;ESTANCIA CCOLO;-15.50927;-71.49057;DESPEJADO;NO IDENTIFICA LA CAUSA;;;S/O
A-2021-07-96;16/07/2021;18:15;ATROPELLO FUGA;;1;0;AV. CARLO IZAGUIRRE ;TERMINAL PESQUERO ;-11.98877174;-77.12541766532088;DESPEJADO;NO IDENTIFICA LA CAUSA;;;AL NO SER POSIBLE EFECTUAR EL ESTUDIO DE TODOS LOS ELEMENTOS DEL TRANSITO QUE PARTICIPARON EN EL EVENTO, LA INVESTIGACION NO PUEDE SER CONCLUIDA
A-2021-07-97;10/07/2021;15:30;VOLCADURA;CON SUBSECUENTE DESPISTE;1;0;OVALO BAYOVAR INTERIOR DE LA CARRETERA QUE UNE EL CACERIO CRUCEÑITO CON SECHURA.;ALTURA DEL KM. 47.;-5.6338193;-80.8510544;DESPEJADO;;;;
A-2021-07-99;18/07/2021;04:10;CHOQUE CON OBJETO FIJO; CAIDA;1;0;AV. MARISCAL CACERES/ CALLE SAN FRANCISCO DE ASIS;-;-3.748306935;-73.2589226315963;DESPEJADO;NO IDENTIFICA LA CAUSA;;;PENDIENTE
A-2021-08-1;01/08/2021;05:30;ATROPELLO;SEGUIDO DE CHOQUE;2;1;CARRETERA PANAMERICANA SUR KM. 321;-;-14.206483;-75.714058;DESPEJADO;NO IDENTIFICA LA CAUSA;;;
A-2021-08-100;19/08/2021;13:50;DESPISTE;VOLCADURA SUBSECUENTE MUERTE;1;0;ASOCIACION ZONA C LOS PIONEROS;ZONA C;-16.299498;-71.521146;DESPEJADO;NO IDENTIFICA LA CAUSA;;;SIN OBSERVACIONES
A-2021-08-102;21/08/2021;10:20;CHOQUE;VOLCADURA;1;0;ASOCIACIACION JOSE LUIS BUSTAMANTE Y RIVERO SECTOR II ;PUENTE UBICADO ENTRE SECTTOR II Y IV;-16.332495;-71.600853;DESPEJADO;NO IDENTIFICA LA CAUSA;;;S/O
A-2021-08-104;21/08/2021;17:30;DESPISTE;VOLCADURA;1;0;KILOMETRO 194.100 DE LA CARRETERA AREQUIPA - OMATE ;HITO 194;-16.522686;-71.405408;DESPEJADO;NO IDENTIFICA LA CAUSA;;;S/O
A-2021-08-109;20/08/2021;22:30;DESPISTE;PARCIAL;1;0;CARRETERA IZCUCHACA-HUANCAVELICA;KM. 57 400;-12.72358;-74.91105;DESPEJADO;NO IDENTIFICA LA CAUSA;;;FALTA DE DOCUMENTACION
A-2021-08-110;14/08/2021;17:05;ATROPELLO;;1;0;AV. 13 DE JULIO CDRA 02;;-7.15318;-78.523147;DESPEJADO;IMPRUDENCIA DEL PEATÓN;CRUCE INDEBIDO POR LA CALZADA;;
A-2021-08-111;03/08/2021;03:35;ATROPELLO FUGA;-;1;0;PANAMERICANA NORTE KM. 777;CARRETERA CHICLAYO LA VICTORIA;-6.817081172;-79.82943875697003;DESPEJADO;NO IDENTIFICA LA CAUSA;;;ACCIDENTE EN INVESTIGACION
A-2021-08-112;04/08/2021;08:20;ATROPELLO;-;1;0;AVENIDA 27 DE JULIO Y PASAJE SANTA ROSA;-;-6.7559365;-79.8246708;DESPEJADO;NO IDENTIFICA LA CAUSA;;;
A-2021-08-113;08/08/2021;06:40;CHOQUE;SUBSECUEENTE MUERTE;1;3;KILOMETRO 120.500 DE LA CARRETERA AREQUIPA JULIACA;HITO 120;-16.056325;-71.351488;DESPEJADO;NO IDENTIFICA LA CAUSA;;;S/O
A-2021-08-115;23/08/2021;05:40;ATROPELLO;SUBSECUENTE MUERTE;1;0;VIA DE EVITAMIENTO ATURA MERCADO ACOMARI;MERCADO ACOMARI;-16.380119;-71.575573;DESPEJADO;NO IDENTIFICA LA CAUSA;;;S/O
A-2021-08-117;20/08/2021;20:00;CHOQUE;CHOQUE LATERAL CON SUBSECUENTE CHOQUE FRONTAL;1;0;CARRETERA PANAMERICANA PIURA - CHICLAYO;ALTURA DEL CASERIO SAN RAMON KM. 954;-5.556816;-80.5833767;DESPEJADO;;;;
A-2021-08-118;05/08/2021;17:00;CHOQUE;-;1;0;CARRETERA TUMAN PATAPO;-;-6.744491582;-79.68672388694293;SOLEADO;IMPRUDENCIA DEL CONDUCTOR;INVASIÓN DE CARRIL;;
A-2021-08-119;15/08/2021;23:45;CHOQUE;SUBSECUENTE MUERTE;1;2;VIA DE EVITAMIENTO FRONTIS DE ITV LEONES DEL SUR;ITV LEONES DEL SUR;-16.34469354;-71.58154509738962;DESPEJADO;NO IDENTIFICA LA CAUSA;;;S/O
A-2021-08-120;05/08/2021;03:10;CHOQUE FUGA;-;1;2;CARRETERA PANAMERICANA NORTE;PUENTE EL TREBOL;-6.7767084;-79.8745727;DESPEJADO;NO IDENTIFICA LA CAUSA;;;ACCIDENTE EN INVESTIGACION
A-2021-08-121;01/08/2021;12:20;ATROPELLO;-;1;0;CARRETERA PANAMERICANA NORTE KM. 811;-;-6.595664;-79.976538;DESPEJADO;NO IDENTIFICA LA CAUSA;;;ACCIDENTE EN INVESTIGACION
A-2021-08-122;07/08/2021;05:30;CHOQUE;-;1;0;CARRETERA PENETRACION CHICLAYO SANTA CRUZ;KM- 15;-6.765193007;-79.73642526223388;DESPEJADO;IMPRUDENCIA DEL CONDUCTOR;VEHÍCULO MAL ESTACIONADO;;ACCIDENTE EN INVESTIGACION
A-2021-08-123;04/08/2021;05:05;CHOQUE;-;1;1;CARRETERA PANAMERICNA NORTE KM. 862;CARRETERA MORROPE;-6.281792018;-80.30686674668517;NUBLADO;IMPRUDENCIA DEL CONDUCTOR;INVASIÓN DE CARRIL;;ACCIDENTE EN INVESTIGACION
A-2021-08-124;09/08/2021;17:30;ATROPELLO;-;1;0;CALLE MARISCAL URETA 1103 LAMBAYEQUE;-;-6.69542573;-79.9088630988042;DESPEJADO;NO IDENTIFICA LA CAUSA;;;ACCIDENTE EN INVESTIGACION
A-2021-08-125;15/08/2021;08:30;CHOQUE;-;1;0;AVENIDA LOS AMAUTAS CUADRA 12-13;CRUCE CON CALLE YAHUAR HUACA;-6.79585463;-79.84158393099888;DESPEJADO;IMPRUDENCIA DEL CONDUCTOR;INVASIÓN DE CARRIL;;ACCIDENTE EN INVESTIGACION
A-2021-08-128;22/08/2021;06:10;CHOQUE;CHOQUE FRONTAL, DESPISTE CON SUBSECUENTE VOLCADURA- FATAL;1;6;CARRETERA PIURA- CHULUCANAS;CASERIO CRUZ DE CAÑA ;-5.146997;-80.399774;DESPEJADO;;;;
A-2021-08-13;02/08/2021;21:20;CHOQUE;FRONTAL;2;2;CARRETERA SAN CLEMENTE - LA UNION. DISTRITO BELLAVISTA;ALTURA DEL KM. 2 260;-5.430341667;-80.74022166666667;DESPEJADO;NO IDENTIFICA LA CAUSA;;;
A-2021-08-130;22/08/2021;12:50;ATROPELLO FUGA;CON  CONSECUENCIA FATAL;1;0;CARRETERA DE PENETRACIÒN HUANUCO - HUARAZ KM 541 500;;-10.12342266;-77.2917998883457;DESPEJADO;IMPRUDENCIA DEL PEATÓN;OTRO (IMPRUDENCIA DEL PEATÓN);POR DETERMINAR;FALTA RECOPILACION DE INFORMACION
A-2021-08-131;22/08/2021;14:00;ATROPELLO;CON PROYECCION;1;1;CARRETERA CARHUAZ - HUARAZ KM 610   500;A METROS DEL GRIFO ELIZABETH;-9.290181131;-77.63631689737846;DESPEJADO;NO IDENTIFICA LA CAUSA;;;SE ENCUENTRA EN INVESTIGACION 
A-2021-08-132;16/08/2021;01:30;DESPISTE;VOLCADURA EN TONEL IZQUIERDO;1;2;SECTOR AYAPATA - KAQUIABAMBA;KM 09 180 DEL CERCADO DE KAQUIABAMBA - TREJAHUASI;-13.526327;-73.294505;DESPEJADO;IMPRUDENCIA DEL CONDUCTOR;CONDUCIR EN ESTADO DE EBRIEDAD Y/O DROGADICCIÓN;;INVESTIGACION A CARGO ST1 PNP VICTOR DENNIS RAMIREZ ROMANI
A-2021-08-138;22/08/2021;16:00;ATROPELLO;ATROPELLO;1;0;CARRETERA DEL CASERIO AVENIDA GRAU DEL CENTRO POBLADO MONTEGRANDE - LA ARENA.;LTURA DEL KM 04;-5.406318;-80.612744;DESPEJADO;;;;
A-2021-08-139;25/08/2021;20:50;CHOQUE;LATERAL SEGUIDO DE VOLCADURA TONEL IZQUIERDO Y POSTERIOR ATROPELLO ;1;0;CARRETERA PANAMERICANA SUR KM. 452.25;REF. HOTEL LA MAISON SUISSE;-14.85205512;-74.95893936213601;DESPEJADO;NO IDENTIFICA LA CAUSA;;;
A-2021-08-14;03/08/2021;05:15;CHOQUE;;1;1;AV. 200 MILLAS AA.HH LEONCIO PRADO ;;-11.82923499;-77.12120340024269;DESPEJADO;NEGLIGENCIA DEL CONDUCTOR;OTRO (NEGLIGENCIA DEL CONDUCTOR);INVASION DE CARRIL CONTRARIO;NIGUNO 
A-2021-08-141;20/08/2021;06:50;CHOQUE;MUERTE;1;3;CARRETERA PANAMERICANA NORTE ALTURA DEL KM 549.400 ;-;-8.223941;-78.947018;DESPEJADO;NO IDENTIFICA LA CAUSA;;;
A-2021-08-142;20/08/2021;18:45;CHOQUE;MUERTE;1;1;"INTERSECCION SEMAFORIZADA EN "" "". CONFORMADA POR LA AV. ESPAÑA Y LA AV. LARCO";MUERTE;-8.115759;-79.031181;DESPEJADO;IMPRUDENCIA DEL CONDUCTOR;DESACATO DE SEÑAL DE TRÁNSITO;;
A-2021-08-143;28/08/2021;00:00;ATROPELLO FUGA;FUGA;1;0;CARRETERA PUNO - JULIACA KM. 1343 690;-;-15.741107;-70.055667;DESPEJADO;NO IDENTIFICA LA CAUSA;;;
A-2021-08-144;26/08/2021;18:30;DESPISTE;--------------;1;0;TROCHA CARROZABLE TACABAMBA - CAS. CHUCMAR;---------------;-6.4048889;-78.580102;DESPEJADO;NO IDENTIFICA LA CAUSA;;;
A-2021-08-145;06/08/2021;11:00;CHOQUE;CONSECUENCIA FATAL;1;2;CARRETERA OLLANTAYTAMBO-URUBAMBA. KILOMETRO 84 500;ALTURA DEL SECTOR DE PACHAR DISTRITO DE OLLANTAYTAMBO;-13.277328;-72.209828;DESPEJADO;NO IDENTIFICA LA CAUSA;;;
A-2021-08-146;08/08/2021;23:31;CHOQUE;CONSECUENCIA FATAL;1;2;CARRETERA CUSCO- AREQUIPA (TRAMO SICUANI- CUSCO;ALTURA DE LA APV.CONDEBAMBA Y FERROVIARIOS DEL DISTRITO DE SAYLLA PARADERO DENOMINADO CRISTAL;-13.56700373;-71.8330807948842;NUBLADO;IMPRUDENCIA DEL CONDUCTOR;EXCESO DE VELOCIDAD;;
A-2021-08-149;27/08/2021;20:30;ATROPELLO;CON PROYECCION;1;0;CARRETERA PANAMERICANA SUR PUNO - DESAGUADERO KM 1488   400;C.P. CHUA CHUA;-16.44685894;-69.1557598223219;DESPEJADO;IMPRUDENCIA DEL PEATÓN;CRUCE INDEBIDO POR LA CALZADA;;
A-2021-08-150;28/08/2021;20:30;ATROPELLO;-;1;2;CARRETERA YUNGUYO-CHINUMANI KM 1  850;-;-16.26253732;-69.09474538126041;DESPEJADO;IMPRUDENCIA DEL PEATÓN;ESTADO DE EBRIEDAD Y/O DROGADICCIÓN;;
A-2021-08-152;27/08/2021;18:30;DESPISTE;.;1;0;CARRETERA DE PENETRACION A LA VILLA DE PUERTO PIZARRO ;ALTURA DE LA HACIENDA DE GUAMITO.;-3.519862289;-80.38373814213669;;;;;
A-2021-08-153;29/08/2021;05:40;CHOQUE;;1;0;KILOMETOR 9.77 DE LA CARRETERA PANAMERICANA SUR;HITO NRO 9;-16.534123;-71.800476;DESPEJADO;NO IDENTIFICA LA CAUSA;;;S/O
A-2021-08-154;05/08/2021;19:30;CAÍDA DE PASAJERO;-;1;0;CARRETERA PANAMERICANA NORTE ANTIGUA;-;-6.626742;-79.888111;;;;;
A-2021-08-155;08/08/2021;08:15;DESPISTE;-;1;0;AVENIDA FITZCARRALD CUADRA 09;FRENTE A INMUEBLE 904;-6.784131;-79.833373;DESPEJADO;NO IDENTIFICA LA CAUSA;;;ACCIDENTE EN INVESTIGACION
A-2021-08-156;29/08/2021;05:30;ATROPELLO;.;1;1;CARRETERA PANAMERICANA NORTE ;FRENTE AL HOTEL PUNTA DE CAMARONES ;-3.688651718;-80.69309408187267;;;;;
A-2021-08-157;18/08/2021;05:30;CHOQUE;-;1;3;CARRETERA PANAMERICANA NORTE ANTIGUA KM 126;CPM QUERPON;-5.716098575;-79.89015333284517;DESPEJADO;IMPRUDENCIA DEL CONDUCTOR;INVASIÓN DE CARRIL;;ACCIDENTE EN INVESTACION
A-2021-08-158;22/08/2021;12:54;ATROPELLO;CONSECUENCIA FATAL;1;0;CARRETERA CUSCO-SICUNI;ALTURA DEL GRIFO ERIC, PARADERO ESTRELLA;-13.574089;-71.822298;DESPEJADO;IMPRUDENCIA DEL CONDUCTOR;EXCESO DE VELOCIDAD;;
A-2021-08-159;22/08/2021;04:00;ATROPELLO FUGA;-;1;0;CARRETERA PANAMERICAN NORTE KM775;ALTURA DE MOLINOS EL PIRATA;-6.742600388;-79.87630776178625;DESPEJADO;NO IDENTIFICA LA CAUSA;;;ACCIDENTE EN INVESTIGACION
A-2021-08-160;27/08/2021;17:00;DESPISTE;;1;1;CARRETERA C.P ARAQUEDA - C.P ALGAMARCA. ALTURA DEL CRUCE PERU. CASERÍO PAMPACHANCAS - ARAQUEDA;;-7.63348167;-78.22005333;DESPEJADO;NEGLIGENCIA DEL CONDUCTOR;CONDUCIR CON FALLAS DE FRENOS;;
A-2021-08-161;22/08/2021;21:30;ATROPELLO;CONSECUENCIA FATAL;1;0;JIRON 25 DE JULIO;ALTURA DEL TERMINAL TERRESTRE DE BIAJES;-12.521364;-72.414141;DESPEJADO;IMPRUDENCIA DEL CONDUCTOR;CONDUCIR EN ESTADO DE EBRIEDAD Y/O DROGADICCIÓN;;
A-2021-08-162;01/08/2021;10:00;ATROPELLO;CONSECUENCIA FATAL;1;1;CARRETERA CUSCO-SICUANI. DISTRITO DE SAN PABLO;PARADERO COMUNIDAD PAMPA CALASAYA;-14.22136;-71.28799;DESPEJADO;IMPRUDENCIA DEL CONDUCTOR;EXCESO DE VELOCIDAD;;IMPRUDENCIA DE LA PEATON
A-2021-08-164;20/08/2021;20:30;CHOQUE;CONSECUENCIA FATAL;1;3;VIA DE PENETRACION CUSCO-KOSÑIPATA. TRAMO COMUNIDAD PATRIA-PILLCOPATA;SECTOR DENOMINADO AGUA SANTA;-12.918103;-71.399089;DESPEJADO;IMPRUDENCIA DEL CONDUCTOR;INVASIÓN DE CARRIL;;
A-2021-08-165;29/08/2021;21:30;ATROPELLO FUGA;FUGA;1;0;CARRETERA PANAMERICA SUR PUNO-DESAGUADERO KM 1368 200;-;-15.85742801;-69.95893651961683;DESPEJADO;NO IDENTIFICA LA CAUSA;;;
A-2021-08-166;21/08/2021;20:10;CHOQUE;CONSECUENCIA FATAL;1;4;AV. PROLONGACION LA CULTURA INTERSECCIÓN CON LA AV. 1;GRIFO REPSOL;-13.5368;-71.9063;DESPEJADO;IMPRUDENCIA DEL CONDUCTOR;EXCESO DE VELOCIDAD;;
A-2021-08-167;21/08/2021;21:40;ATROPELLO FUGA;CONSECUENCIA FATAL;1;0;CARRETERA CUSCO-SICUANI;ALTURA DEL CENTRO POBLADO DE HUASAO;-13.576465;-71.818137;NUBLADO;IMPRUDENCIA DEL CONDUCTOR;EXCESO DE VELOCIDAD;;
A-2021-08-169;28/08/2021;13:40;CHOQUE;CONSECUENCIA FATAL;1;1;CARRETERA HUANCARANI- HUAMBUTIO;ALTURA DE LA COMUNIDAD CAMPESINA DE HUAYLLABAMBA;-13.515922;-71.681844;DESPEJADO;IMPRUDENCIA DEL CONDUCTOR;CONDUCIR EN ESTADO DE EBRIEDAD Y/O DROGADICCIÓN;;
A-2021-08-17;01/08/2021;16:55;ATROPELLO FUGA;ATROPELLO Y FUGA;1;0;CARRETERA HUANCABAMBA ALTURA DEL SECTOR PISTA POLO VERDE;ALTURA DEL KM65;-5.25665757;-79.46255343;DESPEJADO;NO IDENTIFICA LA CAUSA;;;
A-2021-08-170;29/08/2021;21:50;CHOQUE FUGA;CONSECUENCIA FATAL;1;2;TRAMAO SICUANI - MARANGANI;SECTOR SENCCA CHECTUYOC KM. 1114;-14.311344;-71.20653;DESPEJADO;IMPRUDENCIA DEL CONDUCTOR;EXCESO DE VELOCIDAD;;
A-2021-08-172;22/08/2021;12:10;ATROPELLO;MUERTE;1;0;CARRETERA PANAMERICANA NORTE ALTURA DEL KM. 713 ;-;-7.192562;-79.429835;DESPEJADO;NO IDENTIFICA LA CAUSA;;;
A-2021-08-173;29/08/2021;11:30;DESPISTE;MUERTE;1;0;JR. RAMON CASTILLA NRO. 846;-;-7.818818;-78.042434;DESPEJADO;IMPRUDENCIA DEL CONDUCTOR;CONDUCIR EN ESTADO DE EBRIEDAD Y/O DROGADICCIÓN;;
A-2021-08-174;29/08/2021;09:50;CHOQUE;MUERTE;1;0;CARRETERA DE PENETRACION A LA PROVINCIA DE GRAN CHIMU ALTURA DEL KM. 05.220;-;-7.797383;-79.139556;DESPEJADO;IMPRUDENCIA DEL CONDUCTOR;GIRAR IMPRUDENTEMENTE;;
A-2021-08-176;30/08/2021;09:00;DESPISTE;MUERTE;1;1; CARRETERA DE PENETRACIÓN A LA SIERRA DE LA LIBERTAD ALTURA DEL KM. 45- CASERIO EL PROVENIR - SAYAPULLO;-;-7.5721;-78.52968;DESPEJADO;IMPRUDENCIA DEL CONDUCTOR;CONDUCIR EN ESTADO DE EBRIEDAD Y/O DROGADICCIÓN;;
A-2021-08-177;21/08/2021;07:45;CHOQUE;MUERTE;1;0;CARRETERA DE PENETRACION A LAREDO A LA ALTURA DEL KM. 01;HIDRANDINA;-8.087727;-78.981701;DESPEJADO;IMPRUDENCIA DEL CONDUCTOR;GIRAR IMPRUDENTEMENTE;;
A-2021-08-178;30/08/2021;08:15;CHOQUE FUGA;VOLCADURA DESPISTE;2;1;CARRETERA INTEROCEANICA KM 390 800;SECTOR VICTOR RAUL ;-12.724883;-69.501244;;;;;
A-2021-08-179;30/08/2021;23:29;ATROPELLO FUGA;-;1;0;CARRETERA PANAMERICANA SUR PUNO - DESAGUADERO KM 1471 900;-;-16.333943;-69.25176561666667;DESPEJADO;NO IDENTIFICA LA CAUSA;;;
A-2021-08-18;02/08/2021;04:30;DESPISTE;SUBSECUENTE DE VOLCADURA Y CAIDA;1;0;CASERIO CAMPANAS ALTURA DEL RIO CHARAN;CASERIO BATANES ALTURA DEL RIO ;-5.0861814;-80.1234345;DESPEJADO;NO IDENTIFICA LA CAUSA;;;
A-2021-08-181;09/08/2021;23:15;CHOQUE;-;1;0;AV. SESQUICENTENARIO ;ALTURA DEL GRIFO WARI;-13.663746;-73.401938;DESPEJADO;IMPRUDENCIA DEL CONDUCTOR;CONDUCIR EN ESTADO DE EBRIEDAD Y/O DROGADICCIÓN;;INVESTIGACION A CARGO DEL ST1 PNP VÍCTOR DENNIS RAMIREZ ROMANI 
A-2021-08-182;17/08/2021;20:10;DESPISTE;CONSECUENCIA FATAL;1;0;CARRETERA INTEROSEANICA PUERTO MALDONADO;ALTURA DEL KILÓMETRO 055;-13.63413;-71.414767;DESPEJADO;IMPRUDENCIA DEL CONDUCTOR;EXCESO DE VELOCIDAD;;
A-2021-08-183;01/08/2021;10:30;CHOQUE;-;1;0;KM 04 150;COMUNIDAD CANCHI CHICO;-15.5190984;-70.0857448;DESPEJADO;IMPRUDENCIA DEL CONDUCTOR;EXCESO DE VELOCIDAD;;NINGUNA
A-2021-08-184;05/08/2021;05:10;CHOQUE;FATAL CON DAÑOS MATERIALES;1;0;CARRTERA MARIGINAL KM 13  265;ALTURA DEL GRIFO BUENOS AIRES-SMP;-11.40860846;-74.48906960331489;DESPEJADO;;;;
A-2021-08-185;01/08/2021;15:30;CHOQUE;-;1;0;KM 1556 93;SAN ANTON-MACUSANI;-14.1704231;-70.3346811;DESPEJADO;IMPRUDENCIA DEL CONDUCTOR;CONDUCIR EN SENTIDO CONTRARIO;;NINGUNA 
A-2021-08-186;17/08/2021;12:00;DESPISTE;CONSECUENCIA FATAL;2;0;SECTOR CHUNCHUYA-CP MACO KM22 600;DISTRITO DE TAPO;-11.35807577;-75.55697075679288;DESPEJADO;;;;
A-2021-08-187;04/08/2021;09:00;CHOQUE FUGA;CHOQUE;1;1;KM 09 942;CARRETERA CALAPUJA PUERTO MALDONADO;-15.12286639;-70.07096940149098;SOLEADO;INFRAESTRUCTURA Y ENTORNO VIAL;OBRAS TEMPORALES;;NINGUNO
A-2021-08-188;20/08/2021;20:30;CHOQUE;FATAL Y DAÑOS MATERIALES;1;0;CARRETERA MARIGINAL KM 51 300;SECTOR NIÑO PAMPA-PALCA;-11.28467725;-75.56587403945369;DESPEJADO;;;;
A-2021-08-189;05/08/2021;11:50;CHOQUE;-;1;1;KM 268 300;AREQUIPA JULIACA;-15.6535889;-70.3585267;DESPEJADO;NEGLIGENCIA DEL CONDUCTOR;OTRO (NEGLIGENCIA DEL CONDUCTOR);EXCESO DE CONFIANZA;EXCESO DE CONFIANZA 