COD_ACCIDE;FechaDelAccidente;HoraDelAccidente;ClaseDelAccidente;SecuenciaAccidente;CantidadDeFallecidos;CantidadDeLesionados;Direccion;LugarReferencia;y;x;CondClimatica;CausaFactorPrincipal;CausaEspecifica;OtraCausa;Observaciones
A-2021-08-190;06/08/2021;19:15;ATROPELLO;-;1;0;KM 49 300;CALAPUJA PUERTO MALDONADO;-14.89984435;-70.19152211824833;DESPEJADO;IMPRUDENCIA DEL CONDUCTOR;EXCESO DE VELOCIDAD;;NINGUNA
A-2021-08-191;09/08/2021;19:00;ATROPELLO;-;1;0;KM 138 380;CALAPUJA PUERTO MALDONADO;-14.3762327;-70.2723183;DESPEJADO;IMPRUDENCIA DEL PEATÓN;CRUCE INDEBIDO POR LA CALZADA;;NINGUNA
A-2021-08-192;14/08/2021;03:20;ATROPELLO FUGA;-;1;0;KM 292 500;AREQUIPA JULIACA;-15.5226353;-70.18038200269928;DESPEJADO;IMPRUDENCIA DEL PEATÓN;CRUCE INDEBIDO POR LA CALZADA;;NINGUNA 
A-2021-08-193;17/08/2021;07:45;CHOQUE;ATROPELLO ;1;0;AV INDEPENDENCIA CON CIRCUNVALACION;OVALO SALIDA CUSCO;-15.48162409;-70.13807659980661;DESPEJADO;IMPRUDENCIA DEL CONDUCTOR;INVASIÓN DE CARRIL;;NINGUNA 
A-2021-08-194;22/08/2021;18:00;ATROPELLO;-;1;0;KM 267 500;AREQUIPA JULIACA;-15.6604137;-70.3640193;DESPEJADO;IMPRUDENCIA DEL PEATÓN;OTRO (IMPRUDENCIA DEL PEATÓN);DESPLAZAR SU VEHICULO SIN EXPRESAR UNA ESTRATEGIA PREVENTIVA ;NINGUNO
A-2021-08-195;23/08/2021;16:45;CHOQUE;;1;0;KM 135 680;SAN ANTON AYAVIRI;-14.345605;-70.265136;SOLEADO;IMPRUDENCIA DEL CONDUCTOR;OTRO (IMPRUDENCIA DEL CONDUCTOR);IMPERICIA RELATIVA DEL CONDUCTOR ;NINGUNA 
A-2021-08-196;22/08/2021;16:10;CHOQUE;DE CONSECUENCIA FATAL CON DAÑOS MATERIALES;1;0;CARRRETERA MARIGINAL KM 57 780;CC.NN SHINTOTIATO-KIVINAKI-PERENE;-10.88745395;-74.96213591334514;DESPEJADO;;;;
A-2021-08-197;23/08/2021;09:10;ATROPELLO;DI CONSECUENCIA FATAL ;1;0;CARRETERA MARIGINAL KM 199;SECTOR RIO COLORADO;-10.9654765;-75.29715499333851;DESPEJADO;;;;
A-2021-08-198;29/08/2021;01:40;CHOQUE;CONSECUENCIA FATAL;3;0;CARRETERA MARIGINAL KM 22 340;CC.PP ALTO KIATARI - PANGOA;-11.5012756;-74.462138;DESPEJADO;;;;
A-2021-08-199;02/08/2021;12:30;DESPISTE;VOLCADURA;1;0;PRIMER CHOQUECHAMBI;CARRETERA AZANGARO- PRIMER CHOQUECHAMBI;-14.922155;-70.165595;DESPEJADO;IMPRUDENCIA DEL CONDUCTOR;EXCESO DE VELOCIDAD;;NINGUNA 
A-2021-08-2;01/08/2021;21:00;CHOQUE FUGA;Y DESPISTE;1;0;CARRETERA ZEPITA - CCOTAPATA KM. 4;CAMINO SANTUARIO CCOTAPATA;-16.53705926;-69.09898637882296;DESPEJADO;IMPRUDENCIA DEL CONDUCTOR;EXCESO DE VELOCIDAD;;IMPRUDENCIA DEL CONDUCTOR DE LA UT1 (VEHICULO NO IDENTIFICADO).
A-2021-08-200;06/08/2021;22:40;ATROPELLO;-;1;0;KM 265 500;AREQUIPA-JULIACA;-15.67191899;-70.37607365423928;DESPEJADO;IMPRUDENCIA DEL PEATÓN;CRUCE INDEBIDO POR LA CALZADA;;NINGUNA
A-2021-08-201;14/08/2021;10:30;ATROPELLO;-;1;0;AV TAMBOPATA;SAN PEDRO DE PUTINA PUNCO;-14.12460042;-69.06971989553416;DESPEJADO;IMPRUDENCIA DEL PEATÓN;OTRO (IMPRUDENCIA DEL PEATÓN);LA NEGLIGENCIA DE LOS PROGENITORES ;NINGUNA
A-2021-08-202;14/08/2021;04:00;DESPISTE;VOLCADURA ;1;1;CARRETERA HUARMACA - HUALAPAMPA ;CASERIO MONTEGRANDE ALTO-SANTA ROSA ;-5.632853;-79.539087;NIEBLA;NO IDENTIFICA LA CAUSA;;;
A-2021-08-205;03/08/2021;03:00;CHOQUE;;2;1;CARRETERA QUINUA SAN FRANCISCO;;-12.962231;-74.076273;DESPEJADO;NEGLIGENCIA DEL CONDUCTOR;CONDUCIR CON FALLAS DE FRENOS;;NINGUNA
A-2021-08-206;10/08/2021;08:30;DESPISTE;VOLCADURA;1;1;CARRETERA ESPITE VILCANCHOS;NINGUNA;-13.568882;-74.61658;DESPEJADO;IMPRUDENCIA DEL CONDUCTOR;EXCESO DE VELOCIDAD;;NINGUNA
A-2021-08-207;30/08/2021;16:10;VOLCADURA;CAIDA Y FUGA DEL CONDUCTOR ;1;0;AV. DANIEL ALCIDES CARRION ;NINGUNA;-13.15646;-74.19782;DESPEJADO;IMPRUDENCIA DEL CONDUCTOR;EXCESO DE VELOCIDAD;;NINGUNA
A-2021-08-209;14/08/2021;02:30;DESPISTE;VOLCADURA ;2;0;VIA LIBERTADORES ;APACHETA;-13.36009419;-74.7363379894998;DESPEJADO;IMPRUDENCIA DEL CONDUCTOR;FATIGA Y/O CANSANCIO;;NINGUNA
A-2021-08-21;04/08/2021;22:41;ATROPELLO FUGA;;1;0;AV. LOURDES ALTURA DE LA IGLESIA ADVENTISTA - CELENDIN;;-6.875732;-78.140011;DESPEJADO;IMPRUDENCIA DEL CONDUCTOR;OTRO (IMPRUDENCIA DEL CONDUCTOR);EL ACCIONAR POR PARTE DEL CONDUCTOR DE LA UT-1 AL INICIAR SU MARCHA EN RETROCESO SIN EXTREMAR SUS MEDIDAS DE SEGURIDAD, PESE A LA PRESENCIA DE MENORES DE EDAD EN EL LUGAR, LLEGANDO A IMPACTAR AL MENOR CON SU UNIDAD VEHICULAR, QUE LE OCASIONARON LESIONES GRAVES QUE CONLLEVARON A SU DECESO.;
A-2021-08-212;30/08/2021;13:10;CHOQUE;CHOQUE FRONTAL;1;0;CARRETERA PIURA OLMOS;KM 167 400;-5.437378;-80.025549;DESPEJADO;NO IDENTIFICA LA CAUSA;;;
A-2021-08-215;01/08/2021;19:00;CHOQUE CON OBJETO FIJO;VOLCADURA, CAIDA;1;0;CARRETERA PAN. NORTE KM. 13.600;PTE PEAT. CELIMA;-12.02093645;-77.05918365829173;DESPEJADO;NO IDENTIFICA LA CAUSA;;;
A-2021-08-217;29/08/2021;18:50;ATROPELLO;MUERTE;1;0;CALLE S/N ALTURA DEL FRONTIS DEL RESTAURANTE CAMPESTRE LA MERCED;-;-8.079524;-78.980219;DESPEJADO;NO IDENTIFICA LA CAUSA;;;TRANSACCION EXTRAJUDICIAL, JUZGADO DE PRIMERA NOMINACION DEL DISTRITO DE LAREDO: QUE LA SEÑORA GARRIDO YERADINE MARIAN HA RECIBIDO LA CANTIDAD DE S/. 3,000.00 SOLES, DE PARTE DE LA PERSONA DE LEON ZELADA LUIS MERCEDES, POR LO QUE NO DESEA CONTINUAR CON EL TRAMITE DE ALGUN PROCESO EN CONTRA DE LA OTRA PARTE, POR LO QUE RENUNCIA A CUALQUIER ACCION LEGAL CONTRA EL SEÑOR LEON ZELADA LUIS MERCEDES Y MONTALVO LEON JUAN CARLOS.
A-2021-08-220;02/08/2021;19:00;DESPISTE;CHOQUE;1;0;KM. 50.500 DE LA PAN. SUR;-;-12.38429588;-76.77102851603604;DESPEJADO;NO IDENTIFICA LA CAUSA;;;
A-2021-08-221;29/08/2021;19:30;CHOQUE FUGA;ATROPELLO - VOLCADURA;1;1;CARRETERA DE PENETRACION TUMAN-CALUPE;FRENTE AL BLOCK 13;-6.756416;-79.690703;DESPEJADO;NO IDENTIFICA LA CAUSA;;;ACCIDENTE EN INVESTIGACION
A-2021-08-224;03/08/2021;17:00;CHOQUE;-;1;1;AV. TUPAC KM. 23; ALT. PARADERO HUACOY;-11.8635734;-77.008134;DESPEJADO;NO IDENTIFICA LA CAUSA;;; ACCIDENTE EN INVESTIGACION
A-2021-08-225;04/08/2021;13:00;ATROPELLO FUGA;-;1;0;CALLE JUSTO NAVEDA INTERSECCION CON AV. OSCAR DE LA BARRERA;-;-12.17003;-77.02477;DESPEJADO;NO IDENTIFICA LA CAUSA;;;
A-2021-08-227;03/08/2021;15:00;ATROPELLO;VOLCADURA , CAIDA;1;0;AV. 22 DE AGOSTO CDRA. 12;ALT. INSTITUTO CETPRO DE SANTA LUZMILA;-11.945384;-77.063179;DESPEJADO;NO IDENTIFICA LA CAUSA;;;
A-2021-08-228;05/08/2021;10:30;CHOQUE;VOLCADURA , CAIDA;1;1;AV. CANTA CALLAO ALTURA DE LA AV. CENTRAL ;C.C TOTTUS;-11.98145675;-77.09696517185316;DESPEJADO;NO IDENTIFICA LA CAUSA;;;CASO EN INVESTIGACION
A-2021-08-229;07/08/2021;21:37;CHOQUE FUGA;VOCADURA, CAIDA;1;0;CARRETERA PAN. NORTE ALT. KM. 19.700;-;-11.95932691;-77.06894151054783;DESPEJADO;NO IDENTIFICA LA CAUSA;;;
A-2021-08-230;10/08/2021;06:00;ATROPELLO;-;1;0;AV. TOMAS VALLE CON AV. UNIVERSITARIA;-;-12.01270902;-77.08082839775994;NUBLADO;NO IDENTIFICA LA CAUSA;;;
A-2021-08-231;10/08/2021;07:00;ATROPELLO;-;1;0;AV. MICELA BASTIDAS CDRA. 04;MODULO DE JUSTICIA INTEGRADO EN VIOLENCIA CONTRA LA MUJER;-12.19729624;-76.95296828691491;NUBLADO;NO IDENTIFICA LA CAUSA;;;
A-2021-08-232;10/08/2021;07:45;ATROPELLO;-;1;0;CRUCE DE PROLONGACION DEFENSORES DEL MORRO CON PSJE LAS PONCEANAS;-;-12.17924812;-77.01428886492306;NUBLADO;NO IDENTIFICA LA CAUSA;;;
A-2021-08-233;31/08/2021;19:50;ATROPELLO FUGA;LA UT1 SE DESPISTA, ATROPELLANDO A LA UT2 POR COMPRESION, LA CUAL SE ENCONTRABA RECOSTADA;1;0;VIA DE EVITAMIENTO KM.6;CERCA A LA CARPITA EL CUY;-16.3533374;-71.5802103;DESPEJADO;IMPRUDENCIA DEL CONDUCTOR;INVASIÓN DE CARRIL;;EL ACCIDENTE OCURRIO EN CIRCUSTANCIAS QUE LA UT1 SE DESPISTA A LA ZONA DE TIERRA ESTE, LUEGO OBSERVA QUE EL PEATON SE ENCONTRABA RECOSTADO Y LO SOBREPASA POR L PARTE MEDIA, COMPRIMIENDOLO CON SU ESTRUCTURA INFERIOR.
A-2021-08-234;11/08/2021;09:15;CHOQUE;VOLCADURA Y CAÍDA;1;0;JR. MANUFACTURAS CRA 01;-;-11.935141;-77.069255;DESPEJADO;IMPRUDENCIA DEL CONDUCTOR;EXCESO DE VELOCIDAD;;
A-2021-08-235;13/08/2021;09:30;ATROPELLO;-;1;0;AV. ALFREDO MENDIOLA CDRA 37 ALTURA JR. LOS ANDES;-;-11.95997241;-77.06822335632252;NUBLADO;NO IDENTIFICA LA CAUSA;;;
A-2021-08-236;13/08/2021;16:30;ATROPELLO;-;1;0;MZ. K. LT. 14.BARRIO1.SECTOR 2. 4TA ETAPA;INSTITUCION EDUCATIVA NACIONES UNIDAS;-12.23640853;-76.92045476347974;DESPEJADO;NO IDENTIFICA LA CAUSA;;;
A-2021-08-237;14/08/2021;15:30;ATROPELLO;-;1;0;AV. TUPAC AMARU (REF. PARADERO VELASCO);-;-11.92583221;-77.04288118284668;NUBLADO;NO IDENTIFICA LA CAUSA;;;
A-2021-08-238;16/08/2021;09:40;ATROPELLO;-;1;0;AV. AGROINDUSTRIAL CON AV. VIÑA DEL MAR;-;-12.21220783;-76.95801077649516;DESPEJADO;NO IDENTIFICA LA CAUSA;;;
A-2021-08-239;18/08/2021;09:50;ATROPELLO;-;1;0;AV. BRASIL CDRA 07;-;-12.06631827;-77.04661535781963;DESPEJADO;IMPRUDENCIA DEL PEATÓN;OTRO (IMPRUDENCIA DEL PEATÓN);;
A-2021-08-240;18/08/2021;19:53;ATROPELLO FUGA;-;1;0;CARRETERA PANAMERICANA NORTE KM. 45.00;AA.HH  ANCON;-11.76654098;-77.1585640015816;NUBLADO;NO IDENTIFICA LA CAUSA;;;
A-2021-08-241;20/08/2021;21:40;ATROPELLO FUGA;-;1;0;AV. MIGUEL GRAU CUADRA 07 ;PP.JJ AÑO NUEVO;-11.9120962;-77.05229577269911;SOLEADO;NO IDENTIFICA LA CAUSA;;;
A-2021-08-242;19/08/2021;13:20;ESPECIAL;-;1;0;CARRETERA CENTRAL  KM.15.5;PARADERO HORACIO ZEVALLOS CDRA 07.;-12.0091524;-76.8665668308386;SOLEADO;NO IDENTIFICA LA CAUSA;;;
A-2021-08-243;21/08/2021;23:00;ATROPELLO;-;1;0;AV. GENERAL ALIPIO PONCE VASQUEZ;ALT. PARQUE  ECOLOGICO CAMPO SANTO SANTA ROSA DE LIMA;-12.17227918;-76.98347013548386;NUBLADO;NO IDENTIFICA LA CAUSA;;;
A-2021-08-244;22/08/2021;04:30;VOLCADURA;CAIDA;1;0;AV. TOMAS VALLE CDRA16;ALT. ANGELICA GAMARRA;-12.01163374;-77.08918158952721;NUBLADO;NO IDENTIFICA LA CAUSA;;;
A-2021-08-245;22/08/2021;18:15;ATROPELLO;DESPISTE PARCIAL Y CHOQUE;1;0;KM.48.123 PAN. SUR;ALT. PTE PEAT. SAN BARTOLO;-12.38530188;-76.77000388201724;NUBLADO;NO IDENTIFICA LA CAUSA;;;
A-2021-08-246;31/08/2021;21:50;DESPISTE;;1;0;CARRETERA DE PENETRACIÓN  PUEBLO NUEVO - JAGUAY;CARRETERA DE PENETRACIÓN  PUEBLO NUEVO - JAGUAY;-7.59666;-78.966476;DESPEJADO;IMPRUDENCIA DEL CONDUCTOR;CONDUCIR EN ESTADO DE EBRIEDAD Y/O DROGADICCIÓN;;
A-2021-08-247;22/08/2021;23:45;CHOQUE;-;1;1;CARRETERA PAN. SUR KM05.300;;-12.13613559;-76.98027384452413;NUBLADO;NO IDENTIFICA LA CAUSA;;;
A-2021-08-248;24/08/2021;23:30;ATROPELLO;-;1;0;AV. ANTIGUA PAN. SUR KM. 25.000;ALT. PUERTA PRINCIPAL DEL CEMENTERIO PARQUE DE LOS RECUERDOS;-12.25468341;-76.9166081287385;DESPEJADO;NO IDENTIFICA LA CAUSA;;;
A-2021-08-249;24/08/2021;14:00;ATROPELLO;-;1;0;AV. NICOLINI CDRA 02;ESTABLECIMIENTO DE BOMBEROS;-12.018424;-77.055792;DESPEJADO;IMPRUDENCIA DEL CONDUCTOR;EXCESO DE VELOCIDAD;;
A-2021-08-25;05/08/2021;16:30;CHOQUE;;1;0;AV. VICTOR RAÚL HAYA DE LA TORRE ;ALTURA DEL INGRESO A PAMPA DEL ATERRIZAJE - PAMPA GRANDE;-7.61178933;-78.05854328;DESPEJADO;IMPRUDENCIA DEL CONDUCTOR;GIRAR IMPRUDENTEMENTE;;
A-2021-08-250;25/08/2021;12:00;CHOQUE;CAIDA;1;0;AV. ANCASH CDRA 16;-;-12.043371;-77.008517;NUBLADO;NO IDENTIFICA LA CAUSA;;;CASO EN INVESTIGACION
A-2021-08-251;25/08/2021;14:30;CHOQUE;VOLCADURA;1;0;PAN. NORTE KM47.550;VARIANTE PASAMAYO;-11.74790854;-77.14419924189143;SOLEADO;NO IDENTIFICA LA CAUSA;;;
A-2021-08-252;29/08/2021;02:00;DESPISTE;CHOQUE, VOLCADURA;1;0;AV. TUPAC AMARU ;ALT. AV. HONORIO DELGADO;-12.0179426;-77.0510368571967;DESPEJADO;NO IDENTIFICA LA CAUSA;;;
A-2021-08-253;26/08/2021;19:35;CHOQUE;-;1;0;AV. AREQUIPA CDRA 29 ALT. INTERSECCION CALLE MANUEL BAÑON;-;-12.09467513;-77.03303748783208;NUBLADO;IMPRUDENCIA DEL CONDUCTOR;DESACATO DE SEÑAL DE TRÁNSITO;;
A-2021-08-254;29/08/2021;14:00;CHOQUE;-;1;0;AV. BRIGIDA SILVA DE OCHOA CDRA. 02;INTERSECCION PROLOG. AYACUCHO CDRA 12;-12.08089002;-77.08821051519837;SOLEADO;IMPRUDENCIA DEL CONDUCTOR;OTRO (IMPRUDENCIA DEL CONDUCTOR);;
A-2021-08-255;31/08/2021;04:00;CHOQUE CON OBJETO FIJO;DESPISTE, VOLCADURA;33;34;CARRETERA CENTRAL KM. 72.00;;-11.82567513;-76.36702348348194;DESPEJADO;IMPRUDENCIA DEL CONDUCTOR;EXCESO DE VELOCIDAD;;
A-2021-08-259;27/08/2021;20:00;DESPISTE;-;1;0;CARRETERA LAGUNAS MOCUPE;KM. 746;-6.984775;-79.632255;DESPEJADO;IMPRUDENCIA DEL CONDUCTOR;CONDUCIR EN ESTADO DE EBRIEDAD Y/O DROGADICCIÓN;;
A-2021-08-26;05/08/2021;22:00;CHOQUE;FRONTAL ;1;0;CARRETERA PATIVILCA - HUARAZ KM 119 900;CRUCE A TICLLOS, GRIFO PECSA;-10.13647611;-77.30179868370803;DESPEJADO;IMPRUDENCIA DEL CONDUCTOR;INVASIÓN DE CARRIL;;NINGUNA
A-2021-08-261;05/08/2021;10:31;ATROPELLO;-;1;0;AV. MANUEL CISNEROS ALT. DEL INMUEBLE NRO.  316;-;-12.06384;-77.021884;SOLEADO;NO IDENTIFICA LA CAUSA;;;VAHICULO COMBINADO CON DOS PLACAS  Y10913- UCO991(0-3)
A-2021-08-262;29/08/2021;11:15;CHOQUE;FATAL Y DAÑOS MATERIALES ;1;0;CARRETERA JAUJA - TARMA KM. 35 200 ;;-11.627955;-75.610138;DESPEJADO;IMPRUDENCIA DEL CONDUCTOR;EXCESO DE VELOCIDAD;;NINGUNA
A-2021-08-263;07/08/2021;12:30;CHOQUE;CON CONSECUENCIA DE MUERTE , LESIONES Y DAÑOS MATERIALES.;1;2;KM.26.834;RESTAURANTE SAUCE GRANDE;-10.4398286;-77.72763843361777;DESPEJADO;IMPRUDENCIA DEL CONDUCTOR;CAÍDA DE MERCANCÍA;;
A-2021-08-264;12/08/2021;12:45;ATROPELLO FUGA;CON CONSECUENCIA DE MUERTE;1;0;KM.31;ANEXO SHAURA;-10.40989861;-77.70758590407858;SOLEADO;NO IDENTIFICA LA CAUSA;;;
A-2021-08-265;16/08/2021;05:45;CHOQUE;CON CONSECUENCIA DE MUERTE, LESIONES GRAVES Y DAÑOS MATERIALES;1;1;KM. 01.322;ALTURA CENTRO RECREACIONAL BELLA AURORA;-10.67480466;-77.7820020705566;LLUVIOSO;IMPRUDENCIA DEL CONDUCTOR;EXCESO DE VELOCIDAD;;
A-2021-08-266;22/08/2021;22:10;DESPISTE;CON CONSECUENCIA DE MUERTE ;1;0;KM.7;DESVIO HACIA EL NORTE DE LA CARRETERA DE PENETRACION PATIVILCA-CAJATAMBO;-10.65694928;-77.72010684803666;DESPEJADO;NO IDENTIFICA LA CAUSA;;;
A-2021-08-268;23/08/2021;11:00;DESPISTE;DE CONSECUENCIA FATAL Y DAÑOS MATERIALES ;1;2;DISTRITO SAN JOSE DE QUERO  KM. 253 200;CENTRO  POBLADO CHAQUICOCHA - CHUPACA ;-12.02837173;-75.49696083;SOLEADO;IMPRUDENCIA DEL CONDUCTOR;CONDUCIR EN ESTADO DE EBRIEDAD Y/O DROGADICCIÓN;;NINGUNA 
A-2021-08-269;28/08/2021;18:45;DESPISTE;VOLCADURA;2;3;KM 50;ANEXO DE CCOCHAPATA;-14.14881034;-69.66047357118119;NUBLADO;IMPRUDENCIA DEL CONDUCTOR;EXCESO DE VELOCIDAD;;NINGUNA 
A-2021-08-27;06/08/2021;21:00;ATROPELLO;CON APLASMIENTO Y CHOQUE;1;0;CARRETERA ALLPASH - HUACAYBAMBA - HUACAYBAMBA KM 6  750;LUGAR DENOMINADO GARGAHUAIN;-9.210169251;-76.94633119681846;DESPEJADO;NO IDENTIFICA LA CAUSA;;;SE ENCUENTRA EN INVESTIGACION
A-2021-08-270;30/08/2021;23:30;ATROPELLO FUGA;ATROPELLO CON ARRASTRAMINETO CON SUB SECUENTE MUERTE;1;0;CARRETERA DE PENATRACION AREQUIPA KM.32-500;EL CURAL;-16.408352;-71.611134;DESPEJADO;IMPRUDENCIA DEL PEATÓN;CRUCE INDEBIDO POR LA CALZADA;;SIN OBSERVACIONES
A-2021-08-271;24/08/2021;23:29;CHOQUE;EL VEHÍCULO M3 - CLASE III, ÓMNIBUS DE PLACA DE RODAJE F2W-966,  CIRCULABA POR LA CARRETERA PANAMERICANA NORTE EN SENTIDO DE SUR A NORTE, AL LLEGAR A LA AV. PERALBILLO, IMBADE EL CARRIL CONTRARIO, IMPACTANDO FRONTALMENTE AL VEHÍCULO CATG. L3 - MOTOCICLETA DE PLACA DE RODAJE A5-0088.;1;0;AV. PERALVILLO CDRA. 31 (EX CARRETERA PANAMERICANA NORTE);CENTRO POBLADO PERALVILLO -  HUALMAY;-11.078665;-77.597574;DESPEJADO;IMPRUDENCIA DEL CONDUCTOR;INVASIÓN DE CARRIL;;NINGUNA
A-2021-08-272;08/08/2021;02:40;ATROPELLO FUGA;PEATONES CRUZABAN LA ANTIGUA CARRETERA PANAMETICANA NORTE EN SENTIDO DE ESTE A OESTE, AL LLEGAR AL CARRIL DE CIRCULACIÓN OESTE, SON IMPACTADOS POR EL VEHÍCULO EN PROCESO DE IDENTIFICACIÓN.;1;1;INTERSECCIÓN DE LA AV. ANTIGUA CARRETERA PANAMERICANA NORTE CON LA CALLE PUQUIO CANO;PUQUIO CANO;-11.100064;-77.596177;DESPEJADO;IMPRUDENCIA DEL CONDUCTOR;EXCESO DE VELOCIDAD;;NINGUNA
A-2021-08-273;17/08/2021;15:10;CHOQUE;EL VEHÍCULO L3, DE PLACA DE RODAJE 3212-2H,  ERA CONDUCIDO POR LA AV. FELIX B. CARDENAS  EN SENTIDO DE NORTE A SUR, AL LLEGAR A LA ZONA DEL ACCIDENTE EL VEHÍCULO NO MOTORIZADO HACE CAMBIO DE DIRECCIÓN SIENDO IMPACTADA POR EL VEHICULO L3.  ;1;0;AV. FELIX B. CARDENAS CDRA. 1;FRONTIS DEL INMUEBLE N° 141;-11.096769;-77.594687;DESPEJADO;IMPRUDENCIA DEL CONDUCTOR;EXCESO DE VELOCIDAD;;NINGUNA
A-2021-08-274;08/08/2021;04:40;CHOQUE;EL VEHÍCULO AUTOMÓVIL DE PLACA DE RODAJE ABX-050, SE DIRIGÍA POR LA AV. TUPAC AMARU EN SENTIDO DE ESTE A OESTE, AL LLEGAR A LA INTERSECCIÓN CON LA AV. LA PAZ, ES IMPACTADO EN SU TERCIO LATERAL IZQUIERDO, TERCIO ANTERIOR POR EL VEHÍCULO CATG. L3 DE PLACA DE RODAJE 4142-EB;1;0;INTERSECCIÓN DE LAS AV. TUPAC AMARU Y AV. LA PAZ - HUACHO;AV. TUPAC AMARU CDRA. N° 2;-11.107406;-77.598784;DESPEJADO;IMPRUDENCIA DEL CONDUCTOR;CONDUCIR EN ESTADO DE EBRIEDAD Y/O DROGADICCIÓN;;NINGUNA
A-2021-08-275;13/08/2021;00:00;DESPISTE;EL VEHÍCULO CATG. L5, DE PLACA DE RODAJE 4512-9F, SE DIRIGÍA DEL C.P. AYARPONGO CON DESTINO A CHURÍN, EN EL TRAYECTO EL VEHÍCULO SE DESPISTA.;1;1;AV. LOS ÁNGELES C.P . AYARPONGO - PACHANGARA - OYÓN.;AV. LOS ÁNGELES;-10.79902;-76.877347;DESPEJADO;IMPRUDENCIA DEL CONDUCTOR;EXCESO DE VELOCIDAD;;NINGUNA
A-2021-08-276;17/08/2021;06:40;DESPISTE;EL VEHÍCULO L3, DE PLACA 3575-2T, SE DIRIGÍA DE SUR A NORTE POR LA CARRETERA PANAMERICANA NORTE, AL LLEGAR AL OVALO DE RIO SECO - SAYÁN, SE DESPISTA, FALLECIENDO SU CONDUCTOR EN EL LUGAR.;1;0;CARRETERA PANAMERICANA NORTE;KM 103;-11.41547062;-77.3721247536458;DESPEJADO;IMPRUDENCIA DEL CONDUCTOR;EXCESO DE VELOCIDAD;;NINGUNA
A-2021-08-283;06/08/2021;13:30;DESPISTE;SEGUIDO DE VOLCADURA CON CONSECUENCIA FATAL, LESIONES PERSONALES Y DAÑOS MATERIALES. ;1;0;CARRETERA PANAMERICANA SUR KM. 1114.200 ;KM 1114.200 ;-17.266918;-71.190611;;;;;
A-2021-08-284;17/08/2021;11:30;DESPISTE;SEGUIDO DE VOLCADURA CON CONSECUENCIA FATAL, LESIONES PERSONALES Y DAÑOS MATERIALES. ;1;1;CAMINO VARIANTE PAPUJUNE - QUEBRADA CALIENTES ;ANTES DEL ACCESO A LA COMUNIDAD CALIENTES DEL CAMPAMENTO MINERO QUELLAVECO. ;-17.12056183;-70.6710945814848;;;;;
A-2021-08-287;31/08/2021;02:20;ATROPELLO FUGA;-;1;0;AVENIDA SALVADOR PEÑA Y CALLE ALBERTO EUSEBIO;FRENTE AL ESTADIO MUNICIPAL;-6.641086;-79.798505;DESPEJADO;NO IDENTIFICA LA CAUSA;;;ACCIDENTE EN INVESTIGACION
A-2021-08-288;30/08/2021;16:45;CHOQUE;DE CONSECUENCI 'FATAL Y DAÑOS MATERIALES ;1;0;CARRETERA PUENTE PACHACAYO - CANCHAYLLO - JAUJA ;;-11.783337;-75.716934;DESPEJADO;NO IDENTIFICA LA CAUSA;;;NINGUNA
A-2021-08-289;10/08/2021;12:00;CHOQUE;DESPISTE;1;0;KM. 882 300 DE LA CARRETERA PANAMERICANA SUR;-----;-16.52672749;-72.47583574;DESPEJADO;NO IDENTIFICA LA CAUSA;;;
A-2021-08-290;24/08/2021;19:00;ATROPELLO FUGA;;1;0;AV. MORALES DUAREZ C-8 ( ALTURA MZ .P AA.HH GAMBETTA BAJA OESTE );;-12.04008653;-77.11817511604997;DESPEJADO;IMPRUDENCIA DEL CONDUCTOR;EXCESO DE VELOCIDAD;;NIUGNA
A-2021-08-291;02/08/2021;06:00;CHOQUE;CHOQUE POR ALCANSE;1;2;CARRTERA SULLANA - PIURA;KM 21 500 - SECTOR CURUMUY;-5.01321;-80.70007;DESPEJADO;NO IDENTIFICA LA CAUSA;;;CHOQUE 
A-2021-08-292;02/08/2021;19:20;CHOQUE;CHOQUE FRONTAL;2;0;CARRETERA SULLANA - PAITA;KM 31 ALTURA DEL DISTRITO LA HUACA ;-4.9167;-80.95936;DESPEJADO;NO IDENTIFICA LA CAUSA;;;CHOQUE, SE INVESTIGA
A-2021-08-293;08/08/2021;13:20;CHOQUE;CHOQUE FRONTAL;1;0;CARRETERA PANAMERICANA NORTE SULLANA - PIURA;ALTURA DEL GRIFO PETRO PERU;-4.91808;-80.69704;DESPEJADO;NO IDENTIFICA LA CAUSA;;;CHOQUE, SE INVESTIGA
A-2021-08-294;09/08/2021;00:00;DESPISTE;DESPISTE, CHOQUE Y VOLCADURA;4;0;VIA CARROZABLE PAIMAS - AYABACA ;SECTOR ARREYPITE BAJO - AYABACA;-4.707886182;-79.8152446530959;NUBLADO;NO IDENTIFICA LA CAUSA;;;DESPISTE, SE INVESTIGA
A-2021-08-295;16/08/2021;16:40;CHOQUE;CHOQUE FRONTAL;1;0;CARRETERA PANAMERICANA NORTE ;KM 23 300 - SAN JACINTO;-4.847456;-80.862573;DESPEJADO;NO IDENTIFICA LA CAUSA;;;CHOQUE SE INVESTIGA