COD_ACCIDE;FechaDelAccidente;HoraDelAccidente;ClaseDelAccidente;SecuenciaAccidente;CantidadDeFallecidos;CantidadDeLesionados;Direccion;LugarReferencia;y;x;CondClimatica;CausaFactorPrincipal;CausaEspecifica;OtraCausa;Observaciones
A-2021-09-128;15/09/2021;20:30;ATROPELLO FUGA;MUERTE;1;0;CARRETERA PANAMERICANA NORTE ALTURA DEL KM. 581.2;-;-7.974314;-79.081129;DESPEJADO;IMPRUDENCIA DEL CONDUCTOR;CONDUCIR EN ESTADO DE EBRIEDAD Y/O DROGADICCIÓN;;
A-2021-09-129;19/09/2021;00:10;ATROPELLO FUGA;-;1;0;KM 1308 120;CARRETERA JULIACA-CUSCO;-15.4497307;-70.1411055;DESPEJADO;NO IDENTIFICA LA CAUSA;;;NINGUNA 
A-2021-09-13;02/09/2021;20:30;DESPISTE;LA UT1 SE DESPISTA HACIA SU LADO DERECHO PARA POSTERIORMENTE GENERARSE LA VOLCADURAA VOLCADURA.;1;1;CARRETERA DE PENETARCION VIA ANTIGUA LA JOYA ALTURA DEL FUNDO GAMBOA;INGRESO AL FUNDO GAMBOA;-16.487177;-71.845593;DESPEJADO;IMPRUDENCIA DEL CONDUCTOR;FATIGA Y/O CANSANCIO;;EL ACCIDENTE OCURRIO EN CIRCUSTANCIAS QUE LA UT1 SE DESPLAZABA POR LA VIA, VOLCANDOCE.
A-2021-09-130;14/09/2021;14:00;DESPISTE;MUERTE;1;0;CARRETERA DE PENETRACION A CASA BLANCA PARTE BAJA ALTURA DEL KM 16;SECTOR LA CHORRERA CASERIO CASA BLANCA PARTE BAJA;-8.039117;-78.09946;DESPEJADO;NO IDENTIFICA LA CAUSA;;;
A-2021-09-131;18/09/2021;15:00;CAÍDA DE PASAJERO;ATROPELLO - MUERTE;1;0;CARRETERA DE PENETRACION AL CASERIO ICHUGO;-;-7.774257;-78.354444;DESPEJADO;NO IDENTIFICA LA CAUSA;;;
A-2021-09-132;22/09/2021;04:40;DESPISTE;MUERTE;2;0;AV. AMERICA SUR CDRA. 24;BYPASS DEL OVALO GRAU;-8.123396;-79.022813;DESPEJADO;IMPRUDENCIA DEL CONDUCTOR;CONDUCIR EN ESTADO DE EBRIEDAD Y/O DROGADICCIÓN;;
A-2021-09-133;23/09/2021;12:15;CHOQUE CON OBJETO FIJO;VOLCADURA YCAIDA;1;0;AV. RAMON VARGAS MACHUCA;ALT.PARTE BAJA DEL PUENTE ALIPIO;-12.168898;-76.979617;DESPEJADO;IMPRUDENCIA DEL CONDUCTOR;EXCESO DE VELOCIDAD;;
A-2021-09-134;22/09/2021;02:30;DESPISTE;VOLCADURA ;1;2;CARRETERA  A SANTO DOMINGO QUE UNE SAN MIGUEL CASERIO CHALACO ;CARRETERA QUE UNE SAN MIGUEL CASERIO CHALACO ;-5.003616;-79.850205;DESPEJADO;NO IDENTIFICA LA CAUSA;;;
A-2021-09-135;24/09/2021;12:20;CHOQUE;VOLCADURA Y CAIDA;1;0;AV. JOSE OLAYA BALANDRA CON LA AV. LOS ALAMOS;-;-12.227974;-76.938119;SOLEADO;NO IDENTIFICA LA CAUSA;;;
A-2021-09-136;22/09/2021;06:10;CHOQUE FUGA;MUERTE;1;0;CARRETERA PANAMERICANA NORTE ALTURA DEL KM. 536.7;-;-8.324195;-78.897364;DESPEJADO;NO IDENTIFICA LA CAUSA;;;"DISPOSICION DE ARCHIVO DEFINITIVO, NRO. UNO. VIRU, 09 DE DICIEMBRE DEL 2021; DISPONE, NO HA LUGAR A FORMALIZAR Y CONTINUAR INVESTIGACION PREPARATORIA CONTRA LOQ UE RESULTAN RESPONSABLES POR LA PRESUNTA COMISION DEL DELITO CONTRA LA VIDA EL CUERPO Y LA SALUD EN LA MODALIDAD DE HOMICIO CULPOSO EN AGRAVIO RICARDO RAFAEL ALCALDE DIAZ. FIRMADO FISCAL PROVINCIAL WILLIAM FERNANDO SALINAS ANASTACIO, FISCAL PROVINCIAL MIXTA CORPORATIVA DE VIRU."
A-2021-09-137;22/09/2021;15:00;CAÍDA DE PASAJERO;CHOQUE - MUERTE;1;1;INTERSECCION DE LA CA. BUENOS AIRES Y LOS CAÑEROS;-;-7.74059;-79.29443;DESPEJADO;IMPRUDENCIA DEL CONDUCTOR;ADELANTAR INDEBIDAMENTE;;
A-2021-09-139;23/09/2021;21:40;ATROPELLO FUGA;MUERTE;1;0;CARRETERA PENETRACION A MACABI;CAMPIÑA UVA;-7.727119;-79.320461;DESPEJADO;NO IDENTIFICA LA CAUSA;;;
A-2021-09-14;02/09/2021;23:30;DESPISTE;LA UT1 (L3) SE DESPLAZA EN LINEA RECTA SOBRE EL OVALO;1;0;OVALO LA CURVA CARRETERA COSTANERA;RECTA DE LA COMISARIA PNP LA CURVA;-17.146894;-71.818646;DESPEJADO;IMPRUDENCIA DEL CONDUCTOR;EXCESO DE VELOCIDAD;;SIN OBSERVACIONES
A-2021-09-140;25/09/2021;10:00;CHOQUE;MUERTE;1;0;CARRETERA PANAMERICANA NORTE ALTURA DEL KM. 501;-;-8.53713;-78.679147;DESPEJADO;IMPRUDENCIA DEL CONDUCTOR;NO ESTABLECER EL DERECHO DE PASO;;
A-2021-09-141;26/09/2021;19:30;DESPISTE;SEGUIDO DE VOLCADURA;1;11;CARRETERA JEPELACIO AL CASERIO LIMON KM 6 123;-;-6.049048;-76.956868;DESPEJADO;NO IDENTIFICA LA CAUSA;;;EN INVESTIGACIÓN
A-2021-09-142;26/09/2021;15:40;ATROPELLO;MUERTE;1;0;AV. FEDERICO VILLARREAL ALTURA DE LA CDRA. 10;-;-8.092923;-79.017566;DESPEJADO;NO IDENTIFICA LA CAUSA;;;
A-2021-09-15;02/09/2021;00:00;CHOQUE CON OBJETO FIJO;;1;0;AV. CHICLAYO. ALTURA DE LA CEVICHERIA EL GATO;;-6.39384815;-78.82548222;DESPEJADO;IMPRUDENCIA DEL CONDUCTOR;CONDUCIR EN ESTADO DE EBRIEDAD Y/O DROGADICCIÓN;;
A-2021-09-154;25/09/2021;06:00;DESPISTE;VOLCADURA Y CAIDA;1;0;AV. OSCAR BENAVIDES CDRA 26;-;-12.050135;-77.077167;SOLEADO;NO IDENTIFICA LA CAUSA;;;
A-2021-09-155;27/09/2021;20:30;ATROPELLO;-;1;0;CALZADA AUXILIAR SUR DE LA AV. BRASIL CUADRA 8;-;-12.06830775;-77.048367843082;DESPEJADO;NO IDENTIFICA LA CAUSA;;;
A-2021-09-156;27/09/2021;18:00;ATROPELLO;-;1;0;ANTIGUA PANAMERICANA SUR KM 37.500;-;-12.277608;-76.869489;NUBLADO;NO IDENTIFICA LA CAUSA;;;
A-2021-09-157;18/09/2021;11:05;CHOQUE;VOLCADURA;1;0;AV. JOSE ABELARDO QUIÑONES / CALLE SAN FRANCISCO;CALLE SAN FRANCISCO;-3.765006954;-73.25943265263824;;;;;
A-2021-09-16;06/09/2021;10:46;CHOQUE;-;1;5;AV. JULIACA N°894;;-15.8231196;-70.03120599505986;DESPEJADO;IMPRUDENCIA DEL CONDUCTOR;CONDUCIR EN ESTADO DE EBRIEDAD Y/O DROGADICCIÓN;;
A-2021-09-161;27/09/2021;11:00;DESPISTE;VOLCADURA EN TONEL DERECHO;1;1;CARRETERA DE PENETRACION PALO SECO-PAROBAMBA;KM19   240- CHOGO;-8.696071359;-77.43129672288616;DESPEJADO;NEGLIGENCIA DEL CONDUCTOR;OTRO (NEGLIGENCIA DEL CONDUCTOR);DESCUIDO HUMANO;NINGUNO
A-2021-09-163;12/09/2021;12:30;FERROVIARIO;CONSECUENCIA FATAL;1;0;COMUNIDAD CAMPESINA MARKJU;SECTOR TRES REYES ;-13.455011;-72.189688;DESPEJADO;IMPRUDENCIA DEL PEATÓN;OTRO (IMPRUDENCIA DEL PEATÓN);NO TENER LA CAPACIDAD DE DIFERENCIAR EL PELIGRO;AL DESCUIDAR LOS PROGENITORES A SU MENOR HIJO
A-2021-09-168;03/09/2021;11:30;ATROPELLO;CONSECUENCIA FATAL;1;0;PROLONGACION AV. LA CULTURA;ALTURA DEL PENAL;-13.54395;-71.8953;DESPEJADO;IMPRUDENCIA DEL CONDUCTOR;EXCESO DE VELOCIDAD;;NINGUNA
A-2021-09-171;19/09/2021;01:35;DESPISTE;CONSECUENCIA FATAL;1;0;CARRETERA CUSCO-CCORCA;ALTURA DEL KM.06;-13.55119;-72.018122;DESPEJADO;IMPRUDENCIA DEL CONDUCTOR;FATIGA Y/O CANSANCIO;;NINGUNA
A-2021-09-173;18/09/2021;22:00;CHOQUE;MUERTE;1;1;AV. PARTICIPACION;PASAJE MONTE SION;-3.792249473;-73.29888612653801;SOLEADO;NO IDENTIFICA LA CAUSA;;;PENDIENTE
A-2021-09-174;19/09/2021;23:30;CHOQUE;MUERTE;1;0;CALLE FANNING/ CALLE CALVO DE ARAUJO;CALLE CALVO DE ARAUJO;-3.747080107;-73.24988936805082;DESPEJADO;NO IDENTIFICA LA CAUSA;;;PENDIENTE
A-2021-09-176;01/09/2021;07:42;ATROPELLO;CONSECUENCIA FATAL;1;0;AV. TUPAC AMARU;FRONTIS DEL MERCADO ZARZUELA DEL DISTRITO DE SANTIAGO;-13.5228258;-71.983837;DESPEJADO;IMPRUDENCIA DEL CONDUCTOR;OTRO (IMPRUDENCIA DEL CONDUCTOR);DESATENCIÓN DEL CONDUCTOR;NIGUNA
A-2021-09-177;28/09/2021;10:46;ATROPELLO;MUERTE;1;0;CALLE MICAELA BASTIDAS/ CALLE LOURDES LEON;CALLE LOURDES LEON;-3.75533967;-73.27128319823574;SOLEADO;NO IDENTIFICA LA CAUSA;;;PENDIENTE
A-2021-09-179;09/09/2021;09:30;CHOQUE;CONSECUENCIA FATAL;1;0;CARRETERA CUSCO-PISAC;ALTURA DEL KM. 24   800 SECTOR PINCHEC COMUNIDAD HUANCALLE DEL DISTRITO DE TARAY;-13.429176;-71.863166;DESPEJADO;IMPRUDENCIA DEL CONDUCTOR;GIRAR IMPRUDENTEMENTE;;
A-2021-09-18;06/09/2021;20:30;VOLCADURA;ARRASTRE Y DESPÍTE;1;1;CARRETERA DE ACCESO A LA COMUNIDAD JUHUANANI;-;-15.97382041;-69.77735634022586;DESPEJADO;IMPRUDENCIA DEL CONDUCTOR;OTRO (IMPRUDENCIA DEL CONDUCTOR);EXCESO DE CONFIANZA AL DESPLAZARCE A UNA VELOCIDAD INAPROPIADA PARA LAS CIRCUNSTANCIAS DEL LUGAR.;
A-2021-09-181;27/09/2021;04:30;DESPISTE;CONSECUENCIA FATAL;1;1;CARRETERA CUSCO SICUANI;ALTURA DEL SECTOR OCCOBAMBA DE LA COMUNIDAD DE LLOCLLORA;-13.9934193;-71.4626391;DESPEJADO;IMPRUDENCIA DEL CONDUCTOR;EXCESO DE VELOCIDAD;;NINGUNA
A-2021-09-182;25/09/2021;23:00;ATROPELLO;FUGA ;1;3;AVENIDA BRASIL- AVENIDA COLONIAL ;SECHURA ;-5.563217;-80.811242;DESPEJADO;NO IDENTIFICA LA CAUSA;;;
A-2021-09-183;10/09/2021;06:15;CHOQUE;EL VEHÍCULO CATG. L5,  DE PLACA DE RODAJE B5-7211, CIRCULABA EN SENTIDO DE OESTE A ESTE, POR EL CARRIL SUR DE LA AV. SAN MARTÍN, AL LLEGAR A LA CUADRA 10, IMPACTA FRONTALMENTE CON UN VEHÍCULO NO MOTORIZADO (BICICLETA), QUE VENÍA EN SENTIDO DE ESTE A OESTE POR EL CARRIL SUR..;1;0;AV. SAN MARTÍN - SANTA MARÍA;CUADRA 10;-11.0938279;-77.5840668080741;DESPEJADO;IMPRUDENCIA DEL CONDUCTOR;EXCESO DE VELOCIDAD;;NINGUNA
A-2021-09-185;20/09/2021;14:00;ATROPELLO;-;1;0;AV MANUEL NUÑEZ BUTRON CON JR PATRICIO QUISPE;-;-15.5023277;-70.12881421400706;DESPEJADO;IMPRUDENCIA DEL PEATÓN;CRUCE INDEBIDO POR LA CALZADA;;NINGUNA 
A-2021-09-186;24/09/2021;17:40;ATROPELLO;-;1;0;JR TACNA ;PLAZA DE ARMAS DE ÑUÑOA;-14.47711799;-70.63612282597065;DESPEJADO;IMPRUDENCIA DEL PEATÓN;OTRO (IMPRUDENCIA DEL PEATÓN);IMPRUDENCIA Y NEGLIGENCIA DE LOS PROGENITORES;NINGUNA 
A-2021-09-187;21/09/2021;02:00;DESPISTE;EL VEHÍCULO CATG. M3 , DE PLACA D4B-968 , SE DESPLAZABA POR LA CARRETERA PANAMERICANA NORTE, EN SENTIDO DE NORTE A SUR, PROVENIENTE DE LA CIUDAD DE OYÓN CON DESTINO A LIMA, AL LLEGAR AL KM. 71.217.00,  INGRESA A LA SOLUCIÓN DE CONTINUIDAD DE RETORNO A HUARAL, PRODUCIÉNDOSE EL DESPISTE DE LA UNIDAD.;1;7;CARRETERA PANAMERICANA NORTE;KM. 71.217.00;-11.602196;-77.197035;DESPEJADO;IMPRUDENCIA DEL CONDUCTOR;EXCESO DE VELOCIDAD;;NINGUNA
A-2021-09-189;07/09/2021;18:32;CHOQUE;DE CONSECUENCIA FATAL;2;0;CARRETERA MARGINAL KM 54;SECTOR HUARUYOC;-11.33764144;-75.5575597232838;DESPEJADO;;;;
A-2021-09-19;05/09/2021;06:00;CHOQUE;POR ALCANCE;1;1;CARRETERA INTEROCEANICA SUR KM.441 700;SECTOR-MADAMA;-12.5250136;-69.1370259;;;;;
A-2021-09-190;21/09/2021;13:30;CHOQUE;CONSECUENCIA FATAL;1;0;CARRETERA LLUSCO-CHACARAYA;SECTOR TILLANA;-14.347746;-72.111246;DESPEJADO;IMPRUDENCIA DEL CONDUCTOR;INVASIÓN DE CARRIL;;
A-2021-09-195;18/09/2021;12:20;CHOQUE;-;1;0;KM 62;-;-14.81266587;-70.24852685644093;DESPEJADO;IMPRUDENCIA DEL CONDUCTOR;CONDUCIR EN SENTIDO CONTRARIO;;NINGUNA
A-2021-09-196;13/09/2021;09:40;CHOQUE;-;1;0;AV CIRCUNVALACIONCON JR ATAHUALPA;-;-15.495436;-70.120294;DESPEJADO;IMPRUDENCIA DEL CONDUCTOR;EXCESO DE VELOCIDAD;;NINGUNA 
A-2021-09-199;13/09/2021;12:00;CHOQUE;SE INVESTIGA;1;4;CARRETERA DE PENETRACIÓN HUAURA - SAYÁN - CHURÍN - OYÓN;KM. 79.340;-10.91302156;-77.00273990850796;DESPEJADO;IMPRUDENCIA DEL CONDUCTOR;INVASIÓN DE CARRIL;;NINGUNA
A-2021-09-20;02/09/2021;16:19;CHOQUE;CHOQUE POR EMBISTE ;1;1;AV COLECTORA NORTE AV. A URB LA PLANICIE ;URB LA PLANICIE ;-5.168354;-80.668984;DESPEJADO;IMPRUDENCIA DEL CONDUCTOR;EXCESO DE VELOCIDAD;;
A-2021-09-200;09/09/2021;06:30;ATROPELLO FUGA;SE INVESTIGA;1;0;CARRETERA PANAMERICANA NORTE;KM. 95.890.25;-11.457522;-77.321459;DESPEJADO;NO IDENTIFICA LA CAUSA;;;VEHICULO FUGADO, SE ENCUENTRA EN INVESTIGACION
A-2021-09-205;29/09/2021;02:30;CHOQUE;FATAL, LESIONES GRAVES Y DAÑOS MATERIALES;1;2;CARRETERA PIURA - SULLANA;FRENTE A LA EMPRESA PETRO PERU;-5.178513;-80.666801;;;;;
A-2021-09-206;14/09/2021;14:45;CHOQUE;DE CONSECUENCIA FATAL Y DAÑOS MATERIALES ;1;0;CARRETERA CENTRAL ALTURA DEL PARADERO SAN LORENZO - APATA;;-11.845242;-75.386895;DESPEJADO;IMPRUDENCIA DEL CONDUCTOR;CONDUCIR EN ESTADO DE EBRIEDAD Y/O DROGADICCIÓN;;NINGUNA 
A-2021-09-207;07/09/2021;05:05;CHOQUE CON OBJETO FIJO;MUERTE Y DAÑOS MATERIALES;1;0;CARRETERA VIA LIBERTADORES KM. 272 090;LUGAR TOTORABAMBA;-13.249432;-74.346021;DESPEJADO;IMPRUDENCIA DEL CONDUCTOR;EXCESO DE VELOCIDAD;;NINGUNA
A-2021-09-208;11/09/2021;01:20;ATROPELLO;MUERTE Y DAÑOS MATERIALES;1;0;CARRETERA VIA LOS LIBERTADORS ;NINGUNA;-13.253825;-74.341918;NUBLADO;IMPRUDENCIA DEL CONDUCTOR;EXCESO DE VELOCIDAD;;NINGUNA
A-2021-09-209;13/09/2021;01:40;DESPISTE;PRECIPITACION, VOLCADURA ;1;1;CARRETERA PAUSA ;ANEXO MARAN;-15.367685;-73.29724;DESPEJADO;IMPRUDENCIA DEL CONDUCTOR;CONDUCIR EN ESTADO DE EBRIEDAD Y/O DROGADICCIÓN;;NINGUNA
A-2021-09-210;15/09/2021;06:00;ATROPELLO;-;1;0;CARRETERA DE ACCESO AL CASERIO EXCUSA BARAJA;MOTUPE;-6.152058;-79.721485;DESPEJADO;IMPRUDENCIA DEL CONDUCTOR;NO DAR PASO PREFERENTE AL PEATÓN;;ACCIDENTE EN INVESTIGACION
A-2021-09-211;25/09/2021;11:40;CHOQUE;-;1;0;PANAMERICANA NORTE ANTIGUA KM 17 300;CRUCE SANDOVAL;-6.532391;-79.865197;SOLEADO;NO IDENTIFICA LA CAUSA;;;ACCIDENTE EN INVESTIGACION
A-2021-09-212;15/09/2021;05:00;DESPISTE;VOLCADURA;2;71;CARRETERA PANAMERICANA NORTE KM. 736;CERRO PRIETO;-7.051415;-79.576526;DESPEJADO;NO IDENTIFICA LA CAUSA;;;ACCIDENTE DE TRANSITO EN INVESTIGACION
A-2021-09-213;30/09/2021;11:20;CHOQUE;;1;3;KM 33 800 CARRETERA DE PENETRACIÒN CIUDAD DE DIOS - CAJAMARCA;REPRESA GALLITO CIEGO;-7.23926398;-79.22229602;SOLEADO;IMPRUDENCIA DEL CONDUCTOR;INVASIÓN DE CARRIL;;
A-2021-09-215;25/09/2021;00:10;CHOQUE;-;1;0;CARRETERA CHICLAYO PICSI;KM. 09;-6.7052155;-79.7744233;DESPEJADO;NO IDENTIFICA LA CAUSA;;;ACCIDNETE DE TRANSITO EN INVESTIGACION
A-2021-09-216;27/09/2021;15:00;CHOQUE FUGA;-;1;3;CARRETERA PANAMERICANA NORTE KM 94;KM. 94 400;-5.9627901;-79.7535165;DESPEJADO;NO IDENTIFICA LA CAUSA;;;ACCIDENTE EN INVESTIGACION
A-2021-09-217;29/09/2021;10:30;DESPISTE;VOLCADURA TONEL ;1;0;CALLE INDEPENDENCIA S/N - CENTRO POBLADO ULLUSCA - JAUJA ;;-11.820974;-75.507486;DESPEJADO;IMPRUDENCIA DEL CONDUCTOR;OTRO (IMPRUDENCIA DEL CONDUCTOR);NO TENER PERCEPCION REAL DEL PELIGRO ;NINGUNA 
A-2021-09-222;29/09/2021;09:30;ATROPELLO;-;1;0;AV. WESSE CON AV. MAR DE FLORES;POSTA MEDICA MONTENEGRO;-11.93690037;-76.97113212187342;SOLEADO;IMPRUDENCIA DEL CONDUCTOR;OTRO (IMPRUDENCIA DEL CONDUCTOR);;
A-2021-09-223;29/09/2021;20:00;CHOQUE;VOLCADURA Y CAIDA;1;0;CARRETERA PANA. SUR KM 29.500;-;-12.27576564;-76.87090862740266;SOLEADO;NO IDENTIFICA LA CAUSA;;;
A-2021-09-224;29/09/2021;12:00;ATROPELLO;-;1;0;AV. BRASIL CDRA. 03;-;-12.06273774;-77.04355287372726;SOLEADO;NO IDENTIFICA LA CAUSA;;;
A-2021-09-225;21/09/2021;17:00;DESPISTE;VOLCADURA;1;0;TROCHA CARROZABLE ANTONIETA-ARIRAHUA;---;-15.600563;-73.00074;DESPEJADO;NO IDENTIFICA LA CAUSA;;;
A-2021-09-226;30/09/2021;00:48;CHOQUE CON OBJETO FIJO;DESPISTE;1;1;AV. TUPAC AMARU KM. 11.500;COLEGIO ESTER FESTINI DE RAMOS OCAMPO;-11.95116093;-77.05056302644783;DESPEJADO;NO IDENTIFICA LA CAUSA;;;EN INVESTIGACION
A-2021-09-227;30/09/2021;21:00;ATROPELLO;-;1;0;KM. 1309 900;SALIDA CUSCO;-15.4634461;-70.1389322;DESPEJADO;IMPRUDENCIA DEL PEATÓN;CRUCE INDEBIDO POR LA CALZADA;;SE COLOCO LA PLACA DE LA UT1 PARA REGISTRAR DATOS DEL PEATÓN 
A-2021-09-228;20/09/2021;19:00;CHOQUE;-;2;0;KM 29 200;DESVIO SANTA ROSA;-14.62288023;-70.66671020275838;DESPEJADO;IMPRUDENCIA DEL CONDUCTOR;CONDUCIR EN SENTIDO CONTRARIO;;NINGUNA 
A-2021-09-229;25/09/2021;05:45;CHOQUE;-;1;0;CARRETERAA PANAMERICAN NORTE KM 825;-;-6.525331;-80.0401517;DESPEJADO;NO IDENTIFICA LA CAUSA;;;
A-2021-09-23;06/09/2021;05:00;DESPISTE;VOLCADURA;2;6;VIA DENOMINADA HACIA LA ZONA CHASTURAL;CERRO CHASTURAL;-18.111418;-70.264048;LLUVIOSO;IMPRUDENCIA DEL CONDUCTOR;EXCESO DE VELOCIDAD;;EL VEHICULO DE PLACA DE RODAJE Z1T-744 TRANSPORTABA INMIGRANTES LOS CUALES INGRESARON POR LA FRONTERA CON CHILE, Y FALLECIERON 02 EXTRANJEROS EN EL ACCIDENTE DE TRANSITO Y ASIMISMO HABIA UNA LIGERA LLOVIZNA
A-2021-09-230;30/09/2021;18:45;CHOQUE;DESPISTE;1;0;KM 1295 783;PUCARA-JULIACA;-15.3458064;-70.1807105;DESPEJADO;IMPRUDENCIA DEL CONDUCTOR;CONDUCIR EN SENTIDO CONTRARIO;;NINGUNA 
A-2021-09-231;17/09/2021;17:15;CHOQUE;-;1;0;CARRETERA PANAMERICANA SUR KM. 219;NUEVA AUTOPISTA ;-13.699175;-76.165262;DESPEJADO;NO IDENTIFICA LA CAUSA;;;
A-2021-09-233;29/09/2021;05:30;CHOQUE;DESPISTE Y VOLCADURA;1;0;KM 26 780;HUANCANE-MOHO;-15.3149803;-69.5636829;DESPEJADO;IMPRUDENCIA DEL CONDUCTOR;EXCESO DE VELOCIDAD;;NINGUNA 
A-2021-09-234;08/09/2021;07:00;ATROPELLO;;1;0;CARRETERA CENTRAL ALTURA DEL KM. 00 600 LA OROYA - HUANCAYO ;;-11.521031;-75.905211;DESPEJADO;IMPRUDENCIA DEL CONDUCTOR;EXCESO DE VELOCIDAD;;NINGUNO 
A-2021-09-235;08/09/2021;23:45;CHOQUE; DE CONSECUENCIA FATAL;1;0;CARRETERA MARIGINAL SUR KM 50 500;SAN MARTIN DE PANGOA;-11.44894297;-74.48510519927761;DESPEJADO;NO IDENTIFICA LA CAUSA;;;CAUSA DEL ACCIDENTE EN INVESTIGACION
A-2021-09-236;28/09/2021;09:20;DESPISTE;VOLCADURA;3;3;CARRETERA CENTRO POBLADO VILLA AURORA;NINGUNA;-13.221061;-73.629836;LLUVIOSO;NO IDENTIFICA LA CAUSA;;;NINGUNA
A-2021-09-237;30/09/2021;05:00;DESPISTE;NINGUNA;1;3;CARRETERA PACOBAMBA;NINGUNA;-13.216081;-73.634727;DESPEJADO;IMPRUDENCIA DEL CONDUCTOR;EXCESO DE VELOCIDAD;;NINGUNA
A-2021-09-238;05/09/2021;20:00;ATROPELLO FUGA;CON CONSECUENCIA FATAL;1;0;AV. PROLONGACION MANUEL C DE LA TORRE S/N ;CARRETERA INTEROCEANICA SUR ;-17.210203;-70.967377;DESPEJADO;IMPRUDENCIA DEL CONDUCTOR;EXCESO DE VELOCIDAD;;
A-2021-09-239;13/09/2021;22:30;CHOQUE;SEGUIDO DE APLASTAMIENTO CON CONSECUENCIA FATAL ;1;0;AVENIDA PANAMERICANA ;SUBIDA DE KENEDY CON INTERSECCIÓN CON LA CALLE MONTERRICO (POSTE DE ALUMBRADO PUBLICO N° C070/109);-17.64352616;-71.3391691409166;DESPEJADO;IMPRUDENCIA DEL CONDUCTOR;OTRO (IMPRUDENCIA DEL CONDUCTOR);LA IMPRUDENCIA DEL CONDUCTOR DE LA UT-2 (MOTOCICLETA) AL  INICIAR LA ACCION DE ADELANTAR POR UN LUGAR INDEBIDO A LA UT-1;
A-2021-09-240;01/09/2021;05:40;CHOQUE;CON CONSECUENCIA DE MUERTE ;2;0;KM. 230.564 CARRETERA PANAMERICANA NORTE;CALZADA ESTE;-10.59998644;-77.87112052775612;LLUVIOSO;NO IDENTIFICA LA CAUSA;;;SE INVESTIGA
A-2021-09-241;03/09/2021;22:00;ATROPELLO FUGA;CON CONSECUENCIA DE MUERTE;1;0;CARRETERA PANAMERICANA NORTE;CALZADA ESTE;-10.59943278;-77.87115271263951;LLUVIOSO;NO IDENTIFICA LA CAUSA;;;ESTA EN PROCESO DE INVESTIGACIÓN 
A-2021-09-242;09/09/2021;14:10;ATROPELLO;PROYECCION;1;0;ANTIGUA CARRETERA PANAMERICANA NORTE;SECTOR LA LINEA - LETICIA;-10.793471;-77.729742;DESPEJADO;NO IDENTIFICA LA CAUSA;;;ESTA PROCEDO DE INVESTIGACIÓN 
A-2021-09-243;18/09/2021;19:51;DESPISTE;SEGUIDO DE VOLCADURA ;1;2;CARRETERA PANAMERICANA NORTE;ALTURA DEL RESTAURANTE EL BOOM DE CHELITA-CALZADA OESTE.;-10.788557;-77.711797;DESPEJADO;NO IDENTIFICA LA CAUSA;;;
A-2021-09-244;06/09/2021;22:40;ATROPELLO;EN CIRCUNSTANCIAS QUE TRANSITABA EL PEATON POR LA AV DE LA CULTURA UINGRESO INTESPECTIVAMNETE EL PEATON EN CIRCUNSTACIAS QUE TRANSITABA POR DICHA VIA EL VEHICULO MOTORIZADO AUTOMOVIL;1;0;AV. DE LA CULTURA ALTURA DEL GRIFO INVERSIONES LEO;DISTRITO DE SAN SEBASTIAN;-13.53296826;-71.91230902906064;DESPEJADO;IMPRUDENCIA DEL PEATÓN;CRUCE INDEBIDO POR LA CALZADA;;NINGUNA
A-2021-09-246;25/09/2021;19:30;CHOQUE;Y FUGA;1;0;AVENIDA EVITAMIENTO INTERSECCION CON EL JR ALEJO MARTINEZ.;;-11.778941;-75.483473;DESPEJADO;IMPRUDENCIA DEL CONDUCTOR;CONDUCIR EN ESTADO DE EBRIEDAD Y/O DROGADICCIÓN;;NINGUNA
A-2021-09-247;27/09/2021;05:11;DESPISTE;Y VOLCADURA;4;2;CARRETERA CENTRAL KM. 62 500 TRAMO LA OROYA - HUANCAYO ;;-11.783232;-75.575759;DESPEJADO;IMPRUDENCIA DEL CONDUCTOR;EXCESO DE VELOCIDAD;;INCOMPLETO
A-2021-09-248;27/09/2021;03:20;DESPISTE;CHOQUE ;1;0;AV. LEANDRA TORRES Y PROLONGACION CUZCO ;;-12.06235;-75.20229;DESPEJADO;IMPRUDENCIA DEL CONDUCTOR;CONDUCIR EN ESTADO DE EBRIEDAD Y/O DROGADICCIÓN;;NINGUNO
A-2021-09-249;05/09/2021;14:02;CHOQUE;-;1;0;CARRETERA CENTRAL OROYA-PASCO;CANTA GALLO;-10.7470632;-76.26107092726097;DESPEJADO;IMPRUDENCIA DEL CONDUCTOR;EXCESO DE VELOCIDAD;;
A-2021-09-250;09/09/2021;12:00;CHOQUE;CONSECUENCIA FATAL ;1;0;CARRETERA MARIGINAL KM 29 100;.;-10.94697381;-75.2221705341921;DESPEJADO;NO IDENTIFICA LA CAUSA;;;CASO PENDIENTE 
A-2021-09-255;13/09/2021;13:00;DESPISTE;DESPISTE CON SUBSECUENTE CONSECUENCIAS FATALES;1;0;CARRETERA MARIGINAL LIMONPATA;SUR A NORTE;-11.02267442;-75.31631646869266;DESPEJADO;NO IDENTIFICA LA CAUSA;;;
A-2021-09-256;05/09/2021;11:46;CHOQUE FUGA;CHOQUE POR ALCANCE Y FUGA;1;0;CARRETERA LAS LOMAS - CHIPILLICO;ALTURA DE LA BOCATOMA DEL RIO SAN LORENZO;-4.7127;-80.1189;DESPEJADO;NO IDENTIFICA LA CAUSA;;;CHOQUE Y FUGA - SE INVESTIGA 