COD_ACCIDE;FechaDelAccidente;HoraDelAccidente;ClaseDelAccidente;SecuenciaAccidente;CantidadDeFallecidos;CantidadDeLesionados;Direccion;LugarReferencia;y;x;CondClimatica;CausaFactorPrincipal;CausaEspecifica;OtraCausa;Observaciones
A-2021-09-257;24/09/2021;18:00;CHOQUE;CHOQUE POR EMBISTE;1;0;CARRETERA SULLANA- PUENTE INTERNACIONAL ;PUENTE INTERNACIONAL ;-4.5517;-80.0963;DESPEJADO;NO IDENTIFICA LA CAUSA;;;CHOQUE POR EMBISTE, SE INVESTIGA 
A-2021-09-258;25/09/2021;20:30;DESPISTE;DESPISTE Y VOLCADURA ;1;0;VIA DE EVITAMIENTO ;CIUDAD DEL PESCADOR ;-5.101015132;-81.10908325865849;DESPEJADO;NO IDENTIFICA LA CAUSA;;;ACCIDENTE SE INVESTIGA 
A-2021-09-26;09/09/2021;20:30;CHOQUE;LA UT1 (CAMIONETA PICK UP), IMPACTA CON SU PARTE ANTERIOR DERECHA A LA UT2 (TRIMOVIL CARGA) EN SU PARTE POSTERIOR IZQUIERDO, AMBAS UNIDADES DESPLAZANDOCE CON EL MISMO SENTIDO DE CIRCULACION OCUPANDO EL MISMO CARRIL;1;0;CARRETERA NUEVA AREQUIPA-LA JOYA;ALTURA DE LA SOCIACION AMPACA;-16.3818322;-71.6574499;DESPEJADO;IMPRUDENCIA DEL CONDUCTOR;FATIGA Y/O CANSANCIO;;SIN OBSERVACIONES
A-2021-09-265;29/09/2021;15:06;CHOQUE;-;1;0;INTERSECCIÓN DE LAS CALLES ATAHUALPA Y CAJAMARCA;-;-5.703239;-78.807528;DESPEJADO;NO IDENTIFICA LA CAUSA;;;
A-2021-09-267;25/09/2021;03:00;DESPISTE;-;1;0;CARRETERA JAEN COLASAY;-;-5.973568925;-79.06261677102088;DESPEJADO;NO IDENTIFICA LA CAUSA;;;ACCIDENTE EN INVESTIGACION
A-2021-09-268;14/09/2021;09:00;CHOQUE;;1;0;COMUNIDAD PAHUALLA;KM 336-SECTOR PAHUALLA;-14.1438043;-72.30288533023071;;;;;
A-2021-09-27;07/09/2021;01:10;CHOQUE;FRONTAL;1;6;CARRETERA PANAMERICANA SUR KM. 219.9;-;-13.676159;-76.15865;DESPEJADO;IMPRUDENCIA DEL CONDUCTOR;OTRO (IMPRUDENCIA DEL CONDUCTOR);SOMNOLENCIA ;
A-2021-09-270;02/09/2021;16:30;CHOQUE;;1;0;CARRETERA DE PENETRACION CAYNARACHI-BARRANQUITA KM.9 700;;-6.54728;-76.34955;DESPEJADO;IMPRUDENCIA DEL CONDUCTOR;INVASIÓN DE CARRIL;;NINGUNO
A-2021-09-271;06/09/2021;12:30;CHOQUE;;1;1;CARRETERA NUEVA VIA DE EVITAMIENTO KM 5 500 TARAPOTO;;-6.48848;-76.39972;DESPEJADO;IMPRUDENCIA DEL CONDUCTOR;CONDUCIR EN SENTIDO CONTRARIO;;NINGUNA
A-2021-09-272;18/09/2021;18:30;CHOQUE;DESPISTE;1;1;CARRETERA FERNANDO BELAUNDE TERRY KM 598 MORALES;;-6.46943;-76.40892;DESPEJADO;IMPRUDENCIA DEL CONDUCTOR;INVASIÓN DE CARRIL;;NINGUNA
A-2021-09-273;15/09/2021;01:50;DESPISTE;VOLCADURA;1;0;CARRETERA SACANCHE SAPOSOA KM. 16 800;;-6.93532;-76.7711;DESPEJADO;IMPRUDENCIA DEL CONDUCTOR;CONDUCIR EN ESTADO DE EBRIEDAD Y/O DROGADICCIÓN;;NINGUNO
A-2021-09-274;23/09/2021;12:00;ATROPELLO;SEGUIDO DE FUGA;1;0;CARRETERA FERNANDO BELAUNDE TERRY KM 572 700;TABALOSOS;-6.38746;-76.62982;DESPEJADO;IMPRUDENCIA DEL CONDUCTOR;CONDUCIR EN ESTADO DE EBRIEDAD Y/O DROGADICCIÓN;;NINGUNA
A-2021-09-275;30/09/2021;06:00;VOLCADURA;DESPISTE;1;0;CARRETERA FERNANDO BELAUNDE TERRY SUR KM750 SAN HILARION;;-6.99929;-76.44187;DESPEJADO;IMPRUDENCIA DEL CONDUCTOR;CONDUCIR EN ESTADO DE EBRIEDAD Y/O DROGADICCIÓN;;NINGUNA
A-2021-09-276;12/09/2021;05:00;CHOQUE;-;1;0;CARRETERA JAEN BELLAVISTA;-;-5.665039782;-78.6812549418639;DESPEJADO;NO IDENTIFICA LA CAUSA;;;ACCIDENTE EN INVESTIGACION
A-2021-09-277;05/09/2021;04:00;CHOQUE;POR EMBISTE LATERAL DERECHO;1;0;INTERSECCIÓN DE LA AV. JOSÉ PARDO Y AV. JOSÉ GÁLVEZ;-;-9.076231968;-78.5900984595948;DESPEJADO;IMPRUDENCIA DEL CONDUCTOR;CONDUCIR EN ESTADO DE EBRIEDAD Y/O DROGADICCIÓN;;NINGUNA
A-2021-09-278;17/09/2021;14:00;CHOQUE;-;1;0;INTERSECCIÓN JR. LEONCIO PRADO Y JR. DRENAJE;-;-9.083483827;-78.57346631162113;DESPEJADO;NO IDENTIFICA LA CAUSA;;;NINGUNA
A-2021-09-28;07/09/2021;17:40;ATROPELLO;-;1;0;CARRETERA PANAMERICANA SUR KM. 193.500;-;-13.477207;-76.184357;DESPEJADO;NO IDENTIFICA LA CAUSA;;;
A-2021-09-285;07/09/2021;18:00;CHOQUE;---;1;0;KM. 565 900 DE LA CARRETERA PANAMERICANA SUR;YAUCA;-15.66772917;-74.54660298180991;DESPEJADO;NO IDENTIFICA LA CAUSA;;;
A-2021-09-286;10/09/2021;19:00;ATROPELLO;CON PROYECCION ;1;0;CARRETERA CENTRAL MARGEN DERECHA. PACAMARCA KM. 85;;-11.8742168;-75.4044973;DESPEJADO;IMPRUDENCIA DEL PEATÓN;CRUCE INDEBIDO POR LA CALZADA;;NINGUNA
A-2021-09-287;05/09/2021;04:30;DESPISTE;CHOQUE Y VOLCADURA;1;0;CARRETERA CHUPACA - HUACHAC ;ALTURA DEL GEOFISICO;-12.038789;-75.320593;DESPEJADO;IMPRUDENCIA DEL CONDUCTOR;CONDUCIR EN ESTADO DE EBRIEDAD Y/O DROGADICCIÓN;;NINGUNA
A-2021-09-29;07/09/2021;21:55;ATROPELLO;-;1;1;CARRETERA PANAMERICANA SUR KM. 413;-;-14.630707;-75.187448;DESPEJADO;NO IDENTIFICA LA CAUSA;;;
A-2021-09-3;03/09/2021;05:03;CHOQUE;POR ALCANCE;2;1;CARRETERA COSTANERA SUR KM. 43 300;-;-18.170531;-70.646438;NIEBLA;IMPRUDENCIA DEL CONDUCTOR;FATIGA Y/O CANSANCIO;;
A-2021-09-30;07/09/2021;13:00;ATROPELLO;ARRASTRAMIENTO;1;0;COMUNIDAD CCAPCCA ;PLAZA DE ARMAS ;-13.791937;-73.654092;DESPEJADO;IMPRUDENCIA DEL PEATÓN;OTRO (IMPRUDENCIA DEL PEATÓN);ACTITUD RIESGOSA DEL MENOR DE EDAD AL SUBIR AL VEHICULO EN MARCHA ;INVESTIGACIÓN A CARGO DEL ST1 PNP VÍCTOR DENNIS RAMIREZ ROMANI 
A-2021-09-38;11/09/2021;14:15;ATROPELLO;ARRASTRE Y APLASTAMIENTO SEGUIDO DE CHOQUE;1;0;AV. CENTENARIO N°1561;FRONTIS DEL GRIFO PATCI;-9.509058418;-77.532194;DESPEJADO;NEGLIGENCIA DEL CONDUCTOR;OTRO (NEGLIGENCIA DEL CONDUCTOR);CANSANCIO Y SOMNOLENCIA;NINGUNA
A-2021-09-39;10/09/2021;23:30;VOLCADURA;SUBSECUENTE CAIDA;1;0;AV. JOSE AGUILAR SANTISTEBAN ;URB JARDINES- URB AVIFAF;-5.1801321;-80.6552988;DESPEJADO;NO IDENTIFICA LA CAUSA;;;
A-2021-09-4;01/09/2021;04:00;DESPISTE;MUERTE;1;0;AV. VICTOR LARCO HERRERA ALTURA DE LA CDRA. 3;-;-8.117029;-79.032235;DESPEJADO;NO IDENTIFICA LA CAUSA;;;
A-2021-09-40;11/09/2021;15:46;DESPISTE;Y VOLCADURA;1;2;AV. ORGULLO AYMARA CDRA. 4;ALTURA DEL JIRON BUENOS AIRES-CARRETETA ACCESO AL CP DE JAYLLIHUAYA;-15.87;-69.987;DESPEJADO;IMPRUDENCIA DEL CONDUCTOR;CONDUCIR EN ESTADO DE EBRIEDAD Y/O DROGADICCIÓN;;
A-2021-09-41;12/09/2021;16:40;CHOQUE;Y VOLCADURA;1;10;AV SIMÓN BOLIVAR CUADRA 18 ;ESPALDA DEL EDIFICIO UNIVERCITARIO DE  PUNO;-15.851551;-70.015947;DESPEJADO;IMPRUDENCIA DEL CONDUCTOR;CONDUCIR EN ESTADO DE EBRIEDAD Y/O DROGADICCIÓN;;
A-2021-09-42;13/09/2021;04:00;ATROPELLO FUGA;, LA CUAL SE ENCONTRABA RECOSTADO;1;0;AV.ANDRES AVELINI CACERES;ROTONDA LOS BOMBEROS;-16.42548576;-71.53318932425682;DESPEJADO;IMPRUDENCIA DEL CONDUCTOR;EXCESO DE VELOCIDAD;;LA UT1 REALIZA UN VIRAJE POR LA VIA ALTERNA Y NO OBSERVA QUE EL CONDUCTIOR SE ENCONTABA RECOSTADO Y LO SOBREPASA POR LA PARTE IZQUIERDA, APLASTANDOLO CON SU NEUMATICO LADO IZQUIERDO.
A-2021-09-44;16/09/2021;07:00;ATROPELLO;-;1;0;CARRETERA PANAMERICANA SUR PUNO-DESAGUADERO KM 1397 0;COMUNIDAD MOLLOCCO;-16.0002446;-69.76599430623706;DESPEJADO;IMPRUDENCIA DEL PEATÓN;CRUCE INDEBIDO POR LA CALZADA;;
A-2021-09-45;16/09/2021;03:30;VOLCADURA;-;1;0;CARRETERA VILQUE-MAÑAZO KM 36;ALTURA DE LA COMUNIDAD VIZCACHANI;-15.77741246;-70.30179249116372;DESPEJADO;INFRAESTRUCTURA Y ENTORNO VIAL;OTRO (INFRAESTRUCTURA Y ENTORNO VIAL);FALTA DE SEÑALIZACION EN LA VIA;
A-2021-09-46;03/09/2021;20:50;DESPISTE;VOLCADURA;1;2;VIA CASMA HUARAZ KM 84 400;LUGAR DENOMINADO ROSO;-9.541716398;-77.73839969223597;LLUVIOSO;;;;
A-2021-09-48;11/09/2021;19:30;CHOQUE;COQUE POR ALCANCE EXCÉNTRICO IZQUIERDO;1;2;CARRETERA LA MATANZA;KM 62;-5.240542;-80.089013;DESPEJADO;NO IDENTIFICA LA CAUSA;;;
A-2021-09-49;13/09/2021;22:30;ATROPELLO FUGA;FUGA;1;0;CARRETERA CHULUCANAS KM 50;ALTURA CASERIO HUASIMAL;-5.139167;-80.173203;DESPEJADO;NO IDENTIFICA LA CAUSA;;;
A-2021-09-50;15/09/2021;19:40;ATROPELLO;-;1;0;AV MARTIRES DE 04 DE NOVIEMBRE CON EL JR BRASIL ;CARRETERA JULIACA PUNO;-15.514318;-70.123775;DESPEJADO;IMPRUDENCIA DEL PEATÓN;CRUCE INDEBIDO POR LA CALZADA;;NINGUNA 
A-2021-09-51;01/09/2021;17:30;ATROPELLO;-;1;0;AV. RIVA AGUERO MZ R1;ASOC. DE VIVIENDA MARCO JARAS CHENONE;-11.81507;-77.1277;NUBLADO;IMPRUDENCIA DEL PEATÓN;OTRO (IMPRUDENCIA DEL PEATÓN);;
A-2021-09-52;01/09/2021;17:45;ATROPELLO;-;1;0;-;-;-12.15939481;-76.95887978807589;DESPEJADO;IMPRUDENCIA DEL CONDUCTOR;DESACATO DE SEÑAL DE TRÁNSITO;;
A-2021-09-53;03/09/2021;13:40;ATROPELLO;-;1;0;AV. MARIATEGUI S/NALTURA DE LA MZ A LOTE 1 GRUPO 29 SECC. 3;-;-12.22459156;-76.9388602205455;DESPEJADO;IMPRUDENCIA DEL CONDUCTOR;OTRO (IMPRUDENCIA DEL CONDUCTOR);;
A-2021-09-54;04/09/2021;16:45;ATROPELLO;-;1;0;AV.JOSE CARLOS MARIATEGUI CDRA 24 ALT INTERSEECION LA CALLE ESMERALDA;-;-12.03079498;-76.99901098728667;DESPEJADO;IMPRUDENCIA DEL PEATÓN;OTRO (IMPRUDENCIA DEL PEATÓN);;
A-2021-09-55;05/09/2021;06:00;ATROPELLO;-;1;0;AV. ANTÚNEZ DE MAYOLO CDRA. 12 ALT.OSINERGMIN;OSINERGMIN;-11.99537815;-77.07985320453479;DESPEJADO;IMPRUDENCIA DEL CONDUCTOR;CONDUCIR EN ESTADO DE EBRIEDAD Y/O DROGADICCIÓN;;EBRIEDAD DEL CONDUCTOR
A-2021-09-56;05/09/2021;03:30;CHOQUE;CONSECUENCIA FATAL;1;5;CARRETERA LA QUEBRADA HACIA QUELLOUNO;SECTOR CAHANCAMAYO, DISTRITO YANATILE -CALCA;-12.622066;-72.390168;NUBLADO;IMPRUDENCIA DEL CONDUCTOR;CONDUCIR EN ESTADO DE EBRIEDAD Y/O DROGADICCIÓN;;
A-2021-09-57;06/09/2021;18:30;ATROPELLO;CONSECUENCIA FATAL;1;0;CARRETERA SANPREDRO-SICUANI;ALTURA DE LA COMUNIDAD PAMPA CALASAYA DEL DISTRITO DE CANCHIS;-14.21996414;-71.2897240922569;NUBLADO;NEGLIGENCIA DEL CONDUCTOR;OTRO (NEGLIGENCIA DEL CONDUCTOR);VELOCIDAD;
A-2021-09-58;01/09/2021;19:00;CAÍDA DE PASAJERO;CONSECUENCIA FATAL;1;0;COMUNIDAD CAMPESINA DE CHIARA DISTRITO DE COMBAPATA;SECTOR DE COLLPA;-14.082319;-71.366155;SOLEADO;IMPRUDENCIA DEL CONDUCTOR;CONDUCIR EN ESTADO DE EBRIEDAD Y/O DROGADICCIÓN;;
A-2021-09-6;01/09/2021;18:00;DESPISTE;Y VOLCADURA;1;0;CARRETERA CHECA - MAZOCRUZ KM 16 500;ALTURA DE LA COMUNIDAD HUARACO;-16.22351356;-69.67727820219523;DESPEJADO;INFRAESTRUCTURA Y ENTORNO VIAL;OTRO (INFRAESTRUCTURA Y ENTORNO VIAL);FALTA DE SEÑALIZACION, ILUMINACION Y OTROS DISPOSITIVOS DE SEGURIDAD;
A-2021-09-61;09/09/2021;17:20;ATROPELLO;CONSECUENCIA FATAL;1;0;TROCHA CARROZABLE CUENCA ANILMAYO;100 METRO DE PUENTE QEMPORAY;-13.760977;-71.5462627;DESPEJADO;NEGLIGENCIA DEL CONDUCTOR;OTRO (NEGLIGENCIA DEL CONDUCTOR);AL NO VERIFICAR BIEN POR SUS ESPEJOS RETROVISORES;
A-2021-09-62;17/09/2021;22:45;CHOQUE;CONSECUENCIA FATAL;1;1;VIA URUBAMBA-CALCA;ALTURA DEL HOTEL SAN AGUSTIN;-13.184115;-72.062108;DESPEJADO;IMPRUDENCIA DEL CONDUCTOR;EXCESO DE VELOCIDAD;;
A-2021-09-63;11/09/2021;03:30;DESPISTE;;1;1;CARRETERA CAJABAMBA - CAJAMARCA. CASERIO POMABAMBA ;;-7.585538;-78.133861;DESPEJADO;IMPRUDENCIA DEL CONDUCTOR;INVASIÓN DE CARRIL;;
A-2021-09-64;19/09/2021;19:40;CHOQUE;.;2;2;PANAMERICANA NORTE KM. 1273.6;FRONTIS DE AGRIPAC;-3.551516362;-80.41422487721141;DESPEJADO;IMPRUDENCIA DEL CONDUCTOR;CONDUCIR EN ESTADO DE EBRIEDAD Y/O DROGADICCIÓN;;
A-2021-09-65;17/09/2021;05:40;ESPECIAL;-;1;0;AV. LOS PRÓCERES ;PUERTA DE INGRESO AL INMUEBLE MZ. 152 LOTE 06, 07, 08;-17.976328;-70.23725;DESPEJADO;IMPRUDENCIA DEL CONDUCTOR;OTRO (IMPRUDENCIA DEL CONDUCTOR);EXCESO DE CONFIANZA;EL VEHÍCULO DE PLACA Z5W-902 SALIA DE UNA COCHERA
A-2021-09-66;18/09/2021;07:20;CAÍDA DE PASAJERO;SEGUIDO DE ATROPELLO ;1;1;CARRETERA PANAMERICANA SUR;FRONTIS FRUCHINCHA;-13.4609451;-76.136483;DESPEJADO;NO IDENTIFICA LA CAUSA;;;
A-2021-09-67;18/09/2021;19:20;DESPISTE; VOLCADURA;1;2;CENTRO POBLADO DE LLAMAC;CURVA GENISIL;-10.19713028;-77.03216312157124;DESPEJADO;IMPRUDENCIA DEL CONDUCTOR;EXCESO DE PASAJEROS O CARGA;;NINGUNA
A-2021-09-68;05/09/2021;21:55;CHOQUE;MUERTE;1;0;CARRETERA PANAMERICANA NORTE ALTURA DEL KM. 721.6;-;-7.131972;-79.472647;DESPEJADO;IMPRUDENCIA DEL CONDUCTOR;CONDUCIR EN ESTADO DE EBRIEDAD Y/O DROGADICCIÓN;;
A-2021-09-69;13/09/2021;02:00;CHOQUE;MUERTE;2;0;CARRETERA PANAMERICANA NORTE ALTURA DEL KM. 693.50;-;-7.323069;-79.481149;DESPEJADO;NO IDENTIFICA LA CAUSA;;;
A-2021-09-7;01/09/2021;19:30;CHOQUE;POR EMBISTE;1;1;CARRETERA PARAMERICANA SUR PUNO-DESAGUADERO KM 1489 150;ALTURA DEL DESVIO ANCARUYO RIVA;-16.45369127;-69.14991796620194;DESPEJADO;IMPRUDENCIA DEL CONDUCTOR;ADELANTAR INDEBIDAMENTE;;IMPRUDENCIA DE LA MOTOCICLETA.
A-2021-09-71;18/09/2021;04:50;DESPISTE;;1;2;CARRETERA CAJAMARCA - SAN MARCOS CASERIO POMABAMBA;;-7.286192;-78.213168;DESPEJADO;NO IDENTIFICA LA CAUSA;;;
A-2021-09-77;13/09/2021;18:50;ATROPELLO;UT1 CIRCULABA DE SO A NO POR LA AUTOPISTA AREQUIPA - LA JOYA  UTILIZANDO EL BORDE IZQUIERDO DE LA CALZADA DEL EXTREMO SE, IMPACTANDO A LA UT2;1;2;AUTOPISTA AREQUIPA LA JOYA;ASOCIACION LAS LOMAS;-16.3672817;-71.6395677;DESPEJADO;IMPRUDENCIA DEL CONDUCTOR;EXCESO DE VELOCIDAD;;SIN OBSERVACIONES
A-2021-09-78;14/09/2021;05:25;CHOQUE;LA UT1 INVADE EL ACRRIL CONTRARIO A SU CIRCULACION DONDE LA UT2  SE DESPLAZABA POR SU CARRIL;1;2;CARRETERA AREQUIPA - JULIACA KM. 178 900;CRUCE HACIA LA VIA DE PENETRACION ESPINAR;-15.7617292;-70.9896114;DESPEJADO;IMPRUDENCIA DEL CONDUCTOR;INVASIÓN DE CARRIL;;LA UT1 INVADE EL ACRRIL DE LA UT2
A-2021-09-8;01/09/2021;17:30;CHOQUE;;1;1;CARRETERA QUE CONDUCE AL C.P. DE INGATAMBO - ZURO. ALTURA DEL KM. 13 920 (ALTO PERÚ).;;-6.943632;-78.685338;DESPEJADO;IMPRUDENCIA DEL CONDUCTOR;EXCESO DE VELOCIDAD;;
A-2021-09-80;20/09/2021;01:30;DESPISTE;CHOQUE Y VOLCADURA ;1;6;SECTOR SACHAPUCRO - CP. POLTOCCSA ;KM 655 - VÍA NACIONAL ANDAHUAYLAS - ABANCAY ;-13.65386873;-73.31742164664246;DESPEJADO;IMPRUDENCIA DEL CONDUCTOR;CONDUCIR EN ESTADO DE EBRIEDAD Y/O DROGADICCIÓN;;INVESTIGACION A CARGO DEL ST1 PNP VÍCTOR DENNIS RAMIREZ ROMANI  
A-2021-09-81;20/09/2021;03:50;DESPISTE;VOLCADURA Y CAIDA;1;1;"INTERSECCIÓN AVENIDA COLECTORA Y AVENIDA ""A"" PISTA 02";---;-5.1716666;-80.6672373;DESPEJADO;NO IDENTIFICA LA CAUSA;;;
A-2021-09-82;20/09/2021;06:20;CHOQUE;FRONTAL;2;19;CARRETERA PIURA TAMBOGRANDE ;ALTURA DEL KM 08;-5.077639;-80.430419;DESPEJADO;NO IDENTIFICA LA CAUSA;;;
A-2021-09-83;19/09/2021;10:00;CHOQUE;;1;1;INTERSECCIÓN DE LA AV. VIA DE EVITAMIENTO NORTE Y EL JR. SANTA TERESA DE JOURNET;;-7.14659055;-78.50834705;SOLEADO;IMPRUDENCIA DEL CONDUCTOR;EXCESO DE VELOCIDAD;;
A-2021-09-84;14/09/2021;19:30;CHOQUE;MUERTE;1;0;INTERSECCION DE LA CALLE 26 DE MARZO Y CALLE 07 DE JULIO;MERCADO UNION;-8.08727;-79.026687;DESPEJADO;IMPRUDENCIA DEL CONDUCTOR;NO ESTABLECER EL DERECHO DE PASO;;
A-2021-09-85;15/09/2021;09:00;CHOQUE;MUERTE;1;0;AV. GENARO SILVA COTRINA S/N;"FRONTIS DE LA LOZA DEPORTIVA ""GENARO SILVA COTRINA""";-7.214056;-79.429342;DESPEJADO;IMPRUDENCIA DEL CONDUCTOR;GIRAR IMPRUDENTEMENTE;;
A-2021-09-86;07/09/2021;19:16;CHOQUE;-;1;0;KM 1238 450;CARRETERA AYAVIRI JULIACA;-14.97691167;-70.4454168107595;DESPEJADO;IMPRUDENCIA DEL CONDUCTOR;CONDUCIR EN SENTIDO CONTRARIO;;NINGUNA 
A-2021-09-87;08/09/2021;20:00;CHOQUE;-;1;0;KM 26 800;DESVIO SAMAN;-15.30053129;-70.02410067448778;DESPEJADO;IMPRUDENCIA DEL CONDUCTOR;EXCESO DE VELOCIDAD;;NINGUNA 
A-2021-09-88;22/09/2021;05:30;ATROPELLO FUGA;LA UT1 HABRIA APLASTADO A LA UT2;1;0;PANAMERICANA SUR KM.1030;KILOMETRO 1030;-16.981594;-71.776746;NIEBLA;NO IDENTIFICA LA CAUSA;;;SIN OBSERVACIONES
A-2021-09-89;18/09/2021;20:35;ATROPELLO;ATROPELLO CON PROYECCION CON SUB SECUENTE MUERTE;1;0;IRRIGACION SAN CAMILO;PANAMERICANA SUR - INGRESO A LA IRRIGACION SAN CAMILO;-16.67823657;-71.8708634030674;DESPEJADO;NO IDENTIFICA LA CAUSA;;;EL ACCIDENTE DE TRANSITO OCURRIO EN CIRCUNSTANCIAS QUE SE DESPLAZABA LA UT1 POR LA CARRETERA PANAMERICANA SUR, INGRESO A LA IRRIGACION SAN CAMILO, IMPACTANDO A LA UT2 PEATON CAUSANDO SU FALLECIMIENTO.
A-2021-09-90;23/09/2021;22:30;CHOQUE;.;1;4;PANAMERICANA NORTE KM. 158 ;.;-4.032179777;-80.96008122895779;DESPEJADO;IMPRUDENCIA DEL CONDUCTOR;INVASIÓN DE CARRIL;;
A-2021-09-94;23/09/2021;21:40;CHOQUE;FATAL LESIONES Y DAÑOS MATERIALES;1;5;CARRETERA PANAMERICANA SUR KM. 211;ENTRADA A C.P HOJA REDONDA ;-13.54963112;-76.13308179365009;DESPEJADO;IMPRUDENCIA DEL CONDUCTOR;INVASIÓN DE CARRIL;;
A-2021-09-95;24/09/2021;04:30;CHOQUE CON OBJETO FIJO;SEGUIDO DE VOLCADURA;1;1;CALLE DOMINGO ELIAS;-;-14.04401289;-75.69898373115758;DESPEJADO;NO IDENTIFICA LA CAUSA;;;
A-2021-09-96;24/09/2021;06:00;DESPISTE;DESPISTE SEGUIDO DE VOLCADURA ;1;0;CARRETERA INTEROCEANICA KM. 76;-;-14.693459;-74.515248;DESPEJADO;NO IDENTIFICA LA CAUSA;;;
A-2021-09-97;25/09/2021;09:30;DESPISTE;;1;0;CASERIO PATIÑICO;CASERIO PATIÑICO;-7.281821438;-78.08243567466137;DESPEJADO;IMPRUDENCIA DEL CONDUCTOR;OTRO (IMPRUDENCIA DEL CONDUCTOR);LA ACCIÓN IMPRUDENTE POR PARTE DE LA MENOR DE EDAD, QUIEN MANIPULA Y MANIOBRA LA UNIDAD VEHICULAR (UT), SIN EL CONSENTIMIENTO DE SUS PADRES Y SIN TENER LOS CONOCIMIENTOS Y APTITUDES TÉCNICAS PARA LA CONDUCCIÓN DE VEHÍCULOS, ADEMÁS DE NO CONTAR CON LICENCIA DE CONDUCIR O PERMISO PROVISIONAL TENIENDO UN CONCEPTO LIMITADO O DISTORSIONADO DE LO QUE SIGNIFICA MANEJO A LA DEFENSIVA Y A LAS NORMAS QUE RIGEN EL NORMAL Y SEGURO DESENVOLVIMIENTO DEL TRÁNSITO.;
A-2021-09-98;24/09/2021;21:30;CHOQUE;-;1;3;CARRETERA PANAMERICANA SUR KM. 312;FRONTIS ESTADIO LUJARAJA;-14.14408716;-75.7160197317997;DESPEJADO;IMPRUDENCIA DEL CONDUCTOR;OTRO (IMPRUDENCIA DEL CONDUCTOR);ESTADO DE EBRIEDAD;
A-2021-09-99;26/09/2021;00:50;VOLCADURA;-;1;3;CAMINO CARROZABLE DE ACCESO A LA PLAYA EL HAMBRE;-;-15.3975951;-75.142132;NUBLADO;IMPRUDENCIA DEL CONDUCTOR;CONDUCIR EN ESTADO DE EBRIEDAD Y/O DROGADICCIÓN;;
A-2021-10-1;03/10/2021;06:30;ATROPELLO FUGA;-;1;0;CARRETERA ILAVE - MAZOCRUZ KM 25 500;PARCIALIDAD CHOCO ANTOMARCA;-16.164515;-69.649208;DESPEJADO;NO IDENTIFICA LA CAUSA;;;FUGA
A-2021-10-100;23/10/2021;18:50;ATROPELLO;CHOQUE Y FUGA;1;0;CARRETERA PANAMERICA SUR POMATA - DESAGUADERO KM 1467   796;ALTURA DE LA COMUNIDAD LAMPACHICO;-16.302485;-69.272968;DESPEJADO;IMPRUDENCIA DEL PEATÓN;CRUCE INDEBIDO POR LA CALZADA;;
A-2021-10-101;23/10/2021;17:30;DESPISTE;SEGUIDO DE CHOQUE ANTERIOR;1;0;CASERIO EL LUCERO KM 7 42;-;-6.214015;-77.078999;DESPEJADO;IMPRUDENCIA DEL CONDUCTOR;VEHÍCULO MAL ESTACIONADO;;
A-2021-10-102;23/10/2021;20:40;DESPISTE;MUERTE;1;0;CARRETERA DE PENETRACION A AA.HH. BUENA VISTA;ALTURA DEL SECTOR SAN ROBERTO;-8.491679882;-78.61668929848877;DESPEJADO;IMPRUDENCIA DEL CONDUCTOR;CONDUCIR EN ESTADO DE EBRIEDAD Y/O DROGADICCIÓN;;
A-2021-10-103;24/10/2021;02:45;DESPISTE;MUERTE;1;0;CARRETERAA PANAMERICANA NORTE ALTURA DEL KM. 525;-;-8.404379;-78.83144;DESPEJADO;IMPRUDENCIA DEL CONDUCTOR;CONDUCIR EN ESTADO DE EBRIEDAD Y/O DROGADICCIÓN;;
A-2021-10-104;24/10/2021;19:30;ATROPELLO FUGA;MUERTE;1;0;CARRETERA PANAMERICANA NORTE ALTURA DEL KM. 590.9;-;-7.897459;-79.121425;DESPEJADO;NO IDENTIFICA LA CAUSA;;;
A-2021-10-106;18/10/2021;19:00;ATROPELLO;ATROPELLO VOLCADURA;1;1;AV. PRINCIPAL DE LA ZONA 5 FRENTE A LA MZ-J LT-5 CIUDAD MUNICIPAL;COLEGIO PRIMARIO SAN MARTIN DE PORRES;-16.322252;-71.591631;DESPEJADO;NO IDENTIFICA LA CAUSA;;;SIN OBSERVACIONES
A-2021-10-107;08/10/2021;11:20;ATROPELLO FUGA;-;1;0;KM 1309 500;SALIDA CUSCO;-15.460852;-70.1393179;DESPEJADO;NO IDENTIFICA LA CAUSA;;;AL NO HABER SIDO POSIBLE EFECTUAR EL ESTUDIO DE TODOS LOS ELEMENTOS DEL TRANSITO QUE PARTICIPARON EN EL EVENTO 
A-2021-10-108;21/10/2021;19:10;CHOQUE;CHOQUE FATAL;1;0;AV. FRANSCISCO MOSTAJO/ CALLE MARIANO MELGAR;CENTRO DE SALUD DE INDEPENDENCIA;-16.365746;-71.524349;DESPEJADO;NO IDENTIFICA LA CAUSA;;;SIN OBSERVACIONES
A-2021-10-109;23/10/2021;04:00;ATROPELLO;ATROPELLO FATAL;1;2;VIA AUXILIAR CARRETERA AREQUIPA YURA;PUENTE AÑASHUAYCO;-16.3417439;-71.5864711;DESPEJADO;NO IDENTIFICA LA CAUSA;;;SIN OBSERVACIONES
A-2021-10-11;03/10/2021;22:20;ATROPELLO FUGA;-;1;0;AV. MUNICIPAL;FRONTIS DE SENASA;-18.02990354;-70.25125439989434;LLUVIOSO;IMPRUDENCIA DEL PEATÓN;ESTADO DE EBRIEDAD Y/O DROGADICCIÓN;;EL PEATÓN TENIA ALIENTO ALCOHÓLICO 