COD_ACCIDE;FechaDelAccidente;HoraDelAccidente;ClaseDelAccidente;SecuenciaAccidente;CantidadDeFallecidos;CantidadDeLesionados;Direccion;LugarReferencia;y;x;CondClimatica;CausaFactorPrincipal;CausaEspecifica;OtraCausa;Observaciones
A-2021-10-110;23/10/2021;14:00;ATROPELLO;ATROPELLO FATAL;1;1;CARRETERA AREQUIPA YURA KM.13;I.E. JOHANNES KEPLER;-16.312718;-71.609441;SOLEADO;NO IDENTIFICA LA CAUSA;;;SIN OBSERVACIONES
A-2021-10-111;25/10/2021;21:00;DESPISTE;DESPISTE CHOQUE Y VOLCADURA;1;0;CARRETERA PANAMERICANA SUR KM.10.500;CERCA A LA LAGUNA;-16.701865;-71.927131;NUBLADO;NO IDENTIFICA LA CAUSA;;;SIN OBSERVACIONES
A-2021-10-112;13/10/2021;07:00;DESPISTE;-;1;0;CARRETERA CENTRAL OROYA-HUANUCO;KM 164 900;-10.45680507;-76.17842262552362;DESPEJADO;IMPRUDENCIA DEL CONDUCTOR;EXCESO DE VELOCIDAD;;
A-2021-10-113;27/10/2021;12:40;DESPISTE;SEGUIDO DE VOLCADURA;1;1;CARRETERA DE ACCESO AL DISTRITO DE MARCONA KM. 23;-;-15.291831;-75.105973;DESPEJADO;NO IDENTIFICA LA CAUSA;;;
A-2021-10-114;25/10/2021;15:50;CHOQUE;-;1;1;CARRETERA FBT KM 464;CASERIO LAS DELICIAS;-6.026225;-77.216984;DESPEJADO;IMPRUDENCIA DEL CONDUCTOR;CONDUCIR EN ESTADO DE EBRIEDAD Y/O DROGADICCIÓN;;
A-2021-10-115;27/10/2021;21:20;ATROPELLO FUGA;-;1;0;CARRETERA CHACA CHACA - YUNGUYO KM 01 151;CENTRO POBLADO BUENA VISTA;-16.31350322;-69.25332287647309;DESPEJADO;NO IDENTIFICA LA CAUSA;;;FUGA
A-2021-10-116;27/10/2021;20:20;CHOQUE FUGA;;1;1;CARRETERA ILAVE-LAQUI KM 1 300;ALTURA DEL CENTRO POBLADO LAQUI;-16.039864;-69.59986905256049;DESPEJADO;NO IDENTIFICA LA CAUSA;;;FUGA DE UN VEHICULO
A-2021-10-117;29/10/2021;01:30;CHOQUE;-;2;2;CARRETERA VIA LOS LIBERTADORES KM. 16.500;-;-13.6965818;-76.01277935008501;DESPEJADO;NO IDENTIFICA LA CAUSA;;;
A-2021-10-118;28/10/2021;20:30;CHOQUE;POR ALCANCE;1;2;CARRETERA PANAMERICANA SUR ;-;-13.666781;-76.151503;DESPEJADO;NO IDENTIFICA LA CAUSA;;;
A-2021-10-119;29/10/2021;19:00;ATROPELLO;-;1;0;AV. MUNICIPAL;ALTURA DE LA ASOC. LOS CHASQUIS;-18.08571492;-70.26811484537753;DESPEJADO;IMPRUDENCIA DEL PEATÓN;ESTADO DE EBRIEDAD Y/O DROGADICCIÓN;;EN EL LUGAR DEL ACCIDENTE NO EXISTE ILUMINACIÓN PUBLICA 
A-2021-10-12;04/10/2021;19:30;CHOQUE FUGA;-;1;1;CARRETERA CHECCA-MAZOCRUZ KM 2 150;ALTURA DE LA COMUNIDAD PUEBLO LIBRE;-16.0960622;-69.63340754356499;DESPEJADO;IMPRUDENCIA DEL CONDUCTOR;OTRO (IMPRUDENCIA DEL CONDUCTOR);EXCESO DE CONFIANZA AL DESPLAZARCE A UNA VELOCIDAD CONSTANTE EN ACELERACIÓN;
A-2021-10-120;09/10/2021;21:00;ATROPELLO FUGA;SE INVESTIGA;1;0;CARRETERA PANAMERICANA NORTE;KM. 153.200;-11.06935219;-77.5858579607905;;;;;
A-2021-10-121;14/10/2021;18:00;CHOQUE;-;1;0;AV CENTENARIO CON JR TROMPETEROS;GRIFO SEÑOR DE HUANCA;-14.0653303;-70.43374;DESPEJADO;IMPRUDENCIA DEL CONDUCTOR;NO DAR PASO PREFERENTE AL PEATÓN;;NINGUNA
A-2021-10-122;25/10/2021;21:40;ATROPELLO;APLASTAMIENTO Y ARRASTRAMIENTO;1;0;KM 02 725;PUCARA-CHIJINAYA;-15.03221403;-70.38478515715661;DESPEJADO;IMPRUDENCIA DEL PEATÓN;OTRO (IMPRUDENCIA DEL PEATÓN);LA ACCION DESACERTADA DEL VIANDANTE QUIEN YACIA EN MEDIO DE LA CALZADA ;NINGUNA 
A-2021-10-123;21/10/2021;19:30;CHOQUE;VOLCADURA;1;1;KM 98;PUTINA-ANANEA;-14.911956;-69.843649;DESPEJADO;IMPRUDENCIA DEL CONDUCTOR;OTRO (IMPRUDENCIA DEL CONDUCTOR);IMPRUDENCIA DE LOS PROGENITORES DEL MENOR  DE EDAD ;NINGUNA 
A-2021-10-124;15/10/2021;01:20;DESPISTE;VOLCADURA;1;0;AV CIRCUNVALACION CON JR SUCRE;-;-15.48611207;-70.12419282206257;DESPEJADO;IMPRUDENCIA DEL CONDUCTOR;EXCESO DE VELOCIDAD;;NINGUNA 
A-2021-10-125;27/10/2021;08:30;ATROPELLO;-;1;0;KM 1288 900;-;-15.3125314;-70.228747;DESPEJADO;IMPRUDENCIA DEL PEATÓN;CRUCE INDEBIDO POR LA CALZADA;;NINGUNA 
A-2021-10-126;26/10/2021;16:00;CAÍDA DE PASAJERO;MUERTE;1;0;CALLE LOS JAZMINES MZ. S;-;-8.063115;-79.078798;DESPEJADO;IMPRUDENCIA DEL CONDUCTOR;OTRO (IMPRUDENCIA DEL CONDUCTOR);ACCION OPERATIVA NEGLIGENTE E IMPRUDENTE DEL CONDUCTOR DEL OMNIBUS, AL NO TOMAR SUS MEDIDAS DE PRECAUSION, AUNADOS A UN MARCADO EXCESO DE CONFIANZA, AL DETENER SU VEHICULO Y REINICAR LA MARCHA, CUANDO LA UT2 SE ENCONTRABA DESCENDIENDO EL ULTIMO PELDAÑO DE LA PUERTA DE DESCENSO, ACCION QUE OROVEHI QUE LA UT2, CAYERA EN UNA SONA DE TIERRA DE VIA;ACCION OPERATIVA NEGLIGENTE E IMPRUDENTE DEL CONDUCTOR DEL OMNIBUS, AL NO TOMAR SUS MEDIDAS DE PRECAUSION, AUNADOS A UN MARCADO EXCESO DE CONFIANZA, AL DETENER SU VEHICULO Y REINICAR LA MARCHA, CUANDO LA UT2 SE ENCONTRABA DESCENDIENDO EL ULTIMO PELDAÑO DE LA PUERTA DE DESCENSO, ACCION QUE OROVEHI QUE LA UT2, CAYERA EN UNA SONA DE TIERRA DE VIA
A-2021-10-127;31/10/2021;13:40;DESPISTE;MUERTE;1;0;CARRETERA DE ACCESO AL CP JOLLUCO;-;-7.551611;-78.762935;DESPEJADO;NO IDENTIFICA LA CAUSA;;;ONSTANCIA DEL CASO - ESTADO ARCHIVO,FPMC GRAN CHIMU FISCAL JUAN CARLOS BURGOS ZAVALETA
A-2021-10-128;16/10/2021;09:00;DESPISTE;TOTAL CON VOLCADURA DE TONEL Y CAMPANA;1;0;CARRETERA HUANCAVELICA-PALCA;KM. 01 500;-12.778194;-74.989667;DESPEJADO;NO IDENTIFICA LA CAUSA;;;FALTA DE DOCUMENTACION
A-2021-10-129;30/10/2021;02:45;VOLCADURA;EN CAMPANA;1;4;CARRETERA PANAMERICANA SUR KM. 270;-;-13.926327;-75.981552;DESPEJADO;NO IDENTIFICA LA CAUSA;;;
A-2021-10-13;06/10/2021;16:00;CHOQUE;CHOQUE , DESPISTE FATAL;2;7;CARRETERA SAN JOSE -. MATARANI;KILOMETRO 17.500;-16.5767007;-71.9325388;SOLEADO;NO IDENTIFICA LA CAUSA;;;SIN OBSERVACIONES
A-2021-10-130;30/10/2021;05:00;DESPISTE;CHOQUE Y VOLCADURA;1;0;CARRETERA YUNGUYO-ZEPITA KM 12;ALTURA DEL CENTRO POBLADO CALACOTO;-16.35341502;-69.04422194690235;DESPEJADO;IMPRUDENCIA DEL CONDUCTOR;INVASIÓN DE CARRIL;;
A-2021-10-131;16/10/2021;16:56;ATROPELLO;ATROPELLO;1;0;AV EX CIRCUNVALACION ;ALTURA DREN LOPEZ ALBUJAR;-5.195031;-80.647883;DESPEJADO;NO IDENTIFICA LA CAUSA;;;
A-2021-10-132;16/10/2021;17:30;CHOQUE;CHOQUE POR EMBISTE ;1;1;CALLE TANGARA CALLE POECHOS URB PETROLEROS ;URB PIURA ;-5.187621;-80.646175;DESPEJADO;NO IDENTIFICA LA CAUSA;;;
A-2021-10-133;08/10/2021;23:30;DESPISTE;;1;0;AV. COLONIAL CDRA. 33 / AV. HAYA DE LA TORRE;;-12.05547382;-77.10758129754797;DESPEJADO;IMPRUDENCIA DEL CONDUCTOR;CONDUCIR EN ESTADO DE EBRIEDAD Y/O DROGADICCIÓN;;ESTADO DE EBRIEDAD DEL CONDUCTOR 
A-2021-10-134;17/10/2021;05:45;CHOQUE;;1;0;AV. NESTOR GAMBETTA ;ALTURA DE LA EMPRESA ENEL AA.HH TERRAZAS DE VENTANILLA ;-11.87116746;-77.12763899304517;DESPEJADO;IMPRUDENCIA DEL CONDUCTOR;OTRO (IMPRUDENCIA DEL CONDUCTOR);INGRESAR Y TRATAR DE CRUZAR DE FORMA INPRUDENTE E INADECUADA.;NINGUNO
A-2021-10-135;27/10/2021;22:15;DESPISTE;VOLCADURA ;1;0;NESTOR GAMBETTA FRONTIS DE LA EMPRESA AJIMOTO;;-11.97977228;-77.12524665595598;DESPEJADO;IMPRUDENCIA DEL CONDUCTOR;CONDUCIR EN ESTADO DE EBRIEDAD Y/O DROGADICCIÓN;;NINGUNA
A-2021-10-136;28/10/2021;17:50;DESPISTE;VOLCADURA;1;2;CASERIO CARHUAQUERO - CHAMIS;;-7.1424689;-78.58586446;DESPEJADO;IMPRUDENCIA DEL CONDUCTOR;EXCESO DE VELOCIDAD;;
A-2021-10-14;06/10/2021;12:30;DESPISTE;DESPISTE, CHOQUE Y VOLCADURA FATAL;1;5;CARRETERA AREQUIPA - CHIVAY;KILOMETRO 69.900;-15.688877;-71.593917;SOLEADO;NO IDENTIFICA LA CAUSA;;;SIN OBSERVACIONES
A-2021-10-141;28/10/2021;14:30;VOLCADURA;;3;0;KM.16 640 CARRETERA CELENDIN- CORTEGANA;;-6.57825348;-78.30973257;DESPEJADO;NO IDENTIFICA LA CAUSA;;;
A-2021-10-142;29/10/2021;19:20;DESPISTE;;2;1;TROCHA CARROZABLE TUMBADEN GRANDE - CAS. CHAUPILOMA. ALTURA DEL KM. 3.5;;-6.998466;-78.713159;LLUVIOSO;NO IDENTIFICA LA CAUSA;;;
A-2021-10-143;30/10/2021;23:30;CHOQUE;;1;0;KM 74 DE LA CARRETERA  CAJAMARCA - CAJABAMBA. ALTURA DE LA LOZA DEPORTIVA CHANCAY;;-7.39785598;-78.12549721;DESPEJADO;IMPRUDENCIA DEL CONDUCTOR;CONDUCIR EN ESTADO DE EBRIEDAD Y/O DROGADICCIÓN;;
A-2021-10-144;17/10/2021;21:40;CHOQUE;ENTRE EL VEHICULO MENOR Y UN AUTOMOVIL;1;0;CARRETERA CUSCO ABANCAY  EN EL DISTRITO DE LIMATAMBO;KILOMETRO 2.5;-13.48035915;-72.44639397031499;DESPEJADO;IMPRUDENCIA DEL CONDUCTOR;EXCESO DE VELOCIDAD;;EL CHO QUE FUE POR ALCANZE DEL AUTOMOVIL AL VEHICULO MENOR
A-2021-10-145;09/10/2021;07:40;CHOQUE;INGRESO A CARRETERA DE KEROMARCA  Y LA VELOCIDAD DEL VEHICULO MENOR MOTOCICLETA ;1;0;PARADERO SAN JOSE DE DISTRITO DE SAN JOSE TINTA;PARADERO SAN JOSE;-14.15264395;-71.39154812679948;DESPEJADO;IMPRUDENCIA DEL CONDUCTOR;EXCESO DE VELOCIDAD;;NINGUNA
A-2021-10-146;19/10/2021;15:10;DESPISTE;DESPISTE Y POSTERIOR VOLCADURA;1;0;CARRETRA DE QUENALUYO A AMERULUYO;ACARRETERA   EN LA COMUNIDAD DE QUEMALUYO;-12.75455348;-72.56720878145326;DESPEJADO;IMPRUDENCIA DEL CONDUCTOR;EXCESO DE VELOCIDAD;;NINGUNA
A-2021-10-147;10/10/2021;20:00;ATROPELLO FUGA;ATROPELLO EN LA CARRETERA ANTA ANCAHUAI;1;0;KILOMETRO 935;CARRETERA ASFALTADA EL CRUCE IMPRUDENTE DEL PEATON;-13.49788815;-72.2048472862061;DESPEJADO;IMPRUDENCIA DEL PEATÓN;ESTADO DE EBRIEDAD Y/O DROGADICCIÓN;;NINGUNA
A-2021-10-148;16/10/2021;17:00;VOLCADURA;EN CIRCUNSTANCIAS QUE SALIA DE LA COMUNIDAD DE VILLA DEL CARMEN POR UNA MANIOBRA INDEBIDA VOLCO DICHO VEHICULO;1;0;COMUNIDAD VILLA DEL CARMEN SECTOR CUMPA CUMPA;CARRETERA TROCHA CUSCO CACHIMAYO;-13.48007223;-72.06074094448556;DESPEJADO;IMPERICIA DEL CONDUCTOR;;;LA VIA ES UNA CARRETERA DE TROCHA
A-2021-10-149;24/10/2021;17:00;CHOQUE;ACCIDENTE DE TRANSITO INVASION DE CARRIL DEL VEHICULO MENOR;1;0;NUEVA HUASAU;;-13.57785363;-71.8162539589751;DESPEJADO;IMPRUDENCIA DEL CONDUCTOR;INVASIÓN DE CARRIL;;NINGUNA
A-2021-10-150;28/10/2021;07:45;DESPISTE;PARCIAL Y CHOQUE, SEGUIDO DE MUERTE.;1;2;CARRETERA LA OROYA-AYACUCHO;KM. 168 420;-12.3657552;-75.0411332;DESPEJADO;NO IDENTIFICA LA CAUSA;;;FALTA DE DOCUMENTACIÓN
A-2021-10-151;09/10/2021;08:15;CHOQUE;CHOQUE POR INVACION DE CARRIL DE LA CAMIONETA RURAL;1;0;ALTURA DE PARADERO COLA REAL DEL DISTRITO DE SAN PABLO;;-14.184457;-71.350138;DESPEJADO;IMPRUDENCIA DEL CONDUCTOR;EXCESO DE VELOCIDAD;;NINGUNA
A-2021-10-152;24/10/2021;20:30;ATROPELLO;VIA RECTA INGRESO DE PEATON INTESPECTIVO A LA VIA ;1;0;CARRETERA URCOS CUSCO ;ALTURA DEL GRIFO PERICO;-13.59900788;-71.77005162057515;DESPEJADO;IMPRUDENCIA DEL PEATÓN;ESTADO DE EBRIEDAD Y/O DROGADICCIÓN;;NINGUNA
A-2021-10-153;13/10/2021;05:00;DESPISTE;VOLCADURA Y PRECIPITACION;2;0;TROCHA CARROZABLE CAYARA;COLCA;-13.799645;-73.98397;LLUVIOSO;IMPRUDENCIA DEL CONDUCTOR;CONDUCIR EN ESTADO DE EBRIEDAD Y/O DROGADICCIÓN;;NINGUNA
A-2021-10-154;17/10/2021;07:00;DESPISTE;CHOQUE, CAIDA Y VOLCADURA;1;0;CARRETERA AYACUCHO - ANDAHUAYLAS;;-13.205522;-74.214854;DESPEJADO;IMPRUDENCIA DEL CONDUCTOR;CONDUCIR EN ESTADO DE EBRIEDAD Y/O DROGADICCIÓN;;NINGUNA
A-2021-10-155;04/10/2021;10:45;ESPECIAL;APLASTAMIENTO DEL VEHICULO CAMION A UN MENOR DE SEIS MESES;1;0;DISTRITO DE PALLPATA SECTOR SARCURI;CARRETERA ASFALTADA  ENRE PALLPATA Y ESPINAR;-14.90162717;-71.09326937418774;DESPEJADO;NEGLIGENCIA DEL CONDUCTOR;OTRO (NEGLIGENCIA DEL CONDUCTOR);;NINGUNA
A-2021-10-156;20/10/2021;04:15;DESPISTE;TOTAL SEGUIDO DE VOLCADURA EN CAMPANA;2;0;CARRETERA LIRCAY-CARHUAPATA;CALERA DE HUAPA;-13.012211;-74.724287;DESPEJADO;NO IDENTIFICA LA CAUSA;;;FALTA DE DOCUMENTACION
A-2021-10-157;17/10/2021;03:30;CHOQUE;CAÍDA VOLCADURA Y CONSECUENTE DESPISTE ;1;1;CARRETERA PANAMERICANA NORTE ;VÍA DE EVITAMIENTO 26 DE OCTUBRE ;-5.185351;-80.692227;DESPEJADO;IMPERICIA DEL CONDUCTOR;;;
A-2021-10-158;10/10/2021;22:35;CHOQUE;ACCIDENTE DE TRANSITO MIXTO (CHOQUE Y FUGA), CHOQUE POR ALCANCE, CHOQUE FRONTAL SEGUIDO DE VOLCADURA CON CONSECUENCIA FATAL PARA EL CONDUCTOR DE LA UT-1;1;1;CARRETERA ANTIGUA A YARINACOCHA;ALTURA DEL POLIDEPORTIVO EL BOSQUE;-8.374540757;-74.5653408403693;DESPEJADO;IMPRUDENCIA DEL CONDUCTOR;EXCESO DE VELOCIDAD;;SEGUN VISUALIZACION DEL VIDEO DE LA CAMARA DE VIGILANCIA DE UNA PROPIEDAD PRIVADA LA UT-2 TRANSITABA EN EL MISMO SENTIDO Y SOBREPARA EN MEDIO DE LA VIA PARA INGRESAR AL PASAJE EL BOSQUE EN ESTE ACTO LA UT-1 IMPACTA POSTERIORMENTE CON LA UT-3 
A-2021-10-16;05/10/2021;07:50;CHOQUE;FATAL, LESIONES Y DAÑOS MATERIALES;1;1;CARRETERA PIURA - OLMOS;ALTURA DEL KM. 173 900;-5.391297208;-80.04823204396705;DESPEJADO;NO IDENTIFICA LA CAUSA;;;
A-2021-10-160;12/10/2021;15:20;DESPISTE;DESPISTE DEL AUTOMOVIL CON POSTERIOR VOLCADURA;2;0;SECTOR HUAYLLATAMBU DISTRITO DE HUANCARANI;CARRETERA A LA COMUNIDAD DE HUAYLLATAMBU;-13.50934097;-71.65547085002174;DESPEJADO;IMPRUDENCIA DEL CONDUCTOR;EXCESO DE VELOCIDAD;;NINGUNA
A-2021-10-161;18/10/2021;06:00;DESPISTE;EN CIRCUNSTANCIA QUE SE TRASLADABA  ASUS ACTIVIDADES AGRICOLSA POR LA ZONA;1;0;CARRETERA DE TROCHA DE LA COMUNIDAD DE HUAMNMARCA;CARRETERA TRZHO A QESQER;-13.32715006;-71.59099661653804;DESPEJADO;NEGLIGENCIA DEL CONDUCTOR;OTRO (NEGLIGENCIA DEL CONDUCTOR);;NINGUNA
A-2021-10-162;25/10/2021;12:00;DESPISTE;EN CIRCUNSTANCIAS QUE CIRCULABA POR LA CARRETERA DE MARANURA A QUILLABAMBA;1;0;POBLADO DE UCHUMAYO;CARRETERA CUSCO QUILLABAMBA KM.217.;-12.96253569;-72.66932958938133;DESPEJADO;IMPRUDENCIA DEL CONDUCTOR;EXCESO DE VELOCIDAD;;NINGUNA
A-2021-10-163;07/10/2021;06:40;ATROPELLO;;1;0;AV. ATAHUALPA CDRA. 04. PROXIMO A LA INTERSECCIÓN  AV. SAN MARTIN;;-7.165672;-78.505686;DESPEJADO;NO IDENTIFICA LA CAUSA;;;
A-2021-10-164;24/10/2021;19:00;DESPISTE;VOLCADURA;1;0;KM 13 160;DESVIÓ CHUPA HUANCANE ;-15.194;-69.911;DESPEJADO;IMPRUDENCIA DEL CONDUCTOR;EXCESO DE VELOCIDAD;;NINGUNA
A-2021-10-165;16/10/2021;06:30;DESPISTE;MOTOCICLETA LINEAL SE DESPISTA PARA LUEGO VOLCARSE POR EXESO DE VELOCIDAD;1;0;CARRETERA LAURAMARCA YANAMA TROCHA CARROSABLE;KM 3 300;-13.66505517;-71.36640668138864;DESPEJADO;IMPRUDENCIA DEL CONDUCTOR;EXCESO DE VELOCIDAD;;NINGUNO
A-2021-10-166;09/10/2021;19:40;DESPISTE;POR EXESO DE VELOCIDAD DESPISTA EL VEHICULO PARA LUEGO VOLCARSE EN DICHA CRRETERA;2;0;CARRETERA ESPINAR PALLPATA KM.243;SECTOR OCARETA;-14.89764063;-71.20320446892045;DESPEJADO;IMPRUDENCIA DEL CONDUCTOR;EXCESO DE VELOCIDAD;;NINGUNO
A-2021-10-167;29/10/2021;07:50;CHOQUE;AMBOS VEHICULOS TRANSITABAN EN LA CARRETERA  Y EL AUTOMOVIL CHOQUE POR ALCANCE;1;0;CARRETERA CUSCO PUERTO MALDONADO KILOMETRO NRO 45630;ALTURA DE LA COMUNIDAD DE JULLINCUNCA;-13.659394;-71.421189;DESPEJADO;IMPRUDENCIA DEL CONDUCTOR;EXCESO DE VELOCIDAD;;NINGUNA
A-2021-10-168;17/10/2021;06:30;CHOQUE;CHOQUE CON GANADO VACUNO;1;0;CARRETERA ANTA ZURITE KILOMETRO 0 96;KM 0 96 CARRETERA ZURITE ANTA;-13.44874248;-72.20420027244724;DESPEJADO;IMPRUDENCIA DEL CONDUCTOR;EXCESO DE VELOCIDAD;;VEHICULO MENOR CHOCA CON GANADO VACUNO
A-2021-10-169;30/10/2021;21:00;CHOQUE;-;1;0;KM 35 353;DESVIO CALAPUJA-AZANGARO;-15.01898691;-70.17962331131936;DESPEJADO;IMPRUDENCIA DEL CONDUCTOR;CONDUCIR EN SENTIDO CONTRARIO;;NINGUNA
A-2021-10-170;19/10/2021;05:00;ATROPELLO FUGA;VEHICULO QUE CIRCULABA DE ESTE A OESTE  ATROPELLA AL PEATON ;1;0;AV. DE LA CULTURA;ALTURA DEL GRIFO GASCA;-13.54268079;-71.8980647071465;DESPEJADO;IMPRUDENCIA DEL PEATÓN;CRUCE INDEBIDO POR LA CALZADA;;NINGUNA
A-2021-10-171;30/10/2021;14:31;ATROPELLO;DONDE EL VEHICULO MENOR CIRCULABA POR LA INTERSECCION FUE IMPACTADO AL PEATON;1;0;INTERSECCION DE LA CALLE MANUEL CALLO CEVALLOS Y LA CALLE VILCANOTA;INTERSECCION DE ESTAS AVENIDAS;-14.26834905;-71.22777470332018;DESPEJADO;IMPRUDENCIA DEL PEATÓN;CRUCE INDEBIDO POR LA CALZADA;;NINGUNA
A-2021-10-173;31/10/2021;17:30;CHOQUE;VOLCADURA;3;4;KM 1307 500;SALIDA CUSCO;-15.4423868;-70.1406484;DESPEJADO;IMPRUDENCIA DEL CONDUCTOR;CONDUCIR EN SENTIDO CONTRARIO;;NINGUNA 
A-2021-10-174;09/10/2021;08:09;DESPISTE;EN CIRCUNSTANCIAS QUE TRANSITABA POR ESTA CARRETERA SE DESPISTO PARA POSTERIORMENTE SE VUELCA ;2;19;KILOMETRO 155 DE LA CARRETERA  LA CONVENCION  URUBAMBA;CARRISALES;-13.10000419;-72.37735462678407;DESPEJADO;IMPRUDENCIA DEL CONDUCTOR;EXCESO DE VELOCIDAD;;NINGUNA
A-2021-10-183;17/10/2021;08:30;DESPISTE;CAIDA Y VOLCADURA ;1;0;AV.. BOLOGNESI;PUENTE BOLOGNESI ;-5.1967605;-80.623645;DESPEJADO;NO IDENTIFICA LA CAUSA;;;
A-2021-10-184;18/10/2021;14:30;DESPISTE;DESPISTE Y VOLCADURA ;4;14;CARRETERA LA UNION SECHURA;A ALTURA DE CASERIO CHUSIS;-5.5168821;-80.8173725;DESPEJADO;NO IDENTIFICA LA CAUSA;;;
A-2021-10-187;13/10/2021;07:10;VOLCADURA;CHOQUE Y CAIDA;1;0;AV. UNIVERSITARIA CDRA 09;-;-12.0025606;-77.08321624201264;DESPEJADO;NO IDENTIFICA LA CAUSA;;;
A-2021-10-188;13/10/2021;08:00;CHOQUE;-;1;0;ALT. DEL PEAJE MONTERRICO;-;-12.06406582;-76.97142736402085;DESPEJADO;NO IDENTIFICA LA CAUSA;;;
A-2021-10-189;14/10/2021;08:15;ESPECIAL;DESPRENDIMIENTO DE LLANTA,CHOQUE Y DESPISTE;1;1;PAN. SUR KM 27.500;ANTIGUO PTE. PEAT MAMACONA;-12.26494544;-76.90744130881495;DESPEJADO;NO IDENTIFICA LA CAUSA;;;
A-2021-10-19;02/10/2021;10:00;DESPISTE;VOLCADURA;1;1;CARRETERA SIHUAS - PASACANCHA KM 80;KM 80;-8.595565514;-77.65579275880476;;;;;
A-2021-10-190;14/10/2021;22:00;CHOQUE;-;2;0;OVALO ARRIOLA ENTRE LA AV. AVIACION CON AV. ARRIOLA;-;-12.0770213;-77.0103256;DESPEJADO;NO IDENTIFICA LA CAUSA;;;
A-2021-10-191;17/10/2021;13:55;ATROPELLO;-;1;0;AV. MANCO CAPAC CDRA. 03;-;-12.065986;-77.028915;DESPEJADO;NO IDENTIFICA LA CAUSA;;;
A-2021-10-192;17/10/2021;16:45;CHOQUE;VOLCADURA Y CAÍDA FATAL;1;1;AV. CAMINO REAL URB. LA RINCONADA;INMUEBLE MZ. LOT. 18;-11.86112889;-77.03202892594477;DESPEJADO;NO IDENTIFICA LA CAUSA;;;
A-2021-10-193;18/10/2021;14:52;ATROPELLO;-;1;0;-;-;-12.065391;-77.045953;DESPEJADO;NO IDENTIFICA LA CAUSA;;;
A-2021-10-194;18/10/2021;18:00;ATROPELLO;-;1;0;CDRA 03 AV. JORGE CHAVEZ-;-;-12.1485184;-77.0094428;DESPEJADO;NO IDENTIFICA LA CAUSA;;;
A-2021-10-195;19/10/2021;23:40;DESPISTE;CHOQUE;1;0;ANTIGUA CARRETERA PAN. SUR KM. 39.900;-;-12.272783;-76.895042;DESPEJADO;NO IDENTIFICA LA CAUSA;;;
A-2021-10-196;20/10/2021;14:30;ATROPELLO;-;1;0;AV. TUPAC AMARU KM.13;ALT. DEL MERCADO CHACRA CERRO;-11.936842;-77.048987;DESPEJADO;NO IDENTIFICA LA CAUSA;;;
A-2021-10-197;21/10/2021;21:30;ATROPELLO;-;1;0;CARRETERA PANAMERICANA NORTE KM. 32 ;-;-11.843605;-77.1009174;DESPEJADO;NO IDENTIFICA LA CAUSA;;;
A-2021-10-198;22/10/2021;13:26;CHOQUE;VOLCADURA Y CAIDA FATAL;1;0;JR. HERREIROS ALTRA. PSJE. EL BUHO SANTIAGO DE SURCO;-;-12.10258401;-76.97831542161168;DESPEJADO;NO IDENTIFICA LA CAUSA;;;
A-2021-10-199;04/10/2021;18:51;DESPISTE;VEHICULO QUE TRANSITAVA POR ESTA TROCHA CARROSABLE;1;0;SEC TOR CHACCHAPATA;CARRETERA OLLANTAYTAMBO A LA COMUNIDAD DE OCCOBAMABA;-13.24844772;-72.25411762788868;DESPEJADO;IMPRUDENCIA DEL CONDUCTOR;EXCESO DE VELOCIDAD;;NINGUNA
A-2021-10-2;02/10/2021;02:00;DESPISTE;VOLCADURA;5;25;CARRETERA VIA LOS LIBERTADORES KM. 156;HUAYTARA;-13.50208153;-75.1389084543188;DESPEJADO;NO IDENTIFICA LA CAUSA;;;
A-2021-10-20;05/10/2021;05:50;DESPISTE;CONSECUENCIA FATAL, LESIONES PERSONALES Y DAÑOS MATERIALES;1;19;CARRETERA PATIVILCA - HUARAZ;KM 155   100;-9.923045375;-77.38727145292336;DESPEJADO;IMPRUDENCIA DEL CONDUCTOR;OTRO (IMPRUDENCIA DEL CONDUCTOR);IMPRUDENCIA DEL CONDUCTOR;NINGUNA
A-2021-10-200;22/10/2021;16:00;CHOQUE;VOLCADURA Y CAIDA CON DAÑOS;1;0;AV. UNIVERSITARIA CDRA 61;-;-11.97158;-77.07601;DESPEJADO;NO IDENTIFICA LA CAUSA;;;
A-2021-10-201;23/10/2021;17:35;ATROPELLO;-;1;0;PANAMERICANA NORTE KM. 30 ALTRA. PARADERO CC. TOTTUS;CENTRO COMERCIAL TOTTUS;-11.8679904;-77.07250888776531;DESPEJADO;NO IDENTIFICA LA CAUSA;;;
A-2021-10-202;24/10/2021;04:00;DESPISTE;CHOQUE Y VOLCADURA;1;0;JR. BRASIL ALTURA. DE LA CUADRA 03 ;-;-11.93890001;-76.69401167199534;DESPEJADO;NO IDENTIFICA LA CAUSA;;;
A-2021-10-203;26/10/2021;17:30;ATROPELLO;-;1;0;AV. HUANCARAY ALTRA. PARADERO COLECTORA;-;-12.0408;-76.96171;DESPEJADO;NO IDENTIFICA LA CAUSA;;;
A-2021-10-204;28/10/2021;06:55;ESPECIAL;-;1;0;MZ. G LOTE 16 CALLE BUENOS AIRES;-;-11.9978014;-76.86925638363198;DESPEJADO;NO IDENTIFICA LA CAUSA;;;