COD_ACCIDE;FechaDelAccidente;HoraDelAccidente;ClaseDelAccidente;SecuenciaAccidente;CantidadDeFallecidos;CantidadDeLesionados;Direccion;LugarReferencia;y;x;CondClimatica;CausaFactorPrincipal;CausaEspecifica;OtraCausa;Observaciones
A-2021-10-205;28/10/2021;17:00;CHOQUE;VOLCADURA Y FUGA DE CONDUCTOR;1;1;AV. RICARDO PALMA CON JR. LIMA;-;-11.9576938;-77.04924865652266;DESPEJADO;NO IDENTIFICA LA CAUSA;;;
A-2021-10-206;31/10/2021;05:50;ATROPELLO;CHOQUE;1;0;PANAMERICANA NORTE KM. 22.500 INTERSECCIÓN CON LA AV. TRAPICHE;-;-11.93558826;-77.07187589247279;DESPEJADO;NO IDENTIFICA LA CAUSA;;;
A-2021-10-207;31/10/2021;05:50;ATROPELLO FUGA;-;1;0;AV. AVIACION CDRA 06;-;-12.0591;-77.01383;DESPEJADO;NO IDENTIFICA LA CAUSA;;;
A-2021-10-21;04/10/2021;03:00;DESPISTE;CHOQUE ANTERIOR;1;0;KM. 19 880 DE LA CARRETERA QUE CONDUCE CUTERVO - NARANJITO. ;ALTURA DEL C.P PAYAC;-6.34424784;-78.90665524;DESPEJADO;IMPRUDENCIA DEL CONDUCTOR;CONDUCIR EN ESTADO DE EBRIEDAD Y/O DROGADICCIÓN;;
A-2021-10-213;12/10/2021;21:20;DESPISTE;VOLCADURA;1;1;CARRETERA DE PENETRACION MARCARA - HUAPRA;;-9.339518243;-77.54852227668077;DESPEJADO;NO IDENTIFICA LA CAUSA;;;EN INVESTIGACION
A-2021-10-216;08/10/2021;14:30;CHOQUE;FATAL, LESIONES PERSONALES Y DAÑOS MATERIALES;1;1;CARRETERA HUARAZ - CASMA;;-9.524184218;-77.54526433498175;DESPEJADO;IMPRUDENCIA DEL CONDUCTOR;INVASIÓN DE CARRIL;;NO
A-2021-10-219;13/10/2021;17:00;DESPISTE;VOLCADURA;1;0;CARRETERA CARHUAZ - SAN LUIS;;-9.134660407;-77.53918638598626;DESPEJADO;NO IDENTIFICA LA CAUSA;;;EN INVESTIGACION
A-2021-10-220;18/10/2021;16:30;ESPECIAL;CON CONSECUENCIA FALTAL;1;0;JR. PRIMAVERA INTERSECCION CON PSJE CHACHAPOYAS ;;-8.817023375;-77.46082265358588;DESPEJADO;NEGLIGENCIA DEL CONDUCTOR;OTRO (NEGLIGENCIA DEL CONDUCTOR);;NO
A-2021-10-222;07/10/2021;08:00;ATROPELLO FUGA;CAÍDA. ATROPELLO Y FUGA ;1;0;CARRETERA PIURA PAITA ;ALTURA BYPASS;-5.169773;-80.691237;DESPEJADO;NO IDENTIFICA LA CAUSA;;;
A-2021-10-223;30/10/2021;17:20;CHOQUE;CHOQUE POSITIVO ;2;0;CARRETERA VIA EVITAMIENTO PIURA CHICLAYO;ALTURA DEL OVALO PIURA CHULUCANAS ;-5.188689;-80.56819;DESPEJADO;NO IDENTIFICA LA CAUSA;;;
A-2021-10-224;10/10/2021;12:30;DESPISTE;CONSECUENCIA FATAL;1;0;CARRETERA MARIGINAL DEL KM 29 200;SUR A NORTE;-10.95073429;-75.22382805324851;DESPEJADO;NO IDENTIFICA LA CAUSA;;;
A-2021-10-225;31/10/2021;17:10;ATROPELLO FUGA;;1;0;CARRTERA PIURA- PAITA ;ALTURA DEL KM 0 200;-5.169754;-80.691815;DESPEJADO;NO IDENTIFICA LA CAUSA;;;
A-2021-10-226;10/10/2021;10:00;DESPISTE;DESPISTE Y VOLCADURA;1;0;SULLANA - BELLAVISTA ;DISTRITO DE BELLAVISTA;-4.891034;-80.641044;DESPEJADO;NO IDENTIFICA LA CAUSA;;;DESPISTE SE INVESTIGA LA CAUSA
A-2021-10-227;19/10/2021;19:30;CHOQUE FUGA;CHOQUE Y FUGA ;1;0;CARRETERA SULLANA - PUENTE INTERNACIONAL ;ALTURA KM 1088;-4.8232;-80.2824;DESPEJADO;NO IDENTIFICA LA CAUSA;;;SE INVESTIGA 
A-2021-10-228;27/10/2021;06:00;DESPISTE;VOLCADURA;1;1;CARRETERA YURACMARCA KM 703;CRUCE CON HUAROCHIRI;-8.835898853;-77.82921911378003;DESPEJADO;NO IDENTIFICA LA CAUSA;;;EN INVESTIGACION
A-2021-10-230;30/10/2021;21:30;ATROPELLO;CON CONSECUENCIA FATAL;1;0;CARRETERA HUARAZ - CARAZ;CASERIO DE UCHUCUTO;-9.172139966;-77.72451687642409;DESPEJADO;NO IDENTIFICA LA CAUSA;;;NO
A-2021-10-231;31/10/2021;13:00;DESPISTE;VOLCADURA;1;10;CARRETERA CONOCOCHA - ANTAMINA KM 45 800;QINACANCHA;-9.944539669;-77.09080972696864;DESPEJADO;NO IDENTIFICA LA CAUSA;;;EN INVESTIGACION
A-2021-10-234;31/10/2021;13:00;CAÍDA DE PASAJERO;CON CONSECUENCIA FATAL;1;0;CARRETERA  HUAYTUNA - RAPAYAN;;-9.189245077;-76.92889855963195;DESPEJADO;NO IDENTIFICA LA CAUSA;;;EN INVESTIGACION
A-2021-10-237;01/10/2021;18:55;CHOQUE;-;1;0;CARRETERA CHAMAYA- JAÉN ALTURA DEL KM. 07;-;-5.832726;-78.748357;DESPEJADO;NO IDENTIFICA LA CAUSA;;;
A-2021-10-239;02/10/2021;19:22;ATROPELLO;-;1;0;INTERSECCION DE LA AVENIDA AMAUTAS Y LOS ANDES;;-6.796301;-79.843871;DESPEJADO;IMPRUDENCIA DEL CONDUCTOR;EXCESO DE VELOCIDAD;;
A-2021-10-240;04/10/2021;21:00;DESPISTE;-;1;1;CARRETERA TUMAN- RINCONAZO;-;-6.80105;-79.685641;DESPEJADO;IMPRUDENCIA DEL CONDUCTOR;CONDUCIR EN ESTADO DE EBRIEDAD Y/O DROGADICCIÓN;;
A-2021-10-241;06/10/2021;21:50;CAÍDA DE PASAJERO;-;1;0;INTERIOR DEL CENTRO COMERCIAL REAL PLAZA;INTERIOR REAL PLAZA;-6.778690607;-79.83272817188312;DESPEJADO;NO IDENTIFICA LA CAUSA;;;
A-2021-10-242;07/10/2021;17:00;CHOQUE;;1;0;CARRETERA FERNANO BELAUNDE TERRY KM 106  ECTOR PASCAPAMPA;;-5.952115307;-79.23049087953318;DESPEJADO;NO IDENTIFICA LA CAUSA;;;
A-2021-10-243;07/10/2021;20:30;CHOQUE;;1;0;CARRETERA CHICLAYO - CHOTA;PUENTE TUMAN;-6.753705;-79.726366;DESPEJADO;NO IDENTIFICA LA CAUSA;;;
A-2021-10-244;24/10/2021;22:30;CHOQUE;CHOQUE ANGULAR IZQUIERDO-CAIDA DE CIBDUCTOR SEGUIDO DE LESIONES CON SUBSECUENTE MUERTE Y DAÑOS MATERIALES;1;2;CARRETERA CENTRAL HUANUCO - AMBO;ANDABAMBA;-10.003893;-76.238939;DESPEJADO;IMPRUDENCIA DEL CONDUCTOR;EXCESO DE VELOCIDAD;;S/O
A-2021-10-245;13/10/2021;21:30;CHOQUE;;1;0;INTERSECCION DE LA VIA DE EVITAMIENTO Y PROLONGACION -CHINCHASUYO;;-6.792700197;-79.86458647590561;DESPEJADO;NO IDENTIFICA LA CAUSA;;;POR INVESTIGAR
A-2021-10-246;23/10/2021;19:40;ATROPELLO;-;1;0;KM. 27 C.P.N - ANTIGUA;;-6.428107431;-79.83996384542908;DESPEJADO;IMPRUDENCIA DEL PEATÓN;ESTADO DE EBRIEDAD Y/O DROGADICCIÓN;;
A-2021-10-25;08/10/2021;06:15;CHOQUE;CHOQUE VOLCADURA FATAL;1;0;ASOC. VILLA INDUSTRIAL MZ-D LT-01 EL PEDERGAL;PLANTA PROCESADORA DE LACTEOS KALA;-16.352556;-72.208859;SOLEADO;NO IDENTIFICA LA CAUSA;;;LA UT2 SE ENCONTRABA SIN CONDUCTOR
A-2021-10-254;01/10/2021;19:30;CHOQUE;CONSECUENCIA DE MUERTE ;1;0;CARRETERA PANAMERICANA NORTE ;;-10.85698211;-77.69072533603766;DESPEJADO;NO IDENTIFICA LA CAUSA;;;SE INVESTIGA
A-2021-10-255;11/10/2021;20:00;ATROPELLO;-;1;0;PANAMERICANA NORTE KM 43;-;-6.35043;-79.77535;DESPEJADO;NO IDENTIFICA LA CAUSA;;;ACCIDENTE EN INVESTIGACION
A-2021-10-256;16/10/2021;22:50;DESPISTE;-;1;0;CARRETERA JAEN POMAHUACA;-;-5.948121339;-79.22781799156381;DESPEJADO;NO IDENTIFICA LA CAUSA;;;ACCIDENTE EN INVESTIGACION
A-2021-10-257;24/10/2021;06:40;DESPISTE;-;1;0;CARRETERA MONSEFU CHICLAYO;-;-6.855253621;-79.86339563683511;DESPEJADO;NO IDENTIFICA LA CAUSA;;;ACCIDENTE EN INVESTIGACION
A-2021-10-259;24/10/2021;19:30;CHOQUE FUGA;-;1;0;-;FRONTIS DEL ESTADIO JAYANCA;-6.401719819;-79.82507764876418;DESPEJADO;NO IDENTIFICA LA CAUSA;;;EN INVESTIGACIÓN
A-2021-10-26;09/10/2021;03:49;ATROPELLO;ATROPELLO CON PROYECCION Y SUB SECUENTE MUERTE;1;0;CARRETERA YURA INTERSECCION CON LA AV. ARGENTINA;INGRESO A LA AV. ARGENTINA;-16.342429;-71.585874;DESPEJADO;NO IDENTIFICA LA CAUSA;;;SIN OBSERVACIONES
A-2021-10-260;24/10/2021;17:00;CHOQUE;-;1;0;CARRETERA MONSEFÚ;CASERIO POMAPE;-6.86989;-79.866706;DESPEJADO;NO IDENTIFICA LA CAUSA;;;EN INVESTIGACIÓN
A-2021-10-261;24/10/2021;21:40;ATROPELLO FUGA;-;1;0;CARRETERA PANAMERICANA NORTE;KM. 89;-5.9856029;-79.7399993;DESPEJADO;NO IDENTIFICA LA CAUSA;;;EN INVESTIGACION
A-2021-10-262;27/10/2021;12:50;ATROPELLO;-;1;0;CARETERA MOCUPE  KM. 844;FRENTE AL GRIFO REPSOL;-6.9920752;-79.6199359;DESPEJADO;NO IDENTIFICA LA CAUSA;;;EN INVESTIGACIÓN
A-2021-10-263;03/10/2021;04:40;CHOQUE;;1;0;AV. LIMA CON JR. LEONCIO PRADO;;-10.75289739;-77.75814059112236;LLUVIOSO;NO IDENTIFICA LA CAUSA;;;SE INVESTIGA
A-2021-10-264;03/10/2021;07:50;CHOQUE;CONSECUENCIA DE MUERTE;1;0;ANTIGUA PANAMERICANA NORTE;GRIFO BARRANCA VIP;-10.77671786;-77.74506182475308;DESPEJADO;NO IDENTIFICA LA CAUSA;;;SE INVESTIGA
A-2021-10-265;04/10/2021;14:30;CHOQUE;CONSECUENCIA DE MUERTE;1;0;CARRETERA PATIVILCA-CAJATAMBO;ENTRADA DEL CENTRO POBLADO LA PAZ;-10.66091273;-77.61419528129836;SOLEADO;NO IDENTIFICA LA CAUSA;;;SE INVESTIGA
A-2021-10-266;05/10/2021;23:05;ATROPELLO FUGA;;1;0;CARRETERA CENTRAL JAUJA - HUANCAYO. KM. 101 - CONCEPCCION ;ALTURA DEL PARADERO SOLEDAD;-11.906613;-75.331392;DESPEJADO;IMPRUDENCIA DEL PEATÓN;ESTADO DE EBRIEDAD Y/O DROGADICCIÓN;;NINGUNA 
A-2021-10-267;06/10/2021;15:00;VOLCADURA;CHOQUE, CAIDA Y DESPISTE ;1;0;CARRETERA CENTRAL LA OROYA - HUANCAYO. KM. 86 800;LEONOR ORDOÑEZ  - JAUJA. ;-11.8488028;-75.4238195;DESPEJADO;IMPRUDENCIA DEL CONDUCTOR;OTRO (IMPRUDENCIA DEL CONDUCTOR);REALIZAR UNA MANIOBRA TEMERARIA BAJO CONDICIONES SUMAMENTE RIESGOSAS.;NINGUNO
A-2021-10-27;07/10/2021;19:20;CHOQUE;CHOQUE VOLCADURA FATAL;1;1;INTERSECCION MZ-B URB. VILLA EL EDEN CON MZ- C Y D ASOSC. LUNA PIZARRO ZAMACOLA;A UNA CUADRA DE LA VIA 54;-16.32995;-71.557076;DESPEJADO;NO IDENTIFICA LA CAUSA;;;SIN OBSERVACIONES
A-2021-10-270;02/10/2021;23:00;CHOQUE FUGA;CONSECUENTE DE MUERTE;1;0;CARRETERA IQUITOS NAUTA KILOMENTO 8;FRONTIS DE LA EMPRESA DON POLLO;-3.843165595;-73.33486691605374;;;;;
A-2021-10-271;08/10/2021;02:00;DESPISTE;SUBSECUENTE MUERTE;1;0;CARRETERA MARGINAL KM 18 100-SECTOR JUAN VELAZCO;S/R;-10.94816364;-75.22282116619475;;;;;
A-2021-10-272;10/10/2021;02:30;DESPISTE;SUBSECUENTE MUERTE;1;0;CARRETERA MARGINAL KM 14 100;ENTRADA A LA C.N PAMPA MICHI;-10.94929265;-75.25945059336534;;;;;
A-2021-10-273;13/10/2021;13:45;CHOQUE;SUBSECUENTE MUERTE;1;1;CARRETERA CENTRAL A LA ALTURA DEL KM 50 DE LA CARRETERA CENTRAL TARMA ÑLA MERCED;;-17.78209;-69.96217;;;;;
A-2021-10-274;10/10/2021;12:40;CHOQUE;;1;0;CARRETERA FERNANANDO BELAUNDE TERRY  SUR KM 653 EL ABRA MACHUNGO-BANDA DE SHILCAYO;;-6.58914;-76.30856;DESPEJADO;IMPRUDENCIA DEL CONDUCTOR;CONDUCIR EN ESTADO DE EBRIEDAD Y/O DROGADICCIÓN;;NINGUNA
A-2021-10-275;03/10/2021;19:40;ATROPELLO;FUGA;1;0;JR TUPAC AMARU CDRA 01 TARAPOTO;;-6.48395;-76.37267;DESPEJADO;NO IDENTIFICA LA CAUSA;;;NINGUNA
A-2021-10-276;14/10/2021;02:00;DESPISTE;;1;1;CARRETERA FBT SUR KM. 725 SECTOR MAL PASO TINGO DE SAPOSOA;;-7.086347498;-76.6335848255816;DESPEJADO;IMPRUDENCIA DEL CONDUCTOR;EXCESO DE VELOCIDAD;;NINGUNO
A-2021-10-277;26/10/2021;12:00;CHOQUE;LATERAL POSITIVO IZQUIERDO;2;2;CENTRO POBLADO BONILLA KM 67 500 CARRETERA YURIMAGUAS TARAPOTO;;-6.30668;-76.28044;DESPEJADO;IMPRUDENCIA DEL CONDUCTOR;INVASIÓN DE CARRIL;;NINGUNA
A-2021-10-278;30/10/2021;19:35;ATROPELLO;;1;1;AV CIRCUMBALACION CDRA16 TARAPOTO;;-6.47423;-76.37269;DESPEJADO;IMPRUDENCIA DEL PEATÓN;CRUCE INDEBIDO POR LA CALZADA;;NINGUNO
A-2021-10-279;01/10/2021;21:00;CHOQUE;-;1;0;CARRETERA PANAMERICANA NORTE KM. 444 500;-;-8.998258206;-78.61797806714192;DESPEJADO;NO IDENTIFICA LA CAUSA;;;NINGUNA
A-2021-10-28;09/10/2021;02:40;ATROPELLO;FUGA DEL CONDUCTOR;1;0;CARRETERA DE ACCESO PALPA - LLAUTA KM. 01;VIA JUNTO AL RIO ;-14.531044;-75.187675;DESPEJADO;NO IDENTIFICA LA CAUSA;;;
A-2021-10-280;09/10/2021;14:10;ATROPELLO;POR PROYECCIÓN;1;0;CARRETERA PANAMERICANA NORTE KM. 406;ALTURA DEL CC. PP. HUAMBACHO  - EL ARENAL;-9.277351779;-78.41748933380784;DESPEJADO;IMPRUDENCIA DEL PEATÓN;ESTADO DE EBRIEDAD Y/O DROGADICCIÓN;;NINGUNA
A-2021-10-281;09/10/2021;09:00;DESPISTE;SEGUIDO DE CHOQUE ;1;1;CARRETERA PANAMERICANA NORTE ;FRENTE AL C.C. PLAZA VEA;-9.125662747;-78.534261575131;DESPEJADO;NO IDENTIFICA LA CAUSA;;;NINGUNA
A-2021-10-282;13/10/2021;11:00;CHOQUE;SEGUIDO DE VOLCADURA;1;0;CARRETERA PANAMERICANA NORTE KM. 382;-;-9.408976122;-78.37199728459997;DESPEJADO;NO IDENTIFICA LA CAUSA;;;
A-2021-10-283;27/10/2021;04:30;CHOQUE;-;4;0;CARRETERA PANAMERICANA NORTE KM. 387;;-9.44577889;-78.35032774850156;;;;;
A-2021-10-288;02/10/2021;12:30;DESPISTE;Y VOLCADURA ;1;1;ALTURA DEL PARAJE DENOMINADO CUCHO DEL ANEXO DE CHALLHUAS - HUACHAC. - CHUPACA.;;-12.052939;-75.352517;DESPEJADO;IMPRUDENCIA DEL CONDUCTOR;OTRO (IMPRUDENCIA DEL CONDUCTOR);LA ACCION IMPRUDENTE DEL CONDUCTOR AL DESPLAZAR SU UNIDAD VEHICULAR SIN TENER CONOCIMIENTO DEL FUNCIONAMIENTO DE LA UNIDAD VEHICULAR ;NINGUNA
A-2021-10-289;27/10/2021;12:50;DESPISTE;VOLCADURA;1;0;KM. 680 600 DE LA CARRETERA PANAMERICANA SUR;QUEBRADA DE LA VACA;-15.81454578;-74.31659275520566;DESPEJADO;NO IDENTIFICA LA CAUSA;;;
A-2021-10-290;31/10/2021;07:00;DESPISTE;VOLCADURA;2;0;KM. 526 DE LA CARRETERA PANAMERICANA SUR;LOMAS;-15.41779015;-74.89032153302107;DESPEJADO;NO IDENTIFICA LA CAUSA;;;
A-2021-10-293;12/10/2021;21:30;DESPISTE;;2;0;CARRETERA PANAO UMARI CANGRA;;-9.890868;-75.973724;SOLEADO;IMPRUDENCIA DEL CONDUCTOR;FATIGA Y/O CANSANCIO;;S/O
A-2021-10-3;02/10/2021;17:00;CHOQUE;VOLCADURA Y CAIDA DE CONDUCTOR DE LA MOTOCICLETA;1;0;CARRETERA PANAMERICANA SUR KM. 287;ALTURA DEL FUNDO DON PEPE;-13.951114;-75.79674;DESPEJADO;NO IDENTIFICA LA CAUSA;;;
A-2021-10-30;10/10/2021;09:35;CHOQUE;-;1;0;AV PRINCIPAL 28 DE AGOSTO;YARADA BAJA;-18.16549183;-70.45879830893082;DESPEJADO;NO IDENTIFICA LA CAUSA;;;LAS SEÑALES DE TRANSITO SE ENCUENTRAN A UNOS 20 METROS APROX., DEL ACCIDENTE DE TRANSITO
A-2021-10-31;10/10/2021;01:00;ATROPELLO FUGA;------;1;0;KM 826 DE LA CERRETERA PANAMERICANA SUR;------;-16.59056494;-72.78737207987088;DESPEJADO;NO IDENTIFICA LA CAUSA;;;
A-2021-10-32;08/10/2021;09:30;CHOQUE CON OBJETO FIJO;;1;3;EN EL KM. 07 DE LA CARRETERA CAJAMARCA - SAN MARCOS. ALTURA DEL GRIFO LLACANORA;;-7.203913;-78.435135;DESPEJADO;IMPRUDENCIA DEL CONDUCTOR;EXCESO DE VELOCIDAD;;
A-2021-10-34;07/10/2021;08:00;CHOQUE;FATAL, LESIONES GRAVES Y DAÑOS MATERIALES;2;2;CARRETERA PIURA - OLMOS;ALTURA DEL KM 215 800;-5.14669;-80.269904;DESPEJADO;NO IDENTIFICA LA CAUSA;;;
A-2021-10-35;13/10/2021;17:00;CHOQUE;POR ALCANCE, DESPISTE , CHOQUE Y ATROPELLO POR COMPRESION.;3;4;AV . LA TORRE CDRA. 09;BARRIO 4 DE NOVIEMBRE;-15.82644851;-70.0300204229295;DESPEJADO;IMPRUDENCIA DEL CONDUCTOR;CONDUCIR EN ESTADO DE EBRIEDAD Y/O DROGADICCIÓN;;
A-2021-10-36;11/10/2021;19:20;CHOQUE;CHOQUE CON LESIONES Y DAÑOS MATERIALES;1;3;INTERSECCION FORMADA POR CALLE MISTI Y CALLE RODRIGUEZ BALLON;IGLESIA CHAPI CHICO;-16.389544;-71.52078;DESPEJADO;NO IDENTIFICA LA CAUSA;;;SIN OBSERVACIONES
A-2021-10-4;02/10/2021;11:30;ATROPELLO FUGA;FATAL;1;0;CARRETERA PANAMERICANA NORTE KM 992 345;ALTURA DEL PUENTE GRAU - CATACAOS;-5.228525;-80.65309;DESPEJADO;NO IDENTIFICA LA CAUSA;;;
A-2021-10-40;01/10/2021;19:30;ATROPELLO FUGA;;1;0;AV. FLORES DE PRIMAVERA ALT. PARADERO 21;-;-11.98678827;-77.01574397392685;DESPEJADO;NO IDENTIFICA LA CAUSA;;;EN INVESTIGACION
A-2021-10-41;03/10/2021;12:40;DESPISTE;VOLCADURA;1;1;AV. CARLOS IZAGUIRRE Y AV. 12 DE OCTUBRE;-;-11.9907417;-77.0930204;DESPEJADO;NO IDENTIFICA LA CAUSA;;;
A-2021-10-42;05/10/2021;14:30;ATROPELLO;VOLCADURA YCAIDA;1;0;AV.LOS FICUS CDRA 02;ALT. RESTAURAT CEVICHERIA BELEN;-12.0093513;-77.05182857230899;DESPEJADO;NO IDENTIFICA LA CAUSA;;;
A-2021-10-43;06/10/2021;17:30;ATROPELLO;-;1;0;CARRETERA PAN SUR KM. 8.500;PTE. BANAVIDES;-12.13134805;-76.97835262250652;DESPEJADO;NO IDENTIFICA LA CAUSA;;;
A-2021-10-44;10/10/2021;22:40;ATROPELLO;-;1;0;CARRETERA PANAMERICANA SUR KM. 319;SECTOR CASABLANCA;-14.20393608;-75.71465816079;DESPEJADO;NO IDENTIFICA LA CAUSA;;;
A-2021-10-45;13/10/2021;05:15;ATROPELLO;-;1;0;CARRETERA PANAMERICAN SUR KM. 278.8;-;-13.9342557;-75.8747975;DESPEJADO;NO IDENTIFICA LA CAUSA;;;
A-2021-10-46;16/10/2021;05:30;CHOQUE;SEGUIDO DE CAIDA DE PASAJERO Y ATROPELLO;1;1;CARRETERA PANAMERICANA SUR KM. 295;ALTURA ENTRADA A SUBTANJALLA;-14.01799625;-75.76281890181394;DESPEJADO;NO IDENTIFICA LA CAUSA;;;
A-2021-10-47;16/10/2021;10:15;ATROPELLO;-;1;0;CALLE EXPEDICIÓN LIBERTADORA;I.E. LUIS ALBERTO SANCHEZ ;-18.056791;-70.250396;DESPEJADO;IMPRUDENCIA DEL PEATÓN;CRUCE INDEBIDO POR LA CALZADA;;
A-2021-10-49;07/10/2021;16:15;CHOQUE CON OBJETO FIJO;-;1;0;AV. REPUBLICA DE PANAMA CDRA 02;ALT. DEL INMUEBLE  235;-12.13958315;-77.01778279949289;DESPEJADO;NO IDENTIFICA LA CAUSA;;;
A-2021-10-50;07/10/2021;19:20;VOLCADURA;CAIDA;1;0;AV. REVOLUCION ALT. INTERSECCION EL SOL;-;-12.210074;-76.938764;DESPEJADO;NO IDENTIFICA LA CAUSA;;;
A-2021-10-51;07/10/2021;19:30;CHOQUE CON OBJETO FIJO;-;1;0;AV. EL DERBY EN SENTIDO DE ESTE A OESTE;ALTURA PTE EL DERBY;-12.09645447;-76.97998552236754;DESPEJADO;NO IDENTIFICA LA CAUSA;;;
A-2021-10-52;08/10/2021;10:30;ATROPELLO;-;1;0;AV. BELAUNDE CDRA 04 ;ALT. MERCADO EL CARMEN;-11.940899;-77.0438;DESPEJADO;NO IDENTIFICA LA CAUSA;;;
A-2021-10-53;09/10/2021;20:15;CHOQUE;-;1;0;CALLE BUENA VISTA S/N;-;-12.25021703;-76.86691741288067;DESPEJADO;IMPRUDENCIA DEL CONDUCTOR;EXCESO DE VELOCIDAD;;
A-2021-10-54;11/10/2021;05:00;ATROPELLO;-;1;0;CARRETERA PAN. NORTE;PARADERO NORTEÑO;-11.85678294;-77.08418178294279;DESPEJADO;IMPRUDENCIA DEL CONDUCTOR;EXCESO DE VELOCIDAD;;
A-2021-10-55;17/10/2021;05:15;DESPISTE;DESPISTE Y CHOQUE FATAL;1;4;VIA PAISAJISTA INGRESO A CREMATORIO DE HUNTER;CREMATORIO HUNTER;-16.454473;-71.563586;DESPEJADO;NO IDENTIFICA LA CAUSA;;;SIN OBSERVACIONES
A-2021-10-56;14/10/2021;15:30;CHOQUE;CHOQUE DEPSISTE Y VOLCADURA FATAL, LESIONES DAÑOS MATERIALES;1;6;CARRETERA AREQUIPA PUNO KM. 45.9;ASOCIACION LA PASCANA KM.45.9;-16.290627;-71.654266;DESPEJADO;NO IDENTIFICA LA CAUSA;;;SIN OBSERVACIONES
A-2021-10-58;15/10/2021;08:00;CHOQUE;CHOQUE DESPISTE Y VOLCADURA FATAL;1;0;CARRETERA PANAMERICANA SUR KM.911;KM.911 CPS;-16.411364;-72.235137;SOLEADO;NO IDENTIFICA LA CAUSA;;;SIN OBSERVACIONES
A-2021-10-6;05/10/2021;05:30;VOLCADURA;VOLCADURA Y CHOQUE FATAL;1;0;CARRETERA MOLLENDO - MEJIA KILOMETRO 113;BYPASS MEJIA -MOLENDO;-17.086751;-71.916428;DESPEJADO;NO IDENTIFICA LA CAUSA;;;POR DESCARTAR INVASION DE CARRIL DE UN VEHICULO NO IDENTIFICADO DENTRO DEL EJE DE MARCHA DE LA UT1
A-2021-10-63;14/10/2021;18:10;ATROPELLO;FATAL;1;0;---;INTERIOR DE LA ESTACION DE SERVICIOS AGUILAR, UBICADO EN LA AV. CHACUPAMPA - HUARMACA;-5.567807679;-79.52669794244525;DESPEJADO;NO IDENTIFICA LA CAUSA;;;
A-2021-10-64;17/10/2021;01:30;ATROPELLO FUGA;;1;0;KM 1221 DE LA CARRETERA DE CAJAMARCA - SAN MARCOS;CASERIO LA COLMENA;-7.29288983;-78.20605241;LLUVIOSO;NO IDENTIFICA LA CAUSA;;;
A-2021-10-65;17/10/2021;08:00;DESPISTE;-;1;1;CARRETERA INTEROCEANICA NASCA PUQUIO KM 100 ;-;-14.6416945;-74.286133;DESPEJADO;NO IDENTIFICA LA CAUSA;;;
A-2021-10-66;17/10/2021;15:50;CHOQUE;CHOQUE FRONTAL;1;1;CARRETERA FERNANDO BELAUNDE TERRY KM 432 500;-;-5.813047;-77.388991;DESPEJADO;IMPRUDENCIA DEL CONDUCTOR;OTRO (IMPRUDENCIA DEL CONDUCTOR);;
A-2021-10-67;20/10/2021;17:55;CHOQUE;-;1;1;CARRETERA PANAMERICANA SUR KM. 325 500;-;-14.20346;-75.71473;DESPEJADO;NO IDENTIFICA LA CAUSA;;;
A-2021-10-7;04/10/2021;05:50;CHOQUE;;1;9;CARRETERA DE PENETRACIÓN CIUDAD DE DIOS CAJAMARCA. ALTURA DEL KM 151 900 - CHOTEN;ALTURA DEL KM 151 900 - CHOTEN;-7.257916;-78.506222;DESPEJADO;IMPRUDENCIA DEL CONDUCTOR;INVASIÓN DE CARRIL;;
A-2021-10-70;01/10/2021;21:40;DESPISTE;MUERTE;3;1;CARRETERA DEL ANEXO BELLA AURORA;A TRECIENTOS (300) METROS DEL PUENTE MAGNO;-7.892310085;-77.56053383383959;DESPEJADO;IMPRUDENCIA DEL CONDUCTOR;ADELANTAR INDEBIDAMENTE;;
A-2021-10-71;03/10/2021;21:10;ATROPELLO;MUERTE;1;0;CARRETERA PANAMERICANA NORTE ALTURA DEL KM. 588;-;-7.920846351;-79.11031771336556;DESPEJADO;NO IDENTIFICA LA CAUSA;;;
A-2021-10-72;03/10/2021;23:00;ATROPELLO FUGA;MUERTE;1;0;CARRETERA PANAMERICANA NORTE ALTURA DEL KM. 501;-;-8.537008;-78.67925;DESPEJADO;NO IDENTIFICA LA CAUSA;;;
A-2021-10-73;03/10/2021;07:27;ATROPELLO;MUERTE;1;0;CALLE COMERCIO S/N;-;-8.021766;-77.476395;DESPEJADO;NEGLIGENCIA DEL CONDUCTOR;OTRO (NEGLIGENCIA DEL CONDUCTOR);ESTACIONAR LA CAMIONETA  ;
A-2021-10-74;07/10/2021;14:20;VOLCADURA;MUERTE;2;3;CARRETERA DE PENETRACION AL CMP CHOCOFAN;-;-7.392739;-79.495388;DESPEJADO;IMPRUDENCIA DEL PEATÓN;CRUCE INDEBIDO POR LA CALZADA;;
A-2021-10-75;10/10/2021;05:30;ATROPELLO;MUERTE;1;0;CARRETERA PANAMERICANA NORTE ALTURA DEL KM. 534;-;-8.344752;-78.884327;DESPEJADO;NO IDENTIFICA LA CAUSA;;;