COD_ACCIDE;FechaDelAccidente;HoraDelAccidente;ClaseDelAccidente;SecuenciaAccidente;CantidadDeFallecidos;CantidadDeLesionados;Direccion;LugarReferencia;y;x;CondClimatica;CausaFactorPrincipal;CausaEspecifica;OtraCausa;Observaciones
A-2021-10-76;10/10/2021;03:30;DESPISTE;MUERTE;2;1;CARRETERA DE PENETRACION AL SECTOR CARHUABAMBA;PUEBLO NUEVO;-7.761307;-77.581554;DESPEJADO;NO IDENTIFICA LA CAUSA;;;CONSTANCIA DEL CASO ARCHIVADO                                            
A-2021-10-77;12/10/2021;07:15;CHOQUE;MUERTE;1;2;CARRETERA DE PENETRACION A LA PROVINCIA DE GRAN CHIMU ALTURA DELKM. 43.5;-;-7.608115;-78.915286;DESPEJADO;NO IDENTIFICA LA CAUSA;;;
A-2021-10-78;15/10/2021;16:15;CHOQUE;MUERTE;1;4;CARRETERA DE PENETRACION A LA SIERRA LIBERTEÑA ALTURA DE KM. 60;-;-7.966566;-78.638102;DESPEJADO;IMPRUDENCIA DEL CONDUCTOR;ADELANTAR INDEBIDAMENTE;;
A-2021-10-79;16/10/2021;19:00;ATROPELLO FUGA;MUERTE;1;0;CARRETERA PANAMERICANA NORTE ALTURA DEL KM. 580;-;-7.984490825;-79.07726218234363;DESPEJADO;NO IDENTIFICA LA CAUSA;;;
A-2021-10-80;18/10/2021;02:45;ATROPELLO;MUERTE;1;0;CARRETERA PANAMERICANA NORTE ALTURA DEL KM. 450.5;-;-8.9568;-78.629543;DESPEJADO;IMPRUDENCIA DEL CONDUCTOR;CONDUCIR EN ESTADO DE EBRIEDAD Y/O DROGADICCIÓN;;
A-2021-10-81;19/10/2021;09:00;CHOQUE;MUERTE;1;0;CARRETERA DE PENETRACION AL CP. MOLLEPATA;-;-8.192991;-77.95382;DESPEJADO;NO IDENTIFICA LA CAUSA;;;TRANSACCION EXTRAJUDICIAL POR REPARACION CIVIL Y DAÑO EMERGENTE A CAUSA DE ACCIDENTE: POR PARTE DEL CONSORCIO YEGUADA ESTANDO PRESENTES EL SEÑOR NESTOR CARHUAS SANTA FE EN CALIDAD DE APODERADO DE LA EMPRESA JAGUI SAC Y LOS PADRES DE LA NIÑA FALLECIDA BRITANI CARILLO VALVERDE, ARISTIDES NEPTWLI CARRILLO BLAS Y ROMELIA SANTOS VALVERDE TRUJILLO: EL CONSORCIO YEGUADA DEPOSITA A CUENTA DEL BANCO DE LA NACION A NOMBRE DE ROMELIA SANTOS VALVERDE TRUJILLO LA SUMA DE S/. 25,000.00, POR LO QUE ACUERDAN EN NO CONTINUAR CON NINGUNA DENUNCIA PENAL, CIVIL , POLICIAL, RONDAS CAMPESINAS, AUTORIDADES LOCALES O CUALQUIERA POR SU NATURALEZA IMPLIQUE POR EFECTOS DEL ACCIDENTE.
A-2021-10-82;20/10/2021;06:30;DESPISTE;MUERTE;1;0;CARRETERA PANAMERICANA NORTE ALTURA DEL KM. 479;-;-8.7090699;-78.638141;DESPEJADO;IMPRUDENCIA DEL CONDUCTOR;FRENAR INTEMPESTIVAMENTE;;
A-2021-10-85;08/10/2021;08:30;DESPISTE;CONSECUENCIA FATAL Y DAÑOS MATERIALES;2;0;CARRETERA HUAMPISH - SIHUAS KM 30;;-8.678306726;-77.91874039512558;DESPEJADO;IMPRUDENCIA DEL CONDUCTOR;FATIGA Y/O CANSANCIO;;NO
A-2021-10-86;07/10/2021;06:30;DESPISTE;VOLCADURA;1;0;CARRETERA MARCA - RAQUIA;;-10.15167952;-77.47552153014149;DESPEJADO;NO IDENTIFICA LA CAUSA;;;NO
A-2021-10-87;15/10/2021;10:30;CHOQUE;VOLCADURA;1;0;KM 32 10;HUANCANE-JULIACA;-15.2963057;-69.9679999;DESPEJADO;IMPRUDENCIA DEL CONDUCTOR;CONDUCIR EN SENTIDO CONTRARIO;;NINGUNA 
A-2021-10-88;22/10/2021;19:45;CHOQUE;SEGUIDO DE CAIDA DE PASAJERO ;1;2;CARRETERA VIA LOS LIBERTADORES ;CENTRO POBLADO DOS PALMAS ;-13.6855428;-76.04584596729649;DESPEJADO;NO IDENTIFICA LA CAUSA;;;
A-2021-10-9;02/10/2021;20:20;CHOQUE;CHOQUE, DESPIETE Y VOLCADURA;1;0;C.P CUMANAYLLA. SECTOR MAYUPAMPA DEL DISTRITO DE JOSÉ MARÍA ARGUEDAS;C.P CUMANAYLLA.;-13.76823097;-73.36587238577928;DESPEJADO;IMPRUDENCIA DEL CONDUCTOR;CONDUCIR EN ESTADO DE EBRIEDAD Y/O DROGADICCIÓN;;
A-2021-10-91;12/10/2021;14:30;CHOQUE;VOLCADURA;1;0;JR TROMPETEROS ;-;-14.06161343;-70.41850890199215;DESPEJADO;IMPRUDENCIA DEL CONDUCTOR;OTRO (IMPRUDENCIA DEL CONDUCTOR);IMPRUDENCIA DE LOS PROGENITORES ;NINGUNA 
A-2021-10-92;13/10/2021;00:45;ATROPELLO FUGA;;1;0;KM 292 120;SALIDA AREQUIPA;-15.5272356;-70.1847564;DESPEJADO;IMPERICIA DEL CONDUCTOR;;;NINGUNA 
A-2021-10-93;16/10/2021;05:00;CHOQUE;CHOQUE DEPSISTE Y VOLCADURA FATAL;7;30;KILOMETRO 82.200 CARRETERA AREQUIPA - JULIACA;KILOMETRO 82.200;-16.110026;-71.624234;SOLEADO;NO IDENTIFICA LA CAUSA;;;SIN OBSERVACIONES
A-2021-10-94;05/10/2021;08:30;VOLCADURA;CAIDA SEGUIDO DE ATROPELLO;1;0;AV. 27 DE NOVIEMBRE CUADRA 20;ALTURA DEL GRIFO REPSOL;-9.535526806;-77.5319712920164;DESPEJADO;NO IDENTIFICA LA CAUSA;;;EN INVESTIGACION
A-2021-10-95;13/10/2021;07:15;CHOQUE;POR EMBISTE;1;0;CARRETERA ACORA-JILATAMARCA;-;-16.50202522;-70.1284413810243;DESPEJADO;IMPRUDENCIA DEL CONDUCTOR;EXCESO DE VELOCIDAD;;
A-2021-10-96;19/10/2021;05:00;ATROPELLO FUGA;-;1;0;CARRETERA PANAMERICANA SUR ILAVE-JULI KM 1420 500;-;-16.12012019;-69.59073203994765;DESPEJADO;NO IDENTIFICA LA CAUSA;;;FUGA
A-2021-10-97;21/10/2021;18:30;CHOQUE;LATERAL;1;1;CARRETERA ACORA-CHARCAS KM 04;DESVIO PARCIALIDAD CCACCA;-15.958611;-69.75700928299251;DESPEJADO;IMPRUDENCIA DEL CONDUCTOR;INVASIÓN DE CARRIL;;
A-2021-10-98;23/10/2021;05:35;CHOQUE CON OBJETO FIJO;Y ATROPELLO;1;1;CARRETERA PANAMERICA SUR;ALTURA DEVIO PILCUYO;-16.126179;-69.5841;DESPEJADO;IMPRUDENCIA DEL PEATÓN;CRUCE INDEBIDO POR LA CALZADA;;IMDRUPDENCIA DEL PEATON AL CRUZAR INDEBIDAMENTE CON SU GANADO VACUNO POR LA CALZA.
A-2021-10-99;23/10/2021;10:30;CHOQUE;-;1;0;CARRETERA CHACACHACA-YUNGUYO;ALTURA DEL CP CHATUMA;-16.29605953;-69.23674113700632;DESPEJADO;IMPRUDENCIA DEL CONDUCTOR;INVASIÓN DE CARRIL;;INVACION DE CARRIL DE UT2.                                                                                                                                                                                                                                                                                                                                                                                                                                                                                               
A-2021-11-1;01/11/2021;04:00;CHOQUE;-;1;0;JIRON LOS MARTIRES CDRA N° 02;-;-16.08237753;-69.64474255723714;DESPEJADO;IMPRUDENCIA DEL CONDUCTOR;OTRO (IMPRUDENCIA DEL CONDUCTOR);EXCESO DE CONFIANZA, SIN TOMAR EN CUENTA LOS RIESGOS PRESENTES Y POSIBLES QUE DE PUDIERAN PRESENTAR DURANTES SU DESPLAZAMIENTO.;
A-2021-11-10;03/11/2021;11:47;ATROPELLO;;1;0;MZ. A LT. 27 PRO. VIV. SANTA ELISA DE OQUENDO ;INTERIOR DEL INMUEBLE ;-11.98185556;-77.10788603762292;DESPEJADO;IMPRUDENCIA DEL CONDUCTOR;EXCESO DE VELOCIDAD;;NINGUNA
A-2021-11-100;21/11/2021;23:45;DESPISTE;VEHICULO MENOR SE DESPISTA POR EL EXESO DE VELOCIDAD;1;0;IGLESIA DEL VIRGEN DEL CARMEN ;KILOMETRO 1 DEL DISTRITO DE SAN PABLO;-14.2085233;-71.30307608103304;DESPEJADO;IMPRUDENCIA DEL CONDUCTOR;EXCESO DE VELOCIDAD;;NINGUNA
A-2021-11-101;10/11/2021;17:30;DESPISTE;DESPISTE POR EXCESO DE VELOCIDAD;1;0;COMUNIDAD DE CHALLABAMBA;KILOMETRO   896 DDISTRITO DE LIMATAMBO;-13.461079;-72.410298;DESPEJADO;IMPRUDENCIA DEL CONDUCTOR;EXCESO DE VELOCIDAD;;NINGUNA
A-2021-11-102;18/11/2021;08:10;CHOQUE;VEHICULOS CHOCARON EN UNA VIA CON  CURVA;2;2;COMUNIDAD QUENCOMAYO Y MAHUAYPAMPA;CARRETERA AFIRMADA DE LA COMUNIDAD;-13.3468;-71.6011;DESPEJADO;IMPRUDENCIA DEL CONDUCTOR;EXCESO DE VELOCIDAD;;NINGUNO
A-2021-11-104;28/11/2021;02:17;ATROPELLO;CHOQUE;1;0;CARRETREA BAÑOS DEL INCA - LLACAANORA. ALTURA DL CAS. HUAYRAPAONGO.;;-7.182740625;-78.4491835670972;DESPEJADO;NO IDENTIFICA LA CAUSA;;;
A-2021-11-105;05/11/2021;04:40;ATROPELLO FUGA;ALPARECER EL PEATON TRANSITABA POR EL MEDIO DE LA VIA;1;0;ALTURA DE LA COMUNIDAD DE HUACHANCAY;KILOMETRO 945 800;-13.4770753;-72.12008725593644;DESPEJADO;IMPRUDENCIA DEL PEATÓN;ESTADO DE EBRIEDAD Y/O DROGADICCIÓN;;LAS CARACTERISTICAS DEL VEHICULO NO SE CONOCE HASTA LA FECHA
A-2021-11-106;05/11/2021;08:30;ATROPELLO;VEHICULO QUE TRANSITABA A EXECESO VELOCIDAD;2;0;COMUNIDAD DE MAMUERA;KILOMETRO 1126;-14.36268448;-71.15961012326181;DESPEJADO;IMPRUDENCIA DEL CONDUCTOR;EXCESO DE VELOCIDAD;;NINGUNO
A-2021-11-107;06/11/2021;00:30;DESPISTE;EXCESO DE VELOCIDAD DEL VEHICULO MENOR;2;0;CARRETERA DE YAURI A SUYCUTAMBO;CARRETERA DE SUYCUTAMBO;-15.00304744;-71.63560488370956;DESPEJADO;IMPRUDENCIA DEL CONDUCTOR;EXCESO DE VELOCIDAD;;NINGUNA
A-2021-11-108;11/11/2021;03:55;DESPISTE;VEHICULO A EXCESIVA VELOCIDAD SE DESPISTA PARA LUEGO CHOCAR;1;0;ALTURA DE LA COMUNIDAD SENCCA;ALTURA DEL GRIFO DORADO;-14.3617363;-71.16063313725412;DESPEJADO;IMPRUDENCIA DEL CONDUCTOR;EXCESO DE VELOCIDAD;;NINGUNA
A-2021-11-11;08/11/2021;12:40;ATROPELLO FUGA;;1;0;AV. VENEZUELA CDRA. 9;GRIFO REPSOL;-12.06155924;-77.08750324599814;DESPEJADO;NO IDENTIFICA LA CAUSA;;;NO SE PUDO EFECTUAR EL ESTUDIO DE TODOS LOS ELEMENTOS DEL TRANSITO PARTICIPANTE EN EL EVENTO
A-2021-11-113;01/11/2021;20:40;DESPISTE;-;1;0;AV. FERROCARRIL S/N;ALT. JR. HUANCAYO;-12.21202;-76.903176;DESPEJADO;NO IDENTIFICA LA CAUSA;;;EN INVESTIGACION
A-2021-11-114;02/11/2021;18:15;CHOQUE;VOLCADURA Y CAIDA;1;0;CARRETERA PAN. NORTE ;ALT. KM. 32.800;-11.853004;-77.089262;DESPEJADO;IMPRUDENCIA DEL CONDUCTOR;EXCESO DE VELOCIDAD;;
A-2021-11-124;01/11/2021;19:30;CHOQUE;CHOQUE POR ALCANCE ;1;0;CARRETERA LA MATANZA SALIDA KM62-;PRIMER BADEN ;-5.222418;-80.113987;DESPEJADO;NO IDENTIFICA LA CAUSA;;;
A-2021-11-125;07/11/2021;06:15;ATROPELLO FUGA;ATROPELLO Y FUGA ;1;0;CARRETERA PIURA PAITA ;ALTURA DEL KM 12;-5.14547;-80.797084;DESPEJADO;NO IDENTIFICA LA CAUSA;;;
A-2021-11-126;07/11/2021;07:30;CHOQUE;CHOQUE ;1;0;CARRETERA TALARA - PANAMERICA ;CARRETERA PANAMERICANA ;-4.578701886;-81.25371330878743;DESPEJADO;NO IDENTIFICA LA CAUSA;;;CHOQUE FRONTAL 
A-2021-11-127;11/11/2021;03:55;DESPISTE;VEHICULO TRAILLER SE DESPISTA PARA LUEGO VOLCARSE POR EXECESO DE VELOCIDAD;1;0;SECTOR PEÑAS .CARRETERA URUBAMBA A QUILLABAMBA;KILOMETRO 110;-13.1714628;-72.28498423266853;LLUVIOSO;IMPRUDENCIA DEL CONDUCTOR;EXCESO DE VELOCIDAD;;NINGUNO
A-2021-11-128;14/11/2021;00:30;ATROPELLO FUGA;ATROPELLO Y FUGA ;1;0;CARRETERA CATACAOS SECHURA ;ALTURA DEL COLEGIO ARMENIO REQUENA CASTRO  ;-5.263178;-80.669254;DESPEJADO;NO IDENTIFICA LA CAUSA;;;
A-2021-11-129;16/11/2021;19:29;CHOQUE;VEHICULO MENOR CHOCA CON UN VEHICULO ESPECIAL TRACTOR AGRICOLA;1;0;CARRETERA COLQUEMARCA SANTO THOMAS;60 100;-14.41629342;-72.08515990840874;DESPEJADO;IMPRUDENCIA DEL CONDUCTOR;EXCESO DE VELOCIDAD;;NINGUNA
A-2021-11-13;06/11/2021;08:20;CHOQUE;;1;0;KM 172 650 DE LA CARRETERA DE PENETRACIÓN CIUDAD DE DIOS - CAJAMARCA;;-7.1970432;-78.50881536;SOLEADO;NO IDENTIFICA LA CAUSA;;;
A-2021-11-130;19/11/2021;17:00;CHOQUE;CHOQUE FRONTAL ;3;0;CARRETERA PIURA-CHICLAYO ;ALTURA DEL KM 910;-5.957526;-80.531208;DESPEJADO;NO IDENTIFICA LA CAUSA;;;
A-2021-11-131;20/11/2021;03:00;ATROPELLO FUGA;-;1;0;CARRETERA CENTRAL HUANUCO-OROYA;-;-10.43246805;-76.19413896976683;LLUVIOSO;NO IDENTIFICA LA CAUSA;;;
A-2021-11-132;16/11/2021;19:30;CHOQUE;OMNIBUS DE SERVICIO INTERPROVINCIAL CHOCA CON UN BEHICOLO NO MOTORIZADO;1;0;KILOMETRO 40 970;PUENTE AGUA TAPISA;-14.51961084;-71.29822375344027;LLUVIOSO;IMPRUDENCIA DEL CONDUCTOR;EXCESO DE VELOCIDAD;;NINGUNO
A-2021-11-133;10/11/2021;11:00;DESPISTE;DESPISTE;1;0;CALLE MALECON - LOS ORGANOS;REFERENCIA MALECON DE LOS PROCERES  ;-4.175174097;-81.12767516429419;SOLEADO;NO IDENTIFICA LA CAUSA;;;DESPISTE SE INVESTIGA 
A-2021-11-134;19/11/2021;03:00;DESPISTE;EL VEHICULO TRAILLES CIRCULABA A VELOCID QUE NO ES PERMITIDO DESPISTANDOSE PARA LUEGO VOLCAR;1;0;SECTOR CARRIZALES;KILOMETRO 155 200;-13.09366233;-72.38584510102147;NUBLADO;IMPRUDENCIA DEL CONDUCTOR;EXCESO DE VELOCIDAD;;NINGUNA
A-2021-11-135;20/11/2021;05:30;DESPISTE;DESPISTE DEL AUTOMOVIL, POR EXCESO DE VELOCIDAD;1;2;SECTOR SARAYOC;KILOMETRO 182 743;-13.03181522;-72.47147570753424;LLUVIOSO;IMPRUDENCIA DEL CONDUCTOR;EXCESO DE VELOCIDAD;;NINGUNO
A-2021-11-137;27/11/2021;14:00;DESPISTE;VEHICULO CAMION SE DESPISTA POR UNA MALA MANIOBRA;1;0;SECTOR Y TROCHA CARROSABLA CONDE VILUYO ;TROCHA CARROSABLE DESENDIENTE;-14.50623295;-71.13723560000152;NUBLADO;IMPRUDENCIA DEL CONDUCTOR;EXCESO DE VELOCIDAD;;NINGUNA
A-2021-11-138;04/11/2021;21:50;ATROPELLO;VEHICULO MENOR ATROPELLA A PEATON;1;1;YANAHUARA;DISTRITO DE YANAHUARA;-13.27875312;-72.19782312772281;DESPEJADO;IMPRUDENCIA DEL CONDUCTOR;CONDUCIR EN ESTADO DE EBRIEDAD Y/O DROGADICCIÓN;;NINGUNO
A-2021-11-139;15/11/2021;15:00;CHOQUE;EL ACCIDENTE SE SUSCITO EL DIA 05OCTUBRE2021;1;0;SECTOR LLULLUCHAPATA;KILOMETRO   44 300;-13.66458708;-71.32957751137612;;;;;
A-2021-11-14;08/11/2021;05:00;DESPISTE;VOLCADURA;2;2;CARRETERA DE PENETRACION COCHAPAMPA-PUMAOCHA. SECTOR DEL CENTRO POBLADO DE CONOPA.;;-8.786975939;-77.51050281562338;LLUVIOSO;IMPRUDENCIA DEL CONDUCTOR;OTRO (IMPRUDENCIA DEL CONDUCTOR);EXCESO DE CONFIANZA;
A-2021-11-141;03/11/2021;05:20;ATROPELLO;-;1;0;AV. METROPOLITANA;ALT. DEL MERCADO MINORISTA TIERRA PROMETIDA;-12.03562606;-76.94892346442275;DESPEJADO;NO IDENTIFICA LA CAUSA;;;
A-2021-11-142;05/11/2021;07:30;CAÍDA DE PASAJERO;ATROPELLO;1;0;PANAMERICANA NORTE  KM. 26.500;ALT. PARADERO TRES RUEDAS;-11.899768;-77.067954;DESPEJADO;NO IDENTIFICA LA CAUSA;;;
A-2021-11-143;05/11/2021;14:30;CHOQUE;VOLCADURA , CAIDA Y APLASTAMIENTO;1;0;AUTOPISTA RAMIRO PRIALE;ALT. KM. 4;-12.0242785;-76.96404421516526;DESPEJADO;NO IDENTIFICA LA CAUSA;;;
A-2021-11-144;05/11/2021;22:30;CHOQUE;ATROPELLO;1;0;CARRETERA PAN NORTE;ALT. INTERCAMBIO VIAL HABISH SEGUNDO NIVEL;-12.026782;-77.058355;DESPEJADO;IMPRUDENCIA DEL CONDUCTOR;EXCESO DE VELOCIDAD;;
A-2021-11-145;29/11/2021;23:10;DESPISTE;CHOQUE SEGUIDO DE VOLCADURA.;1;0;CARRETERA PANAMERICANA NORTE. KM. 189.9;PUENTE RUBIO;-3.86861031;-80.82938784263142;DESPEJADO;IMPRUDENCIA DEL CONDUCTOR;EXCESO DE VELOCIDAD;;
A-2021-11-146;05/11/2021;23:10;ATROPELLO FUGA;-;1;0;CARRETERA PANAMERICANA SUR;ALT. KM. 16.200;-12.184364;-76.974964;DESPEJADO;NO IDENTIFICA LA CAUSA;;;
A-2021-11-147;07/11/2021;02:00;ATROPELLO FUGA;-;1;0;AV. TUPAC AMARU INTERSECCIÓN CON AV. PUNO;ALT.COMPLEJODEPORTIVO;-11.9530139;-77.05131443;DESPEJADO;NO IDENTIFICA LA CAUSA;;;
A-2021-11-148;07/11/2021;10:40;ATROPELLO;-;1;0;PAN. NORTE CON AV. PRÓCERES DE HUANDOY;PARADERO 1RA DE PRO;-11.9377688;-77.0718313;DESPEJADO;NO IDENTIFICA LA CAUSA;;;
A-2021-11-149;07/11/2021;20:00;CHOQUE;;1;0;AV. UNIVERSITARIA INTERCAMBIO VIAL NORTE COMAS;UNIVERSIDAD PRIVADA CIENCIAS HUMANAS;-11.9625772;-77.06838513;DESPEJADO;NO IDENTIFICA LA CAUSA;;;
A-2021-11-150;21/11/2021;14:20;CHOQUE;CHOQUE LATERAL POSITIVO;2;2;CARRETERA PIURA CHICLAYO ;ALTURA DEL PUENTE LAS BRUJAS ;-5.283704;-80.6313;DESPEJADO;NO IDENTIFICA LA CAUSA;;;
A-2021-11-151;07/11/2021;16:14;CHOQUE;-;1;0;AV. BENAVIDES CON JR. BATALLÓN CALLAO;-;-12.1285414;-76.9849656;DESPEJADO;NO IDENTIFICA LA CAUSA;;;
A-2021-11-152;08/11/2021;06:30;CHOQUE;-;1;2;CARRETERA CENTRAL KM.14.800;ALT. AV.GLORIA GRANDE;-12.00687319;-76.8523680755825;DESPEJADO;NO IDENTIFICA LA CAUSA;;;
A-2021-11-153;09/11/2021;05:30;ATROPELLO;-;1;0;AV. EL MURO OESTE INTERSECCION CON CALLE ESTILCON;;-11.941629;-76.999188;DESPEJADO;NO IDENTIFICA LA CAUSA;;;
A-2021-11-154;10/11/2021;19:15;ATROPELLO;-;1;0;AV. PRINCIPAL S/N ALTURA DEL PTE HUAYCOLORO;-;-12.01914008;-76.95220124037239;DESPEJADO;NO IDENTIFICA LA CAUSA;;;
A-2021-11-155;12/11/2021;03:20;DESPISTE;CHOQUE , VOLCADURA Y CAIDA;1;0;INTERCAMBIO VIAL OVALODE NARANJAL;-;-11.97728918;-77.06677953239885;DESPEJADO;NO IDENTIFICA LA CAUSA;;;
A-2021-11-156;12/11/2021;15:10;DESPISTE;VOLCADURA , CAIDA Y APLASTAMIENTO;1;0;CARRETERA PAN. NORTE KM. 10.400;ALT PTE POCITOS;-12.03548;-77.04769;DESPEJADO;NO IDENTIFICA LA CAUSA;;;
A-2021-11-157;12/11/2021;19:45;ATROPELLO;-;1;0;AV. ALFREDO MENDIOLA CUADRA 79;FONTIS POLLERIA EL GUSTO;-11.937184;-77.07225;DESPEJADO;NO IDENTIFICA LA CAUSA;;;
A-2021-11-158;12/11/2021;19:30;ATROPELLO FUGA;;1;0;CARRETERA PAN. SUR KM. 57.000;-;-12.460258;-76.752788;DESPEJADO;NO IDENTIFICA LA CAUSA;;;
A-2021-11-159;13/11/2021;10:50;ATROPELLO FUGA;-;1;0;INTERSECC. AV. 22 DE JULIO;-;-12.0342431;-76.9438968;DESPEJADO;NO IDENTIFICA LA CAUSA;;;
A-2021-11-16;14/11/2021;11:00;DESPISTE;Y VOLCADURA ;1;2;CARRETERA DEL LUGAR DENOMINADO PUCACCACCA;KM. 3 200;-13.042851;-74.504639;DESPEJADO;NO IDENTIFICA LA CAUSA;;;FALTA DE DILIGENCIAS
A-2021-11-160;13/11/2021;18:05;DESPISTE;VOLCADURA Y CAIDA;1;0;AV. HUANCARAY CON AV. IMPERIAL;-;-12.04080578;-76.96285768063521;DESPEJADO;NO IDENTIFICA LA CAUSA;;;
A-2021-11-161;27/11/2021;20:30;CHOQUE;CHOQUE FRONTAL ;1;0;CARRETERA PIURA CHULUCANAS ;KM 21 CASTILLA ;-5.144498;-80.453441;DESPEJADO;NO IDENTIFICA LA CAUSA;;;
A-2021-11-162;29/11/2021;10:30;CHOQUE;-;1;0;AV. MANSICHE S/N  ALTURA DEL COMPLEJO ARQUEOLOGICO DE CHAN CHAN;-;-8.097279636;-79.06952102838912;DESPEJADO;IMPRUDENCIA DEL CONDUCTOR;OTRO (IMPRUDENCIA DEL CONDUCTOR);ACCION OPERATIVA IMPRUDENTE Y NEGLIGENTE DEL CONDUCTOR DE LA BICICLETA AL DESPLAZAR SU VEHICULO DE FORMA ANTIRREGLAMENTARIA POR LA BERMA AFIRMADA DEL CARRIL ADYACENTE;ACCION OPERATIVA IMPRUDENTE Y NEGLIGENTE DEL CONDUCTOR DE LA BICICLETA AL DESPLAZAR SU VEHICULO DE FORMA ANTIRREGLAMENTARIA POR LA BERMA AFIRMADA DEL CARRIL ADYACENTE
A-2021-11-163;28/11/2021;07:00;DESPISTE;DESPISTE, VOLCADURA, SUMERSION;5;0;CARRETERA MEDIO PIURA ;ALTURA DEL PUENTE CASERIO MIRAFLORES ;-5.162199;-80.613356;DESPEJADO;NO IDENTIFICA LA CAUSA;;;
A-2021-11-164;29/11/2021;21:40;ATROPELLO FUGA;;1;0;KM 1307 700;-;-15.4468199;-70.1415445;DESPEJADO;IMPRUDENCIA DEL CONDUCTOR;OTRO (IMPRUDENCIA DEL CONDUCTOR);REALIZAR MANIOBRAS INTEMPESTIVAS;NINGUNA 
A-2021-11-165;17/11/2021;05:40;CHOQUE;-;1;1;CARRETERA PAN. SUR;ALT.KM.30;-12.27669868;-76.88912629060971;DESPEJADO;NO IDENTIFICA LA CAUSA;;;
A-2021-11-166;16/11/2021;08:10;CHOQUE;DESPISTE;2;2;CARRETERA CENTRAL KM.44.500;ALT. CENTRO POBLADO CUPICHE;-11.9141255;-76.614149;DESPEJADO;NO IDENTIFICA LA CAUSA;;;UT1-B1I IMPACTA PARTE POSTERIOR DE UT1F6V946 OCACIONANDO DE DOS DE SUS PASAJEROS SUFRIERAN LESIONESDE  GRAVEDAD QUE OCACIONO SUS DECESOS EN EL LUGAR.
A-2021-11-168;17/11/2021;10:30;ATROPELLO;-;1;0;AV. BRASIL CON AV. SAN FELIPE;;-12.08067489;-77.05846725922301;DESPEJADO;NO IDENTIFICA LA CAUSA;;;
A-2021-11-169;19/11/2021;14:00;ATROPELLO FUGA;-;1;0;AV. CAMINO REAL ALT.MZ H URB. COCHARCAS;-;-12.18293866;-76.99432249652605;DESPEJADO;NO IDENTIFICA LA CAUSA;;;
A-2021-11-17;10/11/2021;03:20;ATROPELLO;-;1;0;KM 1321 75;CARRETERA JULIACA-PUNO;-15.5458888;-70.1103135;DESPEJADO;IMPRUDENCIA DEL CONDUCTOR;CONDUCIR EN SENTIDO CONTRARIO;;NINGUNA 
A-2021-11-170;21/11/2021;05:45;DESPISTE;-;1;1;CARRETERA PANAMERICANA NORTE KM.12.500;GRIFO PALAO;-12.02313386;-77.05883491680459;DESPEJADO;NO IDENTIFICA LA CAUSA;;;
A-2021-11-174;27/11/2021;19:25;ATROPELLO FUGA;ATROPELLO Y FUGA, EN AGRAVIO DE LA PERSONA QVF. DAVID JAPA PAUCAR;1;0;CARRETERA PANAMERICANA NORTE KM. 159.720 - VEGUETA;INGRESO AL CENTRO POBLADO TIROLER;-11.01178526;-77.60715901155308;DESPEJADO;NO IDENTIFICA LA CAUSA;;;SE INVESTIGA
A-2021-11-175;07/11/2021;07:00;DESPISTE;SE INVESTIGA;1;0;CARRETERA DE PENETRACIÓN BAÑOS DE BOZA;EX HOTEL BAÑOS DE BOZA;-11.595899;-77.183451;DESPEJADO;NO IDENTIFICA LA CAUSA;;;NINGUNA
A-2021-11-176;07/11/2021;04:30;ATROPELLO FUGA;SE INVESTIGA;1;1;CARRETERA PANAMERICANA NORTE KM. 80 APROX.;CHANCAY;-11.595705;-77.254904;DESPEJADO;NO IDENTIFICA LA CAUSA;;;SE INVESTIGA
A-2021-11-177;29/11/2021;18:30;CHOQUE;CHOQUE VOLCADURA Y CAIDA ;1;2;CARRETERA  BUENOS AIRES ;ALTURA FERRETERÍA ADRIAL ;-5.087569;-80.158725;DESPEJADO;NO IDENTIFICA LA CAUSA;;;
A-2021-11-178;28/11/2021;00:50;CHOQUE;CONSECUENTE DE MUERTE;1;0;CARRETERA IQUITOS NAUTA KM. 07;;-3.842995324;-73.33473795067201;;;;;
A-2021-11-179;21/11/2021;03:00;ATROPELLO FUGA;-;1;0;VÍA EVITAMIENTO KM. 00612;ATL. PTE. PEAT NOGALES;-12.05474857;-76.9747883993657;DESPEJADO;NO IDENTIFICA LA CAUSA;;;
A-2021-11-18;13/11/2021;04:20;CHOQUE;-;3;1;CARRETERA PANAMERICANA SUR KM. 484.500;-;-14.90054267;-74.9836313041812;DESPEJADO;NO IDENTIFICA LA CAUSA;;;