COD_ACCIDE;FechaDelAccidente;HoraDelAccidente;ClaseDelAccidente;SecuenciaAccidente;CantidadDeFallecidos;CantidadDeLesionados;Direccion;LugarReferencia;y;x;CondClimatica;CausaFactorPrincipal;CausaEspecifica;OtraCausa;Observaciones
A-2021-11-180;21/11/2021;22:45;ATROPELLO;-;1;0;CARRETERA PANAMERICANA NORTE KM.21;ALT.PTE SAN MARTIN;-11.94859359;-77.07040605702021;DESPEJADO;NO IDENTIFICA LA CAUSA;;;
A-2021-11-181;29/11/2021;22:50;ATROPELLO;ATROPELLO CON VOLTEO ;1;0;AV PROGRESO CUADRA 27;ALTURA DE LA CALLE  MONTERO ;-5.223012;-80.628987;DESPEJADO;NO IDENTIFICA LA CAUSA;;;
A-2021-11-182;18/11/2021;06:45;DESPISTE;VOLCADURA;1;1;KM 133 800;SAN ANTON MACUSANI;-14.3529749;-70.2682848;DESPEJADO;IMPRUDENCIA DEL CONDUCTOR;OTRO (IMPRUDENCIA DEL CONDUCTOR);DESPERFECTO MECANICO;NINGUNA 
A-2021-11-184;27/11/2021;23:00;CHOQUE;CHOQUE-DESPISTE-VOLCADURA;1;2;CARRETERA HUANUCO - TINKO MARIA KM. 42;CARPISH ACOMAYO;-9.714798;-76.093146;LLUVIOSO;IMPRUDENCIA DEL CONDUCTOR;OTRO (IMPRUDENCIA DEL CONDUCTOR);NO TOMAR LAS MEDIDAS DE SEGURIDAD DURANTE EL REMOLQUE Y DESPLAZARSE EN ACELERACION CONSTANTE;S/O
A-2021-11-185;23/11/2021;22:35;DESPISTE;-;1;0;CALLE RIO DON CUADRA 01;-;-12.11685066;-76.93791708161632;DESPEJADO;IMPRUDENCIA DEL CONDUCTOR;EXCESO DE VELOCIDAD;;
A-2021-11-186;25/11/2021;15:00;CHOQUE;-;1;0;AV. BUENA VISTA S/N CON DOS DE MAYO S/N;-;-12.24790944;-76.86390822783696;DESPEJADO;NO IDENTIFICA LA CAUSA;;;
A-2021-11-187;26/11/2021;14:00;ATROPELLO FUGA;-;1;0;AV. AVIACION CDRA 17;-;-12.08023549;-77.00790110807338;DESPEJADO;NO IDENTIFICA LA CAUSA;;;
A-2021-11-188;27/11/2021;14:30;ATROPELLO;-;1;0;SECTOR DENOMINADO MIRADOR DE PACHACAMAC;ALT INTERSECC. LOS BOSQUES;-12.23968;-76.89281;DESPEJADO;NO IDENTIFICA LA CAUSA;;;
A-2021-11-189;28/11/2021;05:30;ATROPELLO;-;1;0;CARRETERA PAN. NORTE KM.16.500;PARADERO PREVI;-11.98564853;-77.06467143077859;DESPEJADO;NO IDENTIFICA LA CAUSA;;;
A-2021-11-19;05/11/2021;20:20;CHOQUE FUGA;VOLCADURA, CAIDA Y MUERTE.;1;1;CALLE JORGE CHAVEZ CUADRA 10;ENTRE LA CALLE DOS DE MAYO CON CALLE MARIA PARADO DE BELLLIDO;-3.75063011;-73.26438363908272;;;;;
A-2021-11-190;28/11/2021;22:30;ATROPELLO FUGA;-;1;0;AV. SEPARADORA INDUSTRIAL CON GUARDIA REPUBLICANA;-;-12.22947681;-76.92050802745351;DESPEJADO;NO IDENTIFICA LA CAUSA;;;
A-2021-11-191;29/11/2021;01:30;DESPISTE;VOLCADURA;1;2;CARRETERA PAN. SUR KM. 39.900;-;-12.296344;-76.85087799307486;DESPEJADO;NO IDENTIFICA LA CAUSA;;;
A-2021-11-192;29/11/2021;05:30;CHOQUE;-;1;2;CARREYERAS PAN. SUR KM. 23;-;-12.28733232;-76.86022287969136;DESPEJADO;NO IDENTIFICA LA CAUSA;;;
A-2021-11-193;28/11/2021;01:59;ATROPELLO;SE INVESTIGA;1;0;CARRETERA PANAMERICANA NORTE;KM. 78.807.10;-11.59467337;-77.25587577000407;DESPEJADO;IMPRUDENCIA DEL PEATÓN;CRUCE INDEBIDO POR LA CALZADA;;NINGUNA.
A-2021-11-194;04/11/2021;17:10;ATROPELLO;-;1;0;CARRETERA PANAMERICANA NORTE AUTOPISTA CHICLAYO KM. 778;ALTURA MOLINO ESCOLY;-6.725871329;-79.8909311994564;DESPEJADO;NO IDENTIFICA LA CAUSA;;;ACCIDENTE EN OBSERVACION
A-2021-11-195;05/11/2021;19:45;CHOQUE;-;2;2;CARRETERA PANAMERICANA NORTE ANTIGUA KM. 10;CPM PUNTO CUATRO;-6.59103;-79.87774;DESPEJADO;NO IDENTIFICA LA CAUSA;;;ACCIDENTE EN INVESTIGACION
A-2021-11-196;06/11/2021;15:10;VOLCADURA;-;1;1;CARRETERA PANAMERICANA NORTE JJM. 774;-;-6.754212798;-79.86549869180372;SOLEADO;NO IDENTIFICA LA CAUSA;;;ACCIDENTE EN INVESTIGACION
A-2021-11-197;07/11/2021;14:00;DESPISTE;-;1;0;CARRETERA CAYALTI NUEVA ARICA;-;-6.881456;-79.364877;DESPEJADO;NO IDENTIFICA LA CAUSA;;;ACCIDENTE EN INVESTIGACION
A-2021-11-198;11/11/2021;22:00;DESPISTE;-;1;0;CARRETERA JAEN COLASAY;KM 134;-5.972240437;-79.06092699396477;DESPEJADO;NO IDENTIFICA LA CAUSA;;;ACCIDENTE EN INVESTIGACION
A-2021-11-199;11/11/2021;23:00;ATROPELLO;-;1;0;CARRETERA PANAMERICANA NORTE KM. 773;GRIFO PRIMAX;-6.8499306;-79.8274704;DESPEJADO;NO IDENTIFICA LA CAUSA;;;ACCIDENTE EN INVESTIGACION
A-2021-11-2;01/11/2021;11:00;ATROPELLO;-;1;0;CARRETERA BINACIONAL KM 278 ;ALTURA DE LA COMUNIDAD TANCA TANCA;-16.56872432;-69.25935742268182;DESPEJADO;IMPRUDENCIA DEL PEATÓN;CRUCE INDEBIDO POR LA CALZADA;;
A-2021-11-20;04/11/2021;22:00;CHOQUE;SUBSECUENTE DE MUERTE;1;1;AVENIDA PARTICIPACION CUADRA 16;;-3.778764648;-73.27832040849776;;;;;
A-2021-11-200;15/11/2021;13:30;CHOQUE;-;1;0;CARRETERA JAEN CHAMAYA;KM 008;-5.780846073;-78.78300712393961;DESPEJADO;NO IDENTIFICA LA CAUSA;;;ACCIDENTE EN INVESTIGACION
A-2021-11-201;21/11/2021;15:50;CHOQUE FUGA;-;1;0;CARRETERA CHICLAYO CHOTA KM. 55;CP CUCULI;-6.67677;-79.44425;DESPEJADO;NO IDENTIFICA LA CAUSA;;;ACCENDTE EN INVESTIGACION
A-2021-11-202;18/11/2021;18:50;ATROPELLO FUGA;CON CONSECUENCIA DE MUERTE;1;0;CARRETERA PANAMERICANA NORTE;-;-10.79130862;-77.70925909555447;DESPEJADO;NO IDENTIFICA LA CAUSA;;;SE INVESTIGA
A-2021-11-203;22/11/2021;20:10;ATROPELLO;CON CONSECUENCIA DE MUERTE;1;0;ANTIGUA CARRETERA PANAMERICANA NORTE;ALTURA DEL PUENTE PATIVILCA;-10.70131331;-77.77938884946218;DESPEJADO;NO IDENTIFICA LA CAUSA;;;SE INVESTIGA
A-2021-11-204;27/11/2021;01:10;ATROPELLO FUGA;CON CONSECUENCIA DE MUERTE;1;0;CARRETERA PANAMERICANA NORTE;-;-10.80227534;-77.70341739914097;DESPEJADO;NO IDENTIFICA LA CAUSA;;;SE INVESTIGA
A-2021-11-208;14/11/2021;01:00;CHOQUE;-;1;0;AVENIDA AGUSTO LEGUIA INTERSECCION HUASCAR;-;-5.988739;-79.748139;DESPEJADO;NO IDENTIFICA LA CAUSA;;;ACCIDENTE EN INVESTIGACION
A-2021-11-209;01/11/2021;20:00;CHOQUE;SUBSECUENTE MUERTE;1;0;CARRETERA MARGINAL SUR KM 4 520;CENTRO COMERCIAL ABARROTES L&M;-11.45558;-74.49283;;;;;
A-2021-11-21;14/11/2021;02:30;CHOQUE FUGA;SUBSCEUNTE MUERTE;1;0;CARRETERA IQUITOS NAUTA KM 53 500;200 METROS DEL PUENTE HABANA;-4.385136968;-73.56660020112915;;;;;
A-2021-11-210;09/11/2021;14:45;CHOQUE;;1;2;AV VIA DE EVITAMIENTO CDRA 16 TARAPOTO;;-6.5247283;-76.3603705;DESPEJADO;IMPRUDENCIA DEL CONDUCTOR;CONDUCIR EN ESTADO DE EBRIEDAD Y/O DROGADICCIÓN;;NINGUNO
A-2021-11-211;15/11/2021;20:30;ATROPELLO;CON PROYECCION;1;1;CARRETERA TARAPOTO YURIMAGUAS KM 0 500 BANDA DE SHILCAYO;;-6.5047;-76.34368;DESPEJADO;IMPRUDENCIA DEL PEATÓN;ESTADO DE EBRIEDAD Y/O DROGADICCIÓN;;NINGUNO
A-2021-11-212;18/11/2021;17:00;ATROPELLO;;1;0;CARRETERA SACANCHE SAPOSOA KM 01 500 SECTOR FILADELFIA;;-7.07277;-76.71877;DESPEJADO;IMPRUDENCIA DEL CONDUCTOR;CONDUCIR EN ESTADO DE EBRIEDAD Y/O DROGADICCIÓN;;NINGUNO
A-2021-11-213;08/11/2021;02:45;CHOQUE FUGA;-;1;0;INTERSECCION DE LA CALLE MESONES MURO Y LA LIBERTAD;CPNP JAEN;-5.728502357;-78.79640223986553;DESPEJADO;NO IDENTIFICA LA CAUSA;;;ACCIDENTE EN INVESTIGACION
A-2021-11-214;21/11/2021;04:35;CHOQUE FUGA;-;1;0;INTERSECCIOBN CALLE LA LIBERTAD CON MESONES MURO;-;-5.72867;-78.79662;DESPEJADO;NO IDENTIFICA LA CAUSA;;;ACCIDENTE EN INVESTIGACION
A-2021-11-22;14/11/2021;04:50;DESPISTE;SUBSECUENTE DE MUERTE;1;0;AVENIDA GRAU CUADRA 11;CALLE 09 DE DICIEMBRE;-3.756951895;-73.25141780658379;;;;;
A-2021-11-23;09/11/2021;22:40;DESPISTE;VOLCADURA;2;0;KM. 3 960 DE LA CARRETERA QUE CONDUCE DEL CASERÍO SANTA ROSA AL C.P. TUCO;;-6.59445671;-78.44585445;DESPEJADO;NEGLIGENCIA DEL CONDUCTOR;OTRO (NEGLIGENCIA DEL CONDUCTOR);LA DESATENCIÓN EN SU EJE DE MARCHA POR PARTE CONDUCTOR DE LA CISTERNA QUE OCASIONÓ QUE, AL SALIR DE UNA CURVA A LA DERECHA, LLEGUE A APROXIMARSE TEMERARIAMENTE AL BORDE DE LA PORCIÓN CIRCULABLE, DESPISTÁNDOSE PARCIALMENTE HACIA EL LADO IZQUIERDO, DONDE DEBIDO A SU ESTADO SUBCLÍNICO POR LA INGESTA DE BEBIDAS ALCOHÓLICAS, NO REALIZÓ NINGUNA MANIOBRA PARA RETOMAR SU DIRECCIONALIDAD, MATERIALIZÁNDOSE EL ACCIDENTE DE TRÁNSITO;
A-2021-11-230;04/11/2021;04:00;DESPISTE;CHOQUE;1;1;KM. 777 800 DE LA CARRETERA PANAMERICANA SUR;OCOÑA;-16.44839019;-73.11756476619998;DESPEJADO;NO IDENTIFICA LA CAUSA;;;
A-2021-11-231;12/11/2021;17:00;CHOQUE;INCENDIO;1;1;KM. 551 700;BELLAUNIÓN;-15.6403496;-74.6205816;DESPEJADO;NO IDENTIFICA LA CAUSA;;;
A-2021-11-232;17/11/2021;19:30;ATROPELLO FUGA;-----;1;0;VIA DE EVITAMIENTO S/N ;ALTURA DE LA IE. MONTECARMELO;-16.62827021;-72.6930890789305;DESPEJADO;NO IDENTIFICA LA CAUSA;;;
A-2021-11-233;26/11/2021;05:00;CHOQUE FUGA;-----;1;1;KM. 640;100;-15.92309113;-74.11629154492239;DESPEJADO;NO IDENTIFICA LA CAUSA;;;
A-2021-11-234;29/11/2021;20:00;DESPISTE;VOLCADURA;1;0;VIA DE PENETRACION SAYLA - CORAHUYNO;CHARCANA;-15.25994551;-73.11844636957473;DESPEJADO;NO IDENTIFICA LA CAUSA;;;
A-2021-11-24;15/11/2021;01:30;DESPISTE;VOLCADURA  ;1;0;CP. HUARACCOPATA;LAGUNA HUARACCOPATA;-13.79239499;-73.36776668872947;DESPEJADO;IMPRUDENCIA DEL CONDUCTOR;CONDUCIR EN ESTADO DE EBRIEDAD Y/O DROGADICCIÓN;;
A-2021-11-240;18/11/2021;02:00;DESPISTE;;1;0;CARRETERA YACUS JACAS CHICO;;-10.009498;-76.535212;DESPEJADO;IMPRUDENCIA DEL CONDUCTOR;CONDUCIR EN ESTADO DE EBRIEDAD Y/O DROGADICCIÓN;;S/O
A-2021-11-25;16/11/2021;08:00;CHOQUE;-;1;0;AV. LA CULTURA ;ALTURA DE LA I.E.S. MAÑAZO;-15.80072;-70.353875;DESPEJADO;IMPRUDENCIA DEL CONDUCTOR;OTRO (IMPRUDENCIA DEL CONDUCTOR);EXCESO DE CONFIANZA AL DESPLAZARCE A UNA VELOCIDAD INAPROPIADA PARA LAS CIRCUNSTANCIAS DEL LUGAR.;
A-2021-11-26;07/11/2021;03:00;ATROPELLO FUGA;MUERTE;1;0;CARRETERA PANAMERICA NORTE KM 1280.2;PUENTE ARROZAL;-3.523786981;-80.35049360155682;;;;;
A-2021-11-27;15/11/2021;19:45;CHOQUE;FRONTAL;1;1;CARRETERA DE PENETRACION POMABAMBA HUAYLLAN;;-8.824852908;-77.46073664788173;NUBLADO;NO IDENTIFICA LA CAUSA;;;
A-2021-11-28;06/11/2021;22:40;ATROPELLO FUGA;-;1;0;KM 1308 110;-;-15.4534463;-70.140514;DESPEJADO;IMPRUDENCIA DEL CONDUCTOR;EXCESO DE VELOCIDAD;;NINGUNA 
A-2021-11-3;02/11/2021;22:06;ATROPELLO;-;1;0;CARRETERA PANAMERICANA SUR KM.290;-;-13.97176378;-75.77856388564376;DESPEJADO;NO IDENTIFICA LA CAUSA;;;
A-2021-11-30;01/11/2021;14:20;DESPISTE;VOLCADURA;1;0;CARRETERA SANTA ANA-CASTROVIRREYNA;ANEXO PUCAPAMPA KM 146 ;-12.990179;-75.089773;DESPEJADO;NO IDENTIFICA LA CAUSA;;;FALTA DE DOCUMENTACION
A-2021-11-31;18/11/2021;09:00;DESPISTE;VOLCADURA;1;1;CARRETERA LIRCAY TAURICAY;KM. 0-500;-12.979848;-74.712108;DESPEJADO;NO IDENTIFICA LA CAUSA;;;FALTA DE DILIGENCIAS
A-2021-11-33;21/11/2021;03:30;DESPISTE;CHOQUE;1;0;AV. LOS EDUCADORES;PRIMERA CUADRA ;-18.037486;-70.260703;DESPEJADO;IMPRUDENCIA DEL CONDUCTOR;CONDUCIR EN ESTADO DE EBRIEDAD Y/O DROGADICCIÓN;;
A-2021-11-34;20/11/2021;23:00;DESPISTE;SEGUIDO DE CHOQUE CON OBJETIVO FIJO (POSTE DE ALUMBRADO PUBLICO);1;1;CARRETERA PANAMERICANA SUR 309.800;ENTRADA A C.P SAN RAFAEL ;-14.1152592;-75.717401;DESPEJADO;NO IDENTIFICA LA CAUSA;;;
A-2021-11-35;21/11/2021;06:30;CHOQUE;-;1;0;CARRETERA PANAMERICANA SUR PUNO-DESAGUADERO KM 1380 500;ALTURA DE LA COMUNIDAD MARCA JILAPUNTA;-15.915259;-69.882214;DESPEJADO;IMPRUDENCIA DEL CONDUCTOR;INVASIÓN DE CARRIL;;
A-2021-11-36;18/11/2021;15:10;CHOQUE;SUBSECUENTE DE MUERTE;1;1;AVENIDA LA MARINA CUADRA 12;FRENTE DEL COLEGIO LICEO NAVAL;-3.720411303;-73.2425450347904;;;;;
A-2021-11-37;21/11/2021;07:10;DESPISTE;Y VOLCADURA;1;1;CARRETERA ILAVE-MAZOCRUZ KM 3 800;DESVIO MAÑAZO;-16.120117;-69.6431889;LLUVIOSO;IMPRUDENCIA DEL CONDUCTOR;OTRO (IMPRUDENCIA DEL CONDUCTOR);EXCESO DE CONFIANZA AL NO VALORAR LOS RIESGOS Y PELIGROS PRESENTES Y POSIBLES QUE EN EL MOMENTO LE REPRESENTABA EL CONDICIONAL DEL TIEMPO.;
A-2021-11-38;20/11/2021;16:30;DESPISTE;VOLCADURA;1;1;CARRETERA PUEBLO LIBRE-PAMPAROMAS;LUGAR DENOMINADO HUASHTA CRUZ;-9.098695139;-77.88210152257754;NUBLADO;IMPRUDENCIA DEL CONDUCTOR;FATIGA Y/O CANSANCIO;;
A-2021-11-39;03/11/2021;20:00;CHOQUE;VOLCADURA;1;0;KM 00 81;CARRETERA CRUCERO A LIMBANI;-14.35235845;-70.01691257460625;DESPEJADO;IMPRUDENCIA DEL CONDUCTOR;CONDUCIR EN SENTIDO CONTRARIO;;NINGUNA 
A-2021-11-4;03/11/2021;16:50;DESPISTE;SEGUIDO DE VOLCADURA;1;1;CARRETERA PANAMERICANA SUR KM. 271;-;-13.930957;-75.926299;DESPEJADO;NO IDENTIFICA LA CAUSA;;;
A-2021-11-40;21/11/2021;21:00;VOLCADURA;SEGUIDO DE DESPISTE ;1;0;CARRETERA PANAMERICANA SUR KM. 299 ;FRONTIS DEL ESTABLECIMIENTO DE AUTOSERVICIOS  CHAVEZ S.A.C;-14.05005474;-75.74768866124752;DESPEJADO;NO IDENTIFICA LA CAUSA;;;
A-2021-11-41;12/11/2021;12:00;CHOQUE;CHOQUE FATAL;1;2;VIA PENETRACION MOLLENDO - COCACHACRA;MOLINO ARROCERO (CARRASCO);-17.103822;-71.782555;DESPEJADO;NO IDENTIFICA LA CAUSA;;;SIN OBSERVACIONES
A-2021-11-42;15/11/2021;15:20;DESPISTE;DESPISTE VOLCADURA FATAL;2;1;VIA CERRO VERDE-AREQUIPA KM.3.5;CRUCE CON LA CARRETERA PANAMERICANA SUR;-16.539718;-71.720228;DESPEJADO;NO IDENTIFICA LA CAUSA;;;SIN OBSERVACIONES
A-2021-11-43;17/11/2021;08:00;CHOQUE;;1;0;AV. VIA DE EVITAMIENTO SUR Y AV. HEROES DEL CENEPA;;-7.174772745;-78.491620090553;DESPEJADO;IMPRUDENCIA DEL CONDUCTOR;CONDUCIR EN ESTADO DE EBRIEDAD Y/O DROGADICCIÓN;;
A-2021-11-44;14/11/2021;06:40;CHOQUE;VOLCADURA;1;1;KM. 10 CARRETERA QUE CONDUCE DE LA PROVINCIA DE SAN MIGUEL AL DISTRITO DE EL PRADO;;-7.0224847;-78.90122152;DESPEJADO;IMPRUDENCIA DEL CONDUCTOR;ADELANTAR INDEBIDAMENTE;;
A-2021-11-47;19/11/2021;23:55;CHOQUE;LATERAL DERECHO;1;0;VIA LIBERTADORES-PILPICHACA;KM. 177 100;-13.447842;-74.979233;DESPEJADO;NO IDENTIFICA LA CAUSA;;;FALTA DE DOCUMENTACION
A-2021-11-48;18/11/2021;05:40;ATROPELLO;APTROPELLO CON SUB SECUENTE MUERTE;1;0;AVENIDA VIDAURRAZAGA;ALTURA GRIFO J&P ASOCIADOS;-16.4300227;-71.5361144;DESPEJADO;NO IDENTIFICA LA CAUSA;;;SIN OBSERVACIONES
A-2021-11-49;21/11/2021;18:00;CAÍDA DE PASAJERO;MUERTE DEL OCUPANTE;1;0; SECTOR HUMAPATA DEL CENTRO POBLADO MOYOBAMBA BAJA ;;-13.653259;-73.512845;DESPEJADO;IMPRUDENCIA DEL PASAJERO/OCUPANTE;OTRO (IMPRUDENCIA DEL PASAJERO/OCUPANTE);ESTADO DE EBRIDAD DEL OCUPANTE ;
A-2021-11-5;06/11/2021;23:30;DESPISTE;VOLCADURA;1;0;CARRETERA DE PENETRACION DEL CASERIO DE YUPASH;KM 02 APROXIMADAMENTE.;-9.559480434;-77.68818743824498;NUBLADO;IMPRUDENCIA DEL CONDUCTOR;FATIGA Y/O CANSANCIO;;
A-2021-11-50;20/11/2021;02:00;DESPISTE;Y VOLCADURA;1;3;CARRETERA HUANCAYO-AYACUCHO;KM. 273-100;-12.6737149;-74.5938041;DESPEJADO;NO IDENTIFICA LA CAUSA;;;FALTA DE DILIGENCIAS
A-2021-11-51;18/11/2021;23:30;CHOQUE FUGA;CHOQUE POR ALCANCE CON FUGA FATAL;1;1;CARRETERA COSTANERA KM. 126 LA CURAV-MEJIA;KM. 126;-17.1411545;-71.8357064;DESPEJADO;NO IDENTIFICA LA CAUSA;;;SIN OBSERVACIONES
A-2021-11-52;19/11/2021;08:30;DESPISTE;DESPISTE VOLCADURA FATAL;1;0;CARRETERA AREQUIPA-JULIACA KM. 154 257;KM. 154 257;-15.8920264;-71.1723788;DESPEJADO;NO IDENTIFICA LA CAUSA;;;SIN OBSERVACIONES
A-2021-11-53;03/11/2021;19:48;DESPISTE;-;2;0;CARRETERA DE PENETRACION AL AA.HH. CALERA ALTA;-;-7.292995;-79.387354;DESPEJADO;NO IDENTIFICA LA CAUSA;;;
A-2021-11-54;05/11/2021;18:00;DESPISTE;-;1;0;PUENTE CANDOBAL;-;-7.912009;-77.903332;LLUVIOSO;NO IDENTIFICA LA CAUSA;;;CONSTANCIA DEL CASO, ESTADO ARCHIVADO
A-2021-11-55;06/11/2021;02:20;DESPISTE;-;1;4;CARRETERA DE PENETRACION A LA SIERAA LIBERTEÑA ALTURA DEL KM. 59;-;-7.972887286;-78.64350609182706;DESPEJADO;IMPRUDENCIA DEL PASAJERO/OCUPANTE;SUBIR Y BAJAR DEL VEHÍCULO EN MOVIMIENTO;;
A-2021-11-56;06/11/2021;20:45;ATROPELLO;-;1;1;CARRETERA PANAMERICANA NORTE ALTURA DEL KM. 702.8;-;-7.252419;-79.484165;DESPEJADO;IMPRUDENCIA DEL CONDUCTOR;EXCESO DE VELOCIDAD;;
A-2021-11-57;07/11/2021;20:00;DESPISTE;-;1;0;CARRETERA HUACAPONGO AL SECTOR EL NIÑO;-;-8.379761963;-78.67973731164133;DESPEJADO;NO IDENTIFICA LA CAUSA;;;"DISPOSICION NRO. 02. NO HA LUGAR A FORMALIZAR Y CONTINUAR INVESTIGACION PREPARATORIA: VIRU, 28 DE DICIEMBRE DEL 2022; DISPONE : NO HA LUGAR A FORMALIZAR Y CONTINUAR INVESTIGACION PREPARATORIA POR LA PRESUNTA COMISION DEL DELITO CONTRA LA VIDA EL CUERPO Y LA SALUD EN LA MODALIDAD HOMICIDIO CULPOSO EN AGRAVIO DE ROBERTH FRANKLIN GUZMAN REYNA Y SANTIAGO RICARDO CASTAÑEDA ABANTO. ARCHIVESE EN EL MODO Y FORMA DE LEY. FIRMADO FISCAL PROVINCIAL DE LA FISCALIA PROVINCIAL MIXTA CORPORATIVA DE VIRU LA DRA. MARCELA DELIA VALDERRAMA JUAREZ."
A-2021-11-58;03/11/2021;21:50;CHOQUE;-;1;0;AV LAS AMERICAS ;ALTURA DE LA CASA EL RETIRO SAN FRANCISCO ;-8.166197;-79.021426;DESPEJADO;IMPRUDENCIA DEL CONDUCTOR;CONDUCIR EN ESTADO DE EBRIEDAD Y/O DROGADICCIÓN;;
A-2021-11-59;07/11/2021;05:30;DESPISTE;-;1;0;CARRETERA AL SECTOR EL ORCON;-;-7.849949;-78.431857;DESPEJADO;IMPRUDENCIA DEL CONDUCTOR;OTRO (IMPRUDENCIA DEL CONDUCTOR);DISTRACCION EN LA CONDUCCION;
A-2021-11-6;01/11/2021;02:15;CHOQUE CON OBJETO FIJO;CHOQUE FATAL;1;1;AV. PARRA CDRA-2;ALTURA PALACIO METROPOLITANO DE BELLAS ARTES;-16.4091797;-71.542648;DESPEJADO;NO IDENTIFICA LA CAUSA;;;SIN OBSERVACIONES
A-2021-11-60;02/11/2021;21:30;CHOQUE;CHOQUE , SEGUIDO DE ATROPELLO Y FUGA;1;4;CARRETERA FBT KM 418   300;CERCA AL GRIGO SOL;-5.7443182;-77.4920366;DESPEJADO;IMPRUDENCIA DEL CONDUCTOR;CONDUCIR EN ESTADO DE EBRIEDAD Y/O DROGADICCIÓN;;
A-2021-11-61;21/11/2021;05:40;ATROPELLO FUGA;ATROPELLO Y FUGA;1;0;CARRETERA FBT CRUCE CON CARRETERA SAN FERNANDO;FRENTE AL GRIFO LOS OLIVOS;-5.93185;-77.311865;DESPEJADO;IMPRUDENCIA DEL CONDUCTOR;NO DAR PASO PREFERENTE AL PEATÓN;;FUGA DEL LUGAR DEL EVENTO DE TRANSITO
A-2021-11-62;27/11/2021;01:50;CHOQUE;FRONTAL;3;0;CARRETERA PANAMERICANA SUR KM. 440.600;-;-14.79576351;-75.01151937151305;DESPEJADO;NO IDENTIFICA LA CAUSA;;;
A-2021-11-63;21/11/2021;00:30;CHOQUE;CHOQUE POR ALCANCE FATAL;1;2;KILOMETRO 102 CARRETERA AREQUIPA-JULIACA;PAMPA CAÑAHUAS;-16.0768203;-71.498348;DESPEJADO;NO IDENTIFICA LA CAUSA;;;SIN OBSERVACIONES
A-2021-11-64;26/11/2021;01:45;ATROPELLO FUGA;SE INVESTIGA;1;0;CARRETERA PANAMERICANA NORTE;KM. 151.694.40;-11.087076;-77.583176;DESPEJADO;NO IDENTIFICA LA CAUSA;;;SE INVESTIGA
A-2021-11-65;25/11/2021;13:00;CHOQUE FUGA;VOLCADURA, SEGUIDO DE CHOQUE, CON CAIDA DE PASAJERO, CON CONSECUENCIA DE MUERTE Y DAÑOS MATERIALES, SEGUIDO DE FUGA DE CONDUCTOR, CON PARTICIPACIÓN DEL VEHÍCULO L5 TRIMOTO DE PASAJEROS Y VEHICULO CATG. N3 - VOLQUETE.;1;2;JR. CUZCO;INTERSECCIÓN DE LOS JR. CUZCO CON CALLE JOSÉ OLAYA.;-11.500312;-77.208334;DESPEJADO;IMPRUDENCIA DEL CONDUCTOR;EXCESO DE VELOCIDAD;;NINGUNA
A-2021-11-66;13/11/2021;21:15;CHOQUE;ACCIDENTE DE TRÁNSITO CHOQUE ANGULAR;3;2;CARRETERA PANAMERICANA NORTE KM. 173.137.70;CRUCE CON EL INGRESO AL CAMINO VECINAL A PAMPA GRANDE - VEGUETA.;-10.921073;-77.655477;DESPEJADO;IMPRUDENCIA DEL CONDUCTOR;EXCESO DE VELOCIDAD;;NINGUNA
A-2021-11-67;16/11/2021;12:30;CHOQUE;CHOQUE FRONTAL CON SUBSECUENTE DESPISTE Y VOLCADURA EN TONEL 1/1 LADO DERECHO;2;0;CARRETERA DE PENETRACIÓN HUAURA - SAYÁN;KM.03.500.00, ALTURA DEL CENTRO POBLADO BUENOS AIRES;-11.061715;-77.554551;DESPEJADO;IMPRUDENCIA DEL CONDUCTOR;INVASIÓN DE CARRIL;;NINGUNA
A-2021-11-68;24/11/2021;20:00;DESPISTE;VOLCADURA;1;0;AV. LOS CEDROS S/N - ANDAHUAYLAS;MERCADO DE PAPAS;-13.6592421;-73.37518568698871;LLUVIOSO;IMPRUDENCIA DEL CONDUCTOR;CONDUCIR EN ESTADO DE EBRIEDAD Y/O DROGADICCIÓN;;
A-2021-11-69;28/11/2021;13:20;CHOQUE;CHOQUE FRONTAL;1;6;AV. YARABAMBA S/N FRONTIS OBSERVATORIO GEOFISICO DE LA UNSA;OBSERVATORIO GEOFISICO DE LA UNSA;-16.4657702;-71.4938959;DESPEJADO;NO IDENTIFICA LA CAUSA;;;SIN OBSERVACIONES
A-2021-11-7;06/11/2021;15:30;DESPISTE;SEGUIDO DE VOLCADURA;1;1;CARRETERA VIA LOS LIBERTADORES;CC.PP PANTAYCO;-13.7151848;-75.8502231;DESPEJADO;NO IDENTIFICA LA CAUSA;;;
A-2021-11-70;27/11/2021;02:40;VOLCADURA;VOLCADURA, CHOQUE FATAL;1;1;CARRETERA AREQUIPA-JULIAC KM.64.800;KM.64 800;-16.2298412;-71.6631733;DESPEJADO;NO IDENTIFICA LA CAUSA;;;SIN OBSERVACIONES
A-2021-11-71;26/11/2021;04:30;CHOQUE;-;1;0;AV INDEPENDENCIA CON AV AVIACION;SALIDA A CUSCO ;-15.47406543;-70.1372390623389;DESPEJADO;IMPRUDENCIA DEL CONDUCTOR;INVASIÓN DE CARRIL;;NINGUNA