COD_ACCIDE;FechaDelAccidente;HoraDelAccidente;ClaseDelAccidente;SecuenciaAccidente;CantidadDeFallecidos;CantidadDeLesionados;Direccion;LugarReferencia;y;x;CondClimatica;CausaFactorPrincipal;CausaEspecifica;OtraCausa;Observaciones
A-2021-11-72;28/11/2021;18:00;DESPISTE;;1;3;CARRETERA PANAMERICANA SUR KM. 458 500;-;-14.877768;-74.993321;DESPEJADO;NO IDENTIFICA LA CAUSA;;;
A-2021-11-73;26/11/2021;20:00;ATROPELLO;VOLTEO;1;0;KM 1303 97;CUSCO-JULIACA;-15.4067364;-70.1510499;DESPEJADO;IMPRUDENCIA DEL PEATÓN;CRUCE INDEBIDO POR LA CALZADA;;NINGUNA 
A-2021-11-74;26/11/2021;22:42;CHOQUE;-;1;0;KM 1291 600;JULIACA-PUCARA;-15.31698387;-70.2013545703828;NUBLADO;IMPRUDENCIA DEL CONDUCTOR;INVASIÓN DE CARRIL;;NINGUNA 
A-2021-11-75;28/11/2021;21:15;CHOQUE;-;1;1;CARRETERA FERNANDO BELAUNDE TERRY KM 475 642;-;-6.037476;-77.123668;DESPEJADO;NO IDENTIFICA LA CAUSA;;;PROCESO DE INVESTIGACION
A-2021-11-76;06/11/2021;23:20;VOLCADURA;-;1;0;CARRETERA AL ANEXO YURACYACU - PATAZ;-;-7.936071;-77.515048;DESPEJADO;IMPRUDENCIA DEL CONDUCTOR;FATIGA Y/O CANSANCIO;;
A-2021-11-77;08/11/2021;10:00;DESPISTE;-;1;0;CARRETERA DE ACCESO AL SECTOR EL POLVORÍN-CASERÍO YANAC-DISTRITO DE HUAMACHUCO;-;-7.79029;-77.96874;DESPEJADO;NO IDENTIFICA LA CAUSA;;;CONSTANCIA DEL CASO - ESTADO ARCHIVO,FPMC SANCHEZ CARRION, FISCAL JORGE LUIS FERNANDEZ URTEAGA
A-2021-11-78;07/11/2021;20:25;CHOQUE;-;1;1;CARRETERA PANAMERICANA NORTE ALTURA DEL KM. 581;-;-7.97602;-79.080414;DESPEJADO;IMPRUDENCIA DEL CONDUCTOR;NO ESTABLECER EL DERECHO DE PASO;;
A-2021-11-79;08/11/2021;16:20;DESPISTE;-;1;10;CARRETERA PANAMERICANA NORTE ALTURA DEL KM. 589.5;-;-7.908891;-79.116131;DESPEJADO;NO IDENTIFICA LA CAUSA;;;
A-2021-11-8;02/11/2021;22:00;ATROPELLO;;1;0;AV. NESTOR GAMBETTA 14.5;ALTURA DE LA EMPRESA RANSA VENCEDOR ;-11.98694564;-77.12551634359441;DESPEJADO;NO IDENTIFICA LA CAUSA;;;NINUGA
A-2021-11-80;13/11/2021;22:15;CHOQUE;-;1;1;INTERERSECCION DE LA CA. CIRO ALEGRIA Y AV. GONZALO UGAS SALCEDO;-;-7.40003539;-79.56347156684272;DESPEJADO;IMPRUDENCIA DEL CONDUCTOR;NO ESTABLECER EL DERECHO DE PASO;;
A-2021-11-81;14/11/2021;11:20;DESPISTE;-;1;1;CARRETERA PANAMERICANA NORTE ALTURA DEL KM. 473.4;-;-8.758983;-78.633522;DESPEJADO;IMPRUDENCIA DEL CONDUCTOR;ADELANTAR INDEBIDAMENTE;;
A-2021-11-82;15/11/2021;09:30;DESPISTE;-;1;0;CARRETERA DE ACCESO AL SECTOR CAMPANARIO ;-;-7.15896;-77.861291;DESPEJADO;IMPRUDENCIA DEL CONDUCTOR;FATIGA Y/O CANSANCIO;;
A-2021-11-83;15/11/2021;18:50;ATROPELLO;-;1;0;CARRETERA PANAMERICANA NORTE ALTURA DEL KM. 523.2;-;-8.408359;-78.815551;DESPEJADO;NO IDENTIFICA LA CAUSA;;;
A-2021-11-84;17/11/2021;10:00;CHOQUE;-;1;0;INTERSECCION DE LA AV. LIBERTAD Y CA. PEDRO HERRERA;-;-8.141297;-79.059369;DESPEJADO;IMPRUDENCIA DEL CONDUCTOR;NO ESTABLECER EL DERECHO DE PASO;;
A-2021-11-85;17/11/2021;09:10;DESPISTE;-;2;2;AV. MARISCAL DE ORBEGOSO ;-;-7.821043;-78.052167;DESPEJADO;IMPRUDENCIA DEL CONDUCTOR;INVASIÓN DE CARRIL;;
A-2021-11-86;17/11/2021;13:00;CHOQUE;-;1;0;CARRETERA DE PENETRACION A LA SIERRA LIBERTEÑA ALTURA DEL KM. 35.5;-;-8.002149;-78.76972;DESPEJADO;IMPRUDENCIA DEL CONDUCTOR;INVASIÓN DE CARRIL;;
A-2021-11-87;17/11/2021;23:30;ATROPELLO FUGA;-;1;0;CARRETERA PANAMERICANA NORTE ALTURA DEL KM. 545;-;-8.25924;-78.931955;DESPEJADO;NO IDENTIFICA LA CAUSA;;;
A-2021-11-88;19/11/2021;19:30;DESPISTE;-;1;0;AV. SANCHEZ CARRION ALTURA DE LA CDRA. 23;-;-8.066139;-78.995617;DESPEJADO;NO IDENTIFICA LA CAUSA;;;ACCION OPERATIVA DE LOS FAMILIARES, AL PERMITIR QUE EL PEATON SE DESPLACE SOLO POR LA VIA, REALIZANDO EL CRUCE DE MANERA ANTIRREGLAMENTARIO POR EL CENTRO DE LA INTERSECCION
A-2021-11-89;20/11/2021;22:00;CHOQUE;-;1;0;CARRETERA PANAMERICANA NORTE ALTURA DEL KM. 700;-;-7.268483;-79.481162;DESPEJADO;IMPRUDENCIA DEL CONDUCTOR;CONDUCIR EN ESTADO DE EBRIEDAD Y/O DROGADICCIÓN;;
A-2021-11-90;24/11/2021;00:30;ATROPELLO FUGA;-;1;0;CARRETERA PANAMERICANA NORTE ALTURA DEL KM. 598;-;-7.9131651;-79.1142003;DESPEJADO;NO IDENTIFICA LA CAUSA;;;
A-2021-11-91;28/11/2021;03:30;DESPISTE;-;1;0;CARRETERA DE ACCESO DE ANGASMARCA - MOLLEPATA ALTURA DEL KM. 1.8;-;-8.125711;-78.037049;DESPEJADO;IMPRUDENCIA DEL CONDUCTOR;CONDUCIR EN ESTADO DE EBRIEDAD Y/O DROGADICCIÓN;;
A-2021-11-92;27/11/2021;17:20;ATROPELLO FUGA;-;1;0;INTERSECCION DEL JR. SANTA MARIA Y JR. JUAN VEGA MARINES;-;-7.596023;-78.465157;DESPEJADO;NO IDENTIFICA LA CAUSA;;;
A-2021-11-93;30/11/2021;21:05;ATROPELLO;-;1;0;AV. SANCHEZ CARRION ALTURA DE LA CDRA. 03;-;-8.087147;-79.002193;DESPEJADO;IMPRUDENCIA DEL PEATÓN;CRUCE INDEBIDO POR LA CALZADA;;
A-2021-11-94;30/11/2021;00:00;DESPISTE;VOLCADURA;1;1;SECTOR CCOTARMA - CP. COLPA ;;-13.537237;-73.181034;LLUVIOSO;INFRAESTRUCTURA Y ENTORNO VIAL;FACTOR AMBIENTAL;;CONSECUENCIA DEL ACCIDENTE FACTOR CLIMATOLOGICO 
A-2021-11-95;28/11/2021;14:30;CHOQUE FUGA;-;1;0;CARRETERA PANAMERICANA SUR KM. 448;OVALO DE NASCA;-14.829565;-74.943561;DESPEJADO;NO IDENTIFICA LA CAUSA;;;
A-2021-11-96;28/11/2021;20:30;DESPISTE;SEGUIDO DE VOLCADURA;1;2;CARRETERA PANAMERICANA SUR KM. 252;-;-13.8884303;-76.1007584;DESPEJADO;NO IDENTIFICA LA CAUSA;;;
A-2021-11-97;29/11/2021;22:30;CHOQUE FUGA;-;1;0;CARRETERA PANAMERICANA SUR KM. 308;CASERIO SAN RAFAEL;-14.108721;-75.718157;DESPEJADO;NO IDENTIFICA LA CAUSA;;;
A-2021-11-98;20/11/2021;10:00;DESPISTE;VOLCADURA;3;3;KM 220 400;MACUSANI-OLLACHEA;-13.85624105;-70.50906033566767;NUBLADO;IMPRUDENCIA DEL CONDUCTOR;ADELANTAR INDEBIDAMENTE;;NINGUNA 
A-2021-11-99;03/11/2021;21:30;ATROPELLO;INGRESO INTESPECTIVO DEL PEATON Y EL EXESO DE VELOCIDAD DEL VEHICULO;1;0;COMUNIDAD DE YUNGAQUI SECTOR TAMBILLO;KILOMETRO 940.100;-13.4767;-72.159212;NUBLADO;IMPRUDENCIA DEL PEATÓN;CRUCE INDEBIDO POR LA CALZADA;;NINGUNA
A-2021-12-1;01/12/2021;20:00;CHOQUE;-;1;0;AV. PRINCIPAL;-;-14.097228;-75.699109;DESPEJADO;NO IDENTIFICA LA CAUSA;;;
A-2021-12-10;06/12/2021;21:50;ATROPELLO;;1;0;HUARAZ;SECTOR RUMICHUCO;-9.5631808;-77.5390986;LLUVIOSO;IMPRUDENCIA DEL PEATÓN;CRUCE INDEBIDO POR LA CALZADA;;
A-2021-12-102;05/12/2021;07:50;CHOQUE;EL VEHICULO AUTOMOVIL SW., DE PLACA DE RODAJE W3I-632, SE DESPLAZABA EN SENTIDO DE SUR A NORTE, AL LLEGAR A LA ZONA DEL ACCIDENTE SE DESPISTA HACIA EL ESTE, LUEGO REINGRESA A LA CALZADA, PERDIENDO EL SENTIDO DE DIRECCIONALIDAD, HASTA INTERPONERSE EN EL EJE DE MARCA DEL VEHÍCULO CAMIONETA A2N-562 ;1;3;CARRETERA DE PENETRACIÓN AUCALLAMA - HUARAL;KM. 03.956.80, ALTURA DEL RESTAURANTE EL OCHO;-11.569692;-77.202781;DESPEJADO;IMPRUDENCIA DEL CONDUCTOR;INVASIÓN DE CARRIL;;NINGUNA
A-2021-12-103;25/12/2021;20:00;ATROPELLO FUGA;ATROPELLO Y FUGA, CON SUBSECUENTE MUERTE;1;0;CARRETERA VICHAYCOTO - AMBO;A INMEDIACIONES DEL GRIFO PRIMAX;-10.033127;-76.234572;DESPEJADO;NO IDENTIFICA LA CAUSA;;;S/O
A-2021-12-104;31/12/2021;04:30;CHOQUE;FRONTAL;2;0;CARRETERA CATA- CONOCOCHA  KM 521;;-9.969805917;-77.3589046601169;NUBLADO;IMPRUDENCIA DEL CONDUCTOR;INVASIÓN DE CARRIL;;
A-2021-12-105;19/12/2021;21:20;CHOQUE;-;1;0;AV. ORBEGOSO CDRA. 03;-;-7.823078133;-78.05591943206889;DESPEJADO;IMPRUDENCIA DEL CONDUCTOR;CONDUCIR EN ESTADO DE EBRIEDAD Y/O DROGADICCIÓN;;
A-2021-12-106;20/12/2021;20:30;CHOQUE;-;1;0;CARRETERA PANAMERICANA NORTE ALTURA DEL KM. 518;-;-8.426802342;-78.7797538799474;DESPEJADO;NO IDENTIFICA LA CAUSA;;;
A-2021-12-107;21/12/2021;22:40;CHOQUE;-;2;0;CARRETERA PANAMERICANA NORTE ALTURA DEL KM. 567;-;-8.095328;-79.098546;DESPEJADO;IMPRUDENCIA DEL CONDUCTOR;FATIGA Y/O CANSANCIO;;
A-2021-12-108;22/12/2021;15:15;CHOQUE;-;1;0;CARRETERA PANAMERICANA NORTE ALTURA DEL KM. 690;GRIFO PRIMAX - JAGUEY;-7.337082;-79.495932;DESPEJADO;IMPRUDENCIA DEL CONDUCTOR;OTRO (IMPRUDENCIA DEL CONDUCTOR);UE EN UN ACTO IMPRUDENTE, IRRESPONSABLE Y CARENTE DE TODO SENTIDO DE JUICIO Y RAZON POR SER UNA PERSONA DE EDAD AL REALIZAR EL CRUCE DE LA CALZADA SIN EL DEBIDO CUIDADO Y PREVENCION Y NO RESPETAR EL DERECHO DE PASO QUE LE ASISTIA ALO OTRO VEHICULO;-UE EN UN ACTO IMPRUDENTE, IRRESPONSABLE Y CARENTE DE TODO SENTIDO DE JUICIO Y RAZON POR SER UNA PERSONA DE EDAD AL REALIZAR EL CRUCE DE LA CALZADA SIN EL DEBIDO CUIDADO Y PREVENCION Y NO RESPETAR EL DERECHO DE PASO QUE LE ASISTIA ALO OTRO VEHICULO
A-2021-12-109;22/12/2021;19:00;ATROPELLO;;1;0;CARRETERA DE PENETRACION AL C.P. SANTA ELENA;-;-8.42211123;-78.83213999214274;DESPEJADO;IMPRUDENCIA DEL CONDUCTOR;OTRO (IMPRUDENCIA DEL CONDUCTOR);DISTRACCION EN LA CONDUCCION;
A-2021-12-11;10/12/2021;01:30;ATROPELLO;-;1;0;CARRETERA PANAMERICA SUR ;ALTURA DEL GRIFO PETRO PERU PALOMO;-16.08053641;-69.65219393210701;DESPEJADO;IMPRUDENCIA DEL PEATÓN;CRUCE INDEBIDO POR LA CALZADA;;
A-2021-12-110;22/12/2021;21:15;CHOQUE;-;1;0;CARRETERA PANAMERICANA NORTE ALTURA DEL KM. 518;-;-8.430496;-78.776379;DESPEJADO;NO IDENTIFICA LA CAUSA;;;
A-2021-12-111;22/12/2021;13:00;DESPISTE;-;1;0;CARRETERA DE PENETRACION AL CASERIO DE SAN MARTIN;-;-7.842541;-78.347061;DESPEJADO;NO IDENTIFICA LA CAUSA;;;
A-2021-12-112;24/12/2021;00:00;DESPISTE;-;1;0;AV. MANSICHE;-;-8.104461;-79.03628;DESPEJADO;NO IDENTIFICA LA CAUSA;;;
A-2021-12-113;25/12/2021;00:05;CHOQUE FUGA;-;1;0;AV. EZEQUIEL GONZALES CACEDA ALTURA DE LA PLAZUELA SANTA ROSA;-;-7.222747;-79.431821;DESPEJADO;IMPRUDENCIA DEL CONDUCTOR;CONDUCIR EN ESTADO DE EBRIEDAD Y/O DROGADICCIÓN;;
A-2021-12-114;29/12/2021;21:45;ATROPELLO;-;1;0;CARRETERA PANAMERICANA NORTE ALTURA DEL KM. 690;GRIFO PRIMAX - JAGUEY;-7.339899;-79.503357;DESPEJADO;NO IDENTIFICA LA CAUSA;;;
A-2021-12-115;31/12/2021;18:00;DESPISTE;DESPISTE CHOQUE E INCENDIO;4;4;CARRETERA AREQUIPA-JULIACA KM. 65 800;02 KILOMETROS ANTES DE LA BALANZA DE QUISCOS;-16.2248434;-71.6634792;DESPEJADO;NO IDENTIFICA LA CAUSA;;;SIN OBSERVACIONES
A-2021-12-116;04/12/2021;19:40;DESPISTE;ATROPELLO - CHOQUE FATAL;1;0;AV. NARANJAL INTERSECCION CON AV. HUAYLAS;-;-11.97682913;-77.08142900205921;DESPEJADO;IMPRUDENCIA DEL CONDUCTOR;CONDUCIR EN ESTADO DE EBRIEDAD Y/O DROGADICCIÓN;;
A-2021-12-117;05/12/2021;00:00;ATROPELLO;-;1;0;CARRETERA CENTRAL KM. 13 ALTRA ASOC. LOS PINOS;-;-12.01251075;-76.87878810644341;DESPEJADO;NO IDENTIFICA LA CAUSA;;;
A-2021-12-118;05/12/2021;15:00;ATROPELLO;-;1;0;VIA EVITAMIENTO KM.1.700 ALTRA AV. LAS PALMERAS;-;-12.07279843;-76.97388851495127;SOLEADO;NO IDENTIFICA LA CAUSA;;;SE ENCUENTRA EN INVESTIGACION
A-2021-12-119;07/12/2021;14:35;CHOQUE;VOLCADURA;1;0;CARRETERA CENTRAL KM. 19.500 ALTURA DEL INMUEBLE MZ A18 DE LA AV. UNIÓN ;-;-11.98572025;-76.80978528061422;SOLEADO;NO IDENTIFICA LA CAUSA;;;
A-2021-12-12;10/12/2021;02:00;ATROPELLO FUGA;ATROPELLO CO PROYECCION FATAL Y FUGA;1;0;CARRETERA PANAMERICA SUR KM. 981 100;A 1600 METRSO DE LA COMISARIA DE SAN JSOE;-16.56971131;-71.8303789791813;DESPEJADO;NO IDENTIFICA LA CAUSA;;;SIN OBSERVACIONES
A-2021-12-121;19/12/2021;12:00;DESPISTE;VEHICULO MENOR NO MOTORIZADO SE DESPISTA;1;0;COMUNIDAD DE ORQUILLO ;SECTOR ARAÑACHAYOC;-13.33770562;-72.05723027700584;NUBLADO;IMPRUDENCIA DEL CONDUCTOR;EXCESO DE VELOCIDAD;;NINGUNA
A-2021-12-122;26/12/2021;13:00;DESPISTE;Y VOLCADURA TOTAL;1;1;CARRETERA LIRCAY-AYACUCHO;KM. 134 600 ALTURA DEL PUENTE ROMERO;-13.03333;-74.28189;DESPEJADO;NO IDENTIFICA LA CAUSA;;;FALTA DE DOCUMENTACION
A-2021-12-123;22/12/2021;19:20;CHOQUE;-;1;0;KM 78 900;COMUNIDAD DE LLAVINTERIA;-14.74546381;-70.3543804087206;DESPEJADO;IMPRUDENCIA DEL CONDUCTOR;CONDUCIR EN SENTIDO CONTRARIO;;NINGUNA 
A-2021-12-124;16/12/2021;14:30;CHOQUE;-;1;0;SECTOR MUNI GRANDE;-;-15.3601088;-70.04266428683378;DESPEJADO;IMPRUDENCIA DEL CONDUCTOR;OTRO (IMPRUDENCIA DEL CONDUCTOR);AL INGRESAR A UNA ZONA DE TRABAJO QUE TENIA EL RANGO DE PROHIBIDO ;
A-2021-12-125;03/12/2021;06:20;DESPISTE;DESPISTE Y VOLCADURA ;1;3;CARRETERA PIURA CHULUCANAS ;KM 241;-5.157905;-80.498647;DESPEJADO;NO IDENTIFICA LA CAUSA;;;
A-2021-12-126;06/12/2021;18:00;DESPISTE;DESPISTE Y VOLCADURA ;1;0;AV RAUL MATA DE LA CRUZ ;ALTURA DE LA CALLE MANCORA ;-5.1904082;-80.6666742;DESPEJADO;NO IDENTIFICA LA CAUSA;;;
A-2021-12-127;12/12/2021;20:00;DESPISTE;DESPISTE CHOQUE Y VOLCADURA ;1;0;CARRETERA PIURA SULLANA;ALTURA DEL KM1010;-5.118731309;-80.7018813777461;DESPEJADO;NO IDENTIFICA LA CAUSA;;;
A-2021-12-128;05/12/2021;21:00;ATROPELLO FUGA;ATROPELLO Y FUGA;1;0;AV BAYOVAR SECHURA ;HOSAL DADGAS ;-5.564173212;-80.8218015616626;DESPEJADO;NO IDENTIFICA LA CAUSA;;;
A-2021-12-129;17/12/2021;23:00;DESPISTE;DESPISTE Y VOLCADURA ;1;2;AV PERU CON CALLE CALLAO;AV PERU CON CALLE CALLAO RINCONADA LLICUAR;-5.4703957;-80.7676711;DESPEJADO;NO IDENTIFICA LA CAUSA;;;
A-2021-12-130;21/12/2021;21:41;DESPISTE;DESPISTE Y VOLCADURA;1;1;CARRETERA INTEROCEANICA PIURA CHULUCANAS;KM 243;-5.161759;-80.511191;DESPEJADO;NO IDENTIFICA LA CAUSA;;;
A-2021-12-131;22/12/2021;17:20;CHOQUE;CHOQUE DE UN CAMION CON UNA MOTOCICLETA LINEAL;1;0;ALTURA DEL SECTOR CHOQUECOCHA;CARRETERA SANTO TOMAS QUIÑOTA;-14.437471;-72.08432;DESPEJADO;IMPRUDENCIA DEL CONDUCTOR;EXCESO DE VELOCIDAD;;NINGUNA
A-2021-12-132;18/12/2021;08:00;ATROPELLO;VEHICULO QUE TRANSITABA POR LA AV. GARCILASO;1;0;AV. GARCILASO;ALTURA DEL BANCO CONTINENTAL;-13.52253812;-71.97189395976696;DESPEJADO;IMPRUDENCIA DEL PEATÓN;ESTADO DE EBRIEDAD Y/O DROGADICCIÓN;;NINGUNA
A-2021-12-133;21/12/2021;19:30;ATROPELLO;VEHCULO QUE TRANSITABA POR EL PARADERO SAN JOSE;1;0;PARADERO SAN JOSE;PUENTE A QUEROMARCA;-14.18247002;-71.36738053960617;DESPEJADO;IMPRUDENCIA DEL PEATÓN;CRUCE INDEBIDO POR LA CALZADA;;NINGUNA
A-2021-12-134;21/12/2021;05:30;DESPISTE;DESPISTE Y POSTERIOR SUMERCION EN EL RIO VILCANOTA;3;0;OLLANTAYTAMBO;KILOMETRO 06;-13.2635;-72.269977;DESPEJADO;IMPRUDENCIA DEL CONDUCTOR;EXCESO DE VELOCIDAD;;NINGUNA
A-2021-12-135;30/12/2021;01:30;DESPISTE;VOLCADURA;1;0;CARRETERA CAJAMARCA - TUAL;;-7.6183;-78.32917;DESPEJADO;NO IDENTIFICA LA CAUSA;;;
A-2021-12-136;20/12/2021;06:00;DESPISTE;DESPISTE Y VOLCADURA ;1;39;CARRETERA PIURA OLMOS ;KM 227 150;-5.1432175;-80.3709129;DESPEJADO;NO IDENTIFICA LA CAUSA;;;
A-2021-12-137;06/12/2021;09:15;DESPISTE;CHOQUE;1;2;CARRETERA CHURCAMPA MAYOCC ;ALTURA PAMPA PUQUIO;-12.782351;-74.382744;DESPEJADO;NO IDENTIFICA LA CAUSA;;FALTA DE ELEMENTO FUGA;NINGUNA
A-2021-12-138;14/12/2021;11:00;DESPISTE;VOLCADURA Y PRECIPITACION;1;0;TROCHA CARROZABLE OCROS;MARGEN DERECHA DEL CEMENTERIO ANEXO URUBAMBA;-13.42700307;-73.8992032361863;DESPEJADO;IMPRUDENCIA DEL CONDUCTOR;FATIGA Y/O CANSANCIO;;NINGUNO
A-2021-12-139;13/12/2021;03:00;DESPISTE;VOLCADURA;2;0;CARRETERA VIA LIBERTADORES;NINGUNA;-13.333705;-74.597611;LLUVIOSO;INFRAESTRUCTURA Y ENTORNO VIAL;FACTOR AMBIENTAL;;NINGUNO
A-2021-12-14;12/12/2021;07:40;DESPISTE;;1;0;AV. MORALES DUAREZ /JR. ICA ;;-12.04156503;-77.10440847210458;DESPEJADO;NO IDENTIFICA LA CAUSA;;;NINGUNA
A-2021-12-140;27/12/2021;03:30;DESPISTE;VOLCADURA Y CAIDA;2;2;CARRETERA ACCESO DE VILCAR ;SAN JAVIER DE ALPABAMBA;-15.09478349;-73.3310470252106;DESPEJADO;IMPRUDENCIA DEL CONDUCTOR;FATIGA Y/O CANSANCIO;;NINGUNA
A-2021-12-141;06/12/2021;07:00;ATROPELLO FUGA;VEHICULO DESPUES DE ATROPELLAR SE DIO A LA FUGA;1;0;PARADERO DE CHAQUICASA;CARRETERA DE CUSCO ABANCAY ALTURA DEL SECTOR DE CHAQUILCASA;-13.45990596;-72.29229923407908;DESPEJADO;IMPRUDENCIA DEL PEATÓN;ESTADO DE EBRIEDAD Y/O DROGADICCIÓN;;NINGUNA
A-2021-12-142;29/12/2021;10:00;DESPISTE;VEHICULO MENRO SE DESPISTE PARA LUEGO VOLCAR;1;0;DEL DISTRITO DE PALLLPATA;CARRETERA A PALLPATA;-14.88137023;-71.21465549153032;DESPEJADO;IMPRUDENCIA DEL CONDUCTOR;EXCESO DE VELOCIDAD;;NINGUNA
A-2021-12-143;05/12/2021;02:30;CHOQUE;CHOQUE ENTRE UN AUTOMOVIL Y UN REMOLCADOR;1;0;COMUNIDAD DE INQUILPATA;CARRETERA CUSCO ABANCAY;-13.49562147;-72.18019619222027;;;;;
A-2021-12-144;25/12/2021;11:21;DESPISTE;VCAMIONETA QUE SE DESPISTA A LA EXCESIVA VELOCIDAD;1;4;CORREDOR MINERA ALTURA DE SECTOR  JULLANTE ;VELILLE;-14.5711517;-71.8120606;DESPEJADO;IMPRUDENCIA DEL CONDUCTOR;EXCESO DE VELOCIDAD;;NINGUNA
A-2021-12-145;01/12/2021;17:20;CHOQUE;CHOQUE ENTRE UN VOLQUETE Y CAMION ;2;0;ALTURA MIXCER OROPEZA;CARRETERA CUSCO OROPEZA;-13.59579185;-71.78020456935981;DESPEJADO;IMPRUDENCIA DEL CONDUCTOR;EXCESO DE VELOCIDAD;;NINGUNA
A-2021-12-146;01/12/2021;12:03;DESPISTE;VOLCADURA;2;0;CARRETERA YANAHUAYA;-;-14.25788843;-69.17696564787424;DESPEJADO;INFRAESTRUCTURA Y ENTORNO VIAL;OTRO (INFRAESTRUCTURA Y ENTORNO VIAL);MAS ESTADO DE LA VIA ;NINGUNA 
A-2021-12-147;12/12/2021;00:10;CAÍDA DE PASAJERO;-;1;0;AV INDEPENDENCIA CON HORACIO ZEVALLOS;-;-15.466688;-70.138269;DESPEJADO;IMPRUDENCIA DEL CONDUCTOR;EXCESO DE VELOCIDAD;;NINGUNA 
A-2021-12-148;13/12/2021;17:30;CHOQUE;-;1;1;SECTOR JASANA GRANDE ;SAMAN-PUSI;-15.35454279;-70.02497785698304;DESPEJADO;IMPRUDENCIA DEL CONDUCTOR;OTRO (IMPRUDENCIA DEL CONDUCTOR);EXCESO DE CONFIANZA ;NINGUNA 
A-2021-12-149;19/12/2021;18:30;CHOQUE FUGA;-;1;0;AV HUANCANE CON 2DA CIRCUNVALACION;-;-15.468342;-70.109546;NUBLADO;IMPRUDENCIA DEL CONDUCTOR;GIRAR IMPRUDENTEMENTE;;NINGUNA 
A-2021-12-150;23/12/2021;14:30;DESPISTE;VOLCADURA;1;0;KM 157 500;-;-14.28587387;-69.4341251892528;NUBLADO;IMPRUDENCIA DEL CONDUCTOR;OTRO (IMPRUDENCIA DEL CONDUCTOR);DESPERFECTO MECANICO;NINGUNA 
A-2021-12-151;27/12/2021;18:30;CHOQUE;-;1;0;KM 1275 400;DESVIO LAMPA;-15.21299436;-70.35131148436571;DESPEJADO;NEGLIGENCIA DEL CONDUCTOR;OTRO (NEGLIGENCIA DEL CONDUCTOR);AL ADELANTAR A VEHICULOS QUE LO PREDECIA ;NINGUNA 
A-2021-12-152;28/12/2021;11:20;CHOQUE;-;1;0;KM 19 450;-;-14.3529249;-70.081084;DESPEJADO;IMPRUDENCIA DEL CONDUCTOR;EXCESO DE VELOCIDAD;;NINGUNA 
A-2021-12-154;10/12/2021;01:00;DESPISTE;-;1;2;CIRCUITO DE PLAYAS ALTRA. PLAYA LOS YUYOS;-;-12.15368822;-77.02474408850549;DESPEJADO;NO IDENTIFICA LA CAUSA;;;
A-2021-12-155;10/12/2021;16:40;CAÍDA DE PASAJERO;ATROPELLO;1;0;AV. PACHACUTEC CDRA. 21 ALTRA COLEGIO TUPAC AMARU;-;-12.166162;-76.952253;SOLEADO;NO IDENTIFICA LA CAUSA;;;
A-2021-12-156;11/12/2021;12:50;ATROPELLO;-;1;0;AV. ANGELICA GAMARRA CON AV. UNIVERSITARIA;-;-12.006545;-77.082327;SOLEADO;NO IDENTIFICA LA CAUSA;;;
A-2021-12-157;11/12/2021;21:30;CHOQUE;-;1;7;PANAMERICANA SUR  ALTRA. DE LA UNIVERSIDAD AUTONOMA;-;-12.1951485;-76.9727995;DESPEJADO;NO IDENTIFICA LA CAUSA;;;
A-2021-12-158;13/12/2021;21:30;CHOQUE;ESPECIAL COMPRESIÓN;1;0;MZ. LOTE 14 ASOSIACION VIVIENDA CIENEGUILLA ;-;-12.07309918;-76.87478182472802;DESPEJADO;NO IDENTIFICA LA CAUSA;;;
A-2021-12-159;14/12/2021;06:50;CHOQUE;-;1;0;INTERSECCIÓN DE LAS AVENIDAS CANTA CALLAO Y CENTRAL;-;-11.954954;-77.084784;DESPEJADO;NO IDENTIFICA LA CAUSA;;;
A-2021-12-160;02/12/2021;20:00;ATROPELLO FUGA;-;1;0;CARRETERA PANAMERICANA NORTE ANTIGUA ;JUZGADO MOTUPE;-6.1537335;-79.7078371;DESPEJADO;NO IDENTIFICA LA CAUSA;;;ACCIDENTE EN INVESTIGACION
A-2021-12-161;31/12/2021;09:30;CHOQUE;;1;0;AV. NESTOR GAMBETTA INTERIOR DEL TUNEL ;;-12.02420944;-77.12873359104283;DESPEJADO;NEGLIGENCIA DEL CONDUCTOR;CONDUCIR CON FALLAS DE FRENOS;;NINGUNO
A-2021-12-162;15/12/2021;09:30;DESPISTE;-;1;0;KM 180 400;CUYO CUYO;-14.44157722;-69.53008537150941;SOLEADO;IMPRUDENCIA DEL CONDUCTOR;OTRO (IMPRUDENCIA DEL CONDUCTOR);DESPERFECTO MECANICO ;DESVIO CUYO CUYO
A-2021-12-163;21/12/2021;13:30;CHOQUE;-;1;0;KM 1298 950;CUSCO JULIACA;-15.3696859;-70.1682585;DESPEJADO;IMPRUDENCIA DEL CONDUCTOR;CONDUCIR EN SENTIDO CONTRARIO;;NINGUNA 
A-2021-12-170;08/12/2021;06:30;CHOQUE;-;1;0;CARRETERA PANAMERICANA NORTE ANTIGUA KM. 07;ALTURA DEL MOLINO EL DIAMANTE;-6.751879484;-79.8676442770372;DESPEJADO;NO IDENTIFICA LA CAUSA;;;ACCIDENTE EN INVESTIGACION
A-2021-12-179;20/12/2021;23:40;DESPISTE;-;1;1;PROLONGACION BOLOGNESI CON CALLE INCA GARCILASO;-;-6.775979198;-79.8364448493977;DESPEJADO;NO IDENTIFICA LA CAUSA;;;ACCIDENTE EN INVESTIGACION