COD_ACCIDE;FechaDelAccidente;HoraDelAccidente;ClaseDelAccidente;SecuenciaAccidente;CantidadDeFallecidos;CantidadDeLesionados;Direccion;LugarReferencia;y;x;CondClimatica;CausaFactorPrincipal;CausaEspecifica;OtraCausa;Observaciones
A-2021-12-182;21/12/2021;16:30;CHOQUE;-;1;0;INTERSECCION DE LA AVENIDA RAMON CASTILLA Y CALLE SAMILLIAN BACA;-;-6.705867;-79.902938;DESPEJADO;NO IDENTIFICA LA CAUSA;;;ACCIDENTE EN INVESTIGACION
A-2021-12-183;23/12/2021;05:30;ATROPELLO FUGA;-;1;0;CARRETERA CHICLAYO FERREÑAFE KM. 03;ENTRE GALILEA Y CENTENARIO;-6.744698347;-79.80031547121978;DESPEJADO;NO IDENTIFICA LA CAUSA;;;ACCIDENTE EN INVESTIGACION
A-2021-12-185;25/12/2021;04:30;DESPISTE;VOLCADURA;1;0;CARRETERA PANAMERICANA NORTE KM. 44 300;-;-6.328429755;-79.76351553266412;DESPEJADO;NO IDENTIFICA LA CAUSA;;;ACCIDENTE EN INVESTIGACION
A-2021-12-186;26/12/2021;04:40;ATROPELLO FUGA;-;1;0;CARRETERA PANAMERICANA NORTE ANTIGUA KM. 122;CPM CERRO FALLA OLMOS;-5.74703964;-79.87042842461791;DESPEJADO;NO IDENTIFICA LA CAUSA;;;ACCIDENTE EN INVESTIGACION
A-2021-12-187;27/12/2021;00:37;DESPISTE;-;1;0;AVENIDA SALAVERRY;FRENTE AL COLEGIO SANTA MAGDALENA SOFIA;-6.770939879;-79.84757598756295;DESPEJADO;NO IDENTIFICA LA CAUSA;;;ACCIDENTE EN INVESTIGACION
A-2021-12-19;03/12/2021;05:45;ATROPELLO FUGA;-;1;0;CARRETERA FBT KM 512 950;CASERIO CARACHUPAYACU;-6.127369;-76.843872;DESPEJADO;IMPRUDENCIA DEL CONDUCTOR;OTRO (IMPRUDENCIA DEL CONDUCTOR);;
A-2021-12-20;01/12/2021;16:20;ESPECIAL;-;1;0;SECTOR PUCHCAPAQUINA ;ANEXO YANAHOCCO ;-13.9806977;-74.9752608;DESPEJADO;NO IDENTIFICA LA CAUSA;;;
A-2021-12-200;25/12/2021;19:20;CHOQUE FUGA;CHOQUE Y FUGA;1;1;AV SANCHEZ CERRO ;ALTURA DEL TERMINAL CAPULLANAS;-5.176398;-80.67267;DESPEJADO;NO IDENTIFICA LA CAUSA;;;
A-2021-12-201;29/12/2021;13:50;ATROPELLO;ATROPELLO CON SUB SECUENTE MUERTE;1;0;ASOCIACION DE RESIDENTES CHUMBIVILCANOS MZ-F LT-8;LA QUEBRADITA;-16.332504;-72.193772;SOLEADO;NO IDENTIFICA LA CAUSA;;;SIN OBSERVACIONES
A-2021-12-202;31/12/2021;21:00;ATROPELLO;ATROPELLO;1;0;JR PALACIOS CUADRA 04 MORROPON;---;-5.186126;-79.969722;DESPEJADO;NO IDENTIFICA LA CAUSA;;;
A-2021-12-203;05/12/2021;21:00;ATROPELLO;CON CONSECUENCIA DE MUERTE;1;0;CARRETERA PANAMERICANA NORTE;-;-10.82907938;-77.70009623782502;DESPEJADO;NO IDENTIFICA LA CAUSA;;;SE INVESTIGA
A-2021-12-204;10/12/2021;19:20;ATROPELLO FUGA;CON CONSECUENCIA DE MUERTE;1;0;CARRETERA PANAMERICANA NORTE;-;-10.8582676;-77.69031756830302;DESPEJADO;NO IDENTIFICA LA CAUSA;;;SE INVESTIGA
A-2021-12-205;13/12/2021;19:50;ATROPELLO;CON CONSECUENCIA DE MUERTE;1;0;CARRETERA PANAMERICANA NORTE;ALTURA DEL CENTRO POBLADO LOS OLIVOS;-10.78700962;-77.7128743936837;DESPEJADO;NO IDENTIFICA LA CAUSA;;;SE INVESTIGA
A-2021-12-206;15/12/2021;19:40;VOLCADURA;-;1;0;AV. NUEVA TOLEDO;-;-12.10018;-76.79166;DESPEJADO;NO IDENTIFICA LA CAUSA;;;
A-2021-12-207;16/12/2021;20:00;ATROPELLO;-;1;0;AV. VICTOR MALASQUEZ FRENTE AL HOSTAL KENDALL;-;-12.108048;-76.875272;DESPEJADO;IMPRUDENCIA DEL CONDUCTOR;OTRO (IMPRUDENCIA DEL CONDUCTOR);;
A-2021-12-208;18/12/2021;12:40;CHOQUE;-;1;0;AV. LOS DOMINICOS ALTURA DE LA MZ. D. LT. CRUCE CON AV. CANTA CALLAO;-;-11.990701;-77.106933;SOLEADO;NO IDENTIFICA LA CAUSA;;;
A-2021-12-209;18/12/2021;20:20;CHOQUE;-;1;0;AV. TOMAS MARZANO CDRA. 21;(ALT. VILLARÁN);-12.12238386;-77.00564673617936;DESPEJADO;NO IDENTIFICA LA CAUSA;;;
A-2021-12-21;05/12/2021;11:00;CHOQUE;-;1;1;CARRETERA PANAMERICANA SUR KM. 384;-;-14.50349;-75.256953;DESPEJADO;NO IDENTIFICA LA CAUSA;;;
A-2021-12-210;19/12/2021;02:45;CHOQUE;VOLCADURA;1;0;CARRETERA PANAMERICANA NORTE INTERSECCIÓN CON LA AV. TRAPICHE;-;-11.93071;-77.07231;DESPEJADO;NO IDENTIFICA LA CAUSA;;;
A-2021-12-211;20/12/2021;06:35;ATROPELLO;-;1;0;AV. LAS LOMAS;ALTURA DE LA MZ. F, LT25, SECTOR 2, GRUPO 4;-12.08344888;-76.8780917430727;DESPEJADO;NO IDENTIFICA LA CAUSA;;;
A-2021-12-212;19/12/2021;05:30;ATROPELLO;-;1;0;AV. REVOLUCIÓN (ALTURA INTERSECCIÓN AV. BOLIVAR);-;-12.21592;-76.935139;DESPEJADO;NO IDENTIFICA LA CAUSA;;;
A-2021-12-213;20/12/2021;15:30;CHOQUE;VOLCADURA;1;1;AV. MALECÓN CHECA CDRA. 4 ALTURA DE LA INTERSECCIÓN CON EL JR. WIRACOCHA;;-12.029521;-77.007004;SOLEADO;NO IDENTIFICA LA CAUSA;;;
A-2021-12-214;01/12/2021;17:30;VOLCADURA;ATROPELLO;1;0;AV. SANTA ROSA ALTRA  DE LA SUNAT;-;-11.982914;-76.993324;DESPEJADO;IMPRUDENCIA DEL CONDUCTOR;OTRO (IMPRUDENCIA DEL CONDUCTOR);;
A-2021-12-215;02/12/2021;17:50;CHOQUE;DESPISTE Y VOLCADURA;1;0;AUTOPISTA RAMIRO PRIALE INTERSECCION CON PTE SANTA CLARA;-;-12.011532;-76.891939;DESPEJADO;NO IDENTIFICA LA CAUSA;;;
A-2021-12-216;08/12/2021;10:00;CAÍDA DE PASAJERO;-;1;0;INGRESO A LA EMPRESA PIEDRA SANTA- CERRO TRES MARIAS;-;-12.183116;-76.924735;SOLEADO;NO IDENTIFICA LA CAUSA;;;
A-2021-12-217;30/12/2021;11:30;DESPISTE;VOLCADURA;1;4;PANAMERICANA SUR KM 35;-;-12.301834;-76.845125;SOLEADO;NO IDENTIFICA LA CAUSA;;;
A-2021-12-218;29/12/2021;13:55;ATROPELLO;-;1;1;AV. LIMA CRUCE CON JR. UNANUE;-;-12.025253;-77.010592;SOLEADO;NO IDENTIFICA LA CAUSA;;;
A-2021-12-219;31/12/2021;09:10;ATROPELLO;-;1;0;AV. LIMA NORTE CDRA 01 CON PASAJE EL SOL;-;-11.9330585;-76.69317478959006;DESPEJADO;NO IDENTIFICA LA CAUSA;;;
A-2021-12-22;06/12/2021;13:30;CHOQUE;-;1;0;SECTOR LA SALCEDO;LADRILLERA;-14.0812057;-75.7107103;SOLEADO;NO IDENTIFICA LA CAUSA;;;
A-2021-12-220;06/12/2021;14:44;CHOQUE;VOLCADURA;1;0;AV. UNIVERSITARIA CON AV. NARANJAL;-;-11.977829;-77.077696;SOLEADO;NO IDENTIFICA LA CAUSA;;;
A-2021-12-221;23/12/2021;22:30;CHOQUE;-;1;0;CARRETERA OLMOS KM. 91;-;-5.991169;-79.721475;DESPEJADO;NO IDENTIFICA LA CAUSA;;;ACCIDENTE EN INVESTIGACION
A-2021-12-222;21/12/2021;08:05;DESPISTE;-;1;0;CARRETERA PANAMERICANA NORTE KM 793;-;-6.738122;-79.880227;DESPEJADO;NO IDENTIFICA LA CAUSA;;;ACCIDENTE EN INVESTIGACION
A-2021-12-223;22/12/2021;06:30;DESPISTE;CHOQUE, VOLCADURA Y CAIDA FATAL;1;0;CARRETERA PANAMERICANA NORTE KM. 13.500;-;-12.0133494;-77.0603835;DESPEJADO;NO IDENTIFICA LA CAUSA;;;
A-2021-12-224;23/12/2021;19:00;ATROPELLO;-;1;0;ANTIGUA PANAMERICANA SUR KM. 36.500;-;-12.276894;-76.870023;DESPEJADO;NO IDENTIFICA LA CAUSA;;;
A-2021-12-225;19/12/2021;03:15;DESPISTE;CONSECUENTE DE MUERTE;1;0;AV. PARTICIPACION CUADRA 24;GRIFO SERVICENTRO TVA;-3.771060995;-73.26379620710647;;;;;
A-2021-12-23;09/12/2021;23:30;DESPISTE;CHOQUE Y VOLCADURA;1;2;SECTOR DE MACCMACCOCHA;KM 582, VIA NACIONAL AYACUCHO - ANDAHUAYLAS;-13.611073;-73.575278;NUBLADO;IMPRUDENCIA DEL CONDUCTOR;EXCESO DE VELOCIDAD;;
A-2021-12-234;24/12/2021;18:50;CHOQUE;FUGA;1;0;CARRETERA FBT KM 641 500 BANDA DE SHILCAYO;;-6.55107;-76.34146;DESPEJADO;IMPRUDENCIA DEL CONDUCTOR;CONDUCIR EN ESTADO DE EBRIEDAD Y/O DROGADICCIÓN;;NINGUNO
A-2021-12-235;21/12/2021;16:00;CHOQUE;POR ALCANCE SEGUIDO DE DESPISTE Y VOLCADURA;1;3;CARRETERA FBT SUR KM 01;ALTURA DEL AA.HH NADIN HEREDIA BANDA DE SHILCAYO;-6.50662008;-76.3455071890182;DESPEJADO;IMPRUDENCIA DEL CONDUCTOR;EXCESO DE VELOCIDAD;;NINGUNA
A-2021-12-236;19/12/2021;15:30;CHOQUE;DESPISTE Y VOLCADURA;4;0;CARRETERA FBT SUR KM 634 JUAN GUERRA;;-6.57864;-76.32731;DESPEJADO;IMPRUDENCIA DEL CONDUCTOR;CONDUCIR EN ESTADO DE EBRIEDAD Y/O DROGADICCIÓN;;NINGUNA
A-2021-12-237;18/12/2021;17:45;CHOQUE;VOLCADURA SEGUIDO DE DESPISTE;1;0;CARRETERA FBT KM 568 TABALOSOS;;-6.38832;-76.62916;DESPEJADO;IMPRUDENCIA DEL CONDUCTOR;EXCESO DE VELOCIDAD;;NINGUNO
A-2021-12-238;08/12/2021;07:20;VOLCADURA;CHOQUE SEGUIDO DE ATROPRLLO SEGUIDO DE  APLASTAMIENTO Y DESPISTE;1;0;CARRETERA TARAPOTO YURIMAGUAS ALTURA DEL CASERIO PROGRESO KM 30 BANDA DE SHILCAYO;;-6.42122732;-76.291237;DESPEJADO;IMPRUDENCIA DEL CONDUCTOR;EXCESO DE VELOCIDAD;;NINGUNA
A-2021-12-239;06/12/2021;01:00;CHOQUE;POR ALCANCE;1;0;CARRETERA FBT KM 590 300;SECTOR TRONCAL;-6.44466;-76.49034;DESPEJADO;IMPRUDENCIA DEL CONDUCTOR;EXCESO DE VELOCIDAD;;NINGUNO
A-2021-12-24;11/12/2021;16:30;CHOQUE;CHOQUE POR EMBISTE ;1;2;CARRETERA SULLANA - ALAMOR ;ALTURA DEL CUARTEL DE QUERECOTILLO;-4.836912863;-80.65014654787663;DESPEJADO;NO IDENTIFICA LA CAUSA;;;CHOQUE POR EMBISTE
A-2021-12-240;24/12/2021;17:00;ATROPELLO;-;1;0;AV. UNIVERSITARIA CON AV. ANGELICA GAMARRA;-;-12.0065484;-77.08233591984799;SOLEADO;NO IDENTIFICA LA CAUSA;;;
A-2021-12-241;24/12/2021;16:20;CHOQUE;VOLCADURA Y CAÍDA FATAL;1;0;CARRETER CIENEGUILLA KM. 13.5;-;-12.090918;-76.844108;SOLEADO;NO IDENTIFICA LA CAUSA;;;
A-2021-12-242;25/12/2021;16:30;ATROPELLO;-;1;0;AV. TUPAC AMARU KM. 20.500;-;-11.871631;-77.014417;DESPEJADO;NO IDENTIFICA LA CAUSA;;;
A-2021-12-243;26/12/2021;04:00;DESPISTE;-;1;0;CARRETERA CENTRAL KM.20;-;-11.990416;-76.820875;DESPEJADO;NO IDENTIFICA LA CAUSA;;;
A-2021-12-244;26/12/2021;17:15;ATROPELLO;-;2;1;AV. ARIOSTO MATELLINI CON LA AV. DEFENSORES DEL MORRO;-;-12.181323;-77.012318;DESPEJADO;NO IDENTIFICA LA CAUSA;;;
A-2021-12-245;26/12/2021;16:00;VOLCADURA;CAÍDA FATAL;1;0;AV. PABLO PATRÓN Y CIRCUNVALACIÓN FRENTE AL MERCADO DE FRUTAS;-;-12.067019;-76.997399;SOLEADO;NO IDENTIFICA LA CAUSA;;;
A-2021-12-246;27/12/2021;04:00;CHOQUE;VOLCADURA Y CAÍDA FATAL;1;0;CARRETERA CENTRAL KM. 36 ALTURA DE LA AV. INDEPENDENCIA 593;-;-11.931703;-76.692086;DESPEJADO;NO IDENTIFICA LA CAUSA;;;
A-2021-12-247;31/12/2021;10:54;DESPISTE;VOLCADURA;1;0;AV. INDEPENDENCIA CDRA 04 (AVENIDA LOS PINOS);-;-11.997731;-77.051705;SOLEADO;NO IDENTIFICA LA CAUSA;;;
A-2021-12-248;31/12/2021;17:05;ATROPELLO;-;1;0;AV. 26 DE NOVIEMBRE CDRA. 12;-;-12.171185;-76.930697;DESPEJADO;NO IDENTIFICA LA CAUSA;;;
A-2021-12-25;05/12/2021;17:30;DESPISTE;SEGUIDO DE VOLCADURA;1;3;CARRETERA VIA LOS LIBERTADORES KM. 121 800;PUENTE AMARGURA II;-13.6038446;-75.3175364;DESPEJADO;NO IDENTIFICA LA CAUSA;;;
A-2021-12-253;24/12/2021;20:00;CHOQUE FUGA;-;1;0;CARRETERA CHAMAYA - JAEN;KM. 05 386;-5.806591835;-78.7727343803987;DESPEJADO;NO IDENTIFICA LA CAUSA;;;ACCIDENTE EN INVESTIGACION
A-2021-12-255;29/12/2021;20:20;ATROPELLO FUGA;-;1;0;CARRETERA VIA DE EVITAMIENTO Y CAHUIDE;-;-6.801760936;-79.84689468372586;DESPEJADO;NO IDENTIFICA LA CAUSA;;;ACCIDENTE EN INVESTIGACION
A-2021-12-26;08/12/2021;15:30;DESPISTE;SEGUIDO DE VOLCADURA;2;2;CARRETERA CAMINO A TINGUE ;CERRO PICO ;-14.1745787;-75.5859515;SOLEADO;NO IDENTIFICA LA CAUSA;;;
A-2021-12-27;15/12/2021;17:00;CHOQUE;;1;0;AV. EL OLIVAR /AV. LOS DOMINICOS CALLAO ;;-12.01705807;-77.09289378582605;DESPEJADO;IMPRUDENCIA DEL CONDUCTOR;OTRO (IMPRUDENCIA DEL CONDUCTOR);DESPLAZAR SU VEHICULO CONTRAVINIENDO LA RESTRISCCION QUE SIGNIFICA LA SEÑALIZACION EXISTENTE.;NINGUNA
A-2021-12-276;16/12/2021;01:21;VOLCADURA;VOLCADURA CON CONSECUENCIA FATAL;1;0;LUCRE AYMARAES;AYMARAES;-13.924061;-73.233873;;;;;
A-2021-12-277;03/12/2021;12:30;VOLCADURA;DESPISTE CON VOLCADURA;1;1;CARRETERA ABANCAY-LAMBRAMA;PUENTE SAHUINTO;-13.73192716;-72.87942252312583;;;;;
A-2021-12-278;19/12/2021;05:45;CHOQUE;----;1;0;KM. 645 700;---;-15.92455617;-74.11293799237252;DESPEJADO;NO IDENTIFICA LA CAUSA;;;
A-2021-12-279;26/12/2021;21:30;DESPISTE;------;1;0;SAN ANDRES COMPLEMENTO;-----;-15.53804051;-74.12523747887633;DESPEJADO;NO IDENTIFICA LA CAUSA;;;
A-2021-12-280;19/12/2021;13:00;CHOQUE;-----;2;0;KM. 19 DE LA VIA COSTANERA CAMANA QUILCA MATARANI;------;-16.69516899;-72.45780429248134;DESPEJADO;NO IDENTIFICA LA CAUSA;;;
A-2021-12-281;16/12/2021;08:40;DESPISTE;-----;1;0;KM. 28.160 LA PAMPA - MOLLEHUACA;-------;-15.65924478;-74.0951974362041;DESPEJADO;NO IDENTIFICA LA CAUSA;;;
A-2021-12-282;14/12/2021;21:00;ATROPELLO;----;1;0;ANEXO DE COSOS - PLATAFORMA DEPORTIVA;------;-16.055995;-72.48721909347373;DESPEJADO;NO IDENTIFICA LA CAUSA;;;
A-2021-12-286;12/12/2021;19:00;DESPISTE;----;4;0;CURVA SAN ANTONIO DEL ANEXO DE VALLECITO - YANAQUIHUA;YANAQUIHUA;-15.78059073;-72.88359509567928;DESPEJADO;NO IDENTIFICA LA CAUSA;;;
A-2021-12-287;04/12/2021;12:00;DESPISTE;-----;1;0;KM. 25 DE LA VIA DE PENETRACIÓN AREQUIPA CHUQUIBAMBA;-----;-16.32125107;-72.44685224063642;DESPEJADO;NO IDENTIFICA LA CAUSA;;;
A-2021-12-288;05/12/2021;17:00;DESPISTE;------;1;2;KM. 886.700 DE LA CARRETERA PANAMERICANA SUR;----;-16.53848205;-72.51726972660755;DESPEJADO;NO IDENTIFICA LA CAUSA;;;
A-2021-12-289;12/12/2021;04:00;DESPISTE;-----;1;0;KM. 129.5 DE LA CARRETERA CHUQUIBAMBA-COTAHUASI;-------;-15.83653258;-72.6581406225321;DESPEJADO;NO IDENTIFICA LA CAUSA;;;
A-2021-12-29;10/12/2021;20:00;DESPISTE;DESPISTEY PRECIPITACION ;1;1;CARRETERA PAIMAS AYABACA ;CACERIO ;-4.654003901;-79.73730502191634;LLUVIOSO;NO IDENTIFICA LA CAUSA;;;POR DETERMINAR
A-2021-12-291;31/12/2021;22:10;ATROPELLO;-;1;1;CARRETERA LONGITUDINAL DE LA SELVA NORTE ;SECTOR PIÑAL;-8.952813222;-76.10167218422438;DESPEJADO;IMPRUDENCIA DEL PEATÓN;ESTADO DE EBRIEDAD Y/O DROGADICCIÓN;;FALTA DE ILUMINACIÓN ARTIFICIAL EN EL LUGAR DEL ACCIDENTE DE TRÁNSITO
A-2021-12-293;25/12/2021;13:45;ATROPELLO;;1;0;AV. NESTOR GAMBETTA;ALTURA DEL PARADERO 7 DE JUNIO VENTANILLA;-11.8885719;-77.13055217;DESPEJADO;IMPRUDENCIA DEL PEATÓN;OTRO (IMPRUDENCIA DEL PEATÓN);EFECTUAR SU DESPLAZAMIENTO SIN CUIDADO Y PREVENCION, A UNA VELOCIDAD INAPROPIADA;NINGUNA 
A-2021-12-295;12/12/2021;13:25;DESPISTE;-;1;0;CARRETERA CHINCHA HUANCAVELICA KM 180 - 200;-;-11.97059095;-77.07248371063332;;;;;
A-2021-12-3;01/12/2021;04:00;ATROPELLO FUGA;;1;0;CARRETERA CATAC - CHAVIN ;KM 02   100;-9.769422718;-77.40669807703932;DESPEJADO;IMPRUDENCIA DEL CONDUCTOR;EXCESO DE VELOCIDAD;;
A-2021-12-30;12/12/2021;02:00;DESPISTE;;1;0;CALLE BEATERIO CDRA 1;ALTURA DE LA ASOCIACION LA PASCANA;-16.39678115;-71.54263681204017;DESPEJADO;NO IDENTIFICA LA CAUSA;;;SIN OBSERVACIONES
A-2021-12-31;06/12/2021;20:10;ATROPELLO;-;1;0;KM 124 355;CARRETERA SUR CALAPUJA PUERTO MALDONADO;-14.430196;-70.2589258;DESPEJADO;IMPRUDENCIA DEL PEATÓN;CRUCE INDEBIDO POR LA CALZADA;;NINGUNA 
A-2021-12-32;02/12/2021;08:20;CHOQUE;VOLCADURA ;1;0;CARRETERA PANAMERICANA NORTE. KM. 242.0;FRENTE A MARISOL ;-3.630742137;-80.57235174136059;DESPEJADO;IMPRUDENCIA DEL CONDUCTOR;EXCESO DE VELOCIDAD;;
A-2021-12-33;15/12/2021;19:50;ATROPELLO FUGA;-;1;0;CARRETERA PANAMERICANA SUR KM 445;-;-14.81940748;-74.97213789560045;DESPEJADO;NO IDENTIFICA LA CAUSA;;;
A-2021-12-34;20/12/2021;11:30;ATROPELLO;;1;0;AV. VICTOR RAUL HAYA DE LA TORRE ;MI PERU ;-11.85765345;-77.1283577259479;DESPEJADO;NEGLIGENCIA DEL CONDUCTOR;OTRO (NEGLIGENCIA DEL CONDUCTOR);EXCESO DE CONFIANZA DEL CONDUCTOR ;NIGNUNA
A-2021-12-35;14/12/2021;10:30;DESPISTE;.;1;1;CALLE SANTA ROSA ;ALTURA DE LA VIA DE EVITAMIENTO S/N, AL COSTADO DEL CEMENTERIO DE CORRALES ;-3.657076362;-80.44771486098061;DESPEJADO;IMPRUDENCIA DEL CONDUCTOR;EXCESO DE VELOCIDAD;;
A-2021-12-36;01/12/2021;16:50;CHOQUE;-;1;0;INTERSECCION DE LA CALLE JOSE MARTI Y LA CALLE JOSE ANTONIO PAEZ;MERCADO LA VICTORIA;-8.084816;-79.038711;DESPEJADO;IMPRUDENCIA DEL CONDUCTOR;CONDUCIR EN ESTADO DE EBRIEDAD Y/O DROGADICCIÓN;;
A-2021-12-37;15/12/2021;14:14;CHOQUE FUGA;CHOQUE FATAL Y FUGA DEL CONDUCTOR DE LA LA UT1;1;3;CARRETERA AREQUIPA MATARANI KM. 39 740;KM. 39  740;-16.921667;-72.053889;NUBLADO;NO IDENTIFICA LA CAUSA;;;EL CONDUCTOR DE LA UT1 SE DIO A LA FUGA
A-2021-12-4;03/12/2021;17:41;ATROPELLO;;1;0;LUGAR DENOMINADO MANAHUYE;;-9.36494855;-77.09565316427269;SOLEADO;IMPRUDENCIA DEL PEATÓN;CRUCE INDEBIDO POR LA CALZADA;;
A-2021-12-5;05/12/2021;08:00;DESPISTE;Y VOLCADURA;1;0;CARRETERA ILAVE MAZOCRUZ KM 62   180;ALTURA DEL DISTRITO DE CONDURIRI;-16.64384821;-69.71485007913589;DESPEJADO;INFRAESTRUCTURA Y ENTORNO VIAL;OTRO (INFRAESTRUCTURA Y ENTORNO VIAL);AL NO INSTALAR DISPOSITIVOS DE TRANSITO Y SEÑALIZACION EN LA VIA.;
A-2021-12-50;12/12/2021;04:25;DESPISTE;Y VOLCADURA;1;0;CARRETERA ACOBAMBA-HACIA EL DISTRITO DE ROSARIO;ALTURA DEL ANEXO  DE MARCOBAMBA;-12.76249106;-74.5656884153541;DESPEJADO;NO IDENTIFICA LA CAUSA;;;FALTA DE DOCUMENTACION
A-2021-12-51;10/12/2021;13:30;ATROPELLO FUGA;-;1;2;CARRETERA PANAMERICANA NORTE ALTURA DEL KM. 577.9;-;-8.002536;-79.071728;DESPEJADO;IMPRUDENCIA DEL CONDUCTOR;FATIGA Y/O CANSANCIO;;
A-2021-12-52;19/12/2021;12:00;CHOQUE;;1;0;CARRETERA HUARAZ-CARAZ;LUGAR DENOMINADO MITA PAMPA;-9.204923228;-77.6955183049935;SOLEADO;IMPRUDENCIA DEL CONDUCTOR;INVASIÓN DE CARRIL;;
A-2021-12-53;11/12/2021;09:00;CHOQUE;-;1;0;PUENTE CHAMIS;-;-7.911865;-77.903236;DESPEJADO;IMPRUDENCIA DEL CONDUCTOR;INVASIÓN DE CARRIL;;
A-2021-12-54;22/12/2021;07:30;CHOQUE;;1;1;CARRETEWRA DE PENETRACION  PISCOBAMBA-POMABAMBA DEL KM 101;LUGAR DENOMINADO CHUMBO;-8.830359046;-77.44144099349027;DESPEJADO;IMPRUDENCIA DEL CONDUCTOR;EXCESO DE VELOCIDAD;;
A-2021-12-55;16/12/2021;00:40;CHOQUE;CHOQUE FRONTAL EXCÉNTRICO IZQUIERDO;1;0;VIA DE EVITAMIENTO KM 5   500;"ALTURA DE EMPRESA ""YEROZUM""";-16.362821;-71.578105;DESPEJADO;NO IDENTIFICA LA CAUSA;;;SIN OBSERVACIONES
A-2021-12-56;18/12/2021;20:00;ATROPELLO;ATROPELLO FATAL;1;0;VIA VARIANTE DE UCHUMAYO;PUENTE ARRAYANES;-16.433946;-71.553471;DESPEJADO;NO IDENTIFICA LA CAUSA;;;SIN OBSERVACIONES
A-2021-12-57;12/12/2021;18:50;DESPISTE;-;1;0;INTERSECCION DE LA AV. PETROPERU Y LA CALLE ANTENOR ORREGO;-;-8.218302;-78.978789;DESPEJADO;NO IDENTIFICA LA CAUSA;;;-CONSTANCIA DEL CASO, ESTADO ARCHIVO - 3RA FPPC TRUJILLO, FISCAL DIANA ESTELA REGALADO URQUIAGA
A-2021-12-58;12/12/2021;19:00;DESPISTE;-;2;0;CARRETERA DE PENETRACION A LA SIERRA LIBERTEÑA KM. 43.20;-;-8.018895;-78.715078;DESPEJADO;NO IDENTIFICA LA CAUSA;;;
A-2021-12-6;03/12/2021;15:30;DESPISTE;VOLCADURA;2;1;HUANCARAMA;CRISTO BLANCO;-13.641459;-73.097459;LLUVIOSO;IMPRUDENCIA DEL CONDUCTOR;EXCESO DE VELOCIDAD;;
A-2021-12-62;17/12/2021;07:00;DESPISTE;PARCIAL CON VOLCADURA;1;0;CARRETERA PILPICHACA   HUAYTARA;KM. 192 970;-13.3680319;-74.9544355;DESPEJADO;NO IDENTIFICA LA CAUSA;;;FALTA DE DOCUMENTOS
A-2021-12-63;18/12/2021;22:00;DESPISTE;Y VOLCADURA;1;0;CARRETERA PUCACCASA-ANTA-ACOBAMBA;ALTURA DEL LUGAR DENOMINADO KIRIAHUACCTA-MANYACC;-12.843717;-74.617839;DESPEJADO;NO IDENTIFICA LA CAUSA;;;FALATA DE DOCUMENTACION
A-2021-12-64;23/12/2021;02:20;CHOQUE;-;1;4;CARRETERA PANAMERICANA SUR KM. 248;-;-13.90501482;-76.05095184372767;DESPEJADO;NO IDENTIFICA LA CAUSA;;;
A-2021-12-66;08/12/2021;19:50;ATROPELLO;CONSECUENTE DE MUERTE;1;1;AVENIDA NAVARRO CAUPER;CALLE NAUTA;-3.73193213;-73.25876824469772;;;;;
A-2021-12-67;19/12/2021;12:00;DESPISTE;CONSECUENTE DE MUERTE;1;0;CALLE GANZO AZUL CUADRA 05;COSTADO DE ELECTRO ORIENTE;-3.735641781;-73.24260413925239;;;;;
A-2021-12-68;13/12/2021;16:55;CHOQUE;-;1;0;CARRETERA PANAMERICANA NORTE ALTURA DEL KM. 519;-;-8.423766876;-78.78223717052951;DESPEJADO;IMPRUDENCIA DEL CONDUCTOR;ADELANTAR INDEBIDAMENTE;;
A-2021-12-69;08/12/2021;06:00;ATROPELLO FUGA;-;1;0;-;-;-10.81098547;-76.23864765339725;DESPEJADO;IMPRUDENCIA DEL CONDUCTOR;EXCESO DE VELOCIDAD;;
A-2021-12-7;07/12/2021;22:00;CHOQUE;;1;0;AV. NESTORGAMBETTA / AV. MORALES DUAREZ ;FRENTE AL GRIFO REPSOL;-12.03825979;-77.12717963582398;DESPEJADO;NEGLIGENCIA DEL CONDUCTOR;OTRO (NEGLIGENCIA DEL CONDUCTOR);CONTRAVINIENDO LAS NORMAS DE SEGURIDAD VIAL;NIGUNNO
A-2021-12-70;09/12/2021;18:00;CHOQUE;CON CONSECUENTE DE MUERTE;1;1;AVENIDA QUIÑONES;PLAZA ANITA CABRERA;-3.766726217;-73.27312225655557;;;;;
A-2021-12-71;20/12/2021;20:30;CHOQUE;-------------;1;1;CARRETERA CAJAMARCA - CAJABAMBA. ALTURA DEL KM.1174. CASERÍO CHAQUICOCHA - CONDEBAMBA - CAJABAMBA;--------------------;-7.527567;-78.148252;DESPEJADO;NO IDENTIFICA LA CAUSA;;;
A-2021-12-72;16/12/2021;17:00;ATROPELLO;-;1;0;CARRETERA DE PENETRACION A LA SIERRA LIBERTEÑA ALTURA DEL KM. 26.5;-;-8.021698;-78.838331;DESPEJADO;IMPRUDENCIA DEL CONDUCTOR;GIRAR IMPRUDENTEMENTE;;