COD_ACCIDE;FechaDelAccidente;HoraDelAccidente;ClaseDelAccidente;SecuenciaAccidente;CantidadDeFallecidos;CantidadDeLesionados;Direccion;LugarReferencia;y;x;CondClimatica;CausaFactorPrincipal;CausaEspecifica;OtraCausa;Observaciones
A-2021-12-73;17/12/2021;11:40;CHOQUE;-;2;0;CARRETERA DE PENETRACION AL DISTRITO DE HUAMACHUCO ALTURA DEL KM. 166;-;-7.874474;-78.115444;DESPEJADO;IMPRUDENCIA DEL CONDUCTOR;CONDUCIR EN ESTADO DE EBRIEDAD Y/O DROGADICCIÓN;;
A-2021-12-74;19/12/2021;22:35;DESPISTE;DEPISTE CHOQUE FATAL Y DAÑOS MATERIALES;1;0;AV. PAISAJISTA S/N SOCABAYA;INGRESO AL MIRADOR BELLAPAMPA;-16.46019;-71.547048;DESPEJADO;NO IDENTIFICA LA CAUSA;;;SIN OBSERVACIONES
A-2021-12-75;25/12/2021;14:45;CHOQUE; CHOQUE FATAL;1;5;CARRETERA AREQUIPA JULIACA KM.65 40;LOS CCAPO;-15.700749;-71.590196;DESPEJADO;NO IDENTIFICA LA CAUSA;;;SIN OBSERVACIONES
A-2021-12-76;25/12/2021;06:00;CHOQUE;CHOQUE FRONTAL, VOLCADURA Y DEPSISTE;1;1;CARRETERA AREQUIPA JULIACA KM.186 550;HITO KM. 186 550;-15.759281;-70.932057;NUBLADO;NO IDENTIFICA LA CAUSA;;;SIN OBSERVACIONES
A-2021-12-77;27/12/2021;16:10;CHOQUE;FRONTAL;1;0;CARRETERA PANAMERICA SUR KM 1367 600;-;-15.853722;-69.963299;DESPEJADO;IMPRUDENCIA DEL CONDUCTOR;INVASIÓN DE CARRIL;;
A-2021-12-79;02/12/2021;20:35;ATROPELLO FUGA;;1;0;CARRETERA CHAPAIRA TERELA ;ALTURA DEL KM 8 560;-5.10173505;-80.5979354;DESPEJADO;NO IDENTIFICA LA CAUSA;;;
A-2021-12-8;07/12/2021;18:00;CHOQUE;;1;0;AV. NESTOR GAMBETTA /AV CALIFORNIA ;UNIVERSIDAD FEDERICO VILLAREAL;-11.97242458;-77.1248169387054;DESPEJADO;NO IDENTIFICA LA CAUSA;;;HASTA LA FECHA , NO PERMITE ESTABLECER EN FORMA FEHACIENTE E INDUBITABLE EL FACTOR PREDOMINANTE.
A-2021-12-80;27/12/2021;07:30;CHOQUE;;1;0;AV. NESTOR GAMBETTA KM 6.5 OQUENDO ;PARADERO ZETA GAS ;-11.98512805;-77.12521423663608;DESPEJADO;IMPRUDENCIA DEL CONDUCTOR;NO DAR PASO PREFERENTE AL PEATÓN;;NINGUNA
A-2021-12-81;12/12/2021;22:00;CHOQUE;VOLCADURA;4;16;KM 12 338;JULIACA HUANCANE;-15.40756;-70.0659119;DESPEJADO;IMPRUDENCIA DEL CONDUCTOR;OTRO (IMPRUDENCIA DEL CONDUCTOR);AL CIRCULAR CON LA MAQUINARIA ESPECIAL POR LA CALZADA DEL EVENTO ;NINGUNA 
A-2021-12-82;25/12/2021;07:45;CHOQUE;FRONTAL;1;0;CARRETERA PANAMERICANA SUR KM 461.200;SECTOR PAJONAL ;-14.90848032;-74.98480375259908;DESPEJADO;NO IDENTIFICA LA CAUSA;;;
A-2021-12-83;26/12/2021;23:30;DESPISTE;-;1;0;AVENIDA. FERMIN TANGUIS;CEMENTERIO MAPFRE;-13.7114134;-76.1871595;DESPEJADO;NO IDENTIFICA LA CAUSA;;;
A-2021-12-88;03/12/2021;20:00;DESPISTE;VOLCADURA;1;2;CARRETERA HUANCARAY - PAMPAMARCA ;;-13.730434;-73.533048;;;;;
A-2021-12-9;09/12/2021;04:22;ATROPELLO FUGA;-;1;0;CARRETERA PANAMERICA SUR PUNO-JULIACA KM 1345 150;CERCA AL ESTADIO DEL DISTRITO DE PAUCARCOLLA;-15.75278575;-70.05233133972958;DESPEJADO;NO IDENTIFICA LA CAUSA;;;
A-2021-12-90;06/12/2021;17:45;DESPISTE;SE INVESTIGA;1;2;IRRIGACION SANTA ROSA - SECTOR TRES PIEDRAS;AA.HH 09 DE OCTUBRE;-11.21822059;-77.4090298771327;DESPEJADO;NO IDENTIFICA LA CAUSA;;;FISCALIA
A-2021-12-91;12/12/2021;09:00;ATROPELLO;EL PEATON DESCIENDE DE UN BUS, INMEDIATAMENTE CRUZA POR LA PARTE FRONTAL DEL BUS E INTENTA CRUZAR LA C.P.N., EN SENTIDO DE  ESTE A OESTE, AL INGRESAR AL CARRIL OESTE ES IMPACTADO POR EL VEHICULO DE PLACA H2C-323;1;0;CARRETERA PANAMERICANA NORTE;KM. 126.413.65;-11.30650211;-77.48817080324059;SOLEADO;IMPRUDENCIA DEL PEATÓN;CRUCE INDEBIDO POR LA CALZADA;;NINGUNA
A-2021-12-92;19/12/2021;01:00;CHOQUE;EL VEHICULO N3, CAMION DE PLACA DE RODAJE D1R-711, SE DESPLAZABA EN SENTIDO DE ESTE A OESTE, AL LLEGAR AL KM. 21.500 DE LA CARRETERA DE PENETRACION HUAURA SAYAN, IMPACTA POR ALCANCE AL VEHÍCULO CATG. L3 SIN PLACA DE RODAJE;1;1;CARRETERA DE PENETRACION HUAURA - SAYAN;KM. 21.500;-11.07467669;-77.50771876853804;DESPEJADO;IMPRUDENCIA DEL CONDUCTOR;EXCESO DE VELOCIDAD;;NINGUNA
A-2021-12-93;21/12/2021;06:00;ATROPELLO FUGA;SE INVESTIGA;1;0;CARRETERA PANAMERICANA NORTE;ALTURA DEL OVALO RIO SECO ;-11.412563;-77.374989;DESPEJADO;NO IDENTIFICA LA CAUSA;;;FISCALIA
A-2021-12-94;21/12/2021;09:40;ATROPELLO;LA PEATON CRUZA EN SENTIDO DE OESTE A ESTE LA CARRETERA PANAMERICANA NORTE, LLEVANDO EN BRASOS A UNA MENOR, AL POSESIONARSE SOBRE EL CARRIL IZQUIERDO DE LA CALZADA OESTE, ES IMPACTADA POR EL VEHICULO N1 DE PLACA DE RODAJE BKQ-787;1;1;CARRETERA PANAMERICANA NORTE;KM. 87.850 - CHANCAY;-11.59451047;-77.25601446496525;SOLEADO;IMPRUDENCIA DEL CONDUCTOR;EXCESO DE VELOCIDAD;;NINGUNA
A-2021-12-95;24/12/2021;20:00;CHOQUE CON OBJETO FIJO;EL VEHÍCULO M1, DE PLACA DE RODAJE AHF-377, ERA CONDUCIDA POR LA CARRETERA DE PENETRACION HUAURA - SAYAN, EN SENTIDO DE OESTE A ESTE, CUANDO LLEGA AL AREA DEL ACCIDENTE IMPACTA CON EL VEHICULO N3, CLASE CAMION DE PLACA DE RODAJE A4H-913, EL CUAL SE ENCONTRABA ESTACIONADO CON DESPERFECTOS MECANICOS.;1;1;CARRETERA DE PENETRACION HUAURA - SAYÁN.;ALTURA DEL C.P. DESAGRAVIO;-11.06070432;-77.5624305525138;DESPEJADO;NO IDENTIFICA LA CAUSA;;;FISCALIA
A-2021-12-96;24/12/2021;23:50;DESPISTE;VOLCADURA;1;3;SECTOR DE MISKI YAKU - KAQUIABAMBA;KM 12;-13.56435716;-73.27507489659436;DESPEJADO;IMPRUDENCIA DEL CONDUCTOR;FATIGA Y/O CANSANCIO;;ACCIDENTE DE TRANSITO CON SUBSECUENCIA FATAL DEL OCUPANTE Y LESIONES 
A-2021-12-97;30/12/2021;06:30;CHOQUE;POR EMBISTE;1;0;CARRETERA BINACIONAL KM 302 600;ALTURA DEL SECTOR CARANCAS;-16.585721;-69.06567490499069;DESPEJADO;IMPRUDENCIA DEL CONDUCTOR;OTRO (IMPRUDENCIA DEL CONDUCTOR);EXCESO DE CONFIANZA AL DESPLAZARCE A UNA VELOCIDAD NO APROPIADA  PARA LAS CIRCUNSTANCIAS DEL LUGAR.;
A-2021-12-98;25/12/2021;20:40;ATROPELLO FUGA;ATROPELLO, VOLCADURA Y FUGA CON SUB SECUENTE MUERTE;1;0;CENTRO POBLADO C2 PARCELA 74 2DO RAMAL MAJES ;FRENTE A LA PARCELA 74;-16.314977;-72.284058;DESPEJADO;NO IDENTIFICA LA CAUSA;;;SIN OBSERVACIONES
A-2021-12-99;08/12/2021;06:30;CHOQUE;MUERTE Y DAÑOS MATERIALES;1;0;CARRETERA FEDERICO BASADRE KM. 13.800;ANTES DE LLEGAR A LA CERVECERÍA SAN JUAN;-8.40977;-74.650205;DESPEJADO;IMPRUDENCIA DEL CONDUCTOR;CONDUCIR EN SENTIDO CONTRARIO;;S/O
A-2022-01-1;01/01/2022;18:30;DESPISTE;VOLCADURA;3;3;CARRETERA LA PAMPA-CORONGO ;KM 03 300;-8.575619341;-77.91582947335122;;;;;
A-2022-01-100;18/01/2022;23:30;CHOQUE CON OBJETO FIJO;CHOQUE Y VOLCADURA FATAL;1;1;VARIANTE DE UCHUMAYO KM.0.5;PUENTE SAN ISIDRO ;-16.415782;-71.551365;DESPEJADO;NO IDENTIFICA LA CAUSA;;;SIN OBSERVACIONES
A-2022-01-103;24/01/2022;05:30;ATROPELLO;-;1;0;VIA LOS LIBERTADORES KM. 26;CENTRO POBLADO LATO ANANA;-13.7320209;-75.93328403930165;DESPEJADO;IMPRUDENCIA DEL PEATÓN;OTRO (IMPRUDENCIA DEL PEATÓN);POR DETERMINAR ;SE ENCUENTRA EN ESPERA DE EXAMEN DE LEY 
A-2022-01-104;22/01/2022;06:00;ATROPELLO;;1;0;AV. NESTOR GAMBETTA  CDRA. 08 ;FRENTE A LA EMPRESA IMPALA ;-12.04663824;-77.13209852397658;DESPEJADO;IMPRUDENCIA DEL PEATÓN;ESTADO DE EBRIEDAD Y/O DROGADICCIÓN;;NIGUNO
A-2022-01-11;06/01/2022;20:20;ATROPELLO;-;1;0;NUEVA CARRETERA PANAMERICANA SUR;-;-13.627379;-76.172521;DESPEJADO;NO IDENTIFICA LA CAUSA;;;
A-2022-01-110;05/01/2022;06:50;CHOQUE;-;1;0;CARRETERA PAN. SUR. KM.12.900;-;-12.1720183;-76.97873171240589;DESPEJADO;NO IDENTIFICA LA CAUSA;;;
A-2022-01-111;09/01/2022;19:10;ATROPELLO;-;1;0;PANAMERICANA SUR KM.48.123;ENTRADA SAN BARTOLO;-12.38516466;-76.77044923432662;DESPEJADO;IMPRUDENCIA DEL PEATÓN;CRUCE INDEBIDO POR LA CALZADA;;
A-2022-01-112;25/01/2022;09:40;CHOQUE;-;1;2;CARRETERA BINACIONAL  DESAGUADERO - MOQUEGUA KM 370;C.P. TANKA TANKA;-16.56992137;-69.25691668026715;DESPEJADO;IMPRUDENCIA DEL CONDUCTOR;GIRAR IMPRUDENTEMENTE;;IMPRUDENCIA DE LA CAMIONETA CON UN EVIDENTE EXCESO DE CONFIANZA
A-2022-01-113;16/01/2022;19:20;ATROPELLO;.;1;0;CARRETERA PANAMERICANA NORTE. KM 1278.1;ALTURA DEL CRUCE PUERTO PIZARRO;-3.534944221;-80.37715784699547;DESPEJADO;IMPRUDENCIA DEL CONDUCTOR;EXCESO DE VELOCIDAD;;
A-2022-01-114;13/01/2022;07:12;CHOQUE;CHOQUE Y VOLCADURA ;2;2;CARRETERA FERNANDO BEALUNDE TERRY;ALTURA DEL KM 37 800;-5.883344;-79.537538;DESPEJADO;NO IDENTIFICA LA CAUSA;;;
A-2022-01-115;20/01/2022;18:35;DESPISTE;SEGUIDO DE CHOQUE ;1;0;PANAMERICANA NORTE KM 273.3;.;-3.483976088;-80.25838308128853;DESPEJADO;IMPRUDENCIA DEL CONDUCTOR;CONDUCIR EN ESTADO DE EBRIEDAD Y/O DROGADICCIÓN;;
A-2022-01-116;21/01/2022;23:00;DESPISTE;.;1;1;PCARRETERA PANAMERICANA NORTE ;200 METROS DE LA ENTRADA DEL CRUCE DE PUERTO PIZARRO CON DIRECCION NORTE SUR ;-3.535660682;-80.37896221963575;DESPEJADO;IMPRUDENCIA DEL CONDUCTOR;CONDUCIR EN ESTADO DE EBRIEDAD Y/O DROGADICCIÓN;;
A-2022-01-120;10/01/2022;08:25;DESPISTE;VOLCADURA Y CAIDA;1;0;PANAMERICANA SUR KM.5;-;-12.12437163;-76.97719929375269;DESPEJADO;NO IDENTIFICA LA CAUSA;;;
A-2022-01-121;12/01/2022;02:00;CHOQUE CON OBJETO FIJO;-;1;0;CALZADA DE DESVIACION HACIA LA AUTOPISTA RAMIRO PRIALE;ALT.PTE PEAT PERU JAPON;-12.0306282;-76.9945093;DESPEJADO;IMPRUDENCIA DEL CONDUCTOR;VEHÍCULO MAL ESTACIONADO;;
A-2022-01-123;13/01/2022;14:00;CHOQUE;VOLCADURA Y CAIDA;1;0;VÍA EVITAMIENTO ;ALT. PTE VEHICULAR RICARDO PALMA;-12.04379998;-77.02457270473965;DESPEJADO;NO IDENTIFICA LA CAUSA;;;
A-2022-01-124;14/01/2022;15:30;ATROPELLO;APLASTAMIENTO;1;0;CALLE LAS PALMERAS MZ S6LL 11 PROYECTO 2000;-;-11.88175489;-76.94773246404225;DESPEJADO;NO IDENTIFICA LA CAUSA;;;
A-2022-01-125;14/01/2022;20:50;ATROPELLO;-;1;0;CARRETERA PAN. NORTE KM. 23.500;ALT. PTE CHILLON;-11.91349141;-77.07381770920416;DESPEJADO;IMPRUDENCIA DEL CONDUCTOR;EXCESO DE VELOCIDAD;;
A-2022-01-126;17/01/2022;07:45;ATROPELLO;-;1;0;AV. MARISCALAVELINOCACERESCON JR. LOS LIRIOS;-;-12.06192;-76.996147;DESPEJADO;NO IDENTIFICA LA CAUSA;;;
A-2022-01-127;21/01/2022;17:00;DESPISTE;;1;4;ALTURA DEL KM 506 500;DE LA VIA HUARAZ-PATIVILCA;-9.946351023;-77.38170942837297;;;;;
A-2022-01-130;14/01/2022;18:30;VOLCADURA;SEGUIDO DE DESPISTE;1;0;CARRETERA TARAPOTO YURIMAGUAS KM 12 BANDA DE SHILCAYO;;-6.462042585;-76.3075259136862;DESPEJADO;IMPRUDENCIA DEL CONDUCTOR;EXCESO DE VELOCIDAD;;NINGUNA
A-2022-01-139;28/01/2022;09:30;CHOQUE;POR EMBISTE;1;1;CARRETERA ILAVE-MAZOCRUZ KM 18 500;DESVIO AL C.P. VILLA LOPEZ;-16.24095244;-69.68082364939654;DESPEJADO;IMPRUDENCIA DEL CONDUCTOR;OTRO (IMPRUDENCIA DEL CONDUCTOR);EXCESO DE CONFIANZA DEL CONDUCTOR DE LA MOTOCICLETA , AL DESPLAZARCE A UN VELOCIDAD EL CUAL NO ESTABA ACORDE CON EL DOMINIO DE L VEHICULO, SIENDO SUPERADO EN ESPACIO Y TIEMPO SU CAPACIDAD DE REACCION.;
A-2022-01-140;19/01/2022;10:40;CHOQUE FUGA;CHOQUE, DEPISTE Y FUGA;1;1;VIA DE EVITAMIENTO KM.5;ALTURA DEL RESTAURANTE EL KUTUTO;-16.363203;-71.578079;DESPEJADO;NO IDENTIFICA LA CAUSA;;;SIN OBSERVACIONES
A-2022-01-142;03/01/2022;00:10;ATROPELLO;CAÍDA Y APLASTAMIENTO ;1;0;AV. INFANCIA ;-;-15.47199129;-70.12311970961198;DESPEJADO;IMPRUDENCIA DEL CONDUCTOR;CONDUCIR EN ESTADO DE EBRIEDAD Y/O DROGADICCIÓN;;NINGUNA 
A-2022-01-144;05/01/2022;09:00;DESPISTE;VOLCADURA;1;0;KM 1327 400;-;-15.59952302;-70.09527050806683;DESPEJADO;IMPRUDENCIA DEL CONDUCTOR;CONDUCIR EN ESTADO DE EBRIEDAD Y/O DROGADICCIÓN;;NINGUNA 
A-2022-01-145;07/01/2022;09:20;CHOQUE;CAIDA DE CONDUCTOR;1;1;AV CIRCUNVALACION CON TUMBES;-;-15.48137046;-70.13464537865062;DESPEJADO;IMPRUDENCIA DEL CONDUCTOR;EXCESO DE VELOCIDAD;;NINGUNA 
A-2022-01-147;21/01/2022;11:45;DESPISTE;VOLCADURA;2;9;KM 46 600;CENTRO POBLADO DE CHUQUINE;-14.52117601;-69.69357207870516;DESPEJADO;INFRAESTRUCTURA Y ENTORNO VIAL;FACTOR AMBIENTAL;;NINGUNA 
A-2022-01-149;18/01/2022;03:30;DESPISTE;VOLCADURA;1;0;KM 238 600;-;-15.6907928;-70.5942683;DESPEJADO;IMPRUDENCIA DEL CONDUCTOR;FATIGA Y/O CANSANCIO;;NINGUNA 
A-2022-01-150;05/01/2022;09:10;CHOQUE;-;1;0;KM 03 160;-;-14.91670076;-70.15833731195083;DESPEJADO;IMPRUDENCIA DEL CONDUCTOR;EXCESO DE VELOCIDAD;;NINGUNA 
A-2022-01-154;01/01/2022;09:00;DESPISTE;-;1;0;PUENTE LAS LOMAS;-;-8.081602626;-79.11600389190302;DESPEJADO;NO IDENTIFICA LA CAUSA;;;
A-2022-01-155;02/01/2022;16:00;DESPISTE;-;1;7;CARRETERA DE ACCESO A SHOREY - SANTIAGO DE CHUCO ALTURA DEL KM KM 1032.150;-;-8.105542;-78.296194;DESPEJADO;NEGLIGENCIA DEL CONDUCTOR;CONDUCIR CON FALLAS DE FRENOS;;
A-2022-01-16;09/01/2022;04:34;ATROPELLO;-;1;0;CARRETERA ILAVE-MAZOCRUZ KM6;ALTURA DEL DESVIO HUANCARANI;-16.13541421;-69.64369664845323;DESPEJADO;IMPRUDENCIA DEL CONDUCTOR;OTRO (IMPRUDENCIA DEL CONDUCTOR);EXCESO DE CONFIANZA  AL DESPLAZARCE A UNA VELOCIDAD MINI PROBABLE, QUE RESULTO NO APROPIADA PARA LAS CIRCUNSTANCIAS DEL MOMENTO Y LUGAR.;
A-2022-01-160;20/01/2022;04:25;DESPISTE;DESPISTE, VOLCADURA;3;12;VIA DE PENETARCION ESPINAR KM.13 300;KM. 13 300;-15.671403;-71.052133;LLUVIOSO;NO IDENTIFICA LA CAUSA;;;SIN OBSERVACIONES
A-2022-01-162;21/01/2022;06:00;CHOQUE;CHOQUE POR EMBISTE Y VOLCADURA;1;0;AV. GOYENECHE/CALLE PUNO;CALLE PUNO MIRAFLORES;-16.39663;-71.52217;DESPEJADO;NO IDENTIFICA LA CAUSA;;;SIN OBSERVACIONES
A-2022-01-163;22/01/2022;08:30;CHOQUE;CHOQUE;1;0;AV. YARABAMBA S/N ALTURA GRIFO PECSA;GRIFO PECSA;-16.551395;-71.469449;SOLEADO;NO IDENTIFICA LA CAUSA;;;SIN OBSERVACIONES
A-2022-01-164;22/01/2022;20:00;CHOQUE;CHOQUE POSTERIOR;3;5;CARRETERA AREQUIPA JULIACA KM. 120;KM. 120;-16.058517;-71.355349;DESPEJADO;NO IDENTIFICA LA CAUSA;;;SIN OBSERVACIONES
A-2022-01-165;15/01/2022;18:00;DESPISTE;VOLCADURA;1;0;KM 177 300;SAN ANTON-MACUSANI;-14.0951379;-70.3834199;DESPEJADO;IMPRUDENCIA DEL CONDUCTOR;EXCESO DE VELOCIDAD;;NINGUNA 
A-2022-01-166;24/01/2022;06:00;ATROPELLO;ATROPELLO Y CHOQUE;2;0;CARRETERA COSTANERA KM. 145 800;KM. 145;-17.174419;-71.770636;DESPEJADO;NO IDENTIFICA LA CAUSA;;;LA UT1 IMPACTA AL PEATON QUE ESTABA EMPUJANDO SU BICICLETA Y LUEGO IMPACTA A LA BICICLETA.
A-2022-01-167;02/01/2022;10:05;ATROPELLO;-;1;0;JR NICOLAS DE PIEROLA CON 20 DE ENERO;-;-15.4846791;-70.10789062701292;DESPEJADO;IMPRUDENCIA DEL PEATÓN;OTRO (IMPRUDENCIA DEL PEATÓN);LA ACCIONES DE LA MADRE DEL MENOR AL DESCUIDAR A SU MENOR HIJO DURANTE SU DESPLAZAMIENTO;NINGUNA 
A-2022-01-168;21/01/2022;14:15;ATROPELLO;-;1;0;JR LIBERTAD;-;-14.87601471;-70.58731897875592;DESPEJADO;IMPRUDENCIA DEL PEATÓN;CRUCE INDEBIDO POR LA CALZADA;;NINGUNA 
A-2022-01-169;04/01/2022;19:05;CHOQUE;-;2;1;CARRETERA DE ACCESO AL SECTOR LARAMIE ALTURA DEL KM. 2;-;-8.559906;-78.68751;DESPEJADO;IMPRUDENCIA DEL CONDUCTOR;INVASIÓN DE CARRIL;;
A-2022-01-17;08/01/2022;08:40;DESPISTE;SEGUIDO DE VOLCADURA;1;0;CAMINO A LA PLAYA LAS MINAS ;-;-13.884703;-76.3207;DESPEJADO;NO IDENTIFICA LA CAUSA;;;
A-2022-01-170;05/01/2022;20:30;CHOQUE;-;1;0;CARRETERA PANAMERICANA NORTE ALTURA DEL KM. 551.8;-;-8.204563;-78.958988;DESPEJADO;NO IDENTIFICA LA CAUSA;;;
A-2022-01-172;15/01/2022;00:30;VOLCADURA;VOLCADURA CON SUBSECUENTE DESPISTE ;1;1;CARRETERA CARROZABLE CHAPAIRA ;CASERO TERELA ;-5.169457;-80.18693;DESPEJADO;NO IDENTIFICA LA CAUSA;;;
A-2022-01-173;22/01/2022;06:00;ATROPELLO FUGA;ATROPELLO FUGA ;1;0;JR D ZONA INDUSTRIAL EMPRESA FERREIROS ;ALTURA DE LA EMPRESA NOPR AUTOS PIURA ;-5.187519;-80.638189;DESPEJADO;NO IDENTIFICA LA CAUSA;;;
A-2022-01-174;22/01/2022;13:00;CHOQUE;CHOQUE FRONTAL;1;1;CARRETERA SOLUMBRE MORROPON;---;-5.137449186;-80.04357586072663;DESPEJADO;NO IDENTIFICA LA CAUSA;;;
A-2022-01-175;06/01/2022;10:30;DESPISTE;-;2;4;CARRETERA DE ACCESO AL SECTOR DE CHILLIN - CENTRO POBLADO UCHUY;-;-7.655822579;-77.82414315419939;DESPEJADO;IMPRUDENCIA DEL CONDUCTOR;OTRO (IMPRUDENCIA DEL CONDUCTOR);DESPLAZARSE POR EL BORDE DE LA CALZADA EVADIENDO LOS BACHES;
A-2022-01-176;21/01/2022;20:10;DESPISTE;VOLCADURA;1;0;CARRETERA HUAYLLAN A POMABAMBA;BARRIO LOS BAÑOS;-8.84563091;-77.44435663315294;;;;;
A-2022-01-177;07/01/2022;20:00;DESPISTE;-;2;0;CARRETERA DE ACCESO A CALEMAR - CONDORMARCA ALTURA DEL KM. 14;-;-7.545864;-77.706634;DESPEJADO;NO IDENTIFICA LA CAUSA;;;
A-2022-01-178;09/01/2022;08:10;DESPISTE;-;1;0;CARRETERA CIUDAD DE DIOS - CAJAMARCA ALTURA DEL KM. 8;-;-7.299342;-79.415822;DESPEJADO;NO IDENTIFICA LA CAUSA;;;
A-2022-01-179;21/01/2022;22:30;CHOQUE;DESPISTE;1;0;KM 16 20;JULIACA-HUANCANE;-15.37833178;-70.0571616431556;DESPEJADO;IMPRUDENCIA DEL CONDUCTOR;CONDUCIR EN SENTIDO CONTRARIO;;NINGUNA 
A-2022-01-180;09/01/2022;20:14;ATROPELLO;-;1;0;AV. LOS NARANJOS ALTURA DE LA IGLESIA EMANUEL DE VALLE DE DIOS ;-;-8.504148;-78.686039;DESPEJADO;IMPRUDENCIA DEL CONDUCTOR;OTRO (IMPRUDENCIA DEL CONDUCTOR);DESATENCION EN LA CONDUCCION;
A-2022-01-181;23/01/2022;10:30;ATROPELLO;-;1;0;DESVIO INCHUPALLA;-;-15.04952157;-69.80174029740061;DESPEJADO;IMPRUDENCIA DEL CONDUCTOR;EXCESO DE VELOCIDAD;;NINGUNA 
A-2022-01-182;30/01/2022;04:30;CHOQUE;-;1;2;CARRETERA HOSPICIO LOS PALOS KM. 07;-;-18.243249;-70.375058;DESPEJADO;NO IDENTIFICA LA CAUSA;;;
A-2022-01-183;21/01/2022;10:05;CHOQUE FUGA;-;1;0;CARRETERA PANAMERICANA NORTE ALTURA DEL KM. 475;-;-8.741275;-78.634681;DESPEJADO;NO IDENTIFICA LA CAUSA;;;
A-2022-01-184;27/01/2022;04:00;DESPISTE;-;1;0;CARRETERA DE PENETRACION AL SECTOR COLGAURO;-;-7.838403;-78.467516;LLUVIOSO;NO IDENTIFICA LA CAUSA;;;
A-2022-01-185;30/01/2022;04:30;ATROPELLO FUGA;-;1;0;CARRETERA PANAMERICANA NORTE ALTURA DEL KM. 502;-;-8.529504;-78.682131;DESPEJADO;NO IDENTIFICA LA CAUSA;;;
A-2022-01-186;17/01/2022;14:40;ATROPELLO;-;1;0;JR ARICA ;-;-15.20081904;-69.75991393907492;DESPEJADO;IMPRUDENCIA DEL CONDUCTOR;OTRO (IMPRUDENCIA DEL CONDUCTOR);LA IMPRUDENCIA DE LOS FAMILIARES DE LA PERSONA MAYOR ;NINGUNA 
A-2022-01-187;30/01/2022;01:30;DESPISTE;CHOQUE Y CAIDA;1;0;AV. GUARDIA CIVIL CDRA. 06;A DOS CUADRAS DE RADIO PATRULLA;-3.761243;-73.265914;DESPEJADO;IMPRUDENCIA DEL CONDUCTOR;CONDUCIR EN ESTADO DE EBRIEDAD Y/O DROGADICCIÓN;;NINGUNA
A-2022-01-188;14/01/2022;03:00;DESPISTE;-;2;1;KM 303 300;-;-13.4037645;-70.3089502;DESPEJADO;IMPRUDENCIA DEL CONDUCTOR;FATIGA Y/O CANSANCIO;;NINGUNA 
A-2022-01-189;13/01/2022;20:00;DESPISTE;;1;0;CARRETERA  ASUNCIÓN - COSPAN. ALTURA DEL KM. 28 38;;-7.331981;-78.52511;DESPEJADO;NO IDENTIFICA LA CAUSA;;;
A-2022-01-190;17/01/2022;01:40;VOLCADURA;VOLCADURA CON CONSECUENCIA FATAL;1;0;PAMPATAMA KM 57 930 SECTOR CACHACHIYOC- HUAYCO;TINTAY;-13.96353054;-73.18190586256235;;;;;
A-2022-01-191;23/01/2022;04:00;CHOQUE;ALCANCE;1;0;CARRETERA FBT KM 491 600;INGRESO A LA CIUDAD DE MOYOBAMBA;-6.047933;-76.979441;DESPEJADO;IMPRUDENCIA DEL CONDUCTOR;EXCESO DE VELOCIDAD;;SE INVESTIGA
A-2022-01-193;10/01/2022;15:00;ATROPELLO;EL VEHÍCULO CATG. M2-C3, OCUPANDO EL CARRIL NORTEM EN SENTIDO DE ESTE A OESTE, AL LLEGAR AL KM. 29.800 APROX., DE LA CARRETERA DE PENETRACIÓN RIO SECO - SAYÁN -CHURÍN - OYON,  SE INTERPONE EN SU EJE DE MARCHA EL PEATÓN CARLOS AMANCIO OBREGON TOLENTINO (39).;1;0;CARRETERA REGIONAL RIO SECO - SAYÁN - CHURÍN - OYÓN. KM. 29.800;FUNDO ALBERGUE SAN ANDRÉS ACHALAY.;-11.18799289;-77.30319548992247;DESPEJADO;IMPRUDENCIA DEL PEATÓN;ESTADO DE EBRIEDAD Y/O DROGADICCIÓN;;NINGUNA
A-2022-01-194;31/01/2022;13:00;CHOQUE;SENTIDO DE DESPLAZAMIENTO ;1;9;CARRETERA CHECA MAZOCRUZ;KM. 20;-16.2569127;-69.6829824;DESPEJADO;IMPRUDENCIA DEL CONDUCTOR;INVASIÓN DE CARRIL;;IMPRUDENCIA DE LA CAMIONETA RURAL DE TRANSPOERTE PUBLICO
A-2022-01-195;08/01/2022;08:30;DESPISTE;EL VEHÍCULO  CATG. M1, SUV, DE PLACA BTA-142, ERA CONDUCIDO POR LA CARRETERA PANAMERICANA NORTE, EN SENTIDO DE SUR A NORTE, AL LLEGAR AL KM. 136.294, ALTURA DEL INGRESO A LA PLAYA EL PARAÍSO SE DESPISTA;3;1;CARRETERA PANAMERICANA NORTE KM. 136.294;INGRESO A LA PLAYA EL PARAISO;-11.21471087;-77.55449110659245;DESPEJADO;IMPRUDENCIA DEL CONDUCTOR;EXCESO DE VELOCIDAD;;NINGUNA