COD_ACCIDE;FechaDelAccidente;HoraDelAccidente;ClaseDelAccidente;SecuenciaAccidente;CantidadDeFallecidos;CantidadDeLesionados;Direccion;LugarReferencia;y;x;CondClimatica;CausaFactorPrincipal;CausaEspecifica;OtraCausa;Observaciones
A-2022-01-196;25/01/2022;09:00;CHOQUE;CHOQUE DE CONSECUENCIA FATAL;1;0;KM 163 DE LA CARRETERA AREQUIPA - IMATA;HITO 163;-15.843563;-71.106597;DESPEJADO;NO IDENTIFICA LA CAUSA;;;S/O
A-2022-01-197;25/01/2022;08:30;CHOQUE;EL VEHICULO L3 DE PLACA 1912-SB, SE DESPLAZABA EN SENTIDO DE ESTE A OESTE POR LA AV. LOS NATURALES, AL LLEGAR A LA CDRA. 9, EL VEHÍCULO L5 DE PLACA 1966-MB, QUE SE ENCONTRABA ANTECEDIENDOLO, GIRA A SU IZQUIERDA, INTERPONIENDOSE EN SU EJE DE MARCHA;1;2;AV. LOS NATURALES CDRA. 9;CAPILLA LOS NATURALES - HUARAL;-11.480485;-77.20776;DESPEJADO;IMPRUDENCIA DEL CONDUCTOR;GIRAR IMPRUDENTEMENTE;;NINGUNA
A-2022-01-198;25/01/2022;08:45;CHOQUE;CHOQUE DE CONSECUENCIA FATAL;1;0;KM 117.800 DE LA CARRETERA SUR MEJIA;HITO 117;-17.11040511;-71.8991648010727;DESPEJADO;NO IDENTIFICA LA CAUSA;;;S/O
A-2022-01-199;28/01/2022;06:30;CHOQUE FUGA;CHOQUE DE CONSECUENCIA FATAL;1;0;AV COLOINZADORES;FRENTE MONUMENTO DE AGUA;-16.332534;-72.203831;DESPEJADO;NO IDENTIFICA LA CAUSA;;;S/O
A-2022-01-2;02/01/2022;05:00;ATROPELLO FUGA;-;1;0;CARRETERA PANAMERICANA SUR;-;-13.971056;-75.779005;NIEBLA;NO IDENTIFICA LA CAUSA;;;
A-2022-01-20;10/01/2022;14:15;DESPISTE;Y VOLCADURA;1;0;CARRETERA ILAVE-CAMICACHI ;ALTURA DE LA PARCIALIDAD MAQUERA;-16.03539661;-69.57523015013945;DESPEJADO;IMPRUDENCIA DEL CONDUCTOR;OTRO (IMPRUDENCIA DEL CONDUCTOR);EXCESO DE CONFIANZA AL DESPLAZAR EL VEHICULO CIN TOMAR EN CUENTA LOS RIESGOS PRESENTES Y POSIBLES QUE SE PUDIERAN PRESENTAR, EN UNA VIA DE CONFIGURACION SINUOSA.;
A-2022-01-204;30/01/2022;15:30;DESPISTE;Y VOLCADURA;1;0;CARRETERA SECCLLA -LIRCAY;08 300;-13.03259;-74.71472;DESPEJADO;NO IDENTIFICA LA CAUSA;;;FALTA DE DOCUMENTACION
A-2022-01-207;22/01/2022;02:30;DESPISTE;;2;0;ALTURA DEL KM 27 100 DEL CASERIO DE CADAUDON;;-7.33690021;-78.79378894;DESPEJADO;NO IDENTIFICA LA CAUSA;;;
A-2022-01-208;30/01/2022;11:00;DESPISTE;VOLCADURA;4;1;CARRETERA QUE CONDUCE DEL DISTRITO DE BAMBAMARCA AL C.P. HUANGAMARCA A LA ALTURA DEL KM. 6 650;;-6.63552833;-78.4833;DESPEJADO;NO IDENTIFICA LA CAUSA;;;
A-2022-01-209;06/01/2022;19:00;ATROPELLO;-;1;1;AVENIDA PROLONGACION BOLOGNESI  CON CALLE CAJAMARCA;-;-6.780335;-79.854679;DESPEJADO;NO IDENTIFICA LA CAUSA;;;ACCIDENTE EN INVESTIGACION 
A-2022-01-211;11/01/2022;03:55;ATROPELLO;-;1;0;CARRETERA MONSEFU SANTA ROSA;-;-6.8820991;-79.9012933;DESPEJADO;NO IDENTIFICA LA CAUSA;;;ACCIDENTE EN INVESTIGACION
A-2022-01-212;12/01/2022;17:10;DESPISTE;-;1;2;CARRETERA SANTA ROSA MONSEFU;-;-6.882256;-79.902413;SOLEADO;NO IDENTIFICA LA CAUSA;;;ACCIDENTE EN INVESTIGACION
A-2022-01-213;12/01/2022;20:22;ATROPELLO;-;1;0;CARRETERA PANAMERICANA NORTEV KM. 748;-;-6.929354737;-79.73863542845908;DESPEJADO;NO IDENTIFICA LA CAUSA;;;ACCIDENTE EN INVESTIGACION
A-2022-01-214;29/01/2022;21:30;CHOQUE FUGA;CHOQUE POR ALCANCE;1;0;CARRETERA FBT KM 447 200;FRENTE AL TERMINAL TERRESTRE;-5.927639;-77.314049;DESPEJADO;NEGLIGENCIA DEL CONDUCTOR;OTRO (NEGLIGENCIA DEL CONDUCTOR);NO RESPETAR LA DISTANCIA;
A-2022-01-216;13/01/2022;12:45;ATROPELLO FUGA;-;1;0;CALLE ARICA Y 7 DE ENERO;-;-6.7667865;-79.8368476;DESPEJADO;NO IDENTIFICA LA CAUSA;;;ACCIDENTE EN INVESTIGACION
A-2022-01-217;15/01/2022;20:00;CHOQUE;-;1;2;CARRETERA PANAMERICANA NORTE ANTIGUA KM. 814;-;-6.576851;-79.988526;LLUVIOSO;NO IDENTIFICA LA CAUSA;;;ACCIDENTE EN INVESTIGACION
A-2022-01-220;23/01/2022;01:30;DESPISTE;-;1;0;CARRETERA TUCUME/ SECTOR SAN ANTONIO CANAL TAYMI;COMPUERTA PICO DE PATO;-6.509704;-79.841312;DESPEJADO;NO IDENTIFICA LA CAUSA;;;ACCIDENTE EN INVESTIGACION
A-2022-01-221;01/01/2022;04:30;CHOQUE;CAMION QUE CHOCA CON MOTOCICLETA LINEAL;1;1;COMUNIDAD DE SAN JENARO ;POBLADO DE SAN  GENARO;-14.73723064;-71.32631439224909;NUBLADO;IMPRUDENCIA DEL CONDUCTOR;FATIGA Y/O CANSANCIO;;NINGUNA
A-2022-01-223;24/01/2022;08:40;CHOQUE;-;1;0;CARRETERA PENETRACION POMALCA SALTUR KM. 10 500;;-6.806213;-79.695536;DESPEJADO;NO IDENTIFICA LA CAUSA;;;ACCIDENTE EN INVESTIGACION
A-2022-01-224;21/01/2022;13:20;CHOQUE;-;1;0;CALLE JUAN TOMIS XXIII;FRONTIS DE LA FISCALIA PROVINCIAL LAMBAYEQUE;-6.708673857;-79.90361268205403;DESPEJADO;NO IDENTIFICA LA CAUSA;;;ACCDIENTE EN INVESTIGACION
A-2022-01-225;23/01/2022;06:30;ATROPELLO FUGA;-;1;0;CARRETERA POMALCA SALTUR;-;-6.7727843;-79.7700622;DESPEJADO;NO IDENTIFICA LA CAUSA;;;ACCIDENTE EN INVESTIGACION
A-2022-01-226;31/01/2022;03:50;CHOQUE;;1;0;CARRETERA MORROPE;-;-6.4948;-79.93756;DESPEJADO;NO IDENTIFICA LA CAUSA;;;ACCIDENTE EN INVESTIGACION
A-2022-01-227;07/01/2022;22:30;CHOQUE;CHOQUE FRONTAL, SEGUIDO DE VOLCADURA;1;1;AV. AMAZONAS CON PSJE. GUILLERMO SISLEY;"ALTURA DE LA ""POLLERIA CHIKEN"" ";-8.383484415;-74.55564789589198;DESPEJADO;IMPRUDENCIA DEL CONDUCTOR;CONDUCIR EN SENTIDO CONTRARIO;;S/O
A-2022-01-228;02/01/2022;18:45;ATROPELLO;PEATON ATROPELLADO POR LA CAMIONET RURAL;1;0;SECTOR JUNTUMA DISTRITO DE TINTA;KILOMETRO 1080 968;-14.121408;-71.41428;DESPEJADO;IMPRUDENCIA DEL PEATÓN;ESTADO DE EBRIEDAD Y/O DROGADICCIÓN;;NINGUNA
A-2022-01-229;03/01/2022;21:40;ATROPELLO;ATRPELLO EN HORAS DE LA NOCHE EL PEATON SE ENCONTRBA AL PARECER EBRIO;1;0;CARRETERA CUSCO SAYLLA SECTOR ANGOSTURA;ALTURA DE LA UNIVERSIDAD CONTINENTAL DEL CUSCO;-13.55588917;-71.85594867584527;DESPEJADO;IMPRUDENCIA DEL PEATÓN;ESTADO DE EBRIEDAD Y/O DROGADICCIÓN;;NINGUNA
A-2022-01-231;06/01/2022;13:00;CHOQUE;;1;3;JR PICHIHUA;DISTRITO DE ESPINAR;-14.782489;-71.411279;DESPEJADO;IMPERICIA DEL CONDUCTOR;;;ESTE ACCIDENTE SE SUSCITO EL 15DIC2021
A-2022-01-232;10/01/2022;17:00;CHOQUE;AMBOS VEHICULOS CIRCULAN EN DIRECCIONES CONTRARIAS UNO DE ELLOS INVADEEL CARRIL DEL OTRO VEHCULO;2;1;SECTOR NORMA;SERCA DEL DISTRITO DE CONDOROMA;-15.2464904;-71.1512566787835;DESPEJADO;IMPRUDENCIA DEL CONDUCTOR;EXCESO DE VELOCIDAD;;NINGUNA
A-2022-01-233;19/01/2022;21:50;ATROPELLO FUGA;ACCIDEBTE DE TRANSITO ATROPELLO AL PEATON;1;0;PARADERO SIGUAS DE SAYLLA;PARADERO SIHUAS DE SAYLLA;-13.56357071;-71.84049246873444;NUBLADO;IMPERICIA DEL CONDUCTOR;;;NINGUNA
A-2022-01-248;07/01/2022;04:30;CHOQUE;CHOQUE POR ALCANCE;1;0;COMUNIDAD DE MALLA DEL DISTRITO DE MAHUAYANI;KILOMETRO 83 800 SECTOR DE CHULLIPAMPA;-13.60614056;-71.20272030062668;LLUVIOSO;IMPRUDENCIA DEL CONDUCTOR;EXCESO DE VELOCIDAD;;NINGUNA
A-2022-01-249;13/01/2022;04:30;ATROPELLO FUGA;HECHO SUUSCITADO A HORAS DE LA MADRUGADA;1;0;UR. PICHOQ;ALTURA DEL COLISEO;-13.46564467;-72.14040684030022;DESPEJADO;IMPRUDENCIA DEL CONDUCTOR;EXCESO DE VELOCIDAD;;NINGUNA
A-2022-01-250;07/01/2022;11:45;DESPISTE;VEHICULO QUE SE DESPISTA POR EXECESO DE VELOCIDAD;1;0;CARRETERA CUSCO PISAQ SECTOR ÑUTA CCATA;K  29 040;-13.42684413;-71.85445808563742;DESPEJADO;IMPRUDENCIA DEL CONDUCTOR;EXCESO DE VELOCIDAD;;NINGUNA
A-2022-01-251;15/01/2022;19:50;ATROPELLO;VEHICULO QUE SE DESPLAZAVA A GRAN VELOCIDAD;1;0;C.C DE MAMUERA;ALTURA DE COMUNIDAD DE OCOBAMBA;-14.38687831;-71.13783989801603;DESPEJADO;IMPRUDENCIA DEL CONDUCTOR;EXCESO DE VELOCIDAD;;NINGUNA
A-2022-01-252;16/01/2022;05:40;DESPISTE;VEHICULO MENOR QUE CIRCULABA POR LA CARRETERA CUSCO PAUCARTAMBO DONDE UBO DERRUMBE POR LO CUAL UNA MALA MANIOBRA Y SE DESPISTO;1;0;SECTOR MASHUA;KILOMETRO 66 400;-13.34777843;-71.57216178207099;LLUVIOSO;NEGLIGENCIA DEL CONDUCTOR;OTRO (NEGLIGENCIA DEL CONDUCTOR);EN L AVIA EXISTE INTERRUPCION POR DERRUMBE;NINGUNA
A-2022-01-253;23/01/2022;04:31;DESPISTE;;1;0;TROCHA CARROSABLE PAUCARTAMBO  COLQUEPATA;SECTOR PUCYUPAMAPA  KILOMETRO 13 520;-13.36710758;-71.67037785113385;NUBLADO;IMPRUDENCIA DEL CONDUCTOR;EXCESO DE VELOCIDAD;;NINGUNA
A-2022-01-254;26/01/2022;08:30;VOLCADURA;VEHICULO MENOR QUE SE VUELCA POR EXCESO DE VELOCIDAD;1;0;COMUNIDAD DE CHECCAPAMPA;CARRETERA INTEROCEANICA K.67 850;-13.65966218;-71.36296134726351;DESPEJADO;IMPRUDENCIA DEL CONDUCTOR;NO DAR PASO PREFERENTE AL PEATÓN;;NINGUNO
A-2022-01-255;26/01/2022;02:00;DESPISTE;VEHICULO CAMIONETA PIKUT QUE TRANSITABA A EXCESIVA  VELOCIDA SE DESPISTA;3;0;COMUNIDAD DE CHAHUARES;DISTRITO DE ECHARATE;-12.76098673;-72.5695940456684;LLUVIOSO;IMPRUDENCIA DEL CONDUCTOR;EXCESO DE VELOCIDAD;;NINGUNA
A-2022-01-256;23/01/2022;17:20;ATROPELLO;-;1;0;VIA DE EVITAMIENTO Y AVENIDA GRAU;-;-6.801423;-79.850091;DESPEJADO;NO IDENTIFICA LA CAUSA;;;ACCIDENTE EN INVESTIGACION
A-2022-01-257;30/01/2022;06:03;CHOQUE;-;1;1;CARRETERA POMLACA SALTUR;-;-6.8108587;-79.662292;NIEBLA;NO IDENTIFICA LA CAUSA;;;ACCIDENTE EN INVESTIGACION
A-2022-01-258;29/01/2022;15:00;CHOQUE;VEHICULO CAMION CHOCA CON OMNIBUS EN LA VIA CARRETERA ESPINAR AREQUIPA;1;0;SECTOR ALTO MARQUIRI;KILOMETRO 47  100;-15.0480689;-71.13118878631418;NUBLADO;IMPERICIA DEL CONDUCTOR;;;NINGUNA
A-2022-01-259;29/01/2022;16:30;CHOQUE;-;1;0;INTERSECCION DE LA AV. JOSE  FAUSTINO SANCHEZ CARRION Y LA CALLE MICAELA BASTIDAS;-;-8.08562;-79.001736;DESPEJADO;IMPRUDENCIA DEL CONDUCTOR;NO ESTABLECER EL DERECHO DE PASO;;
A-2022-01-260;18/01/2022;17:00;DESPISTE;-;1;1;ANTIGUA CARRETERA LIMA HUAROCHIRÍ KM. 18.5000;-;-12.13089078;-76.8109076328621;DESPEJADO;NO IDENTIFICA LA CAUSA;;;
A-2022-01-261;19/01/2022;16:50;CAÍDA DE PASAJERO;FUGA;1;0;AV. GERARDOUNGER CON LA AV. VALDERRAMA;ALT. DEL MERCADO UNICACHI;-11.940693;-77.067244;DESPEJADO;NO IDENTIFICA LA CAUSA;;;
A-2022-01-262;21/01/2022;20:00;CHOQUE;-;1;0;PANAMERICANA SUR KM. 30.000;-;-12.28942107;-76.86866818905403;DESPEJADO;NO IDENTIFICA LA CAUSA;;;
A-2022-01-263;23/01/2022;18:00;CHOQUE;CHOQUE , DESPISTE Y VOLCADURA ;4;4;CARRETERA PIURA CHULUCANAS ;ALTURA DEL KM 245;-5.166927;-80.528331;DESPEJADO;NO IDENTIFICA LA CAUSA;;;
A-2022-01-264;23/01/2022;19:30;CHOQUE FUGA;CHOQUE Y FUGA ;1;0;CARRETERA PACHHAS KM 24;KM 24 908;-5.0048659;-80.2229152;DESPEJADO;NO IDENTIFICA LA CAUSA;;;
A-2022-01-265;23/01/2022;03:30;CHOQUE;CHOQUE POR ALCANCE CON SUBSECUENTE INCENDIO;1;1;CARRETERA PIURA CHICLAYO ;KM 901   230;-6.026737;-80.522233;DESPEJADO;NO IDENTIFICA LA CAUSA;;;
A-2022-01-266;22/01/2022;22:50;ATROPELLO;-;1;0;PAN. SUR KM.11;-;-12.15334735;-76.98395309001715;DESPEJADO;NO IDENTIFICA LA CAUSA;;;
A-2022-01-267;25/01/2022;05:25;ATROPELLO;-;1;0;PANAMERICANA SUR KM. 14.000;PTE. PEAT ELEKTRA;-12.1805924;-76.9760667;DESPEJADO;NO IDENTIFICA LA CAUSA;;;
A-2022-01-268;24/01/2022;04:00;CHOQUE;;2;1;VÍA EVITAMIENTO ALT. KM. 1.500;-;-12.06130022;-76.97222202697768;DESPEJADO;NO IDENTIFICA LA CAUSA;;;
A-2022-01-269;28/01/2022;23:40;ATROPELLO FUGA;-;1;0;CALZADA DE DERIVACION DEL INTERMEDIO DEL INTERCAMBIO VIAL A DESNIVEL (PTE. HUÁNUCO);;-12.04215263;-77.02061367069078;DESPEJADO;NO IDENTIFICA LA CAUSA;;;
A-2022-01-270;30/01/2022;01:20;VOLCADURA;-;1;0;PANAMAERICANA SUR KM. 9000;ALT. PTE PEAT. LAS FLORES;-12.14115335;-76.98128810467387;DESPEJADO;NO IDENTIFICA LA CAUSA;;;
A-2022-01-271;30/01/2022;08:10;CHOQUE;-;1;0;AV. PACHACUTEC S/N ;TOTUS PACHACUTEC;-12.20497661;-76.92874793045789;DESPEJADO;NO IDENTIFICA LA CAUSA;;;
A-2022-01-272;23/01/2022;00:10;CHOQUE;-;1;0;KM 1287 851;CARRETERA CUSCO JULIACA;-15.3065146;-70.2330651;DESPEJADO;IMPERICIA DEL CONDUCTOR;;;NINGUNA 
A-2022-01-273;25/01/2022;21:15;ATROPELLO FUGA;ARRASTRE;1;0;KM 11 900;PUSI;-15.4178728;-70.0689953;DESPEJADO;NO IDENTIFICA LA CAUSA;;;NINGUNA 
A-2022-01-274;28/01/2022;18:00;DESPISTE;VOLCADURA;1;0;KM 1231 280;JULIACA-AYAVIRI;-14.954512;-70.5146254;DESPEJADO;IMPRUDENCIA DEL CONDUCTOR;CONDUCIR EN SENTIDO CONTRARIO;;NINGUNA 
A-2022-01-275;25/01/2022;07:20;CHOQUE;NINGUNA;1;1;JR. HUAMANGA Y ANCASH;;-13.175674;-74.218741;DESPEJADO;IMPRUDENCIA DEL CONDUCTOR;EXCESO DE VELOCIDAD;;NINGUNA
A-2022-01-276;22/01/2022;12:00;DESPISTE;CHOQUE Y VOLCADURA;1;4;VIA LIBERTADORES;CENTRO POBLADO DE LICAPA;-13.35177989;-74.7836958674792;DESPEJADO;INFRAESTRUCTURA Y ENTORNO VIAL;FACTOR AMBIENTAL;;NINGUNA
A-2022-01-277;30/01/2022;06:00;CHOQUE;VOLCADURA Y CAIDA;1;0;AV. ALFREDO MENDIOLA CDRA 10;PTE SEGUNDA DE PALAO;-12.02288628;-77.05922110245548;DESPEJADO;NO IDENTIFICA LA CAUSA;;;
A-2022-01-278;02/01/2022;12:30;DESPISTE;VOLCADURA Y PRECIPITACION;1;2;CARRETERA ANEXOASNAQPAMPA;ANEXO AHUA;-13.115315;-74.093383;DESPEJADO;IMPRUDENCIA DEL CONDUCTOR;EXCESO DE VELOCIDAD;;NINGUNA
A-2022-01-279;31/01/2022;12:00;DESPISTE;-;1;1;AV. FERROCARRIL MZ. C LOTE 25 URB. SANTA ELVIRA CONJFORMADA CON AV. LA CULTURA;-;-12.02866912;-76.9510746473504;DESPEJADO;NO IDENTIFICA LA CAUSA;;;
A-2022-01-280;30/01/2022;21:50;DESPISTE;CAMIONETA PIKUT SE DESPISTA POR EXCESO DE VELOCIDAD;1;0;PILLCOPATA SECTOR ROCOTAL;KILOMETRO  64;-13.16206516;-71.59397462736474;DESPEJADO;IMPERICIA DEL CONDUCTOR;;;NINGUNA
A-2022-01-282;09/01/2022;23:50;DESPISTE;DESPISTE Y VOLCADURA ;1;2;TROCHA CARROZABLE  QUE UNE CASERIO TALLAPAMPA ;CASERIO CABEZA ;-5.236725;-79.416748;DESPEJADO;NO IDENTIFICA LA CAUSA;;;
A-2022-01-283;26/01/2022;21:00;CHOQUE;-;1;0;CARRETERA JAEN SAN IGNACIOKM. 37 800;-;-5.6608308;-78.685608;DESPEJADO;NO IDENTIFICA LA CAUSA;;;ACCIDENTE EN INVESTIGACION
A-2022-01-284;22/01/2022;19:40;CHOQUE;------;4;3;KM.796 200 DE LA CARRETERA PANAMERICANA SUR;OCOÑA;-16.48807984;-73.02118859585194;DESPEJADO;NO IDENTIFICA LA CAUSA;;;
A-2022-01-285;22/01/2022;15:00;ATROPELLO;------;1;0;CARRETERA DE PENETRACION SECOCHA ANEXO DE MOLLEBAMBA;OCOÑA;-16.37931662;-73.12531824933414;DESPEJADO;NO IDENTIFICA LA CAUSA;;;
A-2022-01-286;20/01/2022;21:40;CHOQUE;-----;1;1;KM. 709 DE LA CARRETERA PANAMERICANA SUR;ATICO;-16.23112328;-73.59952494853842;DESPEJADO;NO IDENTIFICA LA CAUSA;;;
A-2022-01-287;18/01/2022;14:20;CHOQUE;------;1;0;KM. 570 DE LA CARRETERA PANAMERICANA SUR;YAUCA;-15.66081954;-74.56546523908517;DESPEJADO;NO IDENTIFICA LA CAUSA;;;
A-2022-01-288;15/01/2022;08:30;CHOQUE;-----;1;0;KM. 722 DE LA CARRETERA PANAMERICANA SUR;ATICO;-16.24213439;-73.57263022618606;DESPEJADO;NO IDENTIFICA LA CAUSA;;;
A-2022-01-289;09/01/2022;09:20;CHOQUE;----;3;2;KM. 530 DE LA CARRETERA PANAMERICANA SUR;LOMAS;-15.48143848;-74.85966725034878;DESPEJADO;NO IDENTIFICA LA CAUSA;;;
A-2022-01-290;02/01/2022;09:15;DESPISTE;VOLCADURA;1;1;KM. 23 DE LA CARRETERA DE PENETRACION OCOÑA-SECOCHA;OCOÑA;-16.24685433;-73.15264523366587;DESPEJADO;NO IDENTIFICA LA CAUSA;;;
A-2022-01-291;23/01/2022;21:30;CHOQUE;-;1;1;CARRETERA NUEVA ARICA OYOTUN;-;-6.8718087;-79.3298177;DESPEJADO;NO IDENTIFICA LA CAUSA;;;ACCIDENTE EN INVESTIGACION
A-2022-01-294;01/01/2022;23:05;CHOQUE;SEGUIDO DE ATROPELLO POR ARRASTRAMIENTO ;1;0;ONTERIOR DEL CENTRO RECREACIONAL EL ECHADERO - HUAYUCACHI ;;-12.147337;-75.235731;DESPEJADO;IMPRUDENCIA DEL CONDUCTOR;OTRO (IMPRUDENCIA DEL CONDUCTOR);CONDUCIR CON FALTA DE ATENCION, CUIDADO Y PREVENCION EN SU EJE DE MARCHA ;NINGUNA 
A-2022-01-295;19/01/2022;21:31;DESPISTE;------;1;1;CALLE TELEGRAFOS S/N;-----;-16.62878959;-72.69478116431125;DESPEJADO;NO IDENTIFICA LA CAUSA;;;
A-2022-01-296;01/01/2022;18:57;ATROPELLO;;1;2;AV. PANAMERICANA SUR INTERSECCION CON LA AV. LIBERTADORES ;;-12.110581;-75.216347;DESPEJADO;IMPRUDENCIA DEL CONDUCTOR;EXCESO DE VELOCIDAD;;NINGUNA 
A-2022-01-297;15/01/2022;10:35;ATROPELLO FUGA;;1;0;INTERSECCIÓN DEL JR. COMUNEROS Y LA PROLONGACIÓN HUÁNUCO;;-12.069688;-75.199547;DESPEJADO;IMPRUDENCIA DEL CONDUCTOR;OTRO (IMPRUDENCIA DEL CONDUCTOR);DEBIDO A UNA DESATENCIÓN NO ADOPTA LAS MEDIDAS PREVENTIVAS.;NINGUNA
A-2022-01-298;19/01/2022;01:15;DESPISTE;PARCIAL SEGUIDO DE CHOQUE ;1;2;CARRETERA CENTRAL ALTURA DEL KM. 160 400 ;CENTRO POBLADO DE CURIPATA ;-11.610237;-75.976422;DESPEJADO;IMPRUDENCIA DEL CONDUCTOR;FATIGA Y/O CANSANCIO;;NINGUNA
A-2022-01-299;22/01/2022;20:00;CHOQUE;;1;0;CARRETERA CENTRAL LA OROYA - HUANCAYO KM. 106 600;ORCOTUNA ;-11.9744062;-75.3007962;DESPEJADO;IMPRUDENCIA DEL CONDUCTOR;CONDUCIR EN ESTADO DE EBRIEDAD Y/O DROGADICCIÓN;;NINGUNO 
A-2022-01-300;02/01/2022;19:30;ATROPELLO FUGA;-;1;0;AV. MIGUEL GRAU FRENTE AL GRIFO PRIMAX;-;-8.032351;-79.061989;DESPEJADO;NO IDENTIFICA LA CAUSA;;;
A-2022-01-301;27/01/2022;05:50;CHOQUE;-;1;1;INTERSECCION DE LA AV. AMERICA OESTE Y LA AV. JESUS DE NAZARETH;-;-8.106805;-79.046712;DESPEJADO;IMPRUDENCIA DEL CONDUCTOR;CONDUCIR EN ESTADO DE EBRIEDAD Y/O DROGADICCIÓN;;
A-2022-01-302;14/01/2022;12:30;CHOQUE;-;1;2;CARRETERA DE ACCESO CAMPOSOL - PLANTA;-;-8.548747555;-78.65473332347972;DESPEJADO;IMPRUDENCIA DEL CONDUCTOR;OTRO (IMPRUDENCIA DEL CONDUCTOR);NO RESPETAR LA SEÑAL DE PARE QUE SEGUNEL RISST DE LA EMPRESA CAMPOSOL SA;
A-2022-01-303;22/01/2022;15:30;DESPISTE; Y CHOQUE ;1;4;CARRETERA CENTRAL KM. 161 266;CURIPATA ;-11.605365;-75.971077;DESPEJADO;IMPRUDENCIA DEL CONDUCTOR;ADELANTAR INDEBIDAMENTE;;NINGUNO 
A-2022-01-304;22/01/2022;23:00;CHOQUE;CHOQUE FRONTAL - SE INVESTIGA;1;2;CAMINO VECINAL LA QUINCHA - JECUAN - LA BOMBA;ALTURA DEL TERRENO DE CULTIVO IZAGA Y GUTIERREZ;-11.46979;-77.23711;DESPEJADO;NO IDENTIFICA LA CAUSA;;;EN INVESTIGACIÓN.
A-2022-01-305;24/01/2022;09:20;DESPISTE;CHOQUE;1;2;CARRETERA CENTRAL LA OROYA - JAUJA KM. 56 460;;-11.5237998;-75.8979711;DESPEJADO;IMPRUDENCIA DEL CONDUCTOR;EXCESO DE VELOCIDAD;;NINGUNA 
A-2022-01-306;25/01/2022;01:55;CHOQUE;;1;0;CARRETERA CENTRAL KM. 173 200 ;;-11.5246257;-75.9121852;DESPEJADO;IMPRUDENCIA DEL CONDUCTOR;CONDUCIR EN ESTADO DE EBRIEDAD Y/O DROGADICCIÓN;;NINGUNA
A-2022-01-308;27/01/2022;01:30;DESPISTE;VOLCADURA, CAIDA Y CHOQUE .;1;0;INTERSECCION DEL JR PICHCUS Y EL JR. FEDERICO  GALVEZ DURAN .;ALTURA DE LA CDRA. FEDERICO GALVEZ DURAN ;-12.0611598;-75.2031727;DESPEJADO;IMPRUDENCIA DEL CONDUCTOR;CONDUCIR EN ESTADO DE EBRIEDAD Y/O DROGADICCIÓN;;NINGUNA
A-2022-01-309;29/01/2022;11:00;ATROPELLO;;1;0;AV. MARISCAL CASTILLA CUADRA N° 12;;-12.029801;-75.234779;DESPEJADO;IMPRUDENCIA DEL PEATÓN;CRUCE INDEBIDO POR LA CALZADA;;NINGUNO 
A-2022-01-31;11/01/2022;19:00;ATROPELLO FUGA;-;1;0;CARRETERA TROCHA CARROZABLE ILAVE-PILCUYO-CACHIPUCARA KM 5 258;C.P. OCOÑA;-16.08488678;-69.61735716907411;DESPEJADO;NO IDENTIFICA LA CAUSA;;;
A-2022-01-310;27/01/2022;07:50;DESPISTE;-;1;0;CARRETERA TRANSVERSAL RUTA PE-18A  KM 139;GRIFO PRIMAX NARANJILLO;-9.238196;-75.990316;DESPEJADO;IMPRUDENCIA DEL CONDUCTOR;EXCESO DE VELOCIDAD;;NINGUNA
A-2022-01-311;09/01/2022;20:05;CHOQUE;VOLCADURA Y CAIDA;1;0;CARRETERA MARGINAL SUR ALTURA DEL GRIFO JAVIER - CENTRO POBLADO VILLA PROGRESO - SAN MARTIN DE PANGOA;GRIFO JAVIER;-11.4743929;-74.4793899;DESPEJADO;IMPRUDENCIA DEL CONDUCTOR;EXCESO DE VELOCIDAD;;EL VEHICULO COMANCAR M 323 ESTABA ESTACIONADO OCUPANDO LA BERMA Y PARTE DEL CARRIL LADO OESTE
A-2022-01-312;10/01/2022;05:30;ATROPELLO;-----;1;0;AV. MANUEL A. ODRIA - BARRIO HUALHUAS CHICO;ENTRADA TARMA;-11.39820612;-75.68685284052289;DESPEJADO;IMPRUDENCIA DEL PEATÓN;ESTADO DE EBRIEDAD Y/O DROGADICCIÓN;;
A-2022-01-313;15/01/2022;04:00;CHOQUE;---;1;0;AVENIDA ANTONIO RAIMONDI  186;;-11.24768585;-74.63719189770524;DESPEJADO;NO IDENTIFICA LA CAUSA;;;PENDIENTE
A-2022-01-314;15/01/2022;20:00;DESPISTE;VOLCADURA - CAIDA;1;1;CARRRETA MARGINAL KM 24 - SECTOR COLORADO - PERENE - CHANCHAMAYO;SECTOR COLORADO;-10.94299735;-75.2178364467561;;;;;
A-2022-01-315;20/01/2022;11:45;DESPISTE;-----;1;0;CARRETERA CENTRAL KM 42 - BARRIO DE ANTALCONA - ACOBAMBA;ALTURA DE LA EMPRESA VIVEROS PLANTA S.A.C.;-11.35362533;-75.66239113005282;;;;;
A-2022-01-318;05/01/2022;19:20;ATROPELLO;;1;0;JR. SALAMANCA CON EL PSJE. SAN MARTÍN - PP. JJ. VILLA MARÍA;;-9.06232;-78.58501;DESPEJADO;NO IDENTIFICA LA CAUSA;;;CAUSA PENDIENTE
A-2022-01-319;10/01/2022;10:30;CHOQUE;;1;0;CARRETERA PANAMERICANA NORTE KM.421 950;;-9.152771;-78.50487;DESPEJADO;NO IDENTIFICA LA CAUSA;;;PENDIENTE DE DETERMINAR LA CAUSA