COD_ACCIDE;FechaDelAccidente;HoraDelAccidente;ClaseDelAccidente;SecuenciaAccidente;CantidadDeFallecidos;CantidadDeLesionados;Direccion;LugarReferencia;y;x;CondClimatica;CausaFactorPrincipal;CausaEspecifica;OtraCausa;Observaciones
A-2022-01-32;07/01/2022;05:40;CHOQUE;-;1;2;CARRETERA FERNANDO BELAUNDE TERRY;-;-6.057292;-76.932873;DESPEJADO;NEGLIGENCIA DEL CONDUCTOR;OTRO (NEGLIGENCIA DEL CONDUCTOR);;EN INVESTIGACION
A-2022-01-320;11/01/2022;04:30;CHOQUE;;1;1;AV. PERÚ Y AV. MAGDALENA;;-9.47325;-78.30741;DESPEJADO;NO IDENTIFICA LA CAUSA;;;PENDIENTE DE DETERMINAR LA CAUSA
A-2022-01-321;24/01/2022;03:50;DESPISTE;VOLCADURA;1;0;CARRETERA PANAMERICANA NORTE KM.286 900;;-10.13902095;-78.11708769171571;DESPEJADO;;;;NO INDICA
A-2022-01-322;29/01/2022;05:00;DESPISTE;VOLCADURA;1;0;CARRETERA PENENTRACIÓN QUILLO RINCONADA - SECTOR CHIULA - CASERIO DE RINONADA - DISTRITO DE QUILLO;;-9.326317715;-78.0123802080485;DESPEJADO;NO IDENTIFICA LA CAUSA;;;PENDIENTE DETERMINAR LA CAUSA.
A-2022-01-323;04/01/2022;17:50;CHOQUE;CHOQUE FRONTAL EXCENTRICO IZQUIERDO, SEGUIDO DE LESIONES,, CON SUBSECUENTE MUERTE Y DAÑOS MATERIALES;1;4;CARRETERA TRANSVERSAL RUTA 18 A KM. 76.00 ;CASERIO SANTA CATALINA - CHINCHAO ;-9.577413;-76.024176;DESPEJADO;IMPRUDENCIA DEL CONDUCTOR;EXCESO DE VELOCIDAD;;N/S
A-2022-01-324;23/01/2022;20:00;ATROPELLO FUGA;ATROPELLO CON VOLTEO, CAIDA, CON SUBSECUENTE MUERTE Y FUGA DEL LUGAR DEL ACCIDNETE;1;1;CARRETERA HUANUCO - AMBO KM. 9 Y 1/2 ;ALTURA DEL GRIFO MEGA PLUS;-10.01342915;-76.2358841832359;DESPEJADO;IMPRUDENCIA DEL PEATÓN;ESTADO DE EBRIEDAD Y/O DROGADICCIÓN;;
A-2022-01-325;27/01/2022;21:00;CHOQUE;CHOQUE POR EMBISTE SEGUIDO DE LESIONES CON SUBSECUENTE MUERTE;1;5;AV. UNIVERSITARIA CDRA. 06;FRONTIS DE LA UNIERSIDAD NACIONAL HERMILIO VALDIZAN;-9.949219;-76.250995;DESPEJADO;IMPRUDENCIA DEL CONDUCTOR;GIRAR IMPRUDENTEMENTE;;
A-2022-01-326;29/01/2022;23:00;DESPISTE;DESPISTE Y VOLCADURA;2;3;CARRETERA CENTRO POBLADO VINCHOS;;-9.805828;-76.132483;DESPEJADO;IMPRUDENCIA DEL CONDUCTOR;OTRO (IMPRUDENCIA DEL CONDUCTOR);;S/O
A-2022-01-327;18/01/2022;07:00;CHOQUE;;1;4;ALTURA DEL PEAJE DE AMBO;PEAJE DE AMBO;-10.1430053;-76.1955216;DESPEJADO;IMPRUDENCIA DEL CONDUCTOR;EXCESO DE VELOCIDAD;;S/O
A-2022-01-328;29/01/2022;15:13;CHOQUE;;2;0;CARRETERA HUANUCO - TINGO MARIA;;-9.842552;-76.136056;DESPEJADO;IMPRUDENCIA DEL CONDUCTOR;OTRO (IMPRUDENCIA DEL CONDUCTOR);;S/O
A-2022-01-33;06/01/2022;11:00;CHOQUE;CHOQUE POR EMBISTE LATERAL IZQUIERDO;1;0;INTERSECCION AV. LINARES/CALLE UMAPALCA;LIMITE DISTRITAL DE SABANDIA Y CHARACATO;-16.4634618;-71.5042127;LLUVIOSO;NO IDENTIFICA LA CAUSA;;;SIN OBSERVACIONES
A-2022-01-330;04/01/2022;03:00;VOLCADURA;;1;1;CARRETERA CALLAGAN MANZANO - PACHITEA;;-9.902059;-75.999937;DESPEJADO;IMPRUDENCIA DEL CONDUCTOR;EXCESO DE VELOCIDAD;;S/O
A-2022-01-331;19/01/2022;03:20;DESPISTE;CHOQUE VOLCADURA;1;0;AV. 15 DE AGOSTO INTERSECCION APURIMAC;IE HUERTO INFANTIL;-12.59410816;-69.19233473997863;DESPEJADO;NO IDENTIFICA LA CAUSA;;;
A-2022-01-332;28/01/2022;11:35;CHOQUE;VOLCADURA Y CAIDA ;1;0;AV. RICARDO PALMA CDRA. 7 Y AV. ALEJO MARTINEZ - JAUJA ;;-11.77893;-75.4977;DESPEJADO;IMPRUDENCIA DEL CONDUCTOR;NO ESTABLECER EL DERECHO DE PASO;;NINGUNO 
A-2022-01-333;10/01/2022;04:50;DESPISTE;ELVEHÍCULO CATG. N1, DE PLACA B2X-820, SE DESPLAZABA EN SENTIDO DE NORTE A SUR, POR EL CARRIL IZQUIERDO, AL LLEGAR  A LA ZONA DEL EVENTO, SE DESPISTA  HACIA EL SUR - OESTE, IMPACTANDO CON EL GUARDAVIAS, INICIANDO SU VOLCADURA.;1;0;CARRETERA PANAMECIANA NORTE. KM. 150.573;CERRO VISPAN;-11.09203;-77.58439;DESPEJADO;IMPRUDENCIA DEL CONDUCTOR;FATIGA Y/O CANSANCIO;;NINGUNA
A-2022-01-334;23/01/2022;12:50;DESPISTE;VOLCADURA;1;40;KM. 215.663 CPN;;-10.63917854;-77.85469021;DESPEJADO;;;;
A-2022-01-335;13/01/2022;00:20;CHOQUE;FRONTAL CENTRICO;1;0;ANTIGUA CARRETERA PANAMERICANA SUR ALTURA DEL KM 199 900;REF. FRENTE AL GRIFO PETRO AMERICA;-13.4441628;-76.1355111;DESPEJADO;NEGLIGENCIA DEL CONDUCTOR;OTRO (NEGLIGENCIA DEL CONDUCTOR);;
A-2022-01-336;06/01/2022;08:00;ATROPELLO;;1;0;INTERSECCIÓN DE LA AV. FITZCARRALD CON JR. JAVIER HERAUD;;-12.587281;-69.196777;DESPEJADO;IMPRUDENCIA DEL PEATÓN;ESTADO DE EBRIEDAD Y/O DROGADICCIÓN;;
A-2022-01-337;22/01/2022;10:10;DESPISTE;CHOQUE Y VOLCADURA EN TONEL 1/2 IZQUIERDO;1;0;ANTIGUA CARRETERA PANAMERICANA SUR ALTURA DEL KM. 203   809;;-13.529696;-76.183139;DESPEJADO;IMPRUDENCIA DEL CONDUCTOR;EXCESO DE VELOCIDAD;;
A-2022-01-338;23/01/2022;09:30;CHOQUE;FUGA,DESPISTE Y VOLCADURA;2;0;CARRETERA PANAMERICANA SUR KM.201.5;-;-13.47607528;-76.1839681188437;DESPEJADO;IMPRUDENCIA DEL CONDUCTOR;OTRO (IMPRUDENCIA DEL CONDUCTOR);NO GUARDAR DISTANCIA ENTRE VEHICULOS;
A-2022-01-339;28/01/2022;19:30;ATROPELLO FUGA;DESPISTE, VOLCADURA;1;3;CARRETERA PANAMERICANA SUR ALT KM 186 - 500;-;-13.48064867;-76.18441131162028;DESPEJADO;IMPRUDENCIA DEL PEATÓN;CRUCE INDEBIDO POR LA CALZADA;;
A-2022-01-34;13/01/2022;08:20;CHOQUE;-;1;0;CARRETERA ILAVE- DESAGUADERO ;ALTURA DEL DESVIO CHECA MAZOCRUZ;-16.09348415;-69.62616561009612;DESPEJADO;IMPRUDENCIA DEL CONDUCTOR;GIRAR IMPRUDENTEMENTE;;
A-2022-01-341;26/01/2022;12:45;CHOQUE;POR EMBISTE;1;1;INTERSECCION DE LA AV. LOS HEROES Y JR. SAN MARTIN  - CHUPACA;ALTURA DE LA CDRA 09 DE LA AV. LOS HEROES;-12.06552944;-75.27851338721504;DESPEJADO;IMPRUDENCIA DEL CONDUCTOR;GIRAR IMPRUDENTEMENTE;;NINGUNA
A-2022-01-343;02/01/2022;20:15;CHOQUE;CHOQUE CON CONSECUENCIA FATAL;1;0;VIA DE ACCESO PAMPA COLORADA;;-18.11154774;-70.2575237198779;DESPEJADO;IMPRUDENCIA DEL CONDUCTOR;CONDUCIR EN ESTADO DE EBRIEDAD Y/O DROGADICCIÓN;;NINGUNA
A-2022-01-344;11/01/2022;11:50;CHOQUE;CHOQUE CON CONSECUENCIA FATAL;1;0;CARRETERA PANAMERICANA SUR KM. 1302 650;;-18.16430326;-70.3355345977059;DESPEJADO;IMPRUDENCIA DEL CONDUCTOR;EXCESO DE VELOCIDAD;;NINGUNA
A-2022-01-345;18/01/2023;12:30;CHOQUE;VOLCADURA;1;0;CALLE LAS ORQUIDEAS CDRA.02 URB. VALLE DE SHARON;;-12.18875912;-76.96067432;DESPEJADO;IMPRUDENCIA DEL CONDUCTOR;OTRO (IMPRUDENCIA DEL CONDUCTOR);;NINGUNA
A-2022-01-35;08/01/2022;08:30;CHOQUE;-;1;0;CARRETERA FBT 498;CERCA AL PEAJE  MOYOBAMBA;-6.05454983;-76.93673561;DESPEJADO;IMPRUDENCIA DEL CONDUCTOR;CONDUCIR EN ESTADO DE EBRIEDAD Y/O DROGADICCIÓN;;
A-2022-01-37;12/01/2022;12:10;VOLCADURA;.;1;1;AVENIDA CIRCUNVALACION. KM 02.8;50 METROS AL NORTE DEL HOSPEDAJE LA CURVA;-3.581578227;-80.41127983121075;DESPEJADO;IMPRUDENCIA DEL CONDUCTOR;EXCESO DE VELOCIDAD;;
A-2022-01-43;15/01/2022;06:10;ATROPELLO;.;1;0;TROCHA CARROZABLE DE LECHUGAL.;.;-3.61342;-80.19236;DESPEJADO;IMPRUDENCIA DEL CONDUCTOR;EXCESO DE VELOCIDAD;;
A-2022-01-50;16/01/2022;01:30;ATROPELLO FUGA;-;1;0;AV. PUNO N° 874;A UNA CUADRA DEL GRIFO SEÑOR DE HUANCA;-16.08369461;-69.64495680940077;DESPEJADO;IMPRUDENCIA DEL CONDUCTOR;OTRO (IMPRUDENCIA DEL CONDUCTOR);AL DESPLAZAR SU VEHICULO REALIZANDO MANIOBRAS TEMERARIAS  DENTRO DE LA CALZADA  SIN TOMAR EN CUENTA LOS RIESGOS PRESENTES.;
A-2022-01-51;16/01/2022;09:05;DESPISTE;Y VOLCADURA;2;1;CARRETERA PANAMERICANA SUR CHACA CHACA-DESAGUADERO KM 1479 795;-;-16.369813;-69.2249847;DESPEJADO;IMPRUDENCIA DEL CONDUCTOR;GIRAR IMPRUDENTEMENTE;;
A-2022-01-53;01/01/2022;06:30;DESPISTE;;1;1;TROCHA CARROZABLE CP SAN JOSE - DISTRITO CHIMBAN ALTURA DEL SECTOR EL REJO;;-6.282066;-78.481812;DESPEJADO;NO IDENTIFICA LA CAUSA;;;
A-2022-01-54;03/01/2022;21:10;DESPISTE;;1;1;CARRETERA  CAJAMARCA - CIUDAD DE DIOS. ALTURA DEL KM. 58 800. REF. CASERÍO PAMPA LARGA;;-7.240266;-79.057652;DESPEJADO;NO IDENTIFICA LA CAUSA;;;
A-2022-01-55;06/01/2022;18:00;ATROPELLO;;1;1;CARRETERA QUE CONDUCE DEL SECTOR SAN NICOLAS A SAN FRANCISCO. ALTURA DEL KM 08 040;CARRETERA QUE CONDUCE DEL SECTOR SAN NICOLAS A SAN FRANCISCO, ALTURA DEL KM 08 040;-7.26103128;-78.13695433;DESPEJADO;NO IDENTIFICA LA CAUSA;;;
A-2022-01-56;07/01/2022;17:50;ATROPELLO;;1;0;JR. CARLOS LAGOMARCINO CDRA 03;;-6.565370097;-78.65140967244484;DESPEJADO;NO IDENTIFICA LA CAUSA;;;
A-2022-01-57;09/01/2022;14:40;DESPISTE;;2;1;TROCHA CARROZABLE SOCOTA - SAN LUIS DE LA LUCMA.;;-6.30739;-78.663099;DESPEJADO;NO IDENTIFICA LA CAUSA;;;
A-2022-01-59;10/01/2022;07:45;DESPISTE;DESPITE, VOLCADURA EN TONEL Y CAMPANA;1;0;VIA HACIA A LA ESCUELA TECNICA PNP CHARCANI;ZONA DENOMINADA SALTO AL GATO.;-16.2819103;-71.475033;NUBLADO;NO IDENTIFICA LA CAUSA;;;SIN OBSERVACIONES
A-2022-01-61;17/01/2022;00:00;CHOQUE;FATAL;1;0;PROLONGACION AV. MUNICIPAL;INTERSECCION CON LA AV. PEDRO RUIZ GALLO;-18.055143;-70.243578;DESPEJADO;IMPRUDENCIA DEL CONDUCTOR;CONDUCIR EN ESTADO DE EBRIEDAD Y/O DROGADICCIÓN;;AMBOS CONDUCTORES SE ENCONTRAN EN ESTADO DE EBRIEDAD
A-2022-01-63;09/01/2022;19:30;CHOQUE;-;1;0;CARRETERA FBT KM 428  230;-;-5.790776;-77.41728;DESPEJADO;IMPRUDENCIA DEL CONDUCTOR;OTRO (IMPRUDENCIA DEL CONDUCTOR);;SE INVESTIGA
A-2022-01-64;03/01/2022;08:30;DESPISTE;VOLCADURA;1;1;SECTOR PAMPA CRUZ - URIPA ;KM 13;-13.578622;-73.710652;NUBLADO;IMPRUDENCIA DEL CONDUCTOR;EXCESO DE VELOCIDAD;;
A-2022-01-69;01/01/2022;06:04;DESPISTE;CHOQUE, CAÍDA;1;0;AV. CONSTRUCTORES CDRA. 0.6;-;-12.063661;-76.952232;DESPEJADO;NO IDENTIFICA LA CAUSA;;;
A-2022-01-7;03/01/2022;19:45;CHOQUE;ACCIDENTE DE TRANSITO CHOQUE CON CONSECUENCIA MUERTE;1;0;CARETERA FBT KM 505;SECTOR CERRO QUEMADO;-6.082243;-76.884668;DESPEJADO;NO IDENTIFICA LA CAUSA;;;
A-2022-01-70;01/01/2022;23:00;ATROPELLO;-;1;0;AV. VICTOR MALASQUEZ;FONTIS A LA CANCHA SINTÉTICA LA TRIBUNA;-12.10402643;-76.87641783945658;DESPEJADO;NO IDENTIFICA LA CAUSA;;;
A-2022-01-73;03/01/2022;19:00;CHOQUE;-;1;0;PAN. SUR KM. 19.000;FRONTIS UNIVERSIDAD CIENTIFICA;-12.22111459;-76.97614819371015;DESPEJADO;NO IDENTIFICA LA CAUSA;;;
A-2022-01-76;06/01/2022;01:40;DESPISTE;DESPISTE Y VOLCADURA ;1;1;AV RAUL MATA LA CRUZ ;EX CIRCUNAVALACION ALTURA DE UCV COLLEGE;-5.175998;-80.661607;DESPEJADO;NO IDENTIFICA LA CAUSA;;;
A-2022-01-77;09/01/2022;23:50;DESPISTE;DESPISTE, VOLCADURA CAIDA ;1;0;TROCHA CARROZABLE DEL DISTRITO CRISTO NOS VALGA ;ALTURA DEL CANAL SANTA ISABEL ;-5.497836664;-80.7384596631634;DESPEJADO;NO IDENTIFICA LA CAUSA;;;
A-2022-01-8;05/01/2022;19:00;VOLCADURA;VOLCADURA FATAL;1;1;CARRETERA AREQUIPA- MATARANI KM.39 220;PROXIMO AL TUNEL;-16.920378;-72.050103;DESPEJADO;NO IDENTIFICA LA CAUSA;;;SIN OBSERVACIONES
A-2022-01-80;16/01/2022;12:01;CHOQUE;CHOQUE FATAL;2;3;CARRETERA PANAMERICANA SUR KM.971;A 3.5 KM. DE LA COMISARIA EL TRIUNFO;-16.5133522;-71.8084117;DESPEJADO;NO IDENTIFICA LA CAUSA;;;EL CONDUCTOR DE LA UT1 SE DIO A LA FUGA
A-2022-01-81;16/01/2022;15:06;DESPISTE;DESPISTE CHOQUE CON SUB SECUENTE MUERTE;1;3;CALLE CAPITAN NOVOA CDR.7;DISTRITO MARIANO MELGAR;-16.395862;-71.506317;NUBLADO;NO IDENTIFICA LA CAUSA;;;SIN OBSERVACIONES
A-2022-01-83;12/01/2022;13:50;DESPISTE;TOTAL Y VOLCADURA;1;1;CARRETERA  NACIONAL HUANCAYO-AYACUCHO;KM. PI 307, PITIPAMPA DISTRITO DE QUICHUAS-TAYACAJA;-12.496579;-74.720855;DESPEJADO;NO IDENTIFICA LA CAUSA;;;FALTA DE DILIGENCIAS
A-2022-01-89;03/01/2022;22:00;CHOQUE;VOLCADURA, CAÍDA Y ATROPELLO;1;0;PANAMERICANA NORTE KM. 27.5;ALTURA PARADERO ESTABLO;-11.8903849;-77.06837829493487;DESPEJADO;NO IDENTIFICA LA CAUSA;;;
A-2022-01-90;04/01/2022;10:45;ATROPELLO;-;1;0;CARRETERA PANAMERICANA NORTE  KM. 12.200;GRIFO ALT. DELTA;-12.02323;-77.058815;DESPEJADO;NO IDENTIFICA LA CAUSA;;;
A-2022-01-91;04/01/2022;20:30;DESPISTE;CHOQUE;1;0;AV. CANTA CALLAO ALT. MZ G LT. 4;ASOCIACION DE VIVIENDA SANTA MARIA;-11.987278;-77.103042;DESPEJADO;NO IDENTIFICA LA CAUSA;;;
A-2022-01-93;15/01/2022;23:00;CHOQUE;-;1;2;CARRETERA FBT KM 448 500;FRENTE AL RECREO TURISTICO EL BOSQUE;-5.933622;-77.311038;DESPEJADO;NO IDENTIFICA LA CAUSA;;EN INVESTIGACION;SE INVESTIGA
A-2022-01-94;21/01/2022;04:40;ATROPELLO;;1;0;AV. 225 VC PACHACUTEC ;PACHACUTEC ;-11.82886122;-77.15930383658092;DESPEJADO;IMPRUDENCIA DEL PEATÓN;CRUCE INDEBIDO POR LA CALZADA;;NINGUNA
A-2022-01-97;23/01/2022;01:30;DESPISTE;VOLCADURA;2;0;VIA LOS LIBERTADORES KM. 21.800;-;-13.716453;-75.970584;DESPEJADO;NO IDENTIFICA LA CAUSA;;;
A-2022-02-10;01/02/2022;10:00;DESPISTE;.;1;1;CALLE SIN NOMBRE. ENTRADA Y SALIDA DE LA MUNICIPALIDAD DE CANCAS.;.;-3.949371051;-80.94310785772831;DESPEJADO;IMPERICIA DEL CONDUCTOR;;;
A-2022-02-100;13/02/2022;21:45;CHOQUE;-;1;1;CARRETERA PANAMERICANA NORTE KM. 793;RESTAURANTE MI ESTRELLITA;-6.728604329;-79.88923069193943;DESPEJADO;NO IDENTIFICA LA CAUSA;;;ACCIDENTE EN INVESTIGACION
A-2022-02-101;17/02/2022;19:40;CHOQUE;-;1;0;CARRETERA PANAMERICANA NORTE KM 798;-;-6.689126;-79.9037;DESPEJADO;NO IDENTIFICA LA CAUSA;;;ACCIDENTE EN INVESTIGACION
A-2022-02-102;20/02/2022;20:11;CHOQUE;CHOQUE SEGUIDO DE MUERTE;1;0;AV CAJAMARCA SUR N° 449 700;CERCA DE LA COMISARIA DE NUEVA CAJAMARCA;-5.944189;-77.305847;LLUVIOSO;IMPERICIA DEL CONDUCTOR;;;SE INVESTIGA
A-2022-02-103;20/02/2022;19:30;CHOQUE;-;1;0;CARRETERA PANAMERICANA NORTE ANTIGUA KM 792;-;-6.727169573;-79.8901308417955;DESPEJADO;NO IDENTIFICA LA CAUSA;;;ACCIDENTE EN INVESTIGACION
A-2022-02-104;20/02/2022;23:30;ATROPELLO FUGA;-;1;0;CARRETERA PANAMERICANA NORTE KM. 11;-;-6.665822;-79.786422;DESPEJADO;NO IDENTIFICA LA CAUSA;;;ACCIDENTE EN INVESTIGACION
A-2022-02-105;21/02/2022;04:24;DESPISTE;-;1;0;CARRETERA PANAMERICANA SUR KM. 328;REF. ENTRADA A C.P. SANTA PETRONILA;-14.28067209;-75.68218313423354;DESPEJADO;IMPRUDENCIA DEL CONDUCTOR;EXCESO DE VELOCIDAD;;
A-2022-02-108;06/02/2022;20:15;ATROPELLO;ATROPELLO;1;1;CARRETERA CATACAOS ;KM 133 SHALOM ;-5.268453482;-80.6723013796813;DESPEJADO;NO IDENTIFICA LA CAUSA;;;
A-2022-02-109;08/02/2022;01:45;DESPISTE;DESPISTE Y CHOQUE;1;0;AV EDUCATIVA ;ALTURA DE VILLA MIRANDA ;-5.164371;-80.64665;;;;;
A-2022-02-11;02/02/2022;20:00;DESPISTE;VOLCADURA CON CONSECUENCIA DE MUERTE;2;0;KM67 100TROCHA CARROZABLE HUACLLAN;LUGAR DENOMINADO HUAGRA SAGA SUCCHA;-9.755958932;-77.66675202273255;NUBLADO;IMPRUDENCIA DEL CONDUCTOR;EXCESO DE VELOCIDAD;;NO TUVO EN CUENTA LA CONFIGURACION SINUOSA DE LA VIA ASOCIADA EN EL  FACTOR CLIMATILO (NEBLINA)
A-2022-02-114;05/02/2022;17:15;ATROPELLO;;1;0;KM. 81 350 DE LA CARRETERA DE PENETRACIÓN CIUDAD DE DIOS CAJAMARCA;;-7.21637833;-78.91612;DESPEJADO;NO IDENTIFICA LA CAUSA;;;PENDIENTE HASTA TERMINAR LA INVESTIGACION 
A-2022-02-116;25/02/2022;04:50;CHOQUE;FRONTAL;1;1;KM 1370 200;CENTRO POBLADO ICHU;-15.865961;-69.941804;DESPEJADO;IMPRUDENCIA DEL CONDUCTOR;INVASIÓN DE CARRIL;;IMPRUDENCIA DEL CONDUCTOR DEL CAMION.
A-2022-02-117;22/02/2022;15:30;DESPISTE;CHOQUE ;1;1;CARRETERA PANAMERICANA SUR KM.327;SECTOR LA JOYA ;-14.2709061;-75.6839471;SOLEADO;NO IDENTIFICA LA CAUSA;;;
A-2022-02-119;24/02/2022;05:45;ATROPELLO;;1;0;AV. COMANDANTE PEREZ SALMON 342;;-12.05394621;-77.11996789753974;DESPEJADO;IMPRUDENCIA DEL CONDUCTOR;EXCESO DE VELOCIDAD;;NINGUNA
A-2022-02-121;22/02/2022;03:30;ATROPELLO FUGA;-;1;0;CARRETERA PANAMERICANA NORTE ALTURA DEL KM. 686;-;-7.364211367;-79.52776551923222;DESPEJADO;NO IDENTIFICA LA CAUSA;;;
A-2022-02-123;23/02/2022;14:50;CHOQUE;CHOQUE CON SUBSECUENTE MUERTE;1;6;KM 917 DE LA CARRETERA PANAMERICANA SUR;CENTRO POBLADO SAN JUAN EL ALTO;-16.378563;-72.181366;DESPEJADO;NO IDENTIFICA LA CAUSA;;;S/O
A-2022-02-124;26/02/2022;21:50;CHOQUE CON OBJETO FIJO;SUBSECUENTE MUERTE;1;0;KM 3 DE LA VARIANTE DE UCHUMAYO;AV TAHUAYCANI;-16.408001;-71.560112;DESPEJADO;NO IDENTIFICA LA CAUSA;;;S/O
A-2022-02-125;14/02/2022;07:40;CHOQUE;SEGUIDO DE VOLCADURA ;1;0;CARRETERA PANAMERICANA NORTE KM 215;HOTEL VISTA DEL MAR ;-3.706016665;-80.71842003395297;DESPEJADO;IMPRUDENCIA DEL CONDUCTOR;CONDUCIR EN ESTADO DE EBRIEDAD Y/O DROGADICCIÓN;;
A-2022-02-126;19/02/2022;14:00;ATROPELLO;.;1;0;EN EL INTERIOR DEL CUARTEL FUERTE - 05 DE JULIO;.;-3.610398034;-80.48495027603313;SOLEADO;IMPERICIA DEL CONDUCTOR;;;
A-2022-02-127;26/02/2022;17:40;CHOQUE;-;1;0;KM 4 200 CARRETERA CHECA MAZOCRUZ;CHATUMA;-16.294218;-69.233346;DESPEJADO;IMPRUDENCIA DEL CONDUCTOR;CONDUCIR EN ESTADO DE EBRIEDAD Y/O DROGADICCIÓN;;
A-2022-02-128;23/02/2022;12:30;DESPISTE;-;2;3;CARRETERA DEL SECTOR EL GIGANTE CURVA 11 - EN EL TRAMO DE LA MINERA MARSA;-;-8.044529146;-77.44012180968068;LLUVIOSO;IMPRUDENCIA DEL CONDUCTOR;OTRO (IMPRUDENCIA DEL CONDUCTOR);CONDUCIR CON DESATENCION;
A-2022-02-129;26/02/2022;17:50;CHOQUE;.;1;3;CARRETRA PANAMEIRCANA NORTE KM.159 920;.;-4.057093297;-80.96238258703987;SOLEADO;IMPRUDENCIA DEL CONDUCTOR;INVASIÓN DE CARRIL;;
A-2022-02-130;22/02/2022;09:45;DESPISTE;-;1;0;CARRETERA PANAMERICANA NORTE ALTURA DEL KM. 712;-;-7.200123766;-79.42825350892518;DESPEJADO;NO IDENTIFICA LA CAUSA;;;
A-2022-02-131;27/02/2022;22:00;ATROPELLO;-;1;0;CARRETERA PANAMERICANA NORTE ALTURA DEL KM. 585;-;-8.012744;-79.071152;DESPEJADO;NO IDENTIFICA LA CAUSA;;;
A-2022-02-132;27/02/2022;21:30;DESPISTE;-;1;0;CARRETERA DE PENETRACION AL SECTOR LA ARENA ;-;-7.655089479;-78.5757881785326;DESPEJADO;IMPRUDENCIA DEL CONDUCTOR;INVASIÓN DE CARRIL;;
A-2022-02-133;18/02/2022;06:20;CHOQUE FUGA;FATAL;1;0;C.P.S. 276-VILLACURI;FRONTIS DEL FUNDO DON PEPE;-13.94372266;-75.80869573155678;DESPEJADO;NO IDENTIFICA LA CAUSA;;;
A-2022-02-134;28/02/2022;13:40;DESPISTE;VOLCADURA;1;1;KM.1495 182;ZEPITA;-16.489;-69.11;DESPEJADO;IMPRUDENCIA DEL CONDUCTOR;EXCESO DE VELOCIDAD;;
A-2022-02-135;27/02/2022;05:30;ATROPELLO;SUBSECUENTE MUERTE;1;0;KM 13 DE LA CARRETERA AREQUIPA YURA;PARQUE LOS CORITOS;-16.315405;-71.606316;DESPEJADO;NO IDENTIFICA LA CAUSA;;;S/O
A-2022-02-136;02/02/2022;03:30;ATROPELLO;-;1;0;KM 293 380;UPEU;-15.5187966;-70.1770208;DESPEJADO;IMPRUDENCIA DEL PEATÓN;CRUCE INDEBIDO POR LA CALZADA;;NINGUNA 
A-2022-02-137;08/02/2022;17:00;ATROPELLO;APLASTAMIENTO ;1;0;KM 247 910;LOROMAYO;-13.506092;-70.422063;SOLEADO;NEGLIGENCIA DEL CONDUCTOR;OTRO (NEGLIGENCIA DEL CONDUCTOR);NEGLIGENCIA DE LOS PADRES  Y/O  PERSONAS A CARGO DEL INFANTE ;NINGUNA 
A-2022-02-138;12/02/2022;18:30;CHOQUE;-;1;4;AV INDEPENDENCIA CON JR AEROPUERTO;-;-15.475756;-70.13639682596093;DESPEJADO;IMPRUDENCIA DEL CONDUCTOR;EXCESO DE VELOCIDAD;;NINGUNA 
A-2022-02-139;24/02/2022;08:30;CHOQUE;DESPISTE;3;2;KM 20-200;JULIACA HUANCANE;-15.3413794;-70.0436795;DESPEJADO;IMPRUDENCIA DEL CONDUCTOR;OTRO (IMPRUDENCIA DEL CONDUCTOR);REALIZAR UNA MANIOBRA TEMERARIA, SIN ANTES ELIMINAR LOS RIESGOS QUE GENERA EN SU CAMBIO DE CIRCULACION ;NINGUNA 
A-2022-02-147;17/02/2022;18:00;DESPISTE;VOLCADURA;2;0;SECTOR DE JILLA MOLLE DE LA COMUNIDAD DE HUANIPA CHILMAY;;-13.907017;-73.666096;;;;;
A-2022-02-148;19/02/2022;12:35;DESPISTE;VOLCADURA;1;5;CARRETERA PUCUHUILLCA;ACOCRO;-13.213543;-74.043324;DESPEJADO;IMPERICIA DEL CONDUCTOR;;;NINGUNA
A-2022-02-149;02/02/2022;10:00;ATROPELLO;-;1;0;CARRETERA PAN. NORTE KM.15. 584;ALT. PTE PEAT PALAO;-12.02089349;-77.05935531665118;DESPEJADO;NO IDENTIFICA LA CAUSA;;;
A-2022-02-15;04/02/2022;08:05;CHOQUE FUGA;-;1;1;COM. ANCASAYA;DESVIO PILCUYO;-16.0969018;-69.6183043;DESPEJADO;IMPRUDENCIA DEL CONDUCTOR;GIRAR IMPRUDENTEMENTE;;IMPRUDENCIA DEL CONDUCTOR DEL CAMION, AL GIRAR IMPRUDENTEMENTE Y NO DAR PREFERENCIA DE PASO A LA MOTOCICLETA  NO DAR PREVERENCIA
A-2022-02-150;02/02/2022;20:00;ATROPELLO FUGA;-;1;0;CARRETERA CENTRAL KM.16;ALT.GRIFO PRIMAX;-12.01229388;-76.87820424799322;DESPEJADO;NO IDENTIFICA LA CAUSA;;;
A-2022-02-151;03/02/2022;06:10;ATROPELLO;-;1;0;AV. MALECON CHECA CDRA 03;ALT.JR. LOS CISNES;-12.0240652;-76.9779903;DESPEJADO;NO IDENTIFICA LA CAUSA;;;
A-2022-02-153;03/02/2022;13:25;ATROPELLO;-;1;1;AV. MARIANO PASTOR SEVILLA & AV MODELO;-;-12.19567736;-76.9590793694863;DESPEJADO;NO IDENTIFICA LA CAUSA;;;