COD_ACCIDE;FechaDelAccidente;HoraDelAccidente;ClaseDelAccidente;SecuenciaAccidente;CantidadDeFallecidos;CantidadDeLesionados;Direccion;LugarReferencia;y;x;CondClimatica;CausaFactorPrincipal;CausaEspecifica;OtraCausa;Observaciones
A-2022-02-154;05/02/2022;07:00;CHOQUE;VOLCADURA, CAIDA, APLASTAMIENTO;1;0;AV. VISTA ALEGRE CON CALLE JOSE CARLOS MARIATEGUI;-;-12.18763164;-76.99171043981733;DESPEJADO;NO IDENTIFICA LA CAUSA;;;
A-2022-02-155;06/02/2022;05:15;CHOQUE;DESPISTE, VOLCADURA,CAIDA;1;0;CARRETERA PAN. NORTE KM. 16.500;BYPASS DE LA AV. CARLOS IZAGUIRRE;-11.99012163;-77.06409531702582;DESPEJADO;NO IDENTIFICA LA CAUSA;;;
A-2022-02-157;08/02/2022;23:25;CHOQUE;EXCESO DE VELOCIDAD DE AMBOS VEHICULOS;2;7;CARRETERA CUSCO URCOS;KILOMETRO1010 100;-13.6746878;-71.66918807448901;DESPEJADO;IMPRUDENCIA DEL CONDUCTOR;INVASIÓN DE CARRIL;;NINGUNA
A-2022-02-158;02/02/2022;17:30;CHOQUE;EL VEHÍCULO L3, MOTOCICLETA DE PLACA DE RODAJE A3-4692, CIRCULABA EN SENTIDO DE ESTE A OESTE, AL LLEGAR A UNA CURVA CERRADA, INVADE PARCIALMENTE EL CARRIL CONTRARIO, IMPACTANDO DE MANERA FRONTAL, CON EL VEHÍCULO N2, DE PLACA DE RODAJE ATZ-885.;1;0;CARRETERA DE PENETRACIÓN DEL CENTRO POBLADO MIRAFLORES AL CENTRO POBLADO MIRAFLORES;KM. 04.789.90;-11.54525144;-77.18249017714855;DESPEJADO;IMPRUDENCIA DEL CONDUCTOR;CONDUCIR EN ESTADO DE EBRIEDAD Y/O DROGADICCIÓN;;NINGUNA
A-2022-02-159;20/02/2022;04:30;ATROPELLO FUGA;-;1;0;CARRETERA PANAMERICANA SUR KM. 1306   500;-;-18.0624;-70.287386;DESPEJADO;IMPRUDENCIA DEL PEATÓN;ESTADO DE EBRIEDAD Y/O DROGADICCIÓN;;
A-2022-02-16;03/02/2022;19:45;CHOQUE;CHOQUE DE CONSECUENCIA FATAL;2;2;KM 7.5 CARRETERA PANAMERICANA SUR MOLLENDO MEJIA;SECTOR SOMBRERO CHICO;-17.063167;-71.949771;DESPEJADO;NO IDENTIFICA LA CAUSA;;;S/O
A-2022-02-160;17/02/2022;05:51;ATROPELLO;EL PEATÓN QVF. ISABEL OBREGON (56), INGRESA  Y CRUZA TRASVERSALMENTE  EN SENTIDO DE OESTE A ESTE LA CARRETERA PANAMERICANA NORTE, INGRESA AL CARRIL ESTE, AL POSICIONARSE EN EL CARRIL DERECHO, ES IMPACTADA POR EL VEHÍCULO DE PLACA DE RODAJE AZP-520;1;0;CARRETERA PANAMERICANA NORTE. KM. 85.715.80;ALTURA DEL INGRESO AL CENTRO POBLADO LOS LAURELES.;-11.53754096;-77.2831052179633;DESPEJADO;IMPRUDENCIA DEL PEATÓN;CRUCE INDEBIDO POR LA CALZADA;;NINGUNA
A-2022-02-161;22/02/2022;10:30;CHOQUE;EL VEHÍCULO CATG. N3, VOLQUETE DE PLACA C7R-740, SALE DE UN CAMINO VECINAL EN SENTIDO DE ESTE A OESTE, E INGRESA A LA CALZADA ESTE DE LA CARRETERA PANAMERICANA NORTE, SE POSESIONA  SOBRE EL CARRIL IZQUIERDO, LUEGO DE AVANZAR 40 MTS., APROX., ES IMPACTADO POR ALCANCE POR EL VEHÍCULO DE PLACA BKE-690;1;1;CARRETERA PANAMERICANA NORTE. KM. 146.255.80;ALTURA DEL INGRESO A LA ASO. VIVI. LA MERCED - SANTA MARÍA.;-11.13822307;-77.59695584784023;DESPEJADO;IMPRUDENCIA DEL CONDUCTOR;EXCESO DE VELOCIDAD;;NINGUNA
A-2022-02-162;06/02/2022;18:00;DESPISTE;-;1;0;AV. LOS HEROES CDRA 06 ;INGRESO AL BYPASS;-12.15063969;-76.98046831877359;DESPEJADO;NO IDENTIFICA LA CAUSA;;;
A-2022-02-164;13/02/2022;04:00;ATROPELLO FUGA;ATROPELLO Y FUGA ;1;0;AVENIDA LUIS MONTERO ;ALTURA ESTADUIO MIGUEL GRAU ;-5.193507;-80.618101;DESPEJADO;NO IDENTIFICA LA CAUSA;;;
A-2022-02-165;14/02/2022;20:15;CHOQUE;CHOQUE ;1;0;CARRETERA CATACAOS - LA ARENA ;PUENTE INDEPENDENCIA ;-5.305910431;-80.7010944563905;DESPEJADO;NO IDENTIFICA LA CAUSA;;;
A-2022-02-166;07/02/2022;21:00;ESPECIAL;APLASTAMIENTO;1;0;ZONA DE PREDIO MZ B LT 28 DE LÑA AV. UNO;-;-12.0038514;-76.92815784749214;DESPEJADO;NO IDENTIFICA LA CAUSA;;;
A-2022-02-167;08/02/2022;17:00;CAÍDA DE PASAJERO;ATROPELLO;1;0;AV. PROCERES DE HUANDOYCON LA AV. A;-;-11.963629;-77.077475;DESPEJADO;NO IDENTIFICA LA CAUSA;;;
A-2022-02-168;08/02/2022;23:40;ATROPELLO;-;1;0;AV. AVIACION ALT. CDRA 34;FRONTIS DEL CASINO CRAZY;-12.1056822;-77.0011375;DESPEJADO;NO IDENTIFICA LA CAUSA;;;
A-2022-02-169;09/02/2022;21:40;ATROPELLO FUGA;-;1;0;CARRETERA PANAMERICANA NORTE ANTIGUA KM. 44;ENTRADA AL CASERIO PUERTO RICO;-6.3304186;-79.7639598;NUBLADO;NO IDENTIFICA LA CAUSA;;;ACCIDENTE EN INVESTIGACION
A-2022-02-17;04/02/2022;13:10;CHOQUE;CHOQUE VOLCADURA;1;0;AV POLONIA;ALTURA HOTEL CALCOLLACTA;-15.633662;-71.603697;DESPEJADO;NO IDENTIFICA LA CAUSA;;;S/O
A-2022-02-170;23/02/2022;19:20;ATROPELLO;-;1;0;CARRETERA PANAMERICANA NORTE KM. 770;COLEGIO DIEGO FERRE;-6.872421;-79.817412;DESPEJADO;NO IDENTIFICA LA CAUSA;;;ACCIDENTE EN INVESTIGACION
A-2022-02-171;21/02/2022;03:30;DESPISTE;;1;0;INTERSECCIÓN DE LA AV. VIA DE EVITAMIENTO SUR Y AV. INDUSTRIAL ;;-7.17930167;-78.48539833;DESPEJADO;NO IDENTIFICA LA CAUSA;;;
A-2022-02-172;23/02/2022;18:30;ATROPELLO;-;1;0;AVENIDA PASCUAL PULLEN N° 590-MORROPE;LUBRICANTE LITO;-6.544446;-80.014918;DESPEJADO;NO IDENTIFICA LA CAUSA;;;ACCIDENTE EN INVESTIGACION
A-2022-02-18;06/02/2022;10:45;DESPISTE;MUERTE DEL CONDUCTOR ;1;0;CARRETERA PANAMERICANA SUR KM. 266;;-13.92955721;-75.96813851672198;DESPEJADO;IMPRUDENCIA DEL CONDUCTOR;OTRO (IMPRUDENCIA DEL CONDUCTOR);EN INVESTIGACION ;CONDUCTOR FALLECIDO EN EL LUGAR DE LOS HECHOS 
A-2022-02-183;07/02/2022;05:30;CHOQUE;-;2;19;CARRETERA MORROPE KM. 834;-;-6.455592;-80.132743;DESPEJADO;NO IDENTIFICA LA CAUSA;;;ACCIDENTE EN INVESTIGACION
A-2022-02-184;21/02/2022;20:30;DESPISTE;-;1;0;CARRETERA CAYALTI;SECTOR CAFETAL BAJO;-6.885022;-79.53013;DESPEJADO;NO IDENTIFICA LA CAUSA;;;ACCIDENTE EN INVESTIGACION
A-2022-02-185;23/02/2022;08:35;DESPISTE;-;1;0;CARRETERA SANTA ROSA CENTRO POBLADO LAGUNA CHICA KM. 10;-;-6.855076;-79.904741;DESPEJADO;NO IDENTIFICA LA CAUSA;;;ACCIDENTE EN INVESTIGACION
A-2022-02-186;24/02/2022;20:00;CHOQUE;-;2;0;CARRETERA CHONGOYA PE KM. 41;-;-6.740838;-79.53269;DESPEJADO;NO IDENTIFICA LA CAUSA;;;ACCIDENTE EN INVESTIGACION
A-2022-02-187;24/02/2022;08:30;DESPISTE;-;2;0;CARRETERA FERREÑAFE;-;-6.603333;-79.816003;DESPEJADO;NO IDENTIFICA LA CAUSA;;;ACCIDENTE EN INVESTIGACION
A-2022-02-188;27/02/2022;04:15;ATROPELLO FUGA;-;1;1;CARRETERA SAN JOSE KM. 3.5;-;-6.773373;-79.926741;DESPEJADO;NO IDENTIFICA LA CAUSA;;;ACCIDENTE EN INVESTIGACION
A-2022-02-189;07/02/2022;05:00;CHOQUE;-----;1;3;KM. 725 DE LA CARRETERA PANAMERICANA SUR;ATICO;-16.25311055;-73.53632185950711;DESPEJADO;NO IDENTIFICA LA CAUSA;;;
A-2022-02-19;05/02/2022;20:40;CHOQUE;.;1;1;CARRETERA PANAMERICANA KM . 09;;-3.564513386;-80.22319578855198;DESPEJADO;IMPRUDENCIA DEL CONDUCTOR;EXCESO DE VELOCIDAD;;
A-2022-02-196;03/02/2022;14:35;DESPISTE;DESPISTE POR EBRIEDAD Y DESPISTE DE VEHICULO MENOR;1;0;CARRETERA VELILLE SANTO THOMAS;KILOMETRO  O SECTOR MUYURINA;-14.54950846;-72.04748801690361;DESPEJADO;IMPRUDENCIA DEL CONDUCTOR;CONDUCIR EN ESTADO DE EBRIEDAD Y/O DROGADICCIÓN;;NINGUNA
A-2022-02-197;23/02/2022;11:10;ATROPELLO;;1;1;KM. 73 400 CARRETERA DE PENETRACION CIUDAD DE DIOS - CAJAMARCA;;-7.19294555;-78.97348878;DESPEJADO;NO IDENTIFICA LA CAUSA;;;
A-2022-02-198;28/02/2022;06:50;CHOQUE;-;1;0;CARRETERA CHICLAYO TUMAN;-;-6.739669357;-79.71388946070171;DESPEJADO;NO IDENTIFICA LA CAUSA;;;ACCIDENTE EN INVESTIGACION
A-2022-02-199;27/02/2022;11:30;ATROPELLO;-;1;2;CARRETERA PANAMERICANA NORTE ANTIGUA KM. 18;-;-6.525814;-79.864103;DESPEJADO;NO IDENTIFICA LA CAUSA;;;ACCIDENTE EN INVESTIGACION
A-2022-02-20;06/02/2022;21:30;CHOQUE;TRIPLE;1;2;SECTOR CUTIMBO VIA PUNO- MOQUEGUA;24 700;-16.049958;-70.0086957;DESPEJADO;IMPRUDENCIA DEL CONDUCTOR;OTRO (IMPRUDENCIA DEL CONDUCTOR);EXCESO DE CONFIANZA DEL CONDUCTOR DE LA CAMIONETA, AL APEGARSE AL CENTRO DE LA CALZADA, SIN TOMAR EN CUENTA LOS RIESGOS PRESENTES Y POSIBLES QUE PUDIERAN PRESENTARSE SURANTE SU DESPLZAMIENTO.;
A-2022-02-200;13/02/2022;21:00;CHOQUE CON OBJETO FIJO;VEHICULO MENOR CHOCO CON SEPARDOR DE CARRIL;1;0;VIA DE EVITAMIENTO DEL DISTRITO DE SANJERONIMO;ALTURA DE LA GRANJA KAIRA DE LA UNSAAC;-13.55481384;-71.87566286096616;LLUVIOSO;IMPRUDENCIA DEL CONDUCTOR;EXCESO DE VELOCIDAD;;NINGUNA
A-2022-02-201;04/02/2022;14:30;ATROPELLO;OMNIBUS TRANSITABA POR LA CARRETRA AL PARECR EN ESTADO DE EBRIEDAD;1;0;CARRTERA PAMAPAMARCA A YANAOCA;CC. URINSAYA;-14.153503;-71.456701;DESPEJADO;IMPRUDENCIA DEL CONDUCTOR;CONDUCIR EN ESTADO DE EBRIEDAD Y/O DROGADICCIÓN;;NINGUNA
A-2022-02-202;06/02/2022;23:00;DESPISTE;OMNIBUS QUE SE DESPISTA AL PARECER POR EXECESO DE VELOCIDAD;2;13;CARRETERA VERSALLES A OCOBAMABA;KILOMETRO13 600;-12.69278893;-72.2741145711286;DESPEJADO;IMPRUDENCIA DEL CONDUCTOR;EXCESO DE VELOCIDAD;;NINGUNA
A-2022-02-209;20/02/2022;20:00;ATROPELLO FUGA;VEHICULO FUGADO ;1;0;HUAYLLABAMBA SECTOR MIRADOR;KILOMETRO54 700;-13.3318242;-72.0596769;DESPEJADO;IMPRUDENCIA DEL CONDUCTOR;EXCESO DE VELOCIDAD;;NINGUNO
A-2022-02-21;06/02/2022;07:30;CHOQUE;CHOQUE DE CONSECUENCIA FATAL;5;13;KM 147 DE LA CARRETERA AREQUIPA JULIACA;HITO 147;-15.946451;-71.1926249;DESPEJADO;NO IDENTIFICA LA CAUSA;;;S/O
A-2022-02-210;24/02/2022;20:40;ATROPELLO FUGA;VEHICULO FUGADO DEL LUGAR DEL ACCIDENTE;1;0;AA.HH. MIRADOR;TRAMO DE TROCHA CARROSABLE;-13.516553;-71.992016;LLUVIOSO;IMPRUDENCIA DEL CONDUCTOR;EXCESO DE VELOCIDAD;;NINGUNO
A-2022-02-211;26/02/2022;03:00;DESPISTE;VEHICULO MENOR MOTOCARGA SE DESPISTA;1;1;CARRETERA CHAMACAAÑAHUICHE ;KILOMETRO 3;-14.3134348;-71.83869301413971;LLUVIOSO;IMPRUDENCIA DEL CONDUCTOR;EXCESO DE VELOCIDAD;;NINGUNA
A-2022-02-212;25/02/2022;19:00;DESPISTE;VOLCADURA;2;0;KM. 04.800 DE LA VIA CARROZABLE LAS CUEVAS-SAN MARINO;-----;-16.66433969;-72.60415254475068;DESPEJADO;NO IDENTIFICA LA CAUSA;;;
A-2022-02-213;22/02/2022;07:50;CHOQUE;-----;1;0;KM. 597 800 DE LA CARRETERA PANAMERICANA SUR;CHALA;-15.81256846;-74.38580123214663;DESPEJADO;NO IDENTIFICA LA CAUSA;;;
A-2022-02-214;12/02/2022;09:20;ATROPELLO;----;1;0;KM. 280 CARRETERA COTAHUASI-CHARCANA;-------;-15.2230501;-72.9460449;DESPEJADO;NO IDENTIFICA LA CAUSA;;;
A-2022-02-215;12/02/2022;05:00;DESPISTE;------;1;0;KM. 843 900 DE LA CARRETERA PANAMERICANA SUR;OVALO LA PUNTA;-16.64805932;-72.68785246907481;DESPEJADO;NO IDENTIFICA LA CAUSA;;;
A-2022-02-216;09/02/2022;20:00;ATROPELLO;-;1;0;AV. LOS NARANJOS SECTOR 5 MANCHAY;-;-12.101285;-76.874275;DESPEJADO;NO IDENTIFICA LA CAUSA;;;
A-2022-02-217;14/02/2022;08:00;DESPISTE;DESPISTE CHOQUE Y VOLCADURA;1;0;CARRETERA SECHURA - BATYOVAR ;KM 62;-5.8266419;-81.033544;DESPEJADO;NO IDENTIFICA LA CAUSA;;;
A-2022-02-218;10/02/2022;06:30;ATROPELLO;-;1;0;URB. LOS PORTALES CON CALLE LOS ALGARROBOS;-;-11.86253;-77.03923;DESPEJADO;NO IDENTIFICA LA CAUSA;;;
A-2022-02-219;17/02/2022;00:00;DESPISTE;DESPISTE Y VOLCADURA ;1;2;CARRETERA CASERI SUMUCHE ;SECTOR EL SHAYO -HUARMACA;-5.53634;-79.51849;NIEBLA;NO IDENTIFICA LA CAUSA;;;
A-2022-02-22;05/02/2022;17:10;CHOQUE FUGA;;1;0;AV.BUENOS AIRES CON JR.VIGIL ;;-12.06124776;-77.13397775567661;DESPEJADO;IMPRUDENCIA DEL CONDUCTOR;NO DAR PASO PREFERENTE AL PEATÓN;;SE REMITIO A FISCALIA 
A-2022-02-221;11/02/2022;18:30;ATROPELLO;-;1;0;AV.MARCO PUENTE LLANOS;AV. NICOLASAYLLON;-12.029235;-76.923477;DESPEJADO;NO IDENTIFICA LA CAUSA;;;
A-2022-02-222;11/02/2022;02:40;CHOQUE;VOLCADURA Y CAIDA;1;0;AV. CAMINO REAL;-;-11.87403279;-77.02781799659697;DESPEJADO;NO IDENTIFICA LA CAUSA;;;
A-2022-02-223;12/02/2022;02:30;ATROPELLO FUGA;-;1;0;VIA EVITAMIENTOKM 6.5;PTE SETAME;-12.04010654;-77.01654726379101;DESPEJADO;NO IDENTIFICA LA CAUSA;;;
A-2022-02-224;27/02/2022;17:31;CHOQUE;VEHICULOS MENOR ES CHOCAN EN SENTIDO CONTRARIO;1;2;SECTOR QUELLOUNO;KILOMETRO 18 000;-13.34065057;-71.5750555676924;LLUVIOSO;IMPRUDENCIA DEL CONDUCTOR;EXCESO DE VELOCIDAD;;NINGUNA
A-2022-02-225;20/02/2022;16:40;DESPISTE;VEHICULO MENRO QUE TRANSITABA DE DESPISTA POR EXCESO DE VELOCIDAD;1;0;PROLONGACION TUPAC AMARU;ALTURA DE LA URB. SANTA MONICA;-13.53124297;-71.94799194024732;LLUVIOSO;IMPRUDENCIA DEL CONDUCTOR;CONDUCIR EN ESTADO DE EBRIEDAD Y/O DROGADICCIÓN;;NINGUNA
A-2022-02-227;27/02/2022;21:45;DESPISTE;VEHICULO STATION WAGON LLEVAVA A LA COMUNIDAD DE CRUZ PATA ;1;5;COMUNIDAD CAMPESINA CRUZ PATA;KILOMETRO 12;-13.44779683;-72.44365488823162;DESPEJADO;IMPRUDENCIA DEL CONDUCTOR;EXCESO DE VELOCIDAD;;NINGUNA
A-2022-02-228;13/02/2022;15:30;CHOQUE;-;1;1;AV. PETIT THOUARS Y AV. MARIANO CARRANZA;-;-12.0754178;-77.03468437925478;DESPEJADO;NO IDENTIFICA LA CAUSA;;;
A-2022-02-229;14/02/2022;05:30;DESPISTE;CAIDA DE PASAJERO;1;0;CIRCUITO DE PLAYAS;ALT. CACUNACAR;-12.096321;-77.076241;DESPEJADO;NO IDENTIFICA LA CAUSA;;;
A-2022-02-23;02/02/2022;11:15;CHOQUE;;1;0;CARRETERA CAJAMARCA - CHOTA. ALTURA DEL KM 209 200. APAN ALTO;;-6.726036;-78.57479;DESPEJADO;NO IDENTIFICA LA CAUSA;;;
A-2022-02-230;14/02/2022;15:20;CHOQUE;DESPISTE, CAIDA, VOLCADURA, ATROPELLO Y FUGA;1;0;AV. LOS DOMINICOS ;ASC. VIRGEN DEL CARMEN;-12.00162366;-77.10134239586085;DESPEJADO;NO IDENTIFICA LA CAUSA;;;
A-2022-02-231;15/02/2022;04:30;ATROPELLO FUGA;-;1;0;AV. LA PAZ;CENTRO POBLADOSANTA AMARIADE HUACHIPA;-12.01969722;-76.91999853447619;DESPEJADO;NO IDENTIFICA LA CAUSA;;;
A-2022-02-232;26/02/2022;18:30;DESPISTE;VEHICULO QUE SE DESPISTA A CONSECUENCIA DEL EXCESO DE VELOCIDAD;1;1;COMUNIDAD CAMPESINA DE MUYUPATA;KILOMETRO 18 100;-13.1979166;-71.65895396776274;NUBLADO;IMPRUDENCIA DEL CONDUCTOR;EXCESO DE VELOCIDAD;;NIGUNA
A-2022-02-234;15/02/2022;11:00;ATROPELLO;-;1;0;AV. GUILLERMO DE LA FUENTE CON MARIANO ANGULO ;-;-11.94169213;-77.06441396888829;DESPEJADO;NO IDENTIFICA LA CAUSA;;;
A-2022-02-235;16/02/2022;13:30;ATROPELLO;-;1;0;AV. ALCAZAR CDRA 09;-;-12.02492824;-77.03557518646898;DESPEJADO;NO IDENTIFICA LA CAUSA;;;
A-2022-02-236;18/02/2022;21:00;ATROPELLO;-;1;0;CIRCUITO DE PLAYAS ;FRENTE AL HELIPUERTO;-12.11835582;-77.04539717637547;DESPEJADO;NO IDENTIFICA LA CAUSA;;;
A-2022-02-237;19/02/2022;19:45;CHOQUE;CAIDA;1;0;AV. LA MOLINA CDRA 28 CON AV.7;-;-12.08204307;-76.92834014416228;DESPEJADO;NO IDENTIFICA LA CAUSA;;;
A-2022-02-238;26/02/2022;17:30;DESPISTE;-;1;1;CARRETERA PANAMERICANA NORTE ALTURA DEL KM. 497;-;-8.57244344;-78.67179754713541;DESPEJADO;NO IDENTIFICA LA CAUSA;;;
A-2022-02-239;19/02/2022;10:30;ATROPELLO FUGA;-;1;0;PANAMERICANA SUR KM. 31.800;ATL. PTE SAN PEDRO;-12.29307353;-76.86297765548466;DESPEJADO;NO IDENTIFICA LA CAUSA;;;
A-2022-02-24;06/02/2022;10:00;DESPISTE;;1;2;TROCHA CARROZABLE DISTRITO DE LA ASUNCION - CASERIO SAUSALITO. KM. 13 100;;-7.338618;-78.596964;DESPEJADO;NO IDENTIFICA LA CAUSA;;;
A-2022-02-240;20/02/2022;02:30;ATROPELLO;-;1;0;CARRETERA PANAMERICANA NORTE KM. 39.500;-;-11.808526;-77.13254253;DESPEJADO;NO IDENTIFICA LA CAUSA;;;
A-2022-02-241;24/02/2022;08:15;ESPECIAL;-;1;0;AV. VENEZUELA CDRA 39;;-12.0595523;-77.0780123;DESPEJADO;NO IDENTIFICA LA CAUSA;;;
A-2022-02-242;23/02/2022;09:50;CAÍDA DE PASAJERO;-;1;0;AV. UNIVERSITARIA CDRA 04;-;-12.0237641;-77.0744663;DESPEJADO;NO IDENTIFICA LA CAUSA;;;
A-2022-02-243;15/02/2022;15:00;VOLCADURA;VOLCADURA;1;0;RESERVA NACIONAL ILLESCAS PUERTO RICO ;RESERVA NACIONAL ILLESCAS DE PUERTO RICO ;-5.97402;-81.09711;DESPEJADO;NO IDENTIFICA LA CAUSA;;;
A-2022-02-244;20/02/2022;12:00;ATROPELLO;ATRPELLO;1;0;CASERIO EL ALTO ;SAN JUAN DE BIGOTE ;-5.31917;-79.7878;DESPEJADO;NO IDENTIFICA LA CAUSA;;;
A-2022-02-245;12/02/2022;05:00;ATROPELLO FUGA;FATAL;1;0;CARRETERA CENTRAL OROYA-HUANUCO;KM 101 750;-10.83631874;-76.18613456752321;DESPEJADO;NO IDENTIFICA LA CAUSA;;;
A-2022-02-246;25/02/2022;12:30;ATROPELLO;-;1;0;CARRETERA CENTRAL KM.15;FRONTIS DEL GRIFO ECAMEL;-12.00599221;-76.84781483192452;DESPEJADO;NO IDENTIFICA LA CAUSA;;;
A-2022-02-247;21/02/2022;04:00;DESPISTE;FATAL;1;0;ANEXO HUAMBRA;ALTURA DEL LUGAR DENOMINADO MALA NOCHE;-10.76456544;-75.70994143870614;DESPEJADO;NO IDENTIFICA LA CAUSA;;;
A-2022-02-248;26/02/2022;19:40;ATROPELLO;-;1;0;PROLONGACION JAVIER PRADO;FRENTE AL INMUEBLE  Z1 LTE. 28;-12.0414706;-76.92442398321249;DESPEJADO;NO IDENTIFICA LA CAUSA;;;
A-2022-02-249;25/02/2022;23:30;CHOQUE;VOLCADURA;1;2;AV. METROPOLITANA Y AV. LA CULTURA;-;-12.03584642;-76.94893425059153;DESPEJADO;NO IDENTIFICA LA CAUSA;;;
A-2022-02-25;01/02/2022;14:00;DESPISTE;;1;0;KM 20 29 DE LA CARRETERA QUE CONDUCE DEL PUENTE TECHIN HACIA EL DISTRITO DE SANCHIMACHE;;-6.14191256;-79.01309076;DESPEJADO;NO IDENTIFICA LA CAUSA;;;
A-2022-02-250;28/02/2022;03:00;ATROPELLO FUGA;-;1;0;VIA EVITAMIENTO ALT. PTE ABANCAY;-;-12.04327202;-77.02549743652344;DESPEJADO;NO IDENTIFICA LA CAUSA;;;
A-2022-02-251;28/02/2022;05:35;CHOQUE;-;1;2;CARRETERA CENTRAL KM.27;ALTURA PTELOS ANGELES;-11.9677171;-76.7455216;DESPEJADO;NO IDENTIFICA LA CAUSA;;;
A-2022-02-253;25/02/2022;00:01;CHOQUE;-;1;2;AVENIDA MANUEL ANTONIO MESONES MURO CUADRA 11;FERRETERIA QUINTANA;-5.721137;-78.800079;DESPEJADO;NO IDENTIFICA LA CAUSA;;;ACCIDENTE EN INVESTIGACION
A-2022-02-254;25/02/2022;10:10;DESPISTE;-;1;1;CARRETERA PANAMERICANA NORTE KM. 842;-;-6.428697471;-80.16217139090038;DESPEJADO;NO IDENTIFICA LA CAUSA;;;ACCIDENTE EN INVESTIGACION
A-2022-02-256;25/02/2022;05:00;CHOQUE FUGA;CHOQUE Y FUGA;1;0;CARRETERA PENETRACION PIURA ;KM22 250;-5.283548713;-79.9539359154332;DESPEJADO;NO IDENTIFICA LA CAUSA;;;
A-2022-02-257;04/02/2022;05:39;DESPISTE;VOLCADURA;1;0;KM 1202 190;CUSCO JULIACA;-14.8007541;-70.7124488;DESPEJADO;IMPRUDENCIA DEL CONDUCTOR;EXCESO DE VELOCIDAD;;NINGUNA 
A-2022-02-258;26/02/2022;14:30;CHOQUE;DESPISTE ;2;9;KM 02 500;DESVIO  CALAPUJA;-15.2881063;-70.2244787;DESPEJADO;IMPRUDENCIA DEL CONDUCTOR;EXCESO DE VELOCIDAD;;NINGUNA
A-2022-02-259;09/02/2022;04:30;ATROPELLO FUGA;SE INVESTIGA;1;0;CARRETERA DE PENETRACIÓ HUARAL - LIMA;KM. 10.100.70 - HUARAL.;-11.509562;-77.205765;DESPEJADO;NO IDENTIFICA LA CAUSA;;;FISCALIA
A-2022-02-26;06/02/2022;12:30;CHOQUE;DESPISTE Y VOLCADURA CON CONSECUENCIA FATAL.;3;2;CARRETERA DE PENETRACION PATIVILCA HUARAZ KM 114 950;CARRETERA PATIVILCA HUARAZ;-10.12332133;-77.29294883730833;NUBLADO;IMPRUDENCIA DEL CONDUCTOR;INVASIÓN DE CARRIL;;NINGUNA
A-2022-02-262;17/02/2022;05:20;CHOQUE;-;1;0;CARRETERA PANAMERICANA NORTE ALTURA DEL KM 574;-;-8.11178;-79.094655;DESPEJADO;IMPRUDENCIA DEL CONDUCTOR;INVASIÓN DE CARRIL;;
A-2022-02-263;16/02/2022;15:00;ATROPELLO;POR ENCONTRONAZO ;1;0;CARRETERA CENTRAL KM. 83 400 MUQUIYAUYO;JAUJA ;-11.826432;-75.446335;DESPEJADO;IMPRUDENCIA DEL PEATÓN;CRUCE INDEBIDO POR LA CALZADA;;NINGUNO
A-2022-02-265;02/02/2022;19:55;ATROPELLO;;1;2;CARRETERA CENTRAL MARGEN DERECHA KM. 88 800 LA OROYA - HUANCAYO ;HUANCANI ;-11.862694;-75.413345;DESPEJADO;IMPRUDENCIA DEL PEATÓN;ESTADO DE EBRIEDAD Y/O DROGADICCIÓN;;NINGUNO
A-2022-02-267;10/02/2022;09:20;ATROPELLO;;1;0;INTERSECCION DE LA PROLONGACION PIURA Y LA AV. FERROCARRIL ;;-12.06993;-75.204747;DESPEJADO;IMPRUDENCIA DEL CONDUCTOR;OTRO (IMPRUDENCIA DEL CONDUCTOR);EXCESO DE CONFIANZA Y EVIDENTE DESATENCION ;NINGUNO
A-2022-02-268;13/02/2022;02:40;CHOQUE CON OBJETO FIJO;VOLCADURA Y CAIDA ;1;0;AVENIDA HATUN XAUXA Y PSJE. ENRIQUE MEIGS - JAUJA ;DISTRITO DE JAUJA ;-11.788923;-75.489431;DESPEJADO;IMPRUDENCIA DEL CONDUCTOR;CONDUCIR EN ESTADO DE EBRIEDAD Y/O DROGADICCIÓN;;NINGUNA
A-2022-02-269;19/02/2022;12:30;ATROPELLO;;1;0;CARRETERA CENTRAL MARGEN DERECHA ALTURA DEL KM. 113 500;SICAYA ;-12.026477;-75.269575;DESPEJADO;IMPRUDENCIA DEL PEATÓN;CRUCE INDEBIDO POR LA CALZADA;;NINGUNO
A-2022-02-27;08/02/2022;09:20;ATROPELLO FUGA;ATROPELLO DE CONSECUENCIA FATAL;1;0;CUADRA 2 DE LA AV TENIENTE FERRE;FRENTE MERCADO FERIA EL ALTIPLANO;-16.400653;-71.516359;DESPEJADO;NO IDENTIFICA LA CAUSA;;;S/O
A-2022-02-270;24/02/2022;23:30;CHOQUE CON OBJETO FIJO;;1;0;CARRETERA CENTRAL JAUJA - TARMA ;SECTOR DISTRITO DE ACOLLA ;-11.7097314;-75.5559882928531;DESPEJADO;IMPRUDENCIA DEL CONDUCTOR;CONDUCIR EN ESTADO DE EBRIEDAD Y/O DROGADICCIÓN;;NINGUNO