COD_ACCIDE;FechaDelAccidente;HoraDelAccidente;ClaseDelAccidente;SecuenciaAccidente;CantidadDeFallecidos;CantidadDeLesionados;Direccion;LugarReferencia;y;x;CondClimatica;CausaFactorPrincipal;CausaEspecifica;OtraCausa;Observaciones
A-2022-02-271;27/02/2022;17:40;DESPISTE;Y CHOQUE;1;0;CARRETERA CENTRAL . HUANCAYO - LA OROYA KM. 15 800;CURIPATA - LA OROYA ;-11.608632;-75.84178;DESPEJADO;IMPRUDENCIA DEL CONDUCTOR;OTRO (IMPRUDENCIA DEL CONDUCTOR);DESATENCION EN SU EJE DE DESPLAZAMIENTO  POR PARTE DEL CONDUCTOR ;NINGUNO
A-2022-02-273;20/02/2022;16:10;CHOQUE;-;1;1;PROLONGACIÓN 28 DE JULIO;PARADERO CAYALTI;-6.8905404;-79.5625118;DESPEJADO;NO IDENTIFICA LA CAUSA;;;EN INVESTIGACIÓN
A-2022-02-276;01/02/2022;20:30;ATROPELLO;----;1;0;CARRETERA CENTRAL KM 50 - SECTOR CHIPOCAYO-PALCA;------;-11.35193704;-75.59772310644954;;;;;
A-2022-02-277;05/02/2022;16:22;ATROPELLO;;1;0;CALLE LOS GIRASOLES AA.HH. EL AGUAJAL - PERENE;FRONTIS DEL INMUEBLE MZ.B.LT.01-PERENE;-10.92425722;-74.87992644426056;;;;;
A-2022-02-278;08/02/2022;06:15;ATROPELLO;;1;0;CARRETERA MARGINAL KM. 9 500 SATIPO - MAZAMARI;SECTOR CASHINGARI - SANIBENI;-11.23471197;-74.5939974291448;;;;;
A-2022-02-279;13/02/2022;06:15;CHOQUE;;1;3;CARRETERA MARGINAL KM. 108 - SECTOR KIMIRI;HACIENDA FRONDA;-11.02143177;-75.31607065947233;;;;;
A-2022-02-28;04/02/2022;14:00;ATROPELLO FUGA;-;1;0;CARRETERA PANAMERICANA NORTE ALTURA DEL KM. 564;-;-8.136703;-79.027147;DESPEJADO;IMPRUDENCIA DEL CONDUCTOR;OTRO (IMPRUDENCIA DEL CONDUCTOR);DESATENCION EN LA CONDUCCION;
A-2022-02-283;13/02/2022;15:30;CHOQUE;DESPISTE , VOLCADURA;1;7;CARRETERA CENTRAL KM. 83 500 - SECTOR PAN DE AZUCAR - SAN RAMON;ALTURA DEL TUNEL LA VIRGEN ;-11.18346351;-75.45801435173927;;;;;
A-2022-02-285;13/02/2022;22:30;DESPISTE;VOLCADURA;1;0;CARRETERA MARGINAL KM.8 800 - SECTOR RIO SECO - SAN LUIS DE SHUARO;SECTOR RIO SECO;-10.91243737;-75.28551934525889;;;;;
A-2022-02-286;28/02/2022;13:30;CHOQUE;CHOQUE, VOLCADURA CON MUERTE;1;0;CARRETERA LONGITUDINAL DE LA SELVA NORTE KM 476 250;CASERIO LA VICTORIA;-9.18738;-75.940817;SOLEADO;IMPRUDENCIA DEL CONDUCTOR;EXCESO DE VELOCIDAD;;NINGUNA
A-2022-02-287;15/02/2022;09:00;CHOQUE;VOLCADURA, CAIDA;1;0;CARRETERA TROCHA ACRROZABLE KM. 21 CP.SAN FRANCISCO DE KUVIRIANI -  PICHANAQUI;CP. SAN FRANCISCO DE KUVIRIANI ;-10.93862581;-74.83838431932503;;;;;
A-2022-02-288;26/02/2022;16:30;CHOQUE;DESPISTE, VOLCADURA;1;23;CARRETERA CENTRAL KM. 91 300 - SAN RAMON ;SECTOR NARANJAL;-11.14629171;-75.39992088493442;;;;;
A-2022-02-289;07/02/2022;11:15;DESPISTE;VOLCADURA;1;15;CARRETERA PANAMERICANA NORTE KM.299 700;;-10.0352947;-78.16431663177666;LLUVIOSO;NO IDENTIFICA LA CAUSA;;;PROBABLE EXCESO DE VELOCIDAD Y LLOVIZNA 
A-2022-02-29;04/02/2022;14:00;ATROPELLO FUGA;-;1;0;AV. MANSICHE S/N ;ALTURA DE LA ENTRADA A LAS RUINAS DE CHAN CHAN;-8.097257212;-79.06948865796765;DESPEJADO;NO IDENTIFICA LA CAUSA;;;
A-2022-02-290;10/02/2022;10:00;DESPISTE;ATROPELLO Y CHOQUE;1;0;CARRETERA PANAMERICANA NORTE KM.374 700;;-9.484032;-78.281749;DESPEJADO;NO IDENTIFICA LA CAUSA;;;PENDIENTE DE DETERMINAR CAUSA.
A-2022-02-291;12/02/2022;19:00;ATROPELLO FUGA;;1;0;CARRETERA PANAMERICANA NORTE KM.295;;-10.075498;-78.15332;DESPEJADO;NO IDENTIFICA LA CAUSA;;;SIN OBSERVACIONES
A-2022-02-292;22/02/2022;16:20;ATROPELLO;;1;0;CARRETERA PANAMERICANA NORTE KM.260 500;;-10.332245;-78.047975;DESPEJADO;NO IDENTIFICA LA CAUSA;;;PENDIENTE DE DETERMINAR LA CAUSA
A-2022-02-293;19/02/2022;17:45;CHOQUE;CONSECUENCIA FATAL;1;1;SECTOR CHURAMA-KENCO CCASA VP64 7J;COMUNIDAD CHURAMA;-14.17792652;-72.32824385814376;;;;;
A-2022-02-294;25/02/2022;08:45;VOLCADURA;ACCIDENTE DE TRANSITO CON MUERTE;1;0;KM 880C. SECTOR PAMPACCOCHA;CARRETERA ANTABAMBA - MOLLEBAMBA;-14.37768196;-72.89002263729276;;;;;
A-2022-02-296;26/02/2022;13:30;VOLCADURA;;1;0;CARRETERA HUANUCO - TINGO MARIA;;-9.627725;-76.063042;SOLEADO;IMPRUDENCIA DEL CONDUCTOR;CONDUCIR EN ESTADO DE EBRIEDAD Y/O DROGADICCIÓN;;S/O
A-2022-02-297;25/02/2022;12:30;CHOQUE;DESPISTE Y VOLCADURA;1;1;CARRETERA KIMBIRI - PICHARI;SEÑAL INFORMATIVA EN LA CARRETERA KIMBIRI ALTO;-12.601006;-73.755868;DESPEJADO;IMPRUDENCIA DEL CONDUCTOR;EXCESO DE VELOCIDAD;;
A-2022-02-298;19/02/2022;20:40;CHOQUE;MULTIPLE;2;0;AV. MARISCAL ANDRES AVELINO CACERES  999;;-12.58088333;-69.20341726821762;DESPEJADO;IMPRUDENCIA DEL CONDUCTOR;CONDUCIR EN ESTADO DE EBRIEDAD Y/O DROGADICCIÓN;;
A-2022-02-301;15/02/2022;11:40;CHOQUE;;1;6;KM.224.300 CPN;;-10.56637563;-77.87376066;DESPEJADO;;;;
A-2022-02-303;21/02/2022;20:20;CHOQUE;UN VEHÍCULO NO MOTORIZADO - BICICLETA, SE DIRIGÍA POR LA CARRTEREA HUAURA - SAYÁN EN SENTIDO DE ESTE A OESTE, AL LLEGAR AL KM. 44.400 APROX., ES CHOCADO POR ALCANCE POR EL VEHÍCULO M1, DE PLACA DE RODAJE A1L-485;1;0;CARRETERA DE PENETRACIÓN HUAURA - SAYÁN;KM. 44.400, ALTURA DEL FUNDO IBIS;-11.1404;-77.23035;DESPEJADO;IMPRUDENCIA DEL CONDUCTOR;CONDUCIR EN ESTADO DE EBRIEDAD Y/O DROGADICCIÓN;;NINGUNA
A-2022-02-304;26/02/2022;05:51;CHOQUE;EL COMBINADO VEHÍCULAR DE PLACA T5O-811 / H1H-976, SE DESPLAZABA POR LA CARRETERA PANAMERICANA NORTE, POR LA CALZADA OESTE, EN SENTIDO DE NORTE A SUR, AL LLEGAR AL KM. 80.156, ES IMPACTADA POR ALCANCE POR EL VEHÍCULO CATG. N1, DE PLACA DE RODAJE  AZZ-879;1;0;CARRETERA PANAMERICANA NORTE;KM. 80.156.10;-11.601846;-77.246566;DESPEJADO;IMPRUDENCIA DEL CONDUCTOR;FATIGA Y/O CANSANCIO;;NINGUNA
A-2022-02-306;12/02/2022;12:00;DESPISTE;SEGUIDO DE VOLCADURA EN TONEL IZQUIERDO;1;1;CARRETERA CARHUAMAYO - PAUCARTAMBO KM 09 200;;-10.90253352;-75.99368582399583;DESPEJADO;IMPRUDENCIA DEL CONDUCTOR;EXCESO DE VELOCIDAD;;NINGUNA
A-2022-02-307;12/02/2022;20:00;CHOQUE;POR ALCANSE;1;0;CALLE SIMON BOLIVAR  CHINCHA BAJA;ENTRADA AL C.P SAN AGUSTIN;-13.45031372;-76.1554025204148;DESPEJADO;IMPRUDENCIA DEL CONDUCTOR;EXCESO DE VELOCIDAD;;
A-2022-02-308;14/02/2022;13:40;CHOQUE;POR EMBISTE;1;1;PANAMERICANA SUR KILOMETRO 192 500;-;-13.410299;-76.171796;DESPEJADO;IMPRUDENCIA DEL CONDUCTOR;INVASIÓN DE CARRIL;;
A-2022-02-309;25/02/2022;14:10;ATROPELLO;;1;0;AV. CAUQETA Y CALLE MANUEL QUIMPER ;ALT. DEL PARQUE DEL TRABAJO ;-12.031263;-77.044221;;;;;
A-2022-02-31;03/02/2022;15:40;CHOQUE;-;1;1;CARRETERA FBT KM 463 400;SECTOR EL 8;-6.024967;-77.218665;DESPEJADO;IMPRUDENCIA DEL CONDUCTOR;OTRO (IMPRUDENCIA DEL CONDUCTOR);INVESTIGACION;SE INVESTIGA
A-2022-02-310;16/02/2022;21:40;CHOQUE;FRONTAL;6;0;CARRETERA PIURA - OLMOS;ALTURA DEL KM 239 500;-5.1522816;-80.480036;DESPEJADO;IMPRUDENCIA DEL CONDUCTOR;INVASIÓN DE CARRIL;;NINGUNA
A-2022-02-313;26/02/2022;01:30;CHOQUE;;1;0;JR. 28 DE JULIO CON JR. CAJAMARCA ;;-12.596323;-69.188251;;;;;
A-2022-02-314;27/02/2022;12:29;DESPISTE;;1;0;JR. CUSCO  FRONTIS DEL INMUEBLE 1059;;-12.591308;-69.182342;;;;;
A-2022-02-315;07/02/2022;17:30;CHOQUE;CONSECUENCIA FATAL;1;0;CARRETERA FERNANDO BELAUNDE TERRY KM. 559 TABALOSOS;KM. 559 TABALOSOS;-6.36143;-76.66204;;;;;
A-2022-02-33;02/02/2022;16:00;CHOQUE;CAIDA DE PERSONA, CHOQUE, SEGUIDO DE VOLCADURA Y ATROPELLO POR APLASTAMIENTO;1;1;CARRETERA DE PENETRACIÓN TARAPOTO - LAMAS KM 01 800;KM 01 800;-6.447490393;-76.48514266910513;SOLEADO;IMPRUDENCIA DEL CONDUCTOR;CONDUCIR EN ESTADO DE EBRIEDAD Y/O DROGADICCIÓN;;NINGUNA
A-2022-02-37;08/02/2022;08:30;CHOQUE;CHOQUE SUBSECUENTE MUERTE;1;0;KM 914.800 DE LA CARRETERA PANAMERICANA SUR;HITO 914;-16.390132;-72.200493;DESPEJADO;NO IDENTIFICA LA CAUSA;;;S/O
A-2022-02-38;10/02/2022;05:40;ATROPELLO;ATROPELLO CON SUBSECUENTE MUERTE;1;0;VIA AUXILIAR  DE LA AV AVIACIÓN FRONTIS DEL MERCADO VIRGEN DE CHAPI;MERCADO VIRGEN DE CHAPI;-16.355786;-71.566352;DESPEJADO;NO IDENTIFICA LA CAUSA;;;S/O
A-2022-02-41;07/02/2022;10:20;DESPISTE;DESPISTE Y VOLCADURA;1;1;KM. 5 CARRETERA CANDARAVE-HUAYTIRI;ANEXO SAN PEDRO;-17.24016;-70.258493;DESPEJADO;IMPRUDENCIA DEL CONDUCTOR;OTRO (IMPRUDENCIA DEL CONDUCTOR);DISTRACCION, EXCESO DE CONFIANZA;PRODUCTO DE DEL DESPISTE Y VOLCADURA, EL VEHICULO CAYO A UN PRECIPICIO DE 350 METROS.
A-2022-02-47;13/02/2022;05:30;ATROPELLO;-;1;1;ANTIGUA CARRETERA PANAMERICANA SUR KM. 220;FRENTE EL AMAUTA;-13.70755462;-76.15189478836413;DESPEJADO;IMPRUDENCIA DEL CONDUCTOR;EXCESO DE VELOCIDAD;;
A-2022-02-50;12/02/2022;08:18;CHOQUE;-;1;0;CARRETERA INTEOCEANICA PUNO-MOQUEGUA;KM. 32;-16.1112701;-70.0297388;DESPEJADO;NEGLIGENCIA DEL CONDUCTOR;CONDUCIR CON FALLAS DE FRENOS;;
A-2022-02-54;08/02/2022;14:30;DESPISTE;Y VOLCADURA;2;1;CARRETERA HUACHOCOLPA-CORRALPAMPA;KM. 30 802;-13.032857;-74.952973;DESPEJADO;NO IDENTIFICA LA CAUSA;;;
A-2022-02-55;14/02/2022;15:00;CHOQUE;-;1;1;CARRETERA PANAMERICANA SUR KM.465.500;-;-14.950102;-74.987234;SOLEADO;NO IDENTIFICA LA CAUSA;;;EL CONDUCTOR DEL VEHICULO DE PLACA DE RODAJE B8L-222, FALLECIO EN EL LUGAR DE LOS HECHOS 
A-2022-02-56;09/02/2022;03:00;DESPISTE;CHOQUE, VOLCADURA Y CAÍDA;1;0;AV. GRAU / CALLE 09 DE DICIEMBRE;OVALO GRAU;-3.756961;-73.251322;LLUVIOSO;IMPRUDENCIA DEL CONDUCTOR;CONDUCIR EN ESTADO DE EBRIEDAD Y/O DROGADICCIÓN;;NINGUNA
A-2022-02-57;07/02/2022;16:00;DESPISTE;DESPISTE SEGUIDO DE VOLCADURA;1;2;CARRETERA  QUE CONDUCE AL C.P. 7 DE JUNIO KM 12 600;SECTOR GRAMALOTE-JEPELACIO;-6.121716;-76.912665;LLUVIOSO;INFRAESTRUCTURA Y ENTORNO VIAL;SUPERFICIE DETERIORADA;;EN INVESTIGACION
A-2022-02-60;16/02/2022;11:10;VOLCADURA;CHOQUE DESPISTE;6;0;KM 1212.500 DE LA CARRETERA AREQUIPA PUNO;HITO 121;-16.054185;-71.340628;DESPEJADO;NO IDENTIFICA LA CAUSA;;;S/O
A-2022-02-61;12/02/2022;19:40;DESPISTE;VOLCADURA;1;1;TROCHA CARROZABLE CARAZ- LAGUNA PARÓN;LUGAR DENOMINADO CULLUNA CENTRO POBLADO DE HUALLAC-CARAZ;-9.036068492;-77.80906756614073;LLUVIOSO;IMPRUDENCIA DEL CONDUCTOR;CONDUCIR EN ESTADO DE EBRIEDAD Y/O DROGADICCIÓN;;EL ACCIDENTE SE PRODUJO POR IMPRUDENCIA DEL CONDUCTOR POR SUS CONDICIONES PSICOSOMATICAS DSMINUIDAS SUMADO AL FACTOR CLIMATOLOGICO (LLUVIA9
A-2022-02-62;13/02/2022;00:05;ATROPELLO FUGA;;1;0;CARRETERA DE PENETRACION HUARAZ-CARAZ;LUGAR DENOMINADO UCAPACHA;-9.059866614;-77.79339190266721;LLUVIOSO;IMPRUDENCIA DEL PEATÓN;ESTADO DE EBRIEDAD Y/O DROGADICCIÓN;;S/O
A-2022-02-64;17/02/2022;05:30;DESPISTE;-;1;4;KM 250 500;SECTOR CANSILLUMA;-16.648757;-69.451141;DESPEJADO;IMPRUDENCIA DEL CONDUCTOR;OTRO (IMPRUDENCIA DEL CONDUCTOR);EXCESO DE CONFIANZA AL DESPLAZAR SU VEHICULO DE MANERA CONFIANDA SIN ANULAR LOS RIESGOS PRESENTE Y POSIBLES QUE PUDIERAMN PRESENTARSE EN SU ENTORNO.;
A-2022-02-68;17/02/2022;17:00;DESPISTE;VOLCADURA Y SUMERCION;3;0;CARRETERA DE PENETRACION PATIVILCA HUARAZ;PUENTE ARSOBISPO;-9.642707213;-77.48862439564475;LLUVIOSO;IMPRUDENCIA DEL CONDUCTOR;EXCESO DE VELOCIDAD;;SOBRE VIRAJE DE TIMON Y DESPLAZAMIENTO DE MASAS .
A-2022-02-69;13/02/2022;07:10;CHOQUE;-;3;0;CARRETERA FBT KM 493 500;INGRESO AL GRIFO SHILCAYO;-6.047752;-76.96917;DESPEJADO;IMPRUDENCIA DEL CONDUCTOR;CONDUCIR EN ESTADO DE EBRIEDAD Y/O DROGADICCIÓN;;SEGUN EL RESULTADO DEL DOSAJE ETILICO EL CONDUCTOR  DE LA MOTOCICLETA
A-2022-02-72;05/02/2022;04:00;DESPISTE;-;2;6;CARRETERA DE ACCESO AL SECTOR LA LAREDA - CASERIO LLUCHUPATA;-;-7.732968534;-77.95604109147587;DESPEJADO;NO IDENTIFICA LA CAUSA;;;
A-2022-02-74;19/02/2022;06:10;CHOQUE;-;1;0;VIA LOS LIBERTADORES KM 30;-;-13.723774;-75.895687;DESPEJADO;NO IDENTIFICA LA CAUSA;;;
A-2022-02-75;11/02/2022;19:10;ATROPELLO;-;1;1;AV. LAS AMERICAS;FRONTIS DE LA I.E SAN MARTIN;-13.716464;-76.216519;DESPEJADO;NO IDENTIFICA LA CAUSA;;;
A-2022-02-77;20/02/2022;08:11;CHOQUE;POR ALCANCE;1;1;MK 1406 800;COMUNIDAD CAPALLA;-16.05827;-69.69661;DESPEJADO;IMPRUDENCIA DEL CONDUCTOR;OTRO (IMPRUDENCIA DEL CONDUCTOR);DESPLAZAR SU UNIDAD VEHICULAR CON EVIDENTE CONFIANZA, SIN VALORAR LOS RIESGOS EXISTENTES EN LA VIA, TALES COMO LA OSCURIDAD,.;ILUMINACION NULA A LA HORA DEL ACCIDENTE, FUGA DEL CONDUCTOR DEL AUTOMOVIL.
A-2022-02-78;20/02/2022;03:30;ATROPELLO FUGA;SUBSECUENTE MUETE;1;0;AUTOPISTA AREQUIPA LA JOYA;ALTURA ASOCIACIÓN LA CABAÑA;-16.356788;-71.613419;DESPEJADO;NO IDENTIFICA LA CAUSA;;;S/O
A-2022-02-81;17/02/2022;21:00;ATROPELLO;;1;0;VIA AUXILIAR DE LA CARRETERA NESTOR GAMBETTA KM.7 ;OQUENDO ;-11.97978704;-77.12487629988695;DESPEJADO;IMPRUDENCIA DEL PEATÓN;ESTADO DE EBRIEDAD Y/O DROGADICCIÓN;;
A-2022-02-82;09/02/2022;14:45;DESPISTE;-;17;7;CARRETERA DE PENETRACION AL DISTRITO DE HUANCASPATA - CURVA DENOMINADA CULEBRILLA;-;-8.384521;-77.284063;LLUVIOSO;NO IDENTIFICA LA CAUSA;;;
A-2022-02-83;07/02/2022;01:30;CHOQUE;CON CONSECUENCIA DE MUERTE;1;1;CARRETERA CENTRAL HUARAZ- CARAZ;ALTURA DE LA CEVICHERIA MAR DE COPAS;-9.288136627;-77.63937597094557;SOLEADO;IMPRUDENCIA DEL CONDUCTOR;INVASIÓN DE CARRIL;;NINGUNO
A-2022-02-84;14/02/2022;12:02;CHOQUE;CON CONSECUENCIA FATAL;1;2;CARRETERA PATIVILCA CARAZ;LUGAR DENOMINADO ESPERANZA.DISTRITO DE ANTA;-9.34259126;-77.601775910701;SOLEADO;IMPRUDENCIA DEL CONDUCTOR;ADELANTAR INDEBIDAMENTE;;NINGUNO
A-2022-02-85;06/02/2022;06:50;ATROPELLO FUGA;CON CONSECUENCIA DE MUERTE;1;0;CARRETERA DE PENETRACION CARAZ-HUALLANCA;A 200  METROS DEL CRUCE YURACOTO;-9.015417723;-77.8196142837176;;;;;
A-2022-02-86;10/02/2022;15:40;DESPISTE;VOLCADURA;1;0;KM. 900;ISAÑURA;-15.567;-69.949;DESPEJADO;IMPRUDENCIA DEL CONDUCTOR;CONDUCIR EN ESTADO DE EBRIEDAD Y/O DROGADICCIÓN;;
A-2022-02-87;07/02/2022;15:40;ATROPELLO;-;1;0;CARRETERA DE PENETRACION A LA SIERRA LIBERTEÑA  ALTURA DEL KM. 113 ;-;-7.991032415;-78.38900774084026;LLUVIOSO;NO IDENTIFICA LA CAUSA;;;
A-2022-02-89;01/02/2022;20:30;CHOQUE;-;3;0;CARRETERA PANAMERICNA NORTE ANTIGUA KM 92;-;-5.978231948;-79.74728283782693;DESPEJADO;NO IDENTIFICA LA CAUSA;;;ACCIDENTE EN INVESTIGACION
A-2022-02-90;03/02/2022;09:10;CHOQUE;-;1;0;CARRETERA CHICLAYO SAN JOSE;-;-6.7722995;-79.9143657;DESPEJADO;NO IDENTIFICA LA CAUSA;;;ACCIDENTE EN INVESTIGACION
A-2022-02-91;10/02/2022;17:00;CHOQUE;-;1;0;CARRETERA PANAMERICANA NORTE ALTURA DEL KM. 495 (INTERIOR);-;-8.590080452;-78.66819817448243;DESPEJADO;NO IDENTIFICA LA CAUSA;;;
A-2022-02-92;03/02/2022;19:10;DESPISTE;-;1;0;AVENIDA LAS ADELINAS CUADRA 01;-;-6.787288;-79.872331;DESPEJADO;NO IDENTIFICA LA CAUSA;;;ACCIDENTE EN INVESTIGACION
A-2022-02-93;08/02/2022;07:50;CHOQUE;-;1;1;CARRETERA PANAMERICANA NORTE KM. 765;GRIFO SAN ANDRES;-6.902120702;-79.78225346271503;DESPEJADO;NO IDENTIFICA LA CAUSA;;;ACCIDENTE EN INVESTIGACION
A-2022-02-94;12/02/2022;21:30;CHOQUE;-;2;2;CARRETERA PANAMERICANA NORTE ALTURA DEL KM. 489;-;-8.629983;-78.6379;DESPEJADO;IMPRUDENCIA DEL CONDUCTOR;EXCESO DE VELOCIDAD;;EXCESO DE VELOCIDAD DEL OMNIBUS 
A-2022-02-95;09/02/2022;18:20;CHOQUE;-;1;1;CARRETERA DE ACCESO A PUESTO MALABRIGO ALTURA DEL KM. 1;-;-7.728846904;-79.32433734883507;DESPEJADO;NO IDENTIFICA LA CAUSA;;;
A-2022-02-96;04/02/2022;14:30;CHOQUE;CHOQUE FRONTAL EXCENTRICO IZQUIERDO Y SUBSECUENTE DESPISTE;2;3;CARERTERA PIURA CHULUCANAS;ALTURA DEL KM 236;-5.144435;-80.450707;DESPEJADO;NO IDENTIFICA LA CAUSA;;;
A-2022-02-97;15/02/2022;20:00;DESPISTE;-;2;5;CARRETERA A HUACAMOCHAL S/N;-;-7.762086938;-78.3385867344192;LLUVIOSO;IMPRUDENCIA DEL CONDUCTOR;GIRAR IMPRUDENTEMENTE;;
A-2022-02-98;14/02/2022;21:50;CHOQUE;-;1;2;CARRETERA DE PENETRACION A LA CIUDAD DE CAJAMARCA - CIUDAD DE DIOS-CAJAMARCA ALTURA DEL KM. 8;-;-7.309379;-79.391084;DESPEJADO;NO IDENTIFICA LA CAUSA;;;
A-2022-02-99;20/02/2022;21:30;ATROPELLO;SUBSECUENTE MUERTE;1;0;INTERSECCIÓN KM 3 VIA DE EVITAMIENTO CON JR 01 DE MAYO;GRIFO GAMARRA;-16.382368;-71.577284;DESPEJADO;NO IDENTIFICA LA CAUSA;;;SIN OBSERVACIONES
A-2022-03-1;02/03/2022;00:20;DESPISTE;VOLCADURA;1;3;PARCIALIDAD CHAMBI CHOCAQUE;DESVIO CHAMBI CHOCAQUE;-16.2663225;-69.0793557;DESPEJADO;IMPRUDENCIA DEL CONDUCTOR;CONDUCIR EN ESTADO DE EBRIEDAD Y/O DROGADICCIÓN;;
A-2022-03-10;07/03/2022;08:45;CAÍDA DE PASAJERO;.;1;1;CARRETERA PANAMERICANA NORTE ;.;-3.914975098;-80.88801017523916;SOLEADO;IMPRUDENCIA DEL CONDUCTOR;EXCESO DE VELOCIDAD;;
A-2022-03-100;27/03/2022;02:00;CHOQUE;FRONTAL EXCENTRICO IZQUIERDO;1;1;CARRETERA PANAMERICA SUR KM1486 0;COMUNIDAD ARBOLEDA;-16.43082574;-69.16693919707568;DESPEJADO;IMPRUDENCIA DEL CONDUCTOR;INVASIÓN DE CARRIL;;INVASION DE CARRIL DE LA CAMIONETA
A-2022-03-101;24/03/2022;18:30;CHOQUE FUGA;-;1;0;AV. 7 CON PASAJE VALLE;VENTA DE CHANCHO AL PALO;-14.059571;-75.722216;DESPEJADO;NO IDENTIFICA LA CAUSA;;;
A-2022-03-102;05/03/2022;20:30;CHOQUE;-;3;2;CARRETERA PANAMERICANA NORTE KM. 08;CASERIO CAPILLA;-6.615792791;-79.88478356339581;DESPEJADO;NO IDENTIFICA LA CAUSA;;;ACCIDENTE EN INVESTIGACION
A-2022-03-103;05/03/2022;19:25;CHOQUE;-;1;0;CARRETERA JAEN SAN IGNACIO;ALTURA DEL GRIFO SAN MARTIN;-5.688243548;-78.7921113792726;DESPEJADO;NO IDENTIFICA LA CAUSA;;;ACCIDENTE EN INVESTIGACION
A-2022-03-104;09/03/2022;06:50;CHOQUE;-;1;0;CARRETERA PANAMERICANA NORTE KM. 793;FRENTE MOLINO SAN FERNANDO;-6.723075;-79.892557;DESPEJADO;NO IDENTIFICA LA CAUSA;;;ACCIDENTE EN INVESTIGACION
A-2022-03-108;26/03/2022;20:20;DESPISTE;-----;1;0;CARRETERA QUISCAY-LA CENTRAL;LIMITE;-15.99961631;-72.47631622169334;DESPEJADO;NO IDENTIFICA LA CAUSA;;;
A-2022-03-109;13/03/2022;04:00;CHOQUE FUGA;CHOQUE Y FUGA POR VERSIÓN DE LA ESPOSA DEL CONDUCTOR DE LA UT2;1;0;CALLE SANTA MARTA 212;COMISARIA SANTA MARTA;-16.39781554;-71.53264756050224;DESPEJADO;NO IDENTIFICA LA CAUSA;;;EN EL PRESENTE ACCIDENTE DE TRANSITO SE PONE COMO DIRECCIÓN DEL ACCIDENTE Y REFERENCIA DEL ACCIDENTE A LA COMISARIA DE SANTA MARTA DONDE SE PUSO LA DENUNCIA, EN RAZÓN QUE EN ESTE ACCIDENTE DE TRANSITO SOLO SE TIENE LA VERSIÓN DE LA ESPOSA DEL CONDUCTOR DE LA UT2, QUIEN REFIERE QUE SU ESPOSO LLEGO A SU DOMICILIO MORIBUNDO Y LE DIJO QUE UN VEHÍCULO LO HABÍA CHOCADO Y SE DIO A LA FUGA, NO INDICÁNDOLE EL LUGAR DONDE SE PRODUJO, LUEGO FUE AUXILIADO DE INMEDIATO AL HOSPITAL GOYENECHE DONDE FALLECIÓ.
A-2022-03-110;16/03/2022;18:00;CHOQUE;-;1;0;CARRETERA CARROZABLE CASEIO SANTA CLARA LA ZARANDA BATAN GRANDE;-;-6.464714;-79.736062;DESPEJADO;NO IDENTIFICA LA CAUSA;;;ACCIDENTE EN INVESTIGACION
A-2022-03-111;16/03/2022;06:30;CHOQUE;CHOQUE FRONTAL EXCÉNTRICO IZQUIERDO;1;3;CARRETERA AREQUIPA - JULIACA KM.159 500;KM.159 500;-15.865493;-71.130546;DESPEJADO;NO IDENTIFICA LA CAUSA;;;SIN OBSERVACIONES
A-2022-03-112;17/03/2022;05:55;ATROPELLO FUGA;-;1;0;CARRETERA PANAMERICANA NORTE K. 759;PUENET BASURALES;-6.927695;-79.74143;DESPEJADO;NO IDENTIFICA LA CAUSA;;;ACCDIENTE EN INVESTIGACION
A-2022-03-113;14/03/2022;05:30;CHOQUE;CHOQUE FATAL;1;0;CARRETERA AREQUIPA LA JOYA ASOCIACIÓN EL EDEN;ASOCIACIÓN EL EDEN;-16.362057;-71.624069;DESPEJADO;NO IDENTIFICA LA CAUSA;;;SIN OBSERVACIONES
A-2022-03-114;20/03/2022;14:50;DESPISTE;DESPISTE Y VOLCADURA;4;0;CARRETERA CHIVAY - YANQUE KM. 05;SECTOR QUERAPANI;-15.65131;-71.640565;DESPEJADO;NO IDENTIFICA LA CAUSA;;;LA UT1 QUEDA EN EL RIÓ 
A-2022-03-115;24/03/2022;16:00;ESPECIAL;-;1;0;TIERRA PROMETIDA- SOL RADIANTE R-03. ICA;;-14.073634;-75.784767;DESPEJADO;NO IDENTIFICA LA CAUSA;;;
A-2022-03-116;22/03/2022;11:05;DESPISTE;CHOQUE;1;0;AV. NORA FLORES TORRES;MUNICIPALIDAD A.B. LEGUIA;-18.03149409;-70.27291054248211;SOLEADO;NO IDENTIFICA LA CAUSA;;;
A-2022-03-118;24/03/2022;10:30;ATROPELLO;-;1;0;SECTOR LA HORMIGUITA - MOCAN ;-;-7.721533;-79.28752;DESPEJADO;NO IDENTIFICA LA CAUSA;;;
A-2022-03-119;26/03/2022;21:30;CHOQUE;-;2;2;CARRETERA PANAMERICANA NORTE ALTURA DEL KM. 620.4;-;-7.776087;-79.251727;DESPEJADO;IMPRUDENCIA DEL CONDUCTOR;CONDUCIR EN SENTIDO CONTRARIO;;
A-2022-03-120;29/03/2022;07:00;DESPISTE;-;2;2;CARRETERA PANAMERICANA NORTE ALTURA DEL KM. 453.3;-;-8.928619;-78.635569;DESPEJADO;IMPRUDENCIA DEL CONDUCTOR;OTRO (IMPRUDENCIA DEL CONDUCTOR);DESATENCION EN LA CONDUCCION;