COD_ACCIDE;FechaDelAccidente;HoraDelAccidente;ClaseDelAccidente;SecuenciaAccidente;CantidadDeFallecidos;CantidadDeLesionados;Direccion;LugarReferencia;y;x;CondClimatica;CausaFactorPrincipal;CausaEspecifica;OtraCausa;Observaciones
A-2022-03-121;27/03/2022;18:00;DESPISTE;-;1;0;VIA LOS LIBERTADORES KM 107-200;;-13.598955;-75.362833;NUBLADO;NO IDENTIFICA LA CAUSA;;;
A-2022-03-122;03/03/2022;05:30;DESPISTE;DESPISTE Y CHOQUE ;3;3;VIA EVITAMIENTO CARRETERA PIURA CHICLAYO ;KM 929;-5.197347;-80.687538;DESPEJADO;NO IDENTIFICA LA CAUSA;;;
A-2022-03-123;12/03/2022;19:30;CHOQUE;CHOQUE DESPISTE APLASTAMIENTO Y FUGA ;1;0;CALLE JUAN VELASCO ALVARADO ;CENTRO POBLADO 19 DE AGOSTO LA UNION ;-5.380902;-80.761395;DESPEJADO;NO IDENTIFICA LA CAUSA;;;
A-2022-03-124;14/03/2022;06:40;CHOQUE;CHOQUE POR ALCANCE EXCENTRICO IZQUIERDO DESPISTE , VOCLADURA Y CAIDA ;1;2;CARRETERA PIURA- OLMOS ;ALTURA DEL KM 179;-5.349123332;-80.0677052977847;DESPEJADO;IMPERICIA DEL CONDUCTOR;;;
A-2022-03-126;13/03/2022;16:10;ESPECIAL;CASO FORTUITO - DESPRENDIMIENTO DE PIEDRAS;2;0;CARRETERA DE CONEXION SHICUN - VIJUS;-;-7.697309;-77.66172;LLUVIOSO;INFRAESTRUCTURA Y ENTORNO VIAL;FACTOR AMBIENTAL;;
A-2022-03-127;29/03/2022;18:00;CHOQUE;;2;0;C.P.S KM 446 ;FRENTE DEL GRIFO PRIMAX;-14.82183;-74.965426;DESPEJADO;NO IDENTIFICA LA CAUSA;;;
A-2022-03-128;20/03/2022;02:30;DESPISTE;;1;0;AV GRAU ;ALTURA DE PUENTE VIA EVITAMIENTO ;-5.175705;-80.691057;DESPEJADO;IMPRUDENCIA DEL CONDUCTOR;CONDUCIR EN ESTADO DE EBRIEDAD Y/O DROGADICCIÓN;;
A-2022-03-129;21/03/2022;04:30;CHOQUE;CHOQUE Y DESPISTE;1;4;CARRETERA PIURA CHICLAYO ;KM929;-5.78294;-80.544911;DESPEJADO;IMPRUDENCIA DEL CONDUCTOR;INVASIÓN DE CARRIL;;
A-2022-03-130;31/03/2022;04:20;VOLCADURA;VOLCAEDURA, DESPISTE FATAL;1;3;CARRETERA AREQUIPA JULAICA KM.125 500;;-16.040969;-71.306209;DESPEJADO;NO IDENTIFICA LA CAUSA;;;SIN OBSERVACIONES
A-2022-03-131;06/03/2022;06:30;DESPISTE;-;1;0;KM 40 200;HUANCANE JULIACA;-15.2713891;-69.8962317;DESPEJADO;NEGLIGENCIA DEL CONDUCTOR;OTRO (NEGLIGENCIA DEL CONDUCTOR);FACULTADES DISMINUIDAS;NINGUNA 
A-2022-03-132;10/03/2022;06:10;CHOQUE;;1;0;KM 05 900;SAN JUAN DE SALINAS ;-14.97248507;-70.14978086836956;DESPEJADO;IMPRUDENCIA DEL CONDUCTOR;CONDUCIR EN SENTIDO CONTRARIO;;NINGUNA 
A-2022-03-133;11/03/2022;18:30;CHOQUE;;1;3;KM 27 375;CRUCERO LIMBANI;-14.36176481;-69.82151095208351;DESPEJADO;IMPRUDENCIA DEL CONDUCTOR;CONDUCIR EN SENTIDO CONTRARIO;;NINGUNA 
A-2022-03-134;18/03/2022;15:45;DESPISTE;VOLCADURA;1;0;KM 28 500;VILQUECHICO MOHO;-15.3128706;-69.5469975128075;DESPEJADO;IMPRUDENCIA DEL CONDUCTOR;EXCESO DE VELOCIDAD;;NINGUNA 
A-2022-03-135;27/03/2022;07:30;CHOQUE;-;1;2;KM 11 500;GRIFO FCH;-15.4194085;-70.0694522;SOLEADO;IMPRUDENCIA DEL CONDUCTOR;EXCESO DE VELOCIDAD;;NINGUNA 
A-2022-03-136;31/03/2022;13:10;CHOQUE;;1;0;C.P.S KM 334.900-SANTIAGO;-;-14.338981;-75.657434;DESPEJADO;NO IDENTIFICA LA CAUSA;;;
A-2022-03-137;08/03/2022;08:30;CHOQUE;VOLCADURA;1;0;AV CIRCUNVALACION ON JAUREGUI;INTERSECCION ;-15.492;-70.144125;SOLEADO;IMPRUDENCIA DEL CONDUCTOR;NO DAR PASO PREFERENTE AL PEATÓN;;NINGUNA 
A-2022-03-139;04/03/2022;13:30;CHOQUE;-;1;0;CARRETERA PENETRACION OLMOS- TIERRA SANTA;SECTOR PALO VERDE;-5.980961;-79.767612;SOLEADO;IMPRUDENCIA DEL CONDUCTOR;EXCESO DE VELOCIDAD;;ACCIDENTE EN INVESTIGACION
A-2022-03-140;02/03/2022;22:00;ATROPELLO FUGA;VEHICULO QUE CIRCULABA POR LA VIA  Y EL PEATON SE ENCONTRABA TIRADO SOBRE LA CALZADA;1;0;SECTOR PATILLANI COMUNIDADHUALLHUASI;KILOMETRO 20;-14.68377478;-71.4894176005773;LLUVIOSO;IMPRUDENCIA DEL PEATÓN;ESTADO DE EBRIEDAD Y/O DROGADICCIÓN;;NINGUNA
A-2022-03-141;06/03/2022;01:00;ATROPELLO FUGA;PEATON QUE TARNSITABA POR LA VIA EL MISMO QUE FUE IMPACTADO POR LA PARTE POSTERIOR;1;0;SECTOR CHANCADORA;KILOMETRO 1011 150;-13.6805339;-71.66163543419401;LLUVIOSO;IMPRUDENCIA DEL PEATÓN;ESTADO DE EBRIEDAD Y/O DROGADICCIÓN;;NINGUNA
A-2022-03-142;01/03/2022;20:00;VOLCADURA;VEHICULO MENRO VUELCA EN LA VIA;1;0;COMUNIDAD CAMPESINA CHICNAHUO;SECTOR COCHACAYLLO;-14.276032;-71.450367;NUBLADO;IMPERICIA DEL CONDUCTOR;;;NINGUNO
A-2022-03-144;05/03/2022;11:30;DESPISTE;VEHICULO  NO IDENTIFICADO OCUPA EL CARRIL CONTRARIO Y POR NO IMPACTAR SE DESPISTA HACIA EL PRESIPICIO;1;2;SECTOR SIREALO CANDELARIO;POESTE DE ALTA TENCION  12-2020;-12.641036;-72.910948;DESPEJADO;IMPERICIA DEL CONDUCTOR;;;NINGUNA
A-2022-03-145;28/03/2022;19:00;DESPISTE;SEGUIDO DE VOLCADURA ;1;6;CARRETERA DE PENETRACION HUAROCHIRI A SIHUAS;ALTURA DEL SECTOR DENOMINADO TAULLICON DEL CASERIO DE TARICA.;-8.597491497;-77.7673569121848;LLUVIOSO;NO IDENTIFICA LA CAUSA;;;NINGUNA
A-2022-03-146;01/03/2022;12:00;DESPISTE;VOLCADURA ;1;4;VIA CARROZABLE ANDARACCAY - QUINUAS;ANEXO CHAUPIORCCO ;-13.233523;-74.23572;NIEBLA;IMPRUDENCIA DEL CONDUCTOR;FATIGA Y/O CANSANCIO;;NINGUNA
A-2022-03-147;16/03/2022;18:40;CHOQUE;-;1;0;CARRETERA CHICLAYO POMALCA;-;-6.780738;-79.775901;DESPEJADO;NO IDENTIFICA LA CAUSA;;;ACCIDENETE EN INVESTIGACION
A-2022-03-148;03/03/2022;07:50;CHOQUE;VOLCADURA Y CAIDA;1;0;AV. INDEPENDENCIA Y JR. LAS PALMERAS;FRENTE AL HOSPITAL REGIONAL DE AYACUCHO;-13.15079684;-74.22301052329625;DESPEJADO;IMPRUDENCIA DEL CONDUCTOR;CONDUCIR EN ESTADO DE EBRIEDAD Y/O DROGADICCIÓN;;NINGUNA
A-2022-03-149;31/03/2022;21:20;CHOQUE;-;1;0;KM 1301 250;CUSCO JULIACA;-15.39073988;-70.15734758251114;DESPEJADO;IMPRUDENCIA DEL CONDUCTOR;CONDUCIR EN SENTIDO CONTRARIO;;NINGUNA 
A-2022-03-15;06/03/2022;14:00;DESPISTE;----;2;0;VIA CARROZABLE URASQUI-SECOCHA;OJO DE AGUA URASQUI;-16.02584647;-73.17319128532293;DESPEJADO;NO IDENTIFICA LA CAUSA;;;
A-2022-03-150;11/03/2022;04:30;DESPISTE;VOLCADURA Y DAÑOS MATERIALES ;1;2;ACCESO A LOS BAÑOS TERMALES ;SAN ´PEDRO DE LARCAY;-14.168986;-73.57301;DESPEJADO;IMPRUDENCIA DEL CONDUCTOR;EXCESO DE VELOCIDAD;;NINGUNA
A-2022-03-151;16/03/2022;06:20;CHOQUE;VOLCADURA Y CAIDA;1;0;CARRETERA HUANCAYO - HUANTA;NINGUNA;-12.928738;-74.267617;DESPEJADO;IMPRUDENCIA DEL CONDUCTOR;CONDUCIR EN ESTADO DE EBRIEDAD Y/O DROGADICCIÓN;;NINGUNA
A-2022-03-152;25/03/2022;10:00;ATROPELLO;FATAL;1;0;AV. LIBERTADORES - JR HUASCAR;;-13.178609;-74.22137;DESPEJADO;IMPRUDENCIA DEL CONDUCTOR;FATIGA Y/O CANSANCIO;;NINGUNA
A-2022-03-153;02/03/2022;08:45;CHOQUE;VOLCADURA Y CAIDA;1;0;AV. PAPAHUAYCO CON CALLE LOS TUNALES;;-15.2842392;-73.3467253;DESPEJADO;IMPRUDENCIA DEL CONDUCTOR;EXCESO DE VELOCIDAD;;NINGUNA
A-2022-03-154;06/03/2022;16:15;CHOQUE;VEHICULO MAYOR EN EL AFAN DE ADELANTAR AL VEHICULO MENOR LE TOCA PARA LUEGO DESPISTARSE Y VOLCAR;1;0;SECTOR DE LIMACPUNCO;KILOMETRO135 600;-13.59038268;-70.95496693686286;DESPEJADO;IMPERICIA DEL CONDUCTOR;;;NINGUNO
A-2022-03-155;13/03/2022;19:20;DESPISTE;VEHICULO MENOR MOTOCARGA SE DESPISTA EN LA CCARRETERA;1;0;SECTOR DE HUYTAMOCCO;BARRIO MAHUYPAMPA;-14.12253512;-71.4743294606795;DESPEJADO;IMPRUDENCIA DEL CONDUCTOR;EXCESO DE VELOCIDAD;;NINGUNA
A-2022-03-156;13/03/2022;23:30;CHOQUE;-------;1;0;KM- 123 800 E LA CARRETERA FERNANDO BELAUNDE ;--------;-6.059592;-79.075479;DESPEJADO;NO IDENTIFICA LA CAUSA;;;
A-2022-03-157;13/03/2022;18:00;DESPISTE;SUBSECUENTE VOLCADURA EN TONEL IZQUIERDO;1;3;KM 3.5 DE LA TROCHA CARROZABLE QUE CONDUCE CAPILLA DE UNANCA AL CRUCE MATIAS;-------------------------------;-7.07082;-78.782245;NUBLADO;NO IDENTIFICA LA CAUSA;;;
A-2022-03-158;26/03/2022;23:36;CHOQUE;SUBSECUENTE VOLCADURA EN TONEL IZQUIERDO;1;1;INTERSECCIÓN ROTATORIA A NIVEL (ROTONDA) LADO NORTE-ÓVALO MUSICAL;----------;-7.16543873;-78.50264764;;;;;
A-2022-03-159;18/03/2022;22:35;CHOQUE;CHOQUE LATERAL IZQUIERDO;1;0;AV.  SALONÓN VILCHEZ CDRA. 06;---------------;-6.381019;-78.813507;;;;;
A-2022-03-16;10/03/2022;18:00;CHOQUE;-;1;0;CARRETERA CAPACHICA-YACHON KM 04 120;ALTURA DEL CP CAPANI;-15.67312663;-69.84928784225646;DESPEJADO;IMPRUDENCIA DEL CONDUCTOR;OTRO (IMPRUDENCIA DEL CONDUCTOR);AL CONDUCIR SU UNIDAD VEHICULAR (MOTOCICLETA), BAJO UN ESTADO DE DESATENCION Y CONFIANZA, SIN HABER ANULADO LOS RIESGOS POSIBLES Y LATENTES EN SU ENTORNO DE MARCHA;
A-2022-03-161;02/03/2022;12:20;CHOQUE;;1;0;AV. PEREZ SALMON / AV. ALFREDO PALACIOS ;;-12.05573514;-77.12184965837463;DESPEJADO;IMPRUDENCIA DEL CONDUCTOR;INVASIÓN DE CARRIL;;NINGUNA
A-2022-03-162;24/03/2022;07:30;ATROPELLO FUGA;;1;0;AV.NESTOR GAMBETTA KM. 8 ALTURA EMPRESA KIMPACK ;;-11.97529868;-77.12500823797006;DESPEJADO;IMPRUDENCIA DEL PEATÓN;CRUCE INDEBIDO POR LA CALZADA;;NINGUNA 
A-2022-03-163;24/03/2022;05:00;ESPECIAL;VOLCADURA SEGUIDO DE APLASTAMIENTO;1;0;AV. SANTA ROSA ALTURA AV. ALAMEDA –CALLAO;;-12.04070168;-77.11587471962183;DESPEJADO;NO IDENTIFICA LA CAUSA;;;NO SE PUDO ESTABLECER DE FORMA FEHACIENTE E INDUBITABLE EL FACTOR PREDOMINANTE NI CONTRIBUTIVOS
A-2022-03-164;27/03/2022;17:00;DESPISTE;VOLCADURA EN TONEL IZQUIERDO;1;8;CARRETERA NAMORA-QUELLUOCOCHA (ALTURA DEL CASERÍO CASA BLANCA);-----------;-7.200335;-78.31018;DESPEJADO;NO IDENTIFICA LA CAUSA;;;
A-2022-03-165;13/03/2022;07:10;CHOQUE;EL VEHICULO CATG. L5, CRUZA LA CARRETERA PANAMERICANA NORTE, EN SENTIDO DE OESTE A ESTE, AL CRUZA LA CALZADA ESTE, ES EMBESTIDO POR EL VEHICULO CATG. N1, CAMIONETA DE PLACA ARU-793;2;1;CARRETERA PANAMERICANA NORTE. KM. 159.453.55;CRUCE A NIVEL DE INGRESO A TIROLER;-11.002744;-77.617208;DESPEJADO;IMPRUDENCIA DEL CONDUCTOR;EXCESO DE VELOCIDAD;;NINGUNA
A-2022-03-166;18/03/2022;18:30;ATROPELLO;ATROPELLO;1;0;PSJE. SANTA CRUZ DE LA ASOCIACIÓN 21 DE ENERO - HUAURA.;FRONTIS DEL INMUEBLE SIGNADO CON EL N° SUB LOTE 2 - ASO. VIV. 21 DE ENERO.;-11.066938;-77.598471;DESPEJADO;IMPRUDENCIA DEL CONDUCTOR;EXCESO DE VELOCIDAD;;NINGUNA
A-2022-03-17;06/03/2022;04:00;ATROPELLO FUGA;;1;0;CARRETRA PANAMERICANA SUR KM. 1322 850;-;-18.196019;-70.327957;;;;;
A-2022-03-174;24/03/2022;15:30;ATROPELLO;VEHICULO QUE CIRCULABA A EXCESO DE VELOCIDAD MOTIVO POR EL CUAL ATROPELLO A LA PEATON;1;0;SECTOR SANTA ANA;VIA DE ACCESO AL DISTRITO DE MARAS;-13.32962013;-72.1689268062771;DESPEJADO;IMPRUDENCIA DEL CONDUCTOR;EXCESO DE VELOCIDAD;;NINGUNA
A-2022-03-175;18/03/2022;12:15;VOLCADURA;VEHICULO CAMION VUELCA POR EXCESO DE VELOCIDAD;1;12;SECTOR PUNCURAYOC  CARRETERA CCORCA CUSCO;KILOMETRO 16;-13.555421;-72.021903;DESPEJADO;IMPRUDENCIA DEL CONDUCTOR;EXCESO DE VELOCIDAD;;NINGUNA
A-2022-03-177;31/03/2022;06:30;DESPISTE;VOLCADURA EN TONEL DERECHO;1;4;KM. 44 DE LA CARRETERA DE JAÉN A SAN IGNACIO. ALTURA DEL CASERIO TOCAQUILLO;---------------------;-5.54315214;-78.81293259;DESPEJADO;NO IDENTIFICA LA CAUSA;;;
A-2022-03-178;14/03/2022;21:20;CHOQUE;CHOQUE POR EMBISTE ;1;1;CARRETERA PIURA PAITA ;PETRO PERU SAC;-5.178503;-80.666686;DESPEJADO;IMPRUDENCIA DEL CONDUCTOR;EXCESO DE VELOCIDAD;;
A-2022-03-179;23/03/2022;19:00;DESPISTE;DESPISTE Y VOLCADURA ;1;1;CARRETERA YAPATERA PACHHAS EL SOL ;ALRTURA SEUNDA ENTRADA EMPRESA BETA ;-5.030273;-80.200573;DESPEJADO;NO IDENTIFICA LA CAUSA;;;
A-2022-03-180;26/03/2022;13:40;VOLCADURA;VOLCADURA, ATROPELLO Y FUGA;1;0;CARRETERA FBT KM 344 700;-;-5.674651;-77.675794;LLUVIOSO;NO IDENTIFICA LA CAUSA;;;EN INVESTIGACION
A-2022-03-181;02/03/2022;14:30;CHOQUE;VOLCADURA, CAÍDA Y ATROPELLO;1;0;AV. ARENALES CDRA. 11 FRONTIS DEL HOTEL PANAMERICANO;-;-12.0774869;-77.03673355030094;DESPEJADO;NO IDENTIFICA LA CAUSA;;;
A-2022-03-182;22/03/2022;07:30;DESPISTE;VEHICULO QUE SE DESPISTA POR EXCESO DE VELOCIDAD;3;0;DISTRITO DE OCURURO  CARRETERA ESPINAR AREQUIPA;SECTOR PARINACOCHA;-15.162383;-71.157122;NUBLADO;IMPRUDENCIA DEL CONDUCTOR;EXCESO DE VELOCIDAD;;NINGUNA
A-2022-03-183;24/03/2022;23:00;DESPISTE;VEHICULO QUE SE DESPISTA AL RETROCEDER;1;0;SECTOR MAHINAHUA;KILOMETRO 17;-13.16313667;-71.9724245;LLUVIOSO;IMPERICIA DEL CONDUCTOR;;;NINGUNA
A-2022-03-184;26/03/2022;07:31;DESPISTE;VEHICULO QUE CIRCULABA EN LA MECIONADA AVENIDA EN PLENA LLOVISNA;1;0;PUENTE ARTURO;AV. DENTRO DE LA CIUDAD DE SICUANI ;-14.29215354;-71.21975426759026;LLUVIOSO;IMPRUDENCIA DEL CONDUCTOR;EXCESO DE VELOCIDAD;;NINGUNA
A-2022-03-185;11/03/2022;10:30;CHOQUE;VEHICULO OMNIBUS CHOCA CON LA PARTE POSTERIOR DE UN SEMI REMOLCADOR ESTACIONADO A LADO DRECHO CARGADO DE BALONES DE GAS;1;7;COMUNIDAD CANGALLE;KILOMETRO 1066 500;-14.02060586;-71.45716071152206;LLUVIOSO;IMPRUDENCIA DEL CONDUCTOR;VEHÍCULO MAL ESTACIONADO;;NINGUNA
A-2022-03-186;30/03/2022;19:30;ATROPELLO FUGA;;1;0;CARRETERA PENETRACIÓN ZAÑA-MOCUPE;ALTURA KM 02 600;-6.960555544;-79.6329412734483;DESPEJADO;NO IDENTIFICA LA CAUSA;;;SE ENCUENTRA EN INVESTIGACIÓN
A-2022-03-187;29/03/2022;14:40;CHOQUE;-;1;0;CARRETERA PANAMERICANA NORTE ANTIGUA KM 91;-;-5.988544;-79.737082;SOLEADO;NO IDENTIFICA LA CAUSA;;;EN INVESTIGACIÓN
A-2022-03-188;30/03/2022;16:00;CHOQUE;-;1;1;EMPRESA AGROVISIÓN OLMOS;EMPRESA AGROVISIÓN OLMOS;-6.195028;-79.991647;DESPEJADO;NO IDENTIFICA LA CAUSA;;;ACCIDENTE EN INVESTIGACIÓN
A-2022-03-189;01/03/2022;07:20;VOLCADURA;CAIDA;1;0;AV. CENTRAL ALT. MZ. E4LOTE 28 ;FRENTE AL COLEGIO CERVANTES.;-11.845251;-77.077429;DESPEJADO;NO IDENTIFICA LA CAUSA;;;
A-2022-03-190;19/03/2022;20:00;ATROPELLO FUGA;-;1;0;KM 1221 250;-;-14.9063508;-70.5833486;DESPEJADO;IMPRUDENCIA DEL CONDUCTOR;EXCESO DE VELOCIDAD;;NINGUNA
A-2022-03-191;19/03/2022;22:22;DESPISTE;-;1;0;KM 21;MUÑANI;-14.861094;-70.083645;DESPEJADO;IMPERICIA DEL CONDUCTOR;;;NINGUNA
A-2022-03-196;21/03/2022;12:00;DESPISTE;CIRCULACION DEL VEHICULO A EXCESO DE VELOCIDAD;1;0;OSCOYLLO CONDOROMA;KILOMETRO  52 000;-15.351627;-71.104512;LLUVIOSO;IMPERICIA DEL CONDUCTOR;;;NINGUNO
A-2022-03-197;27/03/2022;21:00;ATROPELLO;INGRESO DEL PEATON A LA CALZADA EN HORAS DE LA NOCHE Y AL PARECER SE ENCONTRABA EN ESTADO DE EBRIEDAD;1;1;CARRETRA CUSCO SICUANI;1093  100;-14.19004;-71.33704;LLUVIOSO;IMPRUDENCIA DEL PEATÓN;ESTADO DE EBRIEDAD Y/O DROGADICCIÓN;;NINGUNA
A-2022-03-2;03/03/2022;02:00;ATROPELLO;-;1;0;KM-1420;TECNOLOGICO ILAVE;-16.116216;-69.595246;LLUVIOSO;IMPRUDENCIA DEL PEATÓN;CRUCE INDEBIDO POR LA CALZADA;;
A-2022-03-200;29/03/2022;04:30;CHOQUE;VEHICULO MENOR QUE CHOCA CONTRA EL SEPARADOR CENTRAL DE LA AVENIDA;1;0;AV. EDGARDO DE LA TORRE CON PLAZA GRAU;DISTRITO DE SANTA ANA ;-12.86590878;-72.69354675932448;DESPEJADO;IMPRUDENCIA DEL CONDUCTOR;CONDUCIR EN ESTADO DE EBRIEDAD Y/O DROGADICCIÓN;;NINGUNA
A-2022-03-202;06/03/2022;05:09;CHOQUE FUGA;EL VEHÍCULO CATG. M1, CAMIONETA SUV, DE PLACA DE RODAJE B3W-014, IMPACTA POR ALCANCE AL VEHÍCULO NO MOTORIZADO - TRICICLO, EL CUAL ERA GUIADO POR EL QVF. ROBERTO JUVENAL PUJADA GARCIA, QUIEN FALLECE EN EL LUGAR A CONSECUENCIA DEL IMPACTO.;1;0;AV. SAN MARTÍN  - SANTA MARÍA.;CUADRA 10;-11.09391788;-77.58225736843556;DESPEJADO;IMPRUDENCIA DEL CONDUCTOR;EXCESO DE VELOCIDAD;;NINGUNO
A-2022-03-203;27/03/2022;18:45;CHOQUE;EL VEHÍCULO CATG. L3, MOTOCICLETA DE PLACA DE RODAJE 1723-EB, ADELANTE POR EL LADO DERECHO AL VEHÍCULO M1, AUTOMOVIL DE PLACA C2C-524, IMPACTANDOLO EN SU ESTRUCTURA LATERAL DERECHO, TERCIO ANTERIOR.;1;1;CARRETERA PANAMERICANA NORTE. KM. 75.170.80;INTERCAMBIO VIAL DEL SERPENTÍN DE PASAMAYO - AUCALLAMA - HURAL - LIMA;-11.61340139;-77.23109716729165;DESPEJADO;IMPRUDENCIA DEL CONDUCTOR;CONDUCIR EN ESTADO DE EBRIEDAD Y/O DROGADICCIÓN;;NINGUNA
A-2022-03-204;20/03/2022;01:30;CHOQUE;EL VEHÍCULO CATG. L3 DE PLACA B5-1404, IMBADE LA CALZADA OESTE DE LA C.P.N, E IMPACTA FRONTALMENTE AL VEHÍCULO M1, DE PLACA D9V-628;1;0;CARRETERA PANAMERICANA NORTE KM. 157.561.99;HUAURA;-11.002965;-77.617296;DESPEJADO;IMPRUDENCIA DEL CONDUCTOR;CONDUCIR EN ESTADO DE EBRIEDAD Y/O DROGADICCIÓN;;EL CONDUCTOR FALLECIDO,  INGRESA AL CARRIL CONTRARIO, IMPACTANDO FRONTALMENTE CON EL VEHICULO M1.
A-2022-03-205;13/03/2022;14:40;DESPISTE;EL VEHÍCULO CATG. L5, DE PLACA DE RODAJE MCG-38133, SE DIRIGIA DE ESTE A OESTE, POR EL CARRIL NORTE, AL LLEGAR A LA ZONA DEL ACCIDENTE SE DESPISTA;1;1;CARRETERA DE PENETRACIÓN HUAURA - SAYÁN - CHURINI - OYON;KM. 36.273.20;-11.13827;-77.202376;DESPEJADO;IMPRUDENCIA DEL CONDUCTOR;EXCESO DE VELOCIDAD;;NINGUNA
A-2022-03-209;20/03/2022;02:00;DESPISTE;VOLCADURA Y CAIDA DE OCUPANTE ;1;1;CARRETERA CENTRAL MARGEN  DERECHA ALTURA DEL KM. 113 500;SICAYA ;-12.0298718;-75.2663292;DESPEJADO;IMPRUDENCIA DEL CONDUCTOR;CONDUCIR EN ESTADO DE EBRIEDAD Y/O DROGADICCIÓN;;NINGUNO
A-2022-03-212;04/03/2022;14:00;ATROPELLO;;1;0;AV. ARGENTINA CDRA 07;;-12.046767;-77.08469;DESPEJADO;NO IDENTIFICA LA CAUSA;;;
A-2022-03-214;07/03/2022;14:30;ATROPELLO;;1;0;AV. TUPAC AMARU ;CDRA. 36;-11.937831;-77.049489;DESPEJADO;NO IDENTIFICA LA CAUSA;;;
A-2022-03-215;08/03/2022;06:00;CHOQUE;;1;0;VIA EVITAMIENTO KM. 05.600;;-12.02946;-76.999036;DESPEJADO;NO IDENTIFICA LA CAUSA;;;
A-2022-03-216;09/03/2022;14:00;CHOQUE;;1;0;VIA EVITAMIENTO KM. 06.500;;-12.04027;-77.01653;DESPEJADO;NO IDENTIFICA LA CAUSA;;;
A-2022-03-218;14/03/2022;04:50;CHOQUE;CHOQUE POR EMBISTE;3;1;CARRETERA TRANSVERSAL RUTA PE 18 A KM 106 105;PLAZA DE ARMAS LAS PALMAS;-9.443862;-75.973997;NUBLADO;IMPRUDENCIA DEL CONDUCTOR;EXCESO DE VELOCIDAD;;NINGUNA
A-2022-03-219;27/03/2022;17:00;CHOQUE;CHOQUE VOLCADURA FUGA CON MUERTE;1;4;CARRETERA TRANVERSAL RUTA PE 18A KM117;SEGUNDA ENTRADA A AFILADOR;-9.3336001;-75.989034;SOLEADO;IMPRUDENCIA DEL CONDUCTOR;ADELANTAR INDEBIDAMENTE;;NINGUNA
A-2022-03-221;21/03/2022;00:35;CHOQUE;CHOQUE SEGUIDO DE MUERTE;1;0;CARRETERA TRANSVERSAL RUTA PE 18 A KM 116;PUENTE PEREZ;-9.345312;-75.982546;LLUVIOSO;IMPRUDENCIA DEL CONDUCTOR;INVASIÓN DE CARRIL;;NINGUNA
A-2022-03-222;25/03/2022;10:31;ATROPELLO;ATROPELLO Y PROYECCION;1;0;JR. BOLOGNESI;HOSPITAL ESSALUD;-9.307166;-76.002489;DESPEJADO;IMPRUDENCIA DEL PEATÓN;CRUCE INDEBIDO POR LA CALZADA;;NINGUNA
A-2022-03-224;12/03/2022;15:10;CHOQUE;CHOQUE, VOLCADURA;1;0;CARRETERA LONGITUDINAL DE LA SELVA NORTE;SECTOR BAMBU CURVA LAGUNA DE LOS MILAGROS;-9.149739;-75.988285;NUBLADO;IMPRUDENCIA DEL CONDUCTOR;EXCESO DE VELOCIDAD;;NINGUNA
A-2022-03-225;06/03/2022;04:00;DESPISTE;VOLCADURA;1;0;TROCHA CARROZABLE - CUVIRIANI - PICHANAQUI;ALTURA DEL ANEXO TRIUNFADORES - CUVIRIANI;-10.93389605;-74.8367159943703;;;;;
A-2022-03-226;13/03/2022;21:10;CHOQUE;;1;0;AV. ANTONIO RAYMONDI CUADRA N°4 CON JR. DANIEL ALCIDES CARRION - SATIPO;SEMAFORO INTELIGENTE ;-11.24779634;-74.63722939014922;;;;;
A-2022-03-227;16/03/2022;11:00;ATROPELLO;SUCESO DE ACCIDENTE (SUICIDIO);1;0;JR. MULLEMBRUCK - JR. BOLOGNESI - OXAPAMPA;-----;-10.57436874;-75.40626162704564;;;;;
A-2022-03-228;19/03/2022;17:20;CHOQUE;DESPISTE, VOLCADURA;1;2;JR. 1RO DE NOVIEMBRE - JR. JULIO C. TELLO - SATIPO;;-11.25827682;-74.63794284265961;;;;;
A-2022-03-229;23/03/2022;12:30;DESPISTE;CHOQUE, VOLCADURA ;1;3;CARRETERA MARGINAL ALTURA DEL KM 72 - PICHANAQUI;EX PISCINA DI PALMAS ;-10.93924204;-74.86162280623186;;;;;
A-2022-03-230;27/03/2022;05:30;DESPISTE;;1;0;KM.24 DE LA CARRETERA MARGINAL SECTOR SAN PEDRO DE MARANKIARI;--;-10.94005315;-75.19719296823605;;;;;
A-2022-03-232;07/03/2022;18:25;ATROPELLO;;1;0;AV. UNIVERSITARIA CON AV. SAN FELIPE;INTERSECCIÓN;-11.90093583;-77.03989323217921;DESPEJADO;NO IDENTIFICA LA CAUSA;;;ZONA EN OBRAS
A-2022-03-233;12/03/2022;00:30;CHOQUE;;1;1;CARRETERA PANAMERICANA NORTE KM. 276 100 ;;-10.203143;-78.050151;DESPEJADO;NO IDENTIFICA LA CAUSA;;;QUEDA PENDIENTE LA DETERMINACIÓN DE LA CAUSA
A-2022-03-234;10/03/2022;15:00;DESPISTE;VOLCADURA;1;0;CARRETERA PALLASCA CABANA KM.2;;-8.268228316;-77.99048105842314;DESPEJADO;NO IDENTIFICA LA CAUSA;;;NO INDICA