COD_ACCIDE;FechaDelAccidente;HoraDelAccidente;ClaseDelAccidente;SecuenciaAccidente;CantidadDeFallecidos;CantidadDeLesionados;Direccion;LugarReferencia;y;x;CondClimatica;CausaFactorPrincipal;CausaEspecifica;OtraCausa;Observaciones
A-2022-03-235;12/03/2022;08:35;ATROPELLO;;1;0;AV. CAMINO REAL INTERSECCIÓN CON EL JR. MANUEL URETA;;-9.07447282;-78.57626927976929;DESPEJADO;NO IDENTIFICA LA CAUSA;;;SE UBICA UN COLEGIO EN LA PROXIMIDAD DE LA ESQUINA
A-2022-03-236;14/03/2022;03:20;CHOQUE;;1;1;CARRETERA PANAMERICANA NORTE KM. 381 500 ;;-9.457931;-78.33327;DESPEJADO;NO IDENTIFICA LA CAUSA;;;CAUSA PENDIENTE DE DETERMINAR, POSIBLE POR CONDUCTOR EBRIO.
A-2022-03-237;14/03/2022;09:40;CHOQUE;CHOQUE LATERAL SEGUIDO DE CHOQUE FRONTAL;2;3;CARRETERA PANAMERICANA NORTE (200 METROS DEL GRIFO REPSOL) ;;-9.099442192;-78.56271890109753;DESPEJADO;IMPRUDENCIA DEL CONDUCTOR;INVASIÓN DE CARRIL;;INVASIÓN DE CARRIL DE VEHÍCULO 1 (H2S868)
A-2022-03-238;06/03/2022;21:50;VOLCADURA;CONSECUENCIA FATAL;1;0;PLANTA HIDROELECTRICA KM 116   350;DISTRITO DE VILCABAMBA;-14.07484339;-72.62212003892782;;;;;
A-2022-03-239;12/03/2022;07:00;VOLCADURA;DESPISTE Y VOLCADURA ;1;0;CARRETERA GRAU-VILCABAMBA KM 111;DISTRITO DE CURPAHUASI;-14.07879792;-72.62581486234875;;;;;
A-2022-03-240;13/03/2022;18:00;VOLCADURA;DESPISTE Y VOLCADURA ;1;0;SECTOR HATUN HUAYCCO;CARRETERA ANTABAMBA ;-14.38790873;-72.8574167010493;;;;;
A-2022-03-241;20/03/2022;03:00;VOLCADURA;DESPISTE Y VOLCADURA CON CONSECUENCIA FATAL;1;0;SECTOR CHACCO;CARRETERA CHUQUIBAMBILLA YACA;-14.052714;-72.76267135628318;;;;;
A-2022-03-242;14/03/2022;06:00;ATROPELLO FUGA;;1;0;CARRETERA HUANUCO - AMBO;;-10.010606;-76.236774;DESPEJADO;IMPRUDENCIA DEL PEATÓN;ESTADO DE EBRIEDAD Y/O DROGADICCIÓN;;S/O
A-2022-03-243;18/03/2022;15:00;DESPISTE;VOLCADURA;1;1;CARRETERA HUANUCO - MALCONGA;;-9.919618;-76.176757;DESPEJADO;IMPRUDENCIA DEL CONDUCTOR;FATIGA Y/O CANSANCIO;;S/O
A-2022-03-245;12/03/2022;03:40;ATROPELLO;;1;0;CARRETERA PATIBAMBA - SAN MIGUEL;SUMINISTRO 6532755 KM 209 600;-13.05425248;-73.95491305;DESPEJADO;IMPRUDENCIA DEL CONDUCTOR;OTRO (IMPRUDENCIA DEL CONDUCTOR);NO ESTABA PRESTANDO ATENCIÓN;CONTRIBUTIVA, DESATENCIÓN DEL PEATÓN
A-2022-03-247;08/03/2022;14:00;CHOQUE;VOLCADURA, CAÍDA, INCENDIO.;1;0;AV. SAN CARLOS;INMUEBLE M2D LOTE 12 AV SAN CARLOS;-13.14284649;-74.22042649;DESPEJADO;IMPRUDENCIA DEL CONDUCTOR;NO ESTABLECER EL DERECHO DE PASO;;CAUSA CONTRIBUTIVA, VEHÍCULOS ESTACIONADOS EN LA CALZADA
A-2022-03-249;14/03/2022;15:30;DESPISTE;EL VEHÍCULO CATG. M3 C1, DE PLACA DE RODAJE BCY-927, SE DIRIGÍA POR LA CARRETERA ALBERTO FUJIMORI ACOS - PACARAOS, EN SENTIDO DE ESTE A OESTE, AL LLEGAR AL KM. 64.5, SE DESPISTA.;3;0;CARRETERA ALBERTO FUJIMORI  - PACARAOS - ACOS;KM. 64.5;-11.26035498;-76.74175576376878;DESPEJADO;IMPRUDENCIA DEL CONDUCTOR;EXCESO DE VELOCIDAD;;NINGUNA
A-2022-03-250-A;20/02/2022;07:00;ATROPELLO;ATROPELLO CONSECUENTE DE MUERTE ;1;1;2.5 KM ;FRONITS DEL GRIFO AMPARITO ;-3.8011477;-73.308816;DESPEJADO;IMPRUDENCIA DEL CONDUCTOR;EXCESO DE VELOCIDAD;;NINGUNA
A-2022-03-250-B;14/03/2022;10:00;DESPISTE;DESPISTE CON CONSECUENCIA FATAL;1;1;KM 314 RED VIAL NAZCA CUSCO;KM 314 PAMPAMARCA;-14.46204805;-73.2359517232308;;;;;
A-2022-03-251;04/03/2022;07:00;CHOQUE;POR ALCANCE;1;0;CALLE SIMON BOLIVAR;EMPRESA CMT;-13.450253;-76.152625;DESPEJADO;IMPRUDENCIA DEL CONDUCTOR;OTRO (IMPRUDENCIA DEL CONDUCTOR);AL CONDUCIR SU VEHICULO CON UNA ATENCIÓN INCOMPLETA SOBRE SU CIRCULACIÓN ;
A-2022-03-252;08/03/2022;09:40;CHOQUE;DESPISTE;3;2;CARRETERA CHINCHA HUANCAVELICA KILOMETRO 14;-;-13.412786;-76.084959;DESPEJADO;IMPRUDENCIA DEL CONDUCTOR;INVASIÓN DE CARRIL;;
A-2022-03-253;10/03/2022;20:00;CHOQUE FUGA;VOLCADURA, CAÍDA CON SUBSECUENTE APLASTAMIENTO;1;0;AV CANTA CALLAO;INTERSECCIÓN CON LA CALLE VIRGEN DEL CARMEN;-11.9495664;-77.0858316969476;;;;;
A-2022-03-254;09/03/2022;01:15;DESPISTE;CHOQUE;2;5;CARRETERA PANAMERICANA SUR KILOMERO 175;-;-13.35354494;-76.22172841728349;DESPEJADO;NEGLIGENCIA DEL CONDUCTOR;OTRO (NEGLIGENCIA DEL CONDUCTOR);REALIZAR UNA CONDUCCIÓN EN UN ESTADO DE CANSANCIO Y SOMNOLENCIA;
A-2022-03-255;11/03/2022;02:00;CHOQUE;CAÍDA CON SUBSECUENTE  MUERTE;1;0;AV. SANTA ROSA DE LIMA  CDRA 4 CON AV. CENTRAL CDRA 38;CIA CANTO REY;-11.970962;-76.992302;;;;;
A-2022-03-256;06/03/2022;00:20;CHOQUE;VOLCADURA;1;1;LURICOCHA;SECTOR QUINUAHORCCO;-12.91083851;-74.2743641286087;LLUVIOSO;IMPRUDENCIA DEL CONDUCTOR;CONDUCIR EN ESTADO DE EBRIEDAD Y/O DROGADICCIÓN;;EL CONDUCTOR QUE OCASIONO EL ACCIDENTE SE ENCONTRABA EN ESTADO DE EBRIEDAD
A-2022-03-257;11/03/2022;19:50;ATROPELLO;-;1;0;AV. VENEZUELA CDRA. 27;-;-12.057647;-77.067668;DESPEJADO;NO IDENTIFICA LA CAUSA;;;
A-2022-03-259;13/03/2022;11:40;ATROPELLO;SUBSECUENTE MUERTE;1;0;AV. PROCERES DE LA INDEPENDENCIA CDRA. 23 Y AV. SAN HILARIÓN ;-;-11.9927389;-77.0108661;;;;;
A-2022-03-260;15/03/2022;23:30;ATROPELLO;-;1;0;AV. PACHACUTEC Y AV. HUIRACOCHA;-;-11.92556985;-76.9636556981117;;;;;
A-2022-03-261;16/03/2022;01:00;DESPISTE;-;1;1;CIRCUITO DE PLAYAS ;ALT. DE LA BAJADA  SAN MARTIN ;-12.108192;-77.058571;;;;;
A-2022-03-262;17/03/2022;18:00;DESPISTE;VOLCADURA ;1;1;CARRETERA EL ALTO - EL ÑURO;ENTRADA A EL ÑURO;-4.221164058;-81.16719623639703;DESPEJADO;IMPRUDENCIA DEL CONDUCTOR;EXCESO DE VELOCIDAD;;S/O
A-2022-03-263;18/03/2022;21:00;CHOQUE;-;1;0;AV TUPAC AMARU KM 17.00;ALT. DE LA PRIMER ESCALERA LA FLOR ;-11.897196;-77.029915;;;;;
A-2022-03-264;18/03/2022;22:00;CHOQUE;FRONTAL;1;1;CARRETERA SULLANA PAITA ;FRONTIS DE LA FERRETERIA CHAYASAC;-4.906676289;-80.7149380373635;DESPEJADO;IMPRUDENCIA DEL CONDUCTOR;CONDUCIR EN ESTADO DE EBRIEDAD Y/O DROGADICCIÓN;;S/O
A-2022-03-265;20/03/2022;02:45;DESPISTE;-;2;0;CARRETERA CENTRAL KM 12.66;ALT. DEL GRIFO PETRO ATE ;-12.0101;-76.8703;;;;;
A-2022-03-266;20/03/2022;23:30;VOLCADURA;-;1;0;AV REVOLUCIÓN CDRA.23 ;ALT. DEL PARADERO 12 ;-11.913083;-77.019259;;;;;
A-2022-03-267;21/03/2022;04:00;DESPISTE;-;1;0; VIA EVITAMIENTO ALTURA DEL PUENTE SANTA ROSA;;-12.06114766;-76.97248530948352;;;;;
A-2022-03-268;29/03/2022;01:00;VOLCADURA;CAIDA DEL CONDUCTOR;1;0;ESTE A OESTE;CARRETERA INTEROCEANICA SUR KM 435 700 TRAMO PUERTO MALDONADO PLANCHON;-12.54211068;-69.14294938385845;DESPEJADO;EN PROCESO DE INVESTIGACIÓN;NO CUENTA CON CAUSA ESPECIFICA;;NINGUNA
A-2022-03-269;27/03/2022;06:00;CHOQUE;FRONTAL;1;0;CARRETERA SULLANA PUENTE INTERNACIONAL LA TINA;1080 100;-4.857294238;-80.30894809168305;DESPEJADO;IMPRUDENCIA DEL CONDUCTOR;INVASIÓN DE CARRIL;;S/O
A-2022-03-27;02/03/2022;05:06;ATROPELLO FUGA;LA UT1 HABRIA IMPACTADO CON SU ESTRUCTURA ANTERIOR AL FLANCO LATERAL DERECHO DE LA UT2;1;0;CARRETERA AREQUIPA-YURA KM. 10.500;KM. 10.500;-16.331331;-71.593308;DESPEJADO;NO IDENTIFICA LA CAUSA;;;S/O
A-2022-03-270;21/03/2022;18:30;ATROPELLO;-;1;0;AV. PACHACUTEC ALTURA CDRA. 31;-;-12.1744;-76.94747;;;;;
A-2022-03-271;26/03/2022;23:50;ATROPELLO FUGA;---;1;0;PANAMERICANA SUR KM 34.700;ALT. PUENTE PATONAL 1°-PLAYA ARICA;-12.29793101;-76.8538862432187;;;;;
A-2022-03-272;27/03/2022;22:20;DESPISTE;VOLCADURA;1;0;CERRETERA SULLANA PAITA ;ALTURA DE LA I. E EL PORTON;-4.916601434;-80.90234658692755;DESPEJADO;IMPRUDENCIA DEL CONDUCTOR;INVASIÓN DE CARRIL;;S/O
A-2022-03-273;26/03/2022;16:30;ATROPELLO;-;1;0;AV. LAS TORRES S/N ;-;-12.02597661;-76.92000324652466;;;;;
A-2022-03-274;21/03/2022;23:00;DESPISTE;VOLCADURA;1;0;CARRETERA SULLANA TAMBOGRANDE;ALTURA DEL CANAL DANIEL ESCOBAR;-4.991518918;-80.64655781582537;DESPEJADO;IMPRUDENCIA DEL CONDUCTOR;EXCESO DE VELOCIDAD;;S/O
A-2022-03-275;27/03/2022;17:30;ATROPELLO;-;1;0;AUTOPISTA RAMIRO PRIALE 300 MTS;-;-12.03188398;-76.9880235183415;;;;;
A-2022-03-276;28/03/2022;07:00;DESPISTE;-;1;1;CIRCUITO DE PLAYAS ;-;-12.1135039;-77.0510165416255;;;;;
A-2022-03-277;27/03/2022;07:00;CHOQUE;FATAL;1;0;CP LANCONES;ALTURA DE LA CARRETERA PUENTE DE VENADOS;-4.526744655;-80.47315803688726;DESPEJADO;IMPRUDENCIA DEL CONDUCTOR;INVASIÓN DE CARRIL;;S/O
A-2022-03-278;25/03/2022;11:30;ATROPELLO;FATAL;1;0;CARRETERA CRUCETA LAS LOMAS;;-4.755947924;-80.29782228265425;DESPEJADO;IMPRUDENCIA DEL CONDUCTOR;OTRO (IMPRUDENCIA DEL CONDUCTOR);IMPRUDENCIA;S/O
A-2022-03-279;27/03/2022;18:00;CHOQUE FUGA;FATAL;1;0;CARRETERA LA COSTANERA;AMOTAPE;-4.869924716;-81.0158176697112;DESPEJADO;NO IDENTIFICA LA CAUSA;;;S/O
A-2022-03-280;26/03/2022;21:00;DESPISTE;FATAL;1;0;CARRETERA PUEBLO NUEVO DE COLAN ;ALTURA DEL KM 77;-4.920059432;-81.06372716643473;DESPEJADO;IMPRUDENCIA DEL CONDUCTOR;OTRO (IMPRUDENCIA DEL CONDUCTOR);IMPRUDENCIA DEL CONDUCTOR;S/O
A-2022-03-281;27/03/2022;18:30;DESPISTE;FATAL;1;0;CARRETERA EL ALTO - LOS ORGANOS;ALTURA DEL KM 122 300;-4.23203491;-81.17430923443803;DESPEJADO;IMPRUDENCIA DEL CONDUCTOR;OTRO (IMPRUDENCIA DEL CONDUCTOR);;S/O
A-2022-03-282;29/03/2022;11:00;CHOQUE;FATAL;1;0;CARRETERA SULLANA TAMBOGRANDE;ALTURA DE LA EMPRESA PROANCO;-4.913389273;-80.67215728939541;DESPEJADO;IMPRUDENCIA DEL CONDUCTOR;NO DAR PASO PREFERENTE AL PEATÓN;;S/O
A-2022-03-283;03/03/2022;23:50;ATROPELLO FUGA;-;1;0;AV DEFENSORES DEL MORRO 480;-;-12.18429331;-77.0074643892645;;;;;
A-2022-03-284;13/03/2022;06:00;CHOQUE;;1;0;KM. 2 DE LA VÍA LABERINTO  SANTO DOMINGO;;-12.760173;-69.566378;;;;;
A-2022-03-285;17/03/2022;05:30;DESPISTE;DESPISTE ;1;0;AVENIDA ANDRES AVELINO CACERES ;FRENTE AL A.H LA PRIMAVERA ;-5.18833162;-80.60983030723118;DESPEJADO;NEGLIGENCIA DEL CONDUCTOR;OTRO (NEGLIGENCIA DEL CONDUCTOR);ENFERMEDAD CARDIOVASCULAR ;
A-2022-03-286;12/03/2022;02:00;ATROPELLO FUGA;CONSECUENCIA FATAL;1;0;CARRETERA TARAPOTO YURIMAGUAS KILOMETRO 79 CASERIO BONILLA DISTRITO DE ALIANZA ;CASERIO BONILLA DISTRITO DE ALIANZA ;-6.143272754;-76.2690696093467;;;;;
A-2022-03-288;14/03/2022;17:00;ATROPELLO;VOLCADURA Y CAIDA;1;1;AV. QUIÑONES CDRA 2;ALTURA DEL CAMPAMENTO VARGAS GUERRA;-3.7649589;-73.2590273;;;;;
A-2022-03-289;08/03/2022;17:20;CHOQUE;FATAL;1;0;AV. VICTOR MALASQUEZ ALT. DE LA EMPRESA SALAMANCA - DISTRITO DE PACHACAMAC;;-12.15441862;-76.8693337967414;DESPEJADO;IMPRUDENCIA DEL CONDUCTOR;EXCESO DE VELOCIDAD;;
A-2022-03-29;05/03/2022;07:20;CHOQUE;DESPISTE;1;0;PANAMERICANA KM292;BASE DE SERENASGO;-13.98487845;-75.77287120456951;DESPEJADO;NO IDENTIFICA LA CAUSA;;;
A-2022-03-32;13/03/2022;05:45;ATROPELLO FUGA;-;1;0;C.P.S KM 261-VILLACURI;-;-13.93056376;-75.93926083155701;DESPEJADO;NO IDENTIFICA LA CAUSA;;;
A-2022-03-33;13/03/2022;04:00;ATROPELLO FUGA;-;1;0;CALLE DIAMANTES CON CALLE PARURO- SAN CLEMENTE;-;-13.67918097;-76.15231400319837;DESPEJADO;NO IDENTIFICA LA CAUSA;;;
A-2022-03-34;03/03/2022;17:00;DESPISTE;;1;3;VIA LOS LIBERTADORES KM 110;;-13.60752916;-75.32030773156066;LLUVIOSO;NO IDENTIFICA LA CAUSA;;;
A-2022-03-35;04/03/2022;15:50;DESPISTE;;1;1;VIA LOS LIBERTADORES KM 132;;-13.582339;-75.274279;LLUVIOSO;NO IDENTIFICA LA CAUSA;;;
A-2022-03-36;02/03/2022;05:00;DESPISTE;;4;9;ANEXO PAMPACHACA. DISTRITOT DE QUERCO;;-13.986365;-74.946275;LLUVIOSO;INFRAESTRUCTURA Y ENTORNO VIAL;FACTOR AMBIENTAL;;NINGUNA
A-2022-03-38;05/03/2022;10:30;VOLCADURA;VOLCADURA TONEL IZQUIERDO;1;0;PROLONGACION TUPAC AMARU S/N - CELENDIN ;----;-6.864952;-78.14231;DESPEJADO;NO IDENTIFICA LA CAUSA;;;
A-2022-03-39;06/03/2022;16:30;ATROPELLO FUGA;----;1;0;CARRETERA CAJAMARCA - CAJABAMBA;PAR EL HUAYO;-7.46713058;-78.11290494;;;;;
A-2022-03-42;09/03/2022;16:00;DESPISTE;------;1;0;KM. 12.800 DE LA CARRETERA QUICACHA-MARAYCASA;QUICACHA;-15.62316608;-73.79733259;LLUVIOSO;NO IDENTIFICA LA CAUSA;;;
A-2022-03-43;12/03/2022;06:00;DESPISTE;CHOQUE;1;0;FRONTIS DEL ESTADIO GUSTAVO GORRITI DRAGO (ESTADIO MUNICIPAL);-----;-16.61005311;-72.70527483355946;DESPEJADO;NO IDENTIFICA LA CAUSA;;;
A-2022-03-45;16/02/2022;13:50;CHOQUE;CHOQUE;1;1;CARRETERA SULLANA PIURA ;ALTURA DEL PARQUE INDUSTRIAL ;-5.153855;-80.695247;DESPEJADO;IMPRUDENCIA DEL CONDUCTOR;EXCESO DE VELOCIDAD;;
A-2022-03-46;07/03/2022;11:18;CHOQUE;FRONTAL;5;3;ALTURA DEL KM. 1250 900. CARRETERA CAJAMARCA - NAMORA.;-------------------;-7.195726;-78.368729;DESPEJADO;NO IDENTIFICA LA CAUSA;;;
A-2022-03-49;15/03/2022;12:27;ESPECIAL;SEGUIDO DE ATROPELLO CON CONSECUENCIA FATAL;1;0;INTERSECCION JR. MARISCAL CACERES CON EL JR LEONISA LESCANO;PARQUE PIP;-9.529679984;-77.53063566634897;DESPEJADO;NEGLIGENCIA DEL CONDUCTOR;OTRO (NEGLIGENCIA DEL CONDUCTOR); FALLA EN CAJA DE CAMBIO Y SISTEMA DE ARRANQUE;VEHICULO QUE SE ENCONTRABA ESTACIONADO CON EL MOTOR ENCENDIDO MANUAL. PARA LUEGO SER MANIPULADO POR EL CONDUCTOR EL SISTEMA DE ENCENDIDO 
A-2022-03-53;09/03/2022;15:15;ATROPELLO;-----;1;0;CARRETERA QUE CONDUCE DEL C.P ARAQUEDA AL CRUCE PERÚ (CERRO REDONDO);CERRO REDONDO;-7.62635833;-78.21360167;;;;;
A-2022-03-54;14/03/2022;06:15;CHOQUE;FRONTAL EXCENTRICO DERECHO;2;4;KM.136 54 CARRETERA DE PENETRACIÓN CIUDAD DE DIOS - CAJAMARCA. ALTURA DEL LUGAR DNEOMINADO PEÑA BLANCA;-------ALTURA DEL LUGAR DNEOMINADO PEÑA BLANCA;-7.2774845;-78.52642799;NIEBLA;NO IDENTIFICA LA CAUSA;;;
A-2022-03-55;06/03/2022;06:30;DESPISTE;Y VOLCADURA EN TONEL 1/4 ;1;5;CARRETERA LOS LIBERTADORES;ALTURA DEL KILOMETRO 184 PILPICHACA;-13.41957;-74.95678;NIEBLA;NO IDENTIFICA LA CAUSA;;;FALTA DE DILIGENCIAS
A-2022-03-56;06/03/2022;13:00;CHOQUE;Y CAIDA;1;1;CARRETERA LIRCAY-CARHUAPATA;ALTURA DEL PUENTE  HUAPA;-13.00148;-74.764165;;;;;
A-2022-03-6;03/03/2022;22:20;CHOQUE;FRONTAL ;1;0;CARRETERA JULICA - CAPACHICA KM 14 800;ALTURA DE LA COMUNIDAD YACHAGUI;-15.56189997;-69.99207796663597;DESPEJADO;IMPRUDENCIA DEL CONDUCTOR;CONDUCIR EN ESTADO DE EBRIEDAD Y/O DROGADICCIÓN;;ESTADO DE EBRIDAD DE CONDUCTOR DE LA MOTOCICLETA.
A-2022-03-62;19/03/2022;18:20;CHOQUE;-;1;0;CARRETERA INTEOCEANICA PUNO-MOQUEGUA KM 35 500;ALTURA DEL JARDIN ANCCACCA;-16.13424864;-70.04472892880808;DESPEJADO;IMPRUDENCIA DEL CONDUCTOR;OTRO (IMPRUDENCIA DEL CONDUCTOR);CONDUCIR SU UNIDAAD VEHICULAR BAJO UN ESTADO DE DESATENCION Y CONFIANZA, SIN HABER ANULADO LOS RIESGOS POSIBLES Y LATENTES;
A-2022-03-63;05/03/2022;16:30;CHOQUE;CHOQUE, VOLCADURA, DESPISTE, DE CONSECUENCIA FATAL, LESIONES Y DAÑOS MATERIALES;2;2;CARRETERA AREQUIPA - JULIACA KM.121 500;KM.121 500;-16.054261;-71.341154;NUBLADO;NO IDENTIFICA LA CAUSA;;;S/O
A-2022-03-64;17/03/2022;09:45;CHOQUE;ACCIDENTE DE TRANSITO CHOQUE CON CONSECUENCIA MUERTE;1;0;CARRETERA FBT KM 488;CASERIO SAN JOSÉ;-6.045425;-77.016127;DESPEJADO;IMPRUDENCIA DEL CONDUCTOR;OTRO (IMPRUDENCIA DEL CONDUCTOR);EXESO DE VELOCIDAD;SE INVESTIGA
A-2022-03-68;20/03/2022;05:20;CHOQUE;-;1;1;CARRETERA PANAMERICANA SUR KM. 1292 900;BASE AEREA DE TACNA;-17.981974;-70.280788;NIEBLA;IMPRUDENCIA DEL CONDUCTOR;INVASIÓN DE CARRIL;;
A-2022-03-69;07/03/2022;14:10;ATROPELLO;ATROPELLO CON VOLTEO;1;0;CARRETERA PANAMERICANA SUR KM.938;ALTURA DEL INGRESO A SANTA RITA;-16.410435;-72.055252;DESPEJADO;NO IDENTIFICA LA CAUSA;;;SIN OBSERVACIONES
A-2022-03-70;07/03/2022;18:00;DESPISTE;CON SUBSECUENTE DE VOLCADURA;2;0;ALTURA DEL KM 148 DE LA CARRETERA LONGITUDINAL PISCOBAMBA-SAN LUIS CHCAS;SECTOR DENOMINADO ICHICCUCHIHUERTA;-8.90371145;-77.56473257769545;LLUVIOSO;NO IDENTIFICA LA CAUSA;;;NINGUNO
A-2022-03-71;13/03/2022;03:30;ATROPELLO;ATROPELLO FATAL;1;0;CARRETERA COSTANERA MOLLENDO - MATARANI KM. 91 600;KM.91 600;-16.998379;-72.062978;DESPEJADO;NO IDENTIFICA LA CAUSA;;;SIN OBSERVACIONES
A-2022-03-72;05/03/2022;17:30;DESPISTE;-;1;0;CARRETERA PANAMERICANA NORTE ALTURA DEL KM. 479.7;-;-8.701750046;-78.63940710194512;DESPEJADO;NO IDENTIFICA LA CAUSA;;;"TRANSACCION EXTRAJUDICIAL  ""NOTARIA ANTICONA"", PRESENTE JORGE LUIS GODY CORONEL  EN CALIDAD DE ESPOSO DE LA FALLECIDA,   LUIS ANGEL GODY HUAÑAP EN CALIDAD DE HIJO DE DOÑA BETTY SOFIA HUAÑAP GUZMAN Y A SU VEZ PADRE DE LA MAENOR DE INICALES M.N.G.G., ACUERDAN CON DOÑA LUCCIANA SOPHIA GODOY HUAÑAP RESPONSABLE DEL ACCIDENTE, PONER TERMINO A ESTE PROBLEMA RENUNCIANDO A SEGUIR CUALQUIER PROCESO PENAL, CIVIL, ADMINISTRATIVO O LEGAL QUE PUDIERAN TENEER CONFORME A LEY RESPECTO A LOS HECHOS PROVOCADOS POR EL ACCIDENTE DE TRANSITO."
A-2022-03-73;06/03/2022;19:45;ATROPELLO;-;1;0;INTERSECCION DE LA CALLE WIRACOCHA Y EL JR. TITO CONDEMAYTA;-;-8.074656;-79.008549;DESPEJADO;IMPRUDENCIA DEL CONDUCTOR;CONDUCIR EN ESTADO DE EBRIEDAD Y/O DROGADICCIÓN;;
A-2022-03-74;07/03/2022;14:30;CHOQUE;-;1;0;CARRETERA PANAMERICANA NORTE ALTURA DEL KM. 720;-;-7.150350381;-79.4508880048356;DESPEJADO;IMPRUDENCIA DEL CONDUCTOR;OTRO (IMPRUDENCIA DEL CONDUCTOR);CONDUCCION DE MANERA CONFIADA;
A-2022-03-75;20/03/2022;03:20;DESPISTE;-;1;0;CARRETERA LOCUMBA A MIRAVE KM. 5 890;-;-17.598172;-70.722395;DESPEJADO;IMPRUDENCIA DEL CONDUCTOR;CONDUCIR EN ESTADO DE EBRIEDAD Y/O DROGADICCIÓN;;
A-2022-03-76;09/03/2022;04:50;DESPISTE;-;4;0;CARRETERA DE PENETRACION A LA SIERRA LIBERTEÑA CALEMAR-PATAZ . SECTOR YAMANA ;;-7.545985248;-77.71371781842402;LLUVIOSO;IMPRUDENCIA DEL CONDUCTOR;FATIGA Y/O CANSANCIO;;
A-2022-03-77;10/03/2022;23:30;DESPISTE;-;1;0;CARRETERA DE ACCESO AL CPM EL CARMELO;-;-8.460950404;-78.85554491169593;DESPEJADO;NO IDENTIFICA LA CAUSA;;;
A-2022-03-8;05/03/2022;16:50;ATROPELLO;;1;0;AV. NESTOR GAMBETTA CDR.9 ALTURA JR. CHOTA ;FRENTE A LA EMPRESA PERU BAR ;-12.0415493;-77.12666804475543;DESPEJADO;IMPRUDENCIA DEL PEATÓN;OTRO (IMPRUDENCIA DEL PEATÓN);REALIZAR SU INGRESO A LA CALZADA DE FORMA TEMERARIA Y NEGLIGENTE.;NINGUNA
A-2022-03-83;11/03/2022;09:30;DESPISTE;-;1;4;CARRETERA DE CONEXIÓN DEL DISTRITO DE USQUIL CON EL CASERÍO CHACLAPAMA SECTOR LA TINA-QUEBRADA POZO EL GATO;-;-7.803343;-78.402325;LLUVIOSO;NEGLIGENCIA DEL CONDUCTOR;OTRO (NEGLIGENCIA DEL CONDUCTOR);DESTATENCION EN LA CONDUCCION;DESATENCION EN LA CONDUCCION
A-2022-03-84;16/03/2022;18:00;DESPISTE;-;1;3;CARRTERA DE CONEXION HUAMACHUCO - CASERIO LLUCHUPATA;-;-7.722098292;-77.90409563007718;LLUVIOSO;IMPRUDENCIA DEL CONDUCTOR;EXCESO DE VELOCIDAD;;
A-2022-03-85;17/03/2022;13:00;CHOQUE;-;1;3;CARRETERA DE PENETRACION A CARTAVIO - CHICLIN;-;-7.880664623;-79.21294547432167;DESPEJADO;IMPRUDENCIA DEL CONDUCTOR;OTRO (IMPRUDENCIA DEL CONDUCTOR);AL DESPLAZAR SU VEHICULO DE MANERA CONFIADA A UNA VELOCIDAD CONTINUA SIN ANTES REDUCIRLA ;
A-2022-03-86;18/03/2022;17:30;CHOQUE;-;1;4;CARRETERA PANAMERICANA NORTE ALTURA DEL KM. 724.5;-;-7.123959;-79.482107;DESPEJADO;IMPRUDENCIA DEL CONDUCTOR;GIRAR IMPRUDENTEMENTE;;
A-2022-03-87;20/03/2022;03:00;CHOQUE;-;1;0;CARRETERA PANAMERICANA NORTE ALTURA DEL KM. 528;-;-8.388479;-78.851144;DESPEJADO;IMPRUDENCIA DEL CONDUCTOR;OTRO (IMPRUDENCIA DEL CONDUCTOR);POR CONDUCIR DE FORMA TEMERARIA SIN CONTAR CON EL EQUIPAMIENTO DE SEGURIDAD NECESARIA COMO ES EL ALUMBRADO DELANTERO Y TRASERO;
A-2022-03-88;21/03/2022;18:20;CHOQUE;-;4;1;CARRETERA PANAMERICANA NORTE ALTURA DEL KM. 525.4;-;-8.403789;-78.834177;DESPEJADO;IMPRUDENCIA DEL CONDUCTOR;INVASIÓN DE CARRIL;;
A-2022-03-89;21/03/2022;07:30;CHOQUE FUGA;-;1;0;CARRETERA DE PRINCIPAL A SANTIAGO DE CAO CHIQUTOY ;ALTURA DEL SECTOR TECHO PROPIO;-7.927559;-79.252953;DESPEJADO;IMPRUDENCIA DEL CONDUCTOR;FATIGA Y/O CANSANCIO;;
A-2022-03-90;09/03/2022;00:00;ATROPELLO;-;1;0;INTERSECCION DE LA AV. VICTOR RAUL Y LA CA. AYACUCHO;-;-8.539943;-78.67644;DESPEJADO;IMPRUDENCIA DEL PEATÓN;CRUCE INDEBIDO POR LA CALZADA;;
A-2022-03-92;16/03/2022;19:25;ATROPELLO FUGA;-;1;0;CARRETERA PANAMERICANA SUR KM. 1334 200;-;-18.299647;-70.315496;;;;;
A-2022-03-98;26/03/2022;21:00;CHOQUE;INVACION DE CARRIL DE LA UT-02;1;0;SECTOR ORCOÑAN;ALTURA DEL KM.1021 500;-13.69424277;-71.59844714159948;DESPEJADO;IMPRUDENCIA DEL CONDUCTOR;CONDUCIR EN ESTADO DE EBRIEDAD Y/O DROGADICCIÓN;;NINGUNA