COD_ACCIDE;FechaDelAccidente;HoraDelAccidente;ClaseDelAccidente;SecuenciaAccidente;CantidadDeFallecidos;CantidadDeLesionados;Direccion;LugarReferencia;y;x;CondClimatica;CausaFactorPrincipal;CausaEspecifica;OtraCausa;Observaciones
A-2022-03-99;26/03/2022;17:10;CHOQUE;MULTIPLE POR EMBISTE LATERAL CENTRICO DERECHO;2;2;CARRETERA PUNO-DESAGUADERO KM 23;COMUNIDAD POTOJANI GRANDE;-15.9302331;-69.8740858;DESPEJADO;IMPRUDENCIA DEL CONDUCTOR;OTRO (IMPRUDENCIA DEL CONDUCTOR);AL DESPLAZAR SU UNIDAD VEHICULAR CONFIADAMENTE, LLEGANDO A DESPISTARSE EN FORMA TOTAL HACIA SU LADO DERECHO.;
A-2022-04-1;01/04/2022;02:00;DESPISTE;DESPISTE, CHOQUE Y VOLCADURA;1;1;CARRETERA AREQUIPA LA JOYA ALTURA ASOCIACION DE VIVIENDA TALLER CONSORCIO ZAMACOLA AREQUIPA ASVITACONZA;ASVITACONZA;-16.370588;-71.64909;DESPEJADO;NO IDENTIFICA LA CAUSA;;;SIN OBSERVACIONES
A-2022-04-100;29/04/2022;19:10;ATROPELLO;ATROPELLO CON SUB SECUENTE MUERTE;1;1;PROLONGACION AV. MARISCAL CASTILLA CDRA.18;INMUEBLE  N° 1812;-16.41071;-71.504341;DESPEJADO;NO IDENTIFICA LA CAUSA;;;SIN OBSERVACIONES
A-2022-04-101;04/04/2022;10:00;DESPISTE;VEHICULO CAMION DESPISTA POR EXCESO DE VELOCIDAD;1;0;SECTOR ANGELCCATAN;KM. 04 100;-13.61069125;-71.85828968489899;NUBLADO;IMPRUDENCIA DEL CONDUCTOR;EXCESO DE VELOCIDAD;;NINGUNA
A-2022-04-102;29/04/2022;22:00;CHOQUE;;1;2;C. P. SUR KM 232;;-13.815436;-76.147472;DESPEJADO;NO IDENTIFICA LA CAUSA;;;
A-2022-04-104;30/04/2022;21:45;CHOQUE;;2;1;PANAMERICA SUR KM 439;;-14.797733;-75.008648;DESPEJADO;NO IDENTIFICA LA CAUSA;;;
A-2022-04-105;09/04/2022;21:30;CAÍDA DE PASAJERO;-;1;0;CARRETERA CAMPIÑA DE MOCHE ALTURA DEL LOCAL DE CABALLOS DE PASO;-;-8.147617;-79.005415;DESPEJADO;NO IDENTIFICA LA CAUSA;;;
A-2022-04-106;11/04/2022;07:20;ATROPELLO;-;1;0;CARRETERA PANAMERICANA NORTE ALTURA DEL KM. 508.9;-;-8.47521;-78.707538;DESPEJADO;IMPRUDENCIA DEL PEATÓN;CRUCE INDEBIDO POR LA CALZADA;;
A-2022-04-107;18/04/2022;15:30;ATROPELLO;CON VOLTEO ;1;0;VIA LIBERTADORES-AYACUCHO-HUAYTARA;KM. 165 200;-13.472465;-75.065095;DESPEJADO;NO IDENTIFICA LA CAUSA;;;FALTA DE DILIGENCIAS
A-2022-04-108;23/04/2022;07:35;DESPISTE;Y VOLCADURA;1;1;CARRETERA PAZOS-PARAJE CCARHUASHPAZOS;C.P.  SANTA CRUZ DE HILA;-12.261372;-75.040445;DESPEJADO;NO IDENTIFICA LA CAUSA;;;FALTA DE DILIGENCIAS
A-2022-04-109;14/04/2022;03:45;ATROPELLO;-;1;0;CARRETERA PANAMERICANA NORTE ALTURA DEL KM. 587;-;-8.003335366;-79.07130712635922;DESPEJADO;IMPRUDENCIA DEL PEATÓN;CRUCE INDEBIDO POR LA CALZADA;;
A-2022-04-110;14/04/2022;19:04;ATROPELLO;-;1;0;CARRETERA PANAMERICANA NORTE ALTURA DEL KM. 502.1;-;-8.529139;-78.682165;DESPEJADO;NO IDENTIFICA LA CAUSA;;;
A-2022-04-111;14/04/2022;19:50;CHOQUE FUGA;-;1;0;CARRETERA PANAMERICANA NORTE ALTURA DE LA ENTRADA AL SECTOR SAN LUIS;-;-8.440818786;-78.7534320963491;DESPEJADO;NO IDENTIFICA LA CAUSA;;;
A-2022-04-114;19/04/2022;08:30;DESPISTE;-;1;0;CARRETERA DE CONEXION MINERA SANTA MARIA  HACIA LA RELAVERA DEL SECTOR HUALANGA - ALTURA DE LA CURVA DEL BURRO;-;-7.817445546;-77.63357401488287;DESPEJADO;IMPRUDENCIA DEL CONDUCTOR;OTRO (IMPRUDENCIA DEL CONDUCTOR);DESPLAZARSE SIN EL DEBIDO CUIDADO;
A-2022-04-115;19/04/2022;05:20;CHOQUE;-;2;0;CARRETERA PANAMERICANA NORTE ALTURA DEL KM. 701;-;-7.272699;-79.477915;DESPEJADO;IMPRUDENCIA DEL CONDUCTOR;FATIGA Y/O CANSANCIO;;
A-2022-04-118;20/04/2022;20:00;ATROPELLO;-;1;2;CARRETERA PANAMERICANA NORTE ALTURA DEL KM. 669.3;-;-7.45290032;-79.49065446539922;DESPEJADO;NO IDENTIFICA LA CAUSA;;;DISPOSICION DE ABSTENCION DE EJERCITAR ACCION PENAL, DE FECHA 15JUN22, DE LA FISCALIA PROVINCIAL MIXTA CORPORATIVA DE PACASMAYO: DISPONIENDO ABSTENERSE DE EJERCITAR ACCION PENAL CONTRA FRANKLIN LEONOR REVOREDO MENDOZA POR LA COMISION DEL DELITO CONTRA LA VIDA, EL CUERPO Y LA SALUD EN LA MODALIDAD DE HOMICIDIO CULPOSO EN AGRAVIO DE SEGUNDO POMPEO AGUILAR MACHUCA, EN CONSECUENCIA, UNA VEZ EN CONSECUENCIA, CONSENTIDA QUE FUERE LA PRESENTE: ARCHIVESE LOS ACTUADOS. TRANSACCION EXTRAJUDICIAL POR EL MONTO S/. 30,000.00 SOLES A LA PARTE AGRAVIADA.
A-2022-04-119;29/04/2022;00:30;DESPISTE;SEGUIDO DE VOLCADURA;1;0;CENTRO POBLADO DE CHINCHIPE  DISTRITO DE HUAYLLAPAMPA;SECTOR MOLLE;-10.05521787;-77.53634927408044;DESPEJADO;IMPRUDENCIA DEL CONDUCTOR;CONDUCIR EN ESTADO DE EBRIEDAD Y/O DROGADICCIÓN;;NINGUNA
A-2022-04-12;02/04/2022;20:30;CHOQUE;CHOQUE FRONTAL EXCENTRICO IZQUIERDO CON SUB SECUENTE MUERTE;1;2;CARRETERA DE INGRESO AL SECTOR LA CANO-FUNDO GUADALUPE;FUNDO GUADALUPE;-16.515344;-71.904477;DESPEJADO;NO IDENTIFICA LA CAUSA;;;SIN OBSERVACIONES
A-2022-04-120;27/04/2022;19:00;CHOQUE;-;1;0;CARRETERA HUATA-CAPACHICA KM 18 340;ALTURA DEL PUENTE COATA;-15.56691781;-69.95664023;DESPEJADO;IMPRUDENCIA DEL CONDUCTOR;INVASIÓN DE CARRIL;;
A-2022-04-121;23/04/2022;19:00;CHOQUE;-;1;0;CARRETERA DE CONEXCION DEL SECTOR CHAMISH S/N;-;-7.811837831;-77.99813368338158;DESPEJADO;IMPRUDENCIA DEL CONDUCTOR;EXCESO DE VELOCIDAD;;
A-2022-04-122;24/04/2022;19:35;CHOQUE FUGA;-;1;0;CARRETERA DE ACCESO AL CEMENTERIO DE CASA GRANDE;-;-7.727392766;-79.2057502139344;DESPEJADO;IMPRUDENCIA DEL CONDUCTOR;INVASIÓN DE CARRIL;;
A-2022-04-123;24/04/2022;12:30;ATROPELLO;-;1;0;AV. ESPAÑA APARTA DE MI ESTE CALIZ CDRA. 2 ;-;-8.147865;-78.172838;DESPEJADO;NEGLIGENCIA DEL CONDUCTOR;CONDUCIR CON FALLAS DE FRENOS;;
A-2022-04-124;29/04/2022;20:15;CHOQUE;-;1;0;INTERSECCION DE LA AV. MANUEL SEOANE Y CALLE FRANCISCO BOLOGNESI;-;-7.239658;-79.464864;DESPEJADO;IMPRUDENCIA DEL CONDUCTOR;GIRAR IMPRUDENTEMENTE;;
A-2022-04-126;09/04/2022;13:40;DESPISTE;VEHICULO QUE AL PARECER CIRCULABA A EXCESO DE VELOCIDAD;1;0;HUARCAPAMPA;KILOMETRO 52 800;-15.35757715;-71.09403047319799;DESPEJADO;IMPRUDENCIA DEL CONDUCTOR;EXCESO DE VELOCIDAD;;NINGUNA
A-2022-04-127;29/04/2022;21:00;CHOQUE;-;1;0;CARRETERA DE CONEXION AGALLPAMPA HACIA HUAMACHUCO ALTURA DEL KM 104 500 - SECTOR PARAISO;-;-7.997595823;-78.43345642106226;DESPEJADO;NO IDENTIFICA LA CAUSA;;;
A-2022-04-129;27/04/2022;11:30;DESPISTE;SEGUIDO DE VOLCADURA;1;2;CASERIO DE HUANCHI BAJO DISTRITO DE CASHAPAMPA;ALTURA DEL KM80.;-8.5789823;-77.6251307817713;DESPEJADO;NO IDENTIFICA LA CAUSA;;;NINGUNA
A-2022-04-130;24/04/2022;16:48;DESPISTE;TOTAL Y VOLCADURA;1;4;CARRETERA PACOCCOCHA-SANTA ROSA-TOTORA;KM. 18 560;-13.1790275;-75.2310997;DESPEJADO;NO IDENTIFICA LA CAUSA;;;FALTA DE DILIGENCIAS
A-2022-04-132;30/04/2022;16:15;DESPISTE;-;1;0;CARRETERA PANAMERICANA NORTE ALTURA DEL KM. 710;-;-7.226003;-79.442813;DESPEJADO;NO IDENTIFICA LA CAUSA;;;
A-2022-04-134;30/04/2022;14:10;ATROPELLO;-;1;0;CARRETERA PANAMERICANA NORTE ALTURA DEL KM. 709;-;-7.231615;-79.450002;DESPEJADO;IMPRUDENCIA DEL CONDUCTOR;OTRO (IMPRUDENCIA DEL CONDUCTOR);DESTATENCION EN LA CONDUCCION;
A-2022-04-135;01/04/2022;21:00;DESPISTE;VEHICULO REMOLCADOR QUE CIRCULABA A MAYOR VELOCIDAD DE LO PRMITIDO DESPISTANDOSE  EN UNA CURVA;1;0;CARRETERA ESPINAR SICUANI;KILOMETRO  17 900;-14.702299;-71.29476;DESPEJADO;IMPRUDENCIA DEL CONDUCTOR;EXCESO DE VELOCIDAD;;NINGUNA
A-2022-04-136;13/04/2022;01:10;ATROPELLO;VEHICULO MENRO TRIMOTO QUE CIRCULABA POR LA VÍA Y LA DESATENCIÓN DEL CONDUCTOR;1;0;COMUNIDAD DE CHAQUILCASA;KILOMETRO 923 900;-13.47413876;-72.27845128192435;DESPEJADO;IMPERICIA DEL CONDUCTOR;;;NINGNUA
A-2022-04-137;03/04/2022;18:15;DESPISTE;DESPISTE CON SUBSECUENTE CHOQUE;1;2;CARRETERA PIURA PAITA ;ALTURA DEL KM 09;-5.149621;-80.776899;DESPEJADO;NO IDENTIFICA LA CAUSA;;;
A-2022-04-138;22/04/2022;14:35;ATROPELLO;VEHICULO QUE CIRCULABA POR ESTA CARRETERA DONDE INGRESO EL MENOR A DICHA VIA;1;0;CARRETERA CUSCO URCOS. ALTURA DE LA ASOCIACION  VILLA HERMOZA ;KILOMETRO 1007 600;-13.659085;-71.684303;DESPEJADO;IMPRUDENCIA DEL CONDUCTOR;EXCESO DE VELOCIDAD;;NINGUNO
A-2022-04-139;13/04/2022;16:00;ATROPELLO;VEHICULO MENOR NO MOTORIZADO CONDUCIDO POR UN MENOR, EL MISMO QUE FALLECE  AL ATROPELLAR A OTRA MENOR QUE QUEDO LESIONADO FALLECIENDO EL CONDUCTOR;1;1;TROCHA CARROSABLE;SECTOR CUYO GRANDE ;-13.4172672;-71.83665749533398;DESPEJADO;IMPRUDENCIA DEL CONDUCTOR;EXCESO DE VELOCIDAD;;NINGUNA
A-2022-04-14;02/04/2022;20:15;ATROPELLO FUGA;CON CONSECUENCIA FATAL Y LESIONES ;1;1;AV. ORILLA ;KM 18   750;-13.7310956;-73.3514453;LLUVIOSO;IMPRUDENCIA DEL CONDUCTOR;EXCESO DE VELOCIDAD;;
A-2022-04-140;04/04/2022;13:10;DESPISTE;VEHICULO MENOR TRIMOTO DE CARGA CONDUCIDO POR UNA PERSONA SIN LICENCIA;1;0;ANEXO DE LA COMUNIDAD DE CHILLIHUANI;KILOMETRO 60  100;-14.41659958;-72.08528251932682;DESPEJADO;IMPRUDENCIA DEL CONDUCTOR;EXCESO DE VELOCIDAD;;NINGUNA
A-2022-04-141;25/04/2022;12:00;DESPISTE;VEHICULO MENOR QUE TRANSITABA POR ESTA VIA A EXCESO DE VELOCIDAD;1;0;CARRETERA HUAMBUTIO A SAN SALVADOR;11 400;-13.52539735;-71.7385437299712;DESPEJADO;IMPRUDENCIA DEL CONDUCTOR;EXCESO DE VELOCIDAD;;NINGUNA
A-2022-04-142;03/04/2022;20:00;CHOQUE;CHOQUE CON SUBSECUENTE VOLCADURA DESPISTE Y CAIDA;1;1;CARRETERA BAJO PIURA CHAPAIRA ;AKTURA DE RESTAURANTE GUATAJA ;-5.167724;-80.616993;DESPEJADO;NO IDENTIFICA LA CAUSA;;;
A-2022-04-143;15/04/2022;20:50;ATROPELLO FUGA;ATROPELLO Y FUGA;1;0;CARRETERA PIURA CHULUCANAS KM 225;CASERIO SANTA ROSA;-5.139098;-80.349455;DESPEJADO;NO IDENTIFICA LA CAUSA;;;
A-2022-04-144;17/04/2022;21:40;CHOQUE;CHOQUE POR ALCANCE ;1;1;CARRETERA PIURA CHICLAYO;ALTURA DEL KM 964  500;-5.467806;-80.603836;DESPEJADO;NO IDENTIFICA LA CAUSA;;;
A-2022-04-145;20/04/2022;23:45;CAÍDA DE PASAJERO;CAIDA DE OCUPANTE CON FUGA;1;0;AV. SESQUICENTENARIO S/N - TALAVERA;YSLACHIN;-13.661499;-73.41861;;;;;
A-2022-04-146;29/04/2022;20:00;ATROPELLO;OMNIBUS QUE CIRCULABA AL PARECER CON EXCESO DE VELOCIDAD;1;0;CARRETERA CUSCO URCOS A LA ALTURA DEL POLIDEPORTIVO DE FUTBOL CLUB CUSCO;KILOMETRO 996 000;-13.60602377;-71.7527789836053;DESPEJADO;IMPRUDENCIA DEL CONDUCTOR;EXCESO DE VELOCIDAD;;NINGUNA
A-2022-04-147;22/04/2022;06:30;CHOQUE;CHOQUE POR ALCANCE ;1;0;CARRETERA PIURA LA UNION;ALTURA DE CASERIO DOS ALTOS ;-5.376074947;-80.7360660846995;DESPEJADO;NO IDENTIFICA LA CAUSA;;;
A-2022-04-148;26/04/2022;15:00;CHOQUE;CHOQUE;1;1;CARRETERA CATACAOS LA ARENA  LA UNION ;ALTURA DEL PUENTE INDEPEDENDENCIA ;-5.30587037;-80.7009737569852;DESPEJADO;NO IDENTIFICA LA CAUSA;;;
A-2022-04-149;19/04/2022;15:00;ATROPELLO FUGA;;1;0;JR. LIBERTAD S/N - CAERIO TARTAR CHICO- ALTURA DEL PARADERO DE COMBIS EX. 25;------------------;-7.14674322;-78.4628021;LLUVIOSO;NO IDENTIFICA LA CAUSA;;;
A-2022-04-15;03/04/2022;18:40;CHOQUE;-----;1;0;KM. 54 500 DE LA CARRETERA DE PENETRACIÓN ACHANIZO-QUICACHA;-----;-15.659318;-73.814743;DESPEJADO;NO IDENTIFICA LA CAUSA;;;
A-2022-04-151;28/04/2022;04:00;CHOQUE;CHOQUE FRONTAL CON SUBSECUENTE DESPISTE ;3;1;CARRETERA PANAMERICANA NORTE KM 917;KM 917 208;-5.888105;-80.535133;DESPEJADO;IMPRUDENCIA DEL CONDUCTOR;INVASIÓN DE CARRIL;;
A-2022-04-152;15/04/2022;19:00;CHOQUE;CHOQUE ;1;0;AVENIDA PROGRSO 10 CASTILLA ;AVENIDA PROGRESO CUADRA 10;-5.2079184;-80.6212371;DESPEJADO;NO IDENTIFICA LA CAUSA;;;
A-2022-04-153;22/04/2022;14:20;DESPISTE;VOLCADURAEN TONEL DERECHO 1/2;2;1;CARRETERA  QUE CONDUCE DEL CASERÍO LA LAGUNA - C.P. HUACAPAMPA;;-6.050729;-79.111278;DESPEJADO;NO IDENTIFICA LA CAUSA;;;
A-2022-04-154;23/04/2022;19:00;VOLCADURA;VOLCADURA EN TONEL IZQUIERDO 1/1;1;0;KM 2 300 DE LA CARRETERA TAMBORAPA - LA COPIA;;-5.418239;-78.828338;DESPEJADO;NO IDENTIFICA LA CAUSA;;;
A-2022-04-155;22/04/2022;23:45;DESPISTE;VOLCADURA EN TONEL DERECHO 1/2;1;6;KM.44 500 DE LA CARRETERA QUE CONDUCE DE CAJAMARCA A CHOTA;;-6.94076667;-78.602535;DESPEJADO;NO IDENTIFICA LA CAUSA;;;
A-2022-04-157;28/04/2022;17:15;ATROPELLO;LA PEATÓN CRUZA TRANSVERSALMENTE EN SENTIDO DE OESTE A ESTE, INTERPONIENDOSE EN EL EJE DE MARCHA DEL VEHÍCULO CATG. M3, DE PLACA DE RODAJE B7O-955;1;0;CARRETERA DE PENETRACION LIMA - HUARAL;KM. 9.600;-11.58509244;-77.20195230876205;DESPEJADO;IMPRUDENCIA DEL PEATÓN;CRUCE INDEBIDO POR LA CALZADA;;NINGUNA
A-2022-04-158;10/04/2022;01:20;ATROPELLO;;1;0;CARRETERA PANAMERICANA NORTE ANTIGUA KM 65;;-6.172226;-79.70729;DESPEJADO;NO IDENTIFICA LA CAUSA;;;ACCIDENTE EN INVESTIGACIÓN
A-2022-04-159;10/04/2022;18:00;CHOQUE;-;1;1;AV UNION CUADRA 01;INTERSECCIÓN CALLE SARGENTO LORES;-6.78138;-79.8371;DESPEJADO;NO IDENTIFICA LA CAUSA;;;ACCIDENTE EN INVESTIGACIÓN
A-2022-04-160;22/04/2022;07:30;CHOQUE;-;1;1;CARRETERA PANAMERICANA KM 05;;-6.68541;-79.90401;DESPEJADO;IMPRUDENCIA DEL CONDUCTOR;EXCESO DE VELOCIDAD;;ACCIDENTE EN INVESTIGACIÓN
A-2022-04-161;25/04/2022;17:00;ATROPELLO FUGA;-;1;0;CARRETERA MOCUPE OYOTUN KM 16;A 200 METROS DEL SECTOR LA LADRILLERA DISTRITO DE CAYALTI;-6.896417;-79.55292;;;;;
A-2022-04-162;27/04/2022;23:45;VOLCADURA;;1;0;RED VIAL NACIONAL AYACUCHO - ANDAHUAYLAS. SECTOR CACHI HUAYCCO ;;-13.515317;-73.706191;DESPEJADO;NEGLIGENCIA DEL CONDUCTOR;OTRO (NEGLIGENCIA DEL CONDUCTOR);ESTADO DE SALUD ;
A-2022-04-168;11/04/2022;06:00;CHOQUE;CHOQUE FRONTAL EXCÉNTRICO IZQUIERDO/VOLCADURA EN TONEL DERECHO;1;2;KM. 75 300 DE LA CARRETERA JAÉN SAN IGNACIO;;-5.32838;-78.79727;DESPEJADO;NO IDENTIFICA LA CAUSA;;;
A-2022-04-171;25/04/2022;21:45;CHOQUE;-;1;1;AV SANTO DOMINGO;-;-14.3608;-70.025842;DESPEJADO;IMPRUDENCIA DEL CONDUCTOR;OTRO (IMPRUDENCIA DEL CONDUCTOR);IMPRUDENCIA DE LOS PÁDRES;
A-2022-04-178;12/04/2022;10:00;CHOQUE;VOLCADURA;1;1;CARRETERA LONGITUDINAL DE LA  SELVA NORTE KM 498 100;JUNTA VECINAL AMAZONAS;-9.0726769;-76.0640611;SOLEADO;IMPRUDENCIA DEL CONDUCTOR;FATIGA Y/O CANSANCIO;;NINGUNA
A-2022-04-18;01/04/2022;04:00;DESPISTE;;1;0;AV. RIO DE JANEIRO CON AV. LOS PROCERES;FABRICA DE ALIMENTOS;-14.037686;-75.699417;DESPEJADO;NO IDENTIFICA LA CAUSA;;;
A-2022-04-180;03/04/2022;05:40;CHOQUE;CHOQUE, VOLCADURA CON MUERTE;1;0;CARRETERA TRANSVERSAL RUTA PE 18 A KM 124;FUNERARIA SALDAÑA;-9.290993;-75.997895;NUBLADO;IMPRUDENCIA DEL CONDUCTOR;CONDUCIR EN ESTADO DE EBRIEDAD Y/O DROGADICCIÓN;;NINGUNA
A-2022-04-181;08/04/2022;18:30;ATROPELLO;ATROPELLO POR COMPRESION;1;0;CARRETERA TRANSVERSAL RUTA PE 18 A;PUENTE LAS PALMAS;-9.443688;-75.973703;DESPEJADO;IMPRUDENCIA DEL CONDUCTOR;FATIGA Y/O CANSANCIO;;NINGUNO
A-2022-04-183;07/04/2022;15:00;DESPISTE;VOLCADURA;2;4;CARRETERA SATIPO ANEXO TOLDO PAMPA;PUENTE PAMAY;-11.50683359;-74.82128792509911;;;;;
A-2022-04-184;12/04/2022;01:15;CHOQUE;DESPISTE;1;3;CARRETERA MARGINAL KM.74 600 SECTOR PARADEREO HUANCAYO - PICHANAQUI;PARADERO HUANCAYO ;-10.95770736;-74.82562239297226;;;;;
A-2022-04-185;01/04/2022;09:30;CHOQUE;-;1;1;CARRETERA CENTRAL HUANUCO-OROYA;144 200;-10.63189622;-76.17575646148282;LLUVIOSO;IMPRUDENCIA DEL CONDUCTOR;CONDUCIR EN SENTIDO CONTRARIO;;
A-2022-04-186;02/04/2022;04:00;DESPISTE;-;1;0; ANEXO GUAGAYCHAN;LUGAR DE MICCHICA;-10.76850574;-75.80206297841895;LLUVIOSO;IMPRUDENCIA DEL CONDUCTOR;EXCESO DE VELOCIDAD;;
A-2022-04-187;19/04/2022;10:15;CHOQUE;VOLCADURA;1;1;CARRETRA MARGINAL KM.138 50 - MAZAMARI;PUENTE SANTA MARTHA;-11.30388247;-74.55187077045927;;;;;
A-2022-04-190;03/04/2022;03:50;VOLCADURA;;1;0;CARRETERA PAN. SUR KM.31;;-12.280727;-76.882445;;;;;
A-2022-04-191;02/04/2022;11:00;CHOQUE;CHOQUE VOLCADURA CAIDA;1;0;AV. TUPAC AMARU KM.16 ;ALT. DE LA ENTRADA DE URB. SANTA ELIZABEL;-11.98780835;-77.05711807330266;;;;;
A-2022-04-192;04/04/2022;10:30;CHOQUE;;1;1;AV. MARIANO PASTOR SEVILLA CON AV. MODELO VILLA EL SALVADOR;;-12.22658906;-76.94597565392182;;;;;
A-2022-04-194;08/04/2022;05:00;ATROPELLO;;1;1;AV. JORGE BASADRE ESTE CRA. 2;;-11.989493;-77.007477;;;;;
A-2022-04-195;02/04/2022;00:00;CHOQUE;;1;0;AV. CANTO GRANDE CALLE CANTO BELLO;PARADERO 2;-11.980691;-77.012155;;;;;
A-2022-04-197;09/04/2022;23:30;ATROPELLO;;1;0;PANAMERICANA NORTE KM.38.924;;-11.814028;-77.128788;;;;;
A-2022-04-198;09/04/2022;09:40;ATROPELLO;;1;0;CARRETERA CENTRAL KM.17 CON AV. ANDRES AVELINO CACERES;;-11.997173;-76.834487;;;;;
A-2022-04-199;09/04/2022;22:10;CHOQUE;;1;8;AV. NICOLAS AYLLON CDRA.47;;-12.039388;-76.932605;;;;;
A-2022-04-200;03/04/2022;12:05;DESPISTE;;1;0;ANTIGUA PANAMERICANA SUR KM.37.8;AGENCIA DE ENVIOS SHALOM;-12.281988;-76.86395;;;;;
A-2022-04-201;13/04/2022;16:00;ATROPELLO;;1;0;AV. MEXICO Y CALLE ESMERALDA;;-12.075948;-77.02623;;;;;
A-2022-04-202;13/04/2022;23:30;ATROPELLO;;1;0;CARRETERA PANAMERICANA NORTE KM 46;;-11.861387;-77.078387;;;;;
A-2022-04-203;27/04/2022;20:00;ATROPELLO;;1;0;AV. SANTO DOMINGO CON AV. BUSTAMANTE RIVERO;;-11.872143;-77.01105;;;;;
A-2022-04-205;03/04/2022;05:30;CHOQUE;VOLCADURA Y CAIDA;1;0;CARRETERA PENENTRACIÓN CHIMBOTE SAN JACINTO KM.20;;-9.155423946;-78.29124133189467;DESPEJADO;IMPRUDENCIA DEL CONDUCTOR;CONDUCIR EN ESTADO DE EBRIEDAD Y/O DROGADICCIÓN;;INVASIÓN DE CARRIL POR INGESTA DE ALCOHOL.
A-2022-04-206;03/04/2022;01:30;DESPISTE;CHOQUE;1;0;CAMINO DE INGRESO AL ANEXO SAN JOSÉ;;-9.163272175;-78.32831656106187;DESPEJADO;NO IDENTIFICA LA CAUSA;;;NO INDICA EL KM EN QUE SE UBICABA
A-2022-04-207;14/04/2022;15:00;DESPISTE;VOLCADURA Y CHOQUE;1;0;CARRETERA PANAMERICANA NORTE KM. 248 40;;-10.403397;-77.974306;DESPEJADO;NO IDENTIFICA LA CAUSA;;;PENDIENTE DE DETERMINAR LA CAUSA.
A-2022-04-209;19/04/2022;12:30;ATROPELLO;;1;0;AV. JOSÉ GÁLVEZ CDRA. 06;;-9.072562693;-78.58902475388773;DESPEJADO;IMPRUDENCIA DEL PEATÓN;CRUCE INDEBIDO POR LA CALZADA;;CRUCE DE PEATÓN POR UN LUGAR NO PERMITIDO
A-2022-04-21;08/04/2022;08:00;CHOQUE;POR ALCANCE;1;1;CAARETERA BINACIONAL KM 133 100;ALTURA DEL CP PROVIDENCIA;-16.70664048;-69.56922224540719;DESPEJADO;IMPRUDENCIA DEL CONDUCTOR;INVASIÓN DE CARRIL;;
A-2022-04-210;22/04/2022;05:45;CHOQUE FUGA;;1;0;CARRETERA PANAMERICANA NORTE KM. 445;;-8.99838;-78.617956;DESPEJADO;NO IDENTIFICA LA CAUSA;;;PENDIENTE DE DETERMINAR LA CAUSA
A-2022-04-211;28/04/2022;06:45;CHOQUE;;2;0;CARRETERA PANAMERICANA NORTE KM.247 600;;-10.406937;-77.967914;DESPEJADO;NO IDENTIFICA LA CAUSA;;;PENDIENTE DE DETERMINAR LA CAUSA
A-2022-04-213;02/04/2022;19:00;DESPISTE;VOLCADURA Y CAIDAD DE OCUPANTE ;2;8;CARRETERA DE TROCHA CARROZABLE CHUPURO - MOYA .;;-12.2775;-75.1888554;DESPEJADO;IMPRUDENCIA DEL CONDUCTOR;EXCESO DE VELOCIDAD;;INGUNA
A-2022-04-214;01/04/2022;19:00;ATROPELLO FUGA;-;1;0;AV.MICAELA BASTIDAS CDRA 06;ALT.JR.GARCILAZO DE LA VEGA;-11.930408;-77.05307362840098;;;;;
A-2022-04-215;10/04/2022;18:00;DESPISTE;DESPISTE CON CONSECUENCIA FATAL;1;0;KM. 303;CARRETERA NAZCA CUSCO;-14.51612229;-73.2648146010096;;;;;
A-2022-04-216;07/04/2022;20:00;ATROPELLO;;1;0;CARRETERA HUANUCO - TINGO MARIA;;-9.861162;-76.169409;DESPEJADO;IMPRUDENCIA DEL PEATÓN;ESTADO DE EBRIEDAD Y/O DROGADICCIÓN;;S/O
A-2022-04-219;01/04/2022;15:10;VOLCADURA;CHOQUE;1;1;CARRETERA HUANUCO - TINGO MARIA C.P. CHAYANA;;-9.627556;-76.064694;DESPEJADO;IMPRUDENCIA DEL CONDUCTOR;EXCESO DE VELOCIDAD;;S/O
A-2022-04-22;10/04/2022;02:00;ATROPELLO FUGA;-;1;0;CARRETERA PANAMERIA SU PUNO- JULIACA KM 1342 638;ALTURA DEL PUENTE DEL CEMENTERIO YANAMAYO;-15.7325123;-70.0578456;DESPEJADO;NO IDENTIFICA LA CAUSA;;;FALTA DE UNO DE LOS ELEMENTOS DE TRANSITO (VEHICULO
A-2022-04-221;04/04/2022;08:30;DESPISTE;ACCIDENTE DE TRÁNSITO SIMPLE – DESPISTE TOTAL, SEGUIDO DE CHOQUE, SUBSECUENTE VOLCADURA CON CONSECUENCIA DE MUERTE, LESIONES Y DAÑOS MATERIALES;1;1;CARRETERA DE PENETRACIÓN HUARAL - PALPA;KM. 03.936.80;-11.48223689;-77.14968139972801;DESPEJADO;IMPRUDENCIA DEL CONDUCTOR;EXCESO DE VELOCIDAD;;NINGUNA
A-2022-04-224;05/04/2022;14:40;DESPISTE;VOLCADURA ,  SUMERSION ;5;3;CARRETERA CANCHAYLLO - COCHAS KM. 03 100;DISTRITO DE CANCHAYLLO;-11.803618;-75.718824;DESPEJADO;IMPRUDENCIA DEL CONDUCTOR;OTRO (IMPRUDENCIA DEL CONDUCTOR);ADOPTAR UN FALSO PRINCIPIO DE CONFIANZA;NINGUNO