COD_ACCIDE;FechaDelAccidente;HoraDelAccidente;ClaseDelAccidente;SecuenciaAccidente;CantidadDeFallecidos;CantidadDeLesionados;Direccion;LugarReferencia;y;x;CondClimatica;CausaFactorPrincipal;CausaEspecifica;OtraCausa;Observaciones
A-2022-04-225;12/04/2022;05:30;CHOQUE;;1;5;CARRETERA CENTRAL MARGEN DERECHA KM. 95 100;DISTRITO DE SINCOS;-11.88678;-75.39043;DESPEJADO;IMPRUDENCIA DEL CONDUCTOR;EXCESO DE VELOCIDAD;;LA IMPRUDENCIA DEL CONDUCTOR ES POR PARTE DEL CONDUCTOR DEL VEHICULO DE PLACA DE RODAJE F0D-023
A-2022-04-226;11/04/2022;11:30;CAÍDA DE PASAJERO;;1;0;AV. JACINTO IBARRA CUADRA 04;CHILCA;-12.099061;-75.186957;DESPEJADO;IMPRUDENCIA DEL PASAJERO/OCUPANTE;OTRO (IMPRUDENCIA DEL PASAJERO/OCUPANTE);SUBIR EN FORMA IMPRUDENTE AL VEHICULO ;
A-2022-04-227;12/04/2022;15:40;CHOQUE;CAIDA Y DESPISTE;2;0;CARRETERA CENTRAL JAUJA - HUANCAYO KM. 95 700;DISTRITO DE MATAHUASI;-11.89142;-75.34304;DESPEJADO;IMPRUDENCIA DEL CONDUCTOR;GIRAR IMPRUDENTEMENTE;;
A-2022-04-228;14/04/2022;11:20;ESPECIAL;FORTUITO;1;1;CARRETERA MARGINAL KM 116 150;ALTURA DEL TUNEL LOS MELLIZOS ;-10.98256022;-75.3079675448741;;;;;
A-2022-04-229;26/04/2022;07:30;DESPISTE;VOLCADURA;1;1;TROCHA CARROZABLE HUASAHUASI;INGRESO AL ANEXO PURUNMARCA;-11.26552665;-75.63482927665342;;;;;
A-2022-04-23;07/04/2022;02:30;ATROPELLO FUGA;;1;0;AV. NESTOR GAMBETTA KM. 8.50 ;ALTURA DE LA EMPRESA MULTISERICIO COLAN;-11.9641478;-77.12688746061761;DESPEJADO;NO IDENTIFICA LA CAUSA;;;AL NO HABER SIDO POSIBLE EFECTUAR EL ESTUDIO DE TODOS LOS ELEMENTOS DEL TRANSITO QUE PARTICIPARON EN EL EVENTO, LA INVESTIGACION TECNICA NO PUEDE SER CONCLUIDA DEBIDO A LA FALTA DE IDENTIFICACION , UBICACION Y CAPTURA DEL  VEHICULO Y SU CONDUCTOR.
A-2022-04-230;07/04/2022;11:00;DESPISTE;EL VEHÍCULO CATG. N1, CARROCERÍA PICK UP, DE PLACA DE RODAJE P3P-796, SE DESPLAZABA POR EL CAMINO VECINAL DE ACCESO AL CENTRO POBLADO HUACA - PUNA, EN SENTIDO DE SUR A NORTE, AL LLEGAR AL KM. 02.817, SE DESPISTA;1;1;CAMINO VECINAL DE ACCESO AL CENTRO POBLADO HUACA - PUNA;KM. 02.817.25;-10.91389644;-77.02044190717154;DESPEJADO;IMPRUDENCIA DEL CONDUCTOR;EXCESO DE VELOCIDAD;;NINGUNA
A-2022-04-231;11/04/2022;05:20;ATROPELLO;EL VEHÍCULO CATG. N3, CISTERNA, DE PLACA DE RODAJE AME-754, SE DESPLAZABA POR LA CALZADA OESTE DE LA CARRETERA PANAMERICANA NORTE, EN SENTIDO DE NORTE A SUR, AL LLEGAR AL KM 154, OCURRE EL ACCIDENTE DE TRÁNSITO;1;0;CARRETERA PANAMERICANA NORTE;KM. 154;-11.06594;-77.58721;DESPEJADO;IMPRUDENCIA DEL CONDUCTOR;EXCESO DE VELOCIDAD;;NINGUNA
A-2022-04-232;14/04/2022;11:40;VOLCADURA;CHOQUE;1;5;CARRETERA VIA LOS LIBERTADORES;APACHETA;-13.2926176;-74.45777492110896;DESPEJADO;IMPRUDENCIA DEL CONDUCTOR;EXCESO DE VELOCIDAD;;EL ACCIDENTE SE PRODUJO A CONSECUENCIA DEL EXCESO DE VELOCIDAD Y MAL ESTADO DE LA VIA
A-2022-04-233;23/04/2022;05:35;DESPISTE;CHOQUE VOLCADURA;1;3;CARRETERA PANAMERICANA SUR ALTURA  DEL KILOMETRO 206-200;-;-13.58800209;-76.1666014901762;DESPEJADO;NEGLIGENCIA DEL CONDUCTOR;OTRO (NEGLIGENCIA DEL CONDUCTOR);AL INTERPONERSE EN LA LINEA DE MARCHA ;
A-2022-04-234;18/04/2022;06:20;ATROPELLO FUGA;EL PEATÓN AL PARECER CRUZABA LA CARRETERA PANAMERICANA NORTE A LA ALTURA DEL KM. 177, EN SENTIDO DE ESTE A OESTE, AL POSECIONARSE SOBRE EL CARRIL DERECHO DE LA CALZADA ESTE, ES IMPACTADO;1;0;CARRETERA PANAMERICANA NORTE ;KM 177;-10.89213079;-77.67582893812603;DESPEJADO;NO IDENTIFICA LA CAUSA;;;EN LA FISCALÍA
A-2022-04-235;10/04/2022;14:30;ATROPELLO;CHOQUE;1;0;AV. PROLONGACIÓN JAVIER PRADO Y AV. METROPOLITANA;-;-12.0296231;-76.9279576;;;;;
A-2022-04-236;14/04/2022;00:04;DESPISTE;-;1;0;AV. TUPAC AMARU KM 12;-;-11.936698;-77.048753;;;;;
A-2022-04-237;15/04/2022;04:45;CHOQUE;ATROPELLO;2;0;AUTOPISTA RAMIRO PRIALE ;-;-12.018346;-76.911652;;;;;
A-2022-04-238;17/04/2022;02:10;ATROPELLO FUGA;-;1;0;AV. PROLONGACIÓN LIMA NORTE CDRA. 5 ;-;-11.921435;-76.675836;;;;;
A-2022-04-24;08/04/2022;09:20;CHOQUE;VOLCADURA;2;1;AV . CUZCO -AV HUAURA ;FRONTIS I.E FE Y ALEGRIA MI PERU;-11.85680722;-77.1215880720264;DESPEJADO;IMPRUDENCIA DEL CONDUCTOR;OTRO (IMPRUDENCIA DEL CONDUCTOR);EXCESO DE CONFIANZA QUE LO LLEVO A INCORPORARSE A LA CALZADA DE LA AVENIDA CUZCO, SIN ADOPTAR MEDIDAS DE CUIDADO Y PREVENCION;NINGUNA
A-2022-04-240;30/04/2022;09:30;ATROPELLO;POR PROYECCIÓN;1;0;CARRETERA JESÚS - CAJAMARCA;ALTURA DEL PUENTE LA BENDIZA;-7.155308263;-78.45969109857981;DESPEJADO;IMPRUDENCIA DEL PEATÓN;CRUCE INDEBIDO POR LA CALZADA;;
A-2022-04-241;20/04/2022;17:00;ATROPELLO;;1;1;CARRETERA INTEROCEÁNICA SUR KM. 108  ;(TRAMO LABERINTO - SANTA ROSA);-12.885302;-70.023002;DESPEJADO;IMPRUDENCIA DEL PEATÓN;ESTADO DE EBRIEDAD Y/O DROGADICCIÓN;;NINGUNA
A-2022-04-242;02/04/2022;22:25;CHOQUE FUGA;CHOQUE Y FUGA;1;0;CARRETERA PIURA SULLANA KM 1005;PUENTE LAS MONJAS ;-5.156432113;-80.69423672241072;DESPEJADO;IMPRUDENCIA DEL CONDUCTOR;CONDUCIR EN SENTIDO CONTRARIO;;
A-2022-04-243;03/04/2022;05:00;DESPISTE;VOLCADURA;1;0;AV. CIRCUNVALACION CON JUNIN;-;-12.592016;-69.201778;;;;;
A-2022-04-244;05/04/2022;18:00;DESPISTE;DESPISTE Y CHOQUE;1;1;AV NICOLAS DE PIEROLA;CENTRO POBLADO CANTAGALLO - SUPE;-10.81640216;-77.7174276384288;DESPEJADO;IMPRUDENCIA DEL CONDUCTOR;EXCESO DE VELOCIDAD;;ACCIDENTE DE TRANSITO DESPISTE Y CHOQUE SE PRODUJO EN CIRCUSTANCIAS QUE CIRCULABA EN SENTIDO DE NORTE A SUR, PARA LUEGO HACER SU INGRESO  HACIA EL OESTE.
A-2022-04-245;17/04/2022;11:45;ATROPELLO;-;1;0;AV. DANTE Y JR. LIZARDO MONTERO;-;-12.111205;-77.02335;;;;;
A-2022-04-246;18/04/2022;01:20;ATROPELLO;-;1;0;CARRETERA PANAMERICANA NORTE ALT. AV. PROCERES DE HUANDOY;-;-11.937526;-77.071828;;;;;
A-2022-04-247;19/04/2022;10:30;CAÍDA DE PASAJERO;-;1;0;AV MEXICO CDRA 22;;-12.0668456;-77.0052153;;;;;
A-2022-04-248;20/04/2022;20:30;DESPISTE;-;1;1;AV. TUPAC AMARU KM 12 ;-;-11.93671133;-77.048712090667;;;;;
A-2022-04-249;20/04/2022;21:30;CHOQUE;-;1;0;AV 5 DE AGOSTO JICAMARCA;-;-11.985049;-76.93855;;;;;
A-2022-04-25;05/04/2022;15:40;CHOQUE;CHOQUE Y DESPISTE FATAL;2;3;CARRETERA AREQUIPA JULIACA KM. 97 970;KM.97 970;-16.065461;-71.529031;DESPEJADO;NO IDENTIFICA LA CAUSA;;;SIN OBSERVACIONES
A-2022-04-250;22/04/2022;00:03;DESPISTE;-;1;0;AV. MORRO DE ARICA CDRA 4;-;-12.027727;-77.040628;;;;;
A-2022-04-251;22/04/2022;04:00;VOLCADURA;-;1;0;VIA EVITAMIENTO- ALT PUENTE PERÚ JAPON;;-12.030099;-76.994874;;;;;
A-2022-04-252;22/04/2022;11:45;CHOQUE;-;1;0;VIA EVITAMIENTO KM 7 ALT. PUENTE HUASCAR ;-;-12.037505;-77.013085;;;;;
A-2022-04-253;30/04/2022;17:30;ATROPELLO;ATROPELLO CON CONSECUENCIA FATAL;1;0;AV. CELESTINO VARGAS KM. 10 500;;-17.93847632;-70.18531157553551;DESPEJADO;IMPRUDENCIA DEL PEATÓN;ESTADO DE EBRIEDAD Y/O DROGADICCIÓN;;NINGUNA
A-2022-04-254;24/04/2022;05:20;CHOQUE;-;1;0;AV. ANDRES AVELINO CACERES  Y CALLE PEDRO GONZALES ;;-11.9301761;-77.04305123;;;;;
A-2022-04-255;24/04/2022;06:30;ATROPELLO FUGA;-;1;0;CARRETER CENTRAL KM 13 ALT. AV SAN JUAN ;-;-12.010227;-76.869461;;;;;
A-2022-04-256;24/04/2022;12:00;ATROPELLO FUGA;-;1;0;AV SAN JUAN MZ. A LT 8 URB. LAS VEGAS ;-;-11.8646526;-77.07386223;;;;;
A-2022-04-257;24/04/2022;15:30;CHOQUE;--;1;0;CARRETERA PANAMERICANA NORTE -LOS OLIVOS ;-;-11.9248181;-77.07283723;;;;;
A-2022-04-258;24/04/2022;01:00;DESPISTE;DESPISTE Y VOLCADURA;1;2;KM. 28 DE LA CARRETERA PATIVILVA - HUARAZ;CENTRO POBLADO SAUCE GRANDE;-10.43007813;-77.72620077863833;DESPEJADO;IMPRUDENCIA DEL CONDUCTOR;OTRO (IMPRUDENCIA DEL CONDUCTOR);LLEVAR DOS OCUPANTES CUANDO EL VEHICULO ESTA DISEÑADO PARA UNA SOLA PERSONA;ACCIDENTE DE TRANSITO DESPISTE Y VOLCADURA CON CONSECUENCIA DE MUERTE, LESIONES LEVES Y DAÑOS MATERIALES
A-2022-04-259;26/04/2022;06:30;ATROPELLO FUGA;-;1;0;AUTOPISTA RAMIRO PRIALE ;-;-12.020773;-76.935817;;;;;
A-2022-04-260;26/04/2022;10:20;CHOQUE;;1;0;AV. TOMAS MARZANO CDRA 12;-;-12.115687;-77.009914;;;;;
A-2022-04-261;28/04/2022;16:30;CHOQUE;-;1;0;PASAJE QUILLA CON JR. LEÓN VELARDE CDRA 8;-;-12.083654;-77.043243;;;;;
A-2022-04-262;28/04/2022;17:50;CHOQUE;-;1;0;AV. UNIÓN JICAMARCA ANEXO 8;-;-11.969253;-76.937386;;;;;
A-2022-04-263;29/04/2022;17:00;DESPISTE;-;1;0;VIA DE EVITAMIENTO KM -4;-;-12.03000176;-76.9944029603122;;;;;
A-2022-04-265;29/04/2022;21:40;ATROPELLO;-;1;0;AV LIMA NORTE CDRA 4;-;-11.930346;-76.691038;;;;;
A-2022-04-266;30/04/2022;18:45;ATROPELLO;-;1;0;CARRETERA PANAMERICANA SUR ALT. 44.700;-;-12.36425;-76.792136;;;;;
A-2022-04-267;29/04/2022;16:00;ATROPELLO;CO'NSECUENTE DE MUERTE ;1;0;KM 14.50;VARILLAL;-3.8854225;-73.3516438;DESPEJADO;IMPRUDENCIA DEL PEATÓN;ESTADO DE EBRIEDAD Y/O DROGADICCIÓN;;NINGUNA
A-2022-04-268;21/04/2022;03:13;CHOQUE;VOLCADURA, DESPISTE PARCIAL;1;1;CARRETERA PANAMERICANA SUR KM. 21.000 ;ALT. DE LA EMPRESA PROMET;-12.23387967;-76.96018262;DESPEJADO;IMPRUDENCIA DEL CONDUCTOR;OTRO (IMPRUDENCIA DEL CONDUCTOR);CONTRIBUTIVA IMPRUDENCIA DEL CONDUCTOR DE AMBAS UNIDADES;
A-2022-04-29;11/04/2022;15:00;ATROPELLO;CON PROYECCION;1;0;CARRETERA PANAMERICA SUR ;ALTURA DEL DESVIO MAZOCRUZ;-16.094836;-69.623235;DESPEJADO;IMPRUDENCIA DEL PEATÓN;CRUCE INDEBIDO POR LA CALZADA;;
A-2022-04-32;07/04/2022;04:50;DESPISTE;SEGUIDA DE VOLCADURA;1;2;SECTOR CALLA PUQUIO ;KM 698;-13.612065;-73.133971;LLUVIOSO;IMPRUDENCIA DEL CONDUCTOR;EXCESO DE VELOCIDAD;;
A-2022-04-33;11/04/2022;06:00;ATROPELLO FUGA;-;1;0;CARRETERA LOS PALOS KM. 15;ESTADIO MUNICIPAL LA YARADA LOS PALOS;-18.276368;-70.43332;NUBLADO;NO IDENTIFICA LA CAUSA;;;SE ENCONTRO SU BICICLETA A UN COSTADO DE LA VIA, PERO NO PRESENTADA NI UN DAÑO 
A-2022-04-34;12/04/2022;21:45;CHOQUE;-;1;0;CARRETERA PANAMERICANA SUR KM. 295;-;-14.00787;-75.765825;DESPEJADO;NO IDENTIFICA LA CAUSA;;;
A-2022-04-35;12/04/2022;19:00;CHOQUE;SEGUIDO DE VOLCADURA ;1;1;INTERSECCION DE LA CPS CON CARRETERA INTEROCEANICA KM. 500;-;-14.841315;-74.942224;DESPEJADO;NO IDENTIFICA LA CAUSA;;;
A-2022-04-36;10/04/2022;08:30;DESPISTE;.;1;1;PANAMERICANA NORTE. KM 273.6;FRONTIS DE LA HERRERIA HUARACA ;-3.48292125;-80.2544043030435;SOLEADO;IMPRUDENCIA DEL CONDUCTOR;CONDUCIR EN ESTADO DE EBRIEDAD Y/O DROGADICCIÓN;;
A-2022-04-38;16/04/2022;01:20;ATROPELLO FUGA;.;1;0;PANAMERICANA NORTE . KM 208.9;ALTURA DEL SECTOR BONANZA;-3.718510946;-80.75336839688924;DESPEJADO;NO IDENTIFICA LA CAUSA;;;
A-2022-04-39;16/04/2022;16:30;DESPISTE;SEGUIDO DE VOLCADURA;1;3;CARRETERA VIA LOS LIBERTADORES KM 136;SECTOR NEGRAYCCASA;-13.581158;-75.244149;DESPEJADO;NO IDENTIFICA LA CAUSA;;;
A-2022-04-46;19/04/2022;15:00;CHOQUE;-;1;2;CARRETERA PANAMERICANA SUR KM 326;ENTRADA A C.P. LAS FLORES;-14.258504;-75.687392;DESPEJADO;NO IDENTIFICA LA CAUSA;;;
A-2022-04-47;19/04/2022;14:00;DESPISTE;VOLCADURA;1;1;CARRETERA PANAMERICANA SUR KM.1254;;-17.80517305;-70.59319312095045;;;;;
A-2022-04-48;03/04/2022;00:00;DESPISTE;;1;0;CARRETERA CAJAMARCA CAJABAMBA (ALTURA DEL SECTOR LA RINCONADA-C.P EL HAUAYO);-----;-7.48439;-78.12322667;DESPEJADO;NO IDENTIFICA LA CAUSA;;;
A-2022-04-49;03/04/2022;08:20;DESPISTE;VOLCADURA TONEL IZQUIERDO;1;1;TROCHA CARROZABLE  CAS. ROSASPAMPA - DIST. CHALAMARCA. ALTURA DEL SECTOR LA PALMA. ;-------------------------;-6.497612;-78.478644;DESPEJADO;NO IDENTIFICA LA CAUSA;;;
A-2022-04-50;10/04/2022;18:30;CHOQUE;SUBSECUENTE DESPISTE;2;1;KM 26.5 DE LA CARRETERA CAJAMARCA - CELENDÍN .  ALTURA EL PORVENIR - C.P POLLOC - LA ENCAÑADA;------;-7.11869881;-78.33576852;LLUVIOSO;NO IDENTIFICA LA CAUSA;;;
A-2022-04-51;15/04/2022;18:45;ATROPELLO;ATROPELLO POR APLASTAMIENTO;1;0;JR LIBERTAD CDRA. 04;------;-7.15525091;-78.45967954;DESPEJADO;NO IDENTIFICA LA CAUSA;;;
A-2022-04-52;18/04/2022;00:13;CHOQUE;------------------;1;1;AV. VIA DE EVITAMIENTO NORTE CDRA. 13;--------;-7.14512578;-78.51381524;;;;;
A-2022-04-55;20/04/2022;04:45;DESPISTE;;2;1;CARRETERA LOCUMBA KM. 12;VALLE CINTO;-17.52060943;-70.72215373363609;;;;;
A-2022-04-56;02/04/2022;14:30;DESPISTE;-;1;1;CARRETERA PANAMERICANA NORTE ALTURA DEL KM. 652.5;-;-7.535771;-79.391251;DESPEJADO;IMPRUDENCIA DEL CONDUCTOR;OTRO (IMPRUDENCIA DEL CONDUCTOR);DESATENCION EN LA CONDUCCION;
A-2022-04-58;20/04/2022;17:45;CHOQUE;-;1;0;CARRETERA PUNO - DESAGUADERO KM 1500 850;ALTURA DE LA COMUNIDAD CUMI;-16.51236747;-69.0882216243112;DESPEJADO;IMPRUDENCIA DEL CONDUCTOR;NO DAR PASO PREFERENTE AL PEATÓN;;
A-2022-04-59;19/04/2022;22:00;ATROPELLO FUGA;;1;0;AV. NESTOR GAMBETTA KM.13 (EMP. VALERO );;-11.94237441;-77.13127055456906;DESPEJADO;NO IDENTIFICA LA CAUSA;;;ATROPELLO Y FUGA
A-2022-04-6;03/04/2022;03:20;ATROPELLO FUGA;-;1;0;CARRTERA PANAMERICANA SUR KM 1352 800;;-15.811211;-70.037411;DESPEJADO;NO IDENTIFICA LA CAUSA;;;FALTA DE UNO DE LOS ELEMENTOS DE TRANSITO (VEHICULO
A-2022-04-60;20/04/2022;04:55;DESPISTE;;1;0;INTERIOR APM TERMINALS (MUELLE 3 CALLE OESTE);;-12.05415507;-77.145566383695;DESPEJADO;IMPRUDENCIA DEL CONDUCTOR;OTRO (IMPRUDENCIA DEL CONDUCTOR);DESCUIDO;SIN NOVEDAD
A-2022-04-61;22/04/2022;14:40;CHOQUE;;1;0;AV. NESTOR GAMBETTA KM. 07 PARADERO BAYER;;-11.97825376;-77.1251388585664;DESPEJADO;IMPRUDENCIA DEL CONDUCTOR;NO DAR PASO PREFERENTE AL PEATÓN;;SE REMITIO A FISCALIA 
A-2022-04-63;21/04/2022;05:30;ATROPELLO;Y CHOQUE;1;0;CARRETERA YUNGUYO-TINICACHI;-;-16.24924947;-69.00240762655612;DESPEJADO;IMPRUDENCIA DEL PEATÓN;OTRO (IMPRUDENCIA DEL PEATÓN);AL TRANSITAR DE MANERA IMPRUDENTE Y ANTIRREGLAMENTARIA POR LA VIA;
A-2022-04-65;05/04/2022;19:30;CHOQUE;-;1;1;INTERSECCIÓN DE LOS JIRONES LIBERTAD Y CHACHAPOYAS;-;-6.066892;-77.168745;LLUVIOSO;IMPRUDENCIA DEL CONDUCTOR;OTRO (IMPRUDENCIA DEL CONDUCTOR);ESTADO DE EBRIEDAD;SE INVESTIGA
A-2022-04-68;01/04/2022;21:00;ATROPELLO;;1;0;CALLE IQUITOS C.20;POLLERIA MAIKO;-13.929423;-75.920361;DESPEJADO;NO IDENTIFICA LA CAUSA;;;
A-2022-04-69;03/04/2022;20:40;ATROPELLO;-;1;0;AV. RAMON CASTILLO FRENTE AL BUNGALOWS EL PORTAL;BUNGALOWS EL PORTAL;-8.088062;-79.09397;DESPEJADO;IMPRUDENCIA DEL CONDUCTOR;FATIGA Y/O CANSANCIO;;
A-2022-04-7;03/04/2022;07:20;ATROPELLO;-;1;0;AV. PORVENIR S/N;COSTADO DEL PENAL YANAMAYO;-15.8201974;-70.03705347371111;DESPEJADO;IMPRUDENCIA DEL CONDUCTOR;NO DAR PASO PREFERENTE AL PEATÓN;;
A-2022-04-70;03/04/2022;23:00;DESPISTE;-;1;0;CARRETERA DE PENETRACION A LA PLAYA EL MILAGRO - PAIJAN;-;-7.79045828;-79.38058086931916;DESPEJADO;NO IDENTIFICA LA CAUSA;;;
A-2022-04-71;03/04/2022;15:00;DESPISTE;DESPISTE, CHOQUE Y VOLCADURA;1;0;CARRETERA COSTANERA KM.176;KM.176;-17.245326;-71.5346;DESPEJADO;NO IDENTIFICA LA CAUSA;;;SIN OBSERVACIONES
A-2022-04-72;07/04/2022;07:15;CHOQUE;-;1;0;CALLE SAN PEDRO CDRA. 2;-;-7.228391;-79.428558;DESPEJADO;IMPRUDENCIA DEL CONDUCTOR;DESACATO DE SEÑAL DE TRÁNSITO;;
A-2022-04-73;09/04/2022;12:51;ESPECIAL;EN PROCESO DE INVESTIGACION;1;0;ASO. JOSE LUIS BUSTAMANTE Y RIVERO CERRO COLORADO;SECTOR IV, MZ-2 LT-5;-16.338482;-71.609659;DESPEJADO;NO IDENTIFICA LA CAUSA;;;ESTE ACCIDENTE OCURRIÓ EN EL INTERIOR DE LA COCHERA, AL PARECER EL MENOR MANIPULO EL VEHÍCULO.
A-2022-04-74;13/04/2022;19:08;CHOQUE;CHOQUE POR ALCANCE;1;0;CARRETERA PANAMERICANA SUR KM.992.300;KM.992.300;-16.657997;-71.871372;DESPEJADO;NO IDENTIFICA LA CAUSA;;;SIN OBSERVACIONES
A-2022-04-75;15/04/2022;02:10;DESPISTE;DESPISTE, VOLCADURA FATAL;1;0;CALLE MIGUEL GRAU/CAMINO A LA MANSIÓN;LA MANSIÓN II;-16.468725;-71.551163;DESPEJADO;NO IDENTIFICA LA CAUSA;;;SIN OBSERVACIONES
A-2022-04-76;25/04/2022;02:45;ATROPELLO;.;1;0;PANAMERICANA NORTE. KM 226.;REF. ALTURA DEL SECTOR CALETA GRAU.;-3.662981247;-80.62639891105772;DESPEJADO;IMPRUDENCIA DEL PEATÓN;ESTADO DE EBRIEDAD Y/O DROGADICCIÓN;;
A-2022-04-77;25/04/2022;18:30;ATROPELLO;POR RETROCESO Y CON PRESION;1;0;CARRETERA TROCHA CARROSABLE TICARAYA-CHIMBO ;SECTOR CRUZ JICANI - COMUNIDAD CHIMBO;-16.2907659;-69.2001327;DESPEJADO;IMPRUDENCIA DEL PEATÓN;OTRO (IMPRUDENCIA DEL PEATÓN);NEGLIGENCIA DEL PEATON FALLECIDO;
A-2022-04-78;19/04/2022;23:00;DESPISTE;DESPISTE, CHOQUE, VOLCADURA FATAL;1;0;PAMPA DE YURAMAYO - VITOR;PAMPA DE YURAMAYO;-16.439461;-71.929865;DESPEJADO;NO IDENTIFICA LA CAUSA;;;SIN OBSERVACIONES
A-2022-04-79;21/04/2022;05:30;ATROPELLO;ATROPELLO FATAL;1;0;OVALO JUAN VELASCO ALVARADO;OVALO;-16.3501797;-72.1854332;DESPEJADO;NO IDENTIFICA LA CAUSA;;;SIN OBSERVACIONES
A-2022-04-80;26/04/2022;23:10;ESPECIAL;-;1;0;CALLE CHORRILLOS N°19- GRUPO 05- SAN CLEMENTE;PISCO;-13.671492;-76.153446;DESPEJADO;NO IDENTIFICA LA CAUSA;;;EL, ACCIDENTE OCURRIO DENTRO DEL DOMICILIO DEL FALLECIDO, EXACTAMENTE EN SU COCHERA. 
A-2022-04-82;13/04/2022;18:30;CHOQUE;-;1;1;CARRETERA PANAMERICANA NORTE KM 821;-;-6.531689554;-80.031733841186;DESPEJADO;NO IDENTIFICA LA CAUSA;;;ACCIDENTE EN IDENTIFICACIÓN
A-2022-04-84;26/04/2022;14:30;ATROPELLO;-;1;0;PANAMERICANA NORTE ANTIGUA;FRENTE INMUEBLE 1119;-6.469726;-79.855742;DESPEJADO;NO IDENTIFICA LA CAUSA;;;SE ENCUENTRA EN INVESTIGACIÓN
A-2022-04-85;24/04/2022;06:40;DESPISTE;DESPISTE, VOLCADURA FATAL;1;1;CARRETERA PANAMERICANA SUR KM.935 800;KM.935 800;-16.399693;-72.079581;DESPEJADO;NO IDENTIFICA LA CAUSA;;;SIN OBSERVACIONES
A-2022-04-86;08/04/2022;19:08;ATROPELLO;-;1;0;CARRETERA POMALCA;KM 10 300;-6.77097;-79.78715;DESPEJADO;NO IDENTIFICA LA CAUSA;;;SE ENCUENTRA EN INVESTIGACIÓN
A-2022-04-87;10/04/2022;00:10;CHOQUE FUGA;-;1;1;CARRETERA DE PENETRACIÓN CHICLAYO-CHOTA KM 55;ALTURA CASERÍO MAL PASO DISTRITO CHONGOYPE;-6.675546;-79.439688;NUBLADO;NO IDENTIFICA LA CAUSA;;;ACCIDENTE EN INVESTIGACIÓN
A-2022-04-88;14/04/2022;07:05;CHOQUE;CHOQUE SEGUIDO DE DESPISTE;2;0;CARRETERA FBT KM 486 150;-;-6.046564;-77.035053;DESPEJADO;IMPERICIA DEL CONDUCTOR;;;SE INVESTIGA
A-2022-04-92;01/04/2022;17:00;CHOQUE;-;2;0;CARRETERA PANAMERICANA NORTE KM 762;CENTRO DE ESPARCIMIENTO CHOSICA PARK;-6.831415;-79.829203;DESPEJADO;NO IDENTIFICA LA CAUSA;;;ACCIDENTE EN INVESTIGACIÓN
A-2022-04-93;20/04/2022;02:40;CHOQUE;-;1;0;CARRETERA PANAMERICANA NORTE;-;-6.519502;-80.047729;DESPEJADO;NO IDENTIFICA LA CAUSA;;;ACCIDENTE EN INVESTIGACIÓN
A-2022-04-94;04/04/2022;19:10;CHOQUE FUGA;-;1;0;PUENTE MOTUPE;-;-6.1588055;-79.7210976;DESPEJADO;NO IDENTIFICA LA CAUSA;;;ACCIDENTE EN INVESTIGACIÓN
A-2022-04-95;24/04/2022;07:10;DESPISTE;-;1;0;CARRETERA PAMPA DE LINO EL BADEN;CASERÍO EL PINTOR;-6.373168;-79.829794;DESPEJADO;NO IDENTIFICA LA CAUSA;;;ACCIDENTE EN INVESTIGACIÓN
A-2022-04-98;21/04/2022;21:00;CHOQUE;-;1;0;EVITAMIENTO Y GRAU KM 782 LA VICTORIA;-;-6.801381089;-79.8501031078304;NUBLADO;NO IDENTIFICA LA CAUSA;;;ACCIDENTE EN INVESTIGACIÓN
A-2022-04-99;24/04/2022;18:30;CHOQUE;-;1;1;CARRETERA CHICLAYO FERREÑAFE KM 8;-;-6.727133;-79.777643;NUBLADO;NO IDENTIFICA LA CAUSA;;;ACCIDENTE EN INVESTIGACIÓN
A-2022-05-10;01/05/2022;22:30;DESPISTE;DESPISTE, CHOQUE, VOLCADURA FATAL ;2;0;CARRETERA COSTANERA KM.126 700;INGRESO A DEAN VALDIVIA;-17.144423;-71.829075;DESPEJADO;NO IDENTIFICA LA CAUSA;;;SIN OBSERVACIONES
A-2022-05-100;26/05/2022;11:10;ATROPELLO;ATROPELLO FATAL ;1;0;CARRETERA DE INGRESO A AREQUIPA KM. 35;CRUCE VILLA EL TRIUNFO;-16.405982;-71.591284;DESPEJADO;NO IDENTIFICA LA CAUSA;;;SIN OBSERVACIONES
A-2022-05-101;23/05/2022;03:15;DESPISTE;VOLCADURA;1;0;AV. LOS SAUCES. CUARTA CUADRA ;GRAS SINTETICO CORONADO;-13.66520014;-73.3918207238662;DESPEJADO;IMPRUDENCIA DEL CONDUCTOR;CONDUCIR EN ESTADO DE EBRIEDAD Y/O DROGADICCIÓN;;
A-2022-05-102;23/05/2022;16:50;CHOQUE;-;1;0;CARRETERA PANAMERICANA NORTE ALTURA DEL KM. 695;-;-7.310261;-79.480748;DESPEJADO;IMPRUDENCIA DEL CONDUCTOR;NO ESTABLECER EL DERECHO DE PASO;;
A-2022-05-103;28/05/2022;20:00;CHOQUE;-;1;0;CARRETERA PANAMERICANA SUR KM 310;ALTURA DEL FUNDO SAN RAMON ;-14.127625;-75.716393;DESPEJADO;NO IDENTIFICA LA CAUSA;;;