COD_ACCIDE;FechaDelAccidente;HoraDelAccidente;ClaseDelAccidente;SecuenciaAccidente;CantidadDeFallecidos;CantidadDeLesionados;Direccion;LugarReferencia;y;x;CondClimatica;CausaFactorPrincipal;CausaEspecifica;OtraCausa;Observaciones
A-2022-05-104;20/05/2022;18:30;ESPECIAL;CON CONSECUENCIA FATAL;5;0;CARRETERA SIHUAS - ÑUNYASH;;-8.599303937;-77.5788939802409;DESPEJADO;NO IDENTIFICA LA CAUSA;;;EN INVESTIGACION
A-2022-05-106;02/05/2022;23:15;CHOQUE;VOLCADURA EN TRONEL IZQUIERDO 1/1;1;0;AV. VICTOR RAUL HAYA DE LA TORRE S/N (REF. GRIFO EL PROFE);;-7.61033042;-78.06769556;DESPEJADO;NO IDENTIFICA LA CAUSA;;;
A-2022-05-107;01/05/2022;18:30;CHOQUE;VOLCADURA EN TONEL IZQUIERDO ;1;0;AV. VÍA DE EVITAMIENTO NORTE CDRA. 03 - CAJAMARCA;;-7.14752309;-78.52239026;DESPEJADO;NO IDENTIFICA LA CAUSA;;;
A-2022-05-108;29/05/2022;13:00;CHOQUE;-;1;0;CARRETERA PANAMERICANA NORTE ANTIGUA KM 80 350;-;-6.039101;-79.676422;DESPEJADO;NO IDENTIFICA LA CAUSA;;;ACCIDENTE EN INVESTIGACIÓN
A-2022-05-109;01/05/2022;05:30;CHOQUE FUGA;-;1;0;CARRETERA PANAMERICANA NORTE KM 733 850;FRENTE AL MOLINO SAN FERNANDO AUTOPISTA CHICLAYO LAMBAYEQUE;-6.72289;-79.892609;NUBLADO;NO IDENTIFICA LA CAUSA;;;ACCIDENTE EN INVESTIGACIÓN
A-2022-05-110;06/05/2022;12:30;CHOQUE;-;2;0;CARRETERA FERNANDO BELAUNDE TERRY KM 6 200;-;-6.63277;-79.953358;DESPEJADO;NO IDENTIFICA LA CAUSA;;;ACCIDENTE EN INVESTIGACIÓN
A-2022-05-111;11/05/2022;04:30;CHOQUE;-;2;17;CARRETERA PANAMERICANA NORTE KM 835;-;-6.455893;-80.132488;DESPEJADO;NO IDENTIFICA LA CAUSA;;;ACCIDENTE EN INVESTIGACIÓN
A-2022-05-112;15/05/2022;03:15;CHOQUE;-;1;1;CARRETERA PENETRACIÓN JAYANCA LA VIÑA;-;-6.38934;-79.75543;DESPEJADO;NO IDENTIFICA LA CAUSA;;;ACCIDENTE EN INVESTIGACIÓN
A-2022-05-113;15/05/2022;05:00;CHOQUE;-;1;0;CARRETERA PANAMERICANA NORTE KM 798;-;-6.6910073;-79.9038109;DESPEJADO;NO IDENTIFICA LA CAUSA;;;ACCIDENTE EN INVESTIGACIÓN
A-2022-05-114;16/05/2022;23:00;CHOQUE;-;1;0;PUENTE TUMAN;-;-6.7522605;-79.725199;DESPEJADO;NO IDENTIFICA LA CAUSA;;;ACCIDENTE EN INVESTIGACIÓN
A-2022-05-115;19/05/2022;10:25;CHOQUE;-;1;0;AV VICTOR RAUL;INTERSECCION RODRIGO DE TRIANA;-6.7814;-79.8371;DESPEJADO;IMPRUDENCIA DEL CONDUCTOR;NO ESTABLECER EL DERECHO DE PASO;;ACCIDENTE EN INVESTIGACIÓN
A-2022-05-116;21/05/2022;04:00;ATROPELLO FUGA;-;1;0;AVENIDA DIEGO FERRE;-;-6.387917;-79.819777;DESPEJADO;NO IDENTIFICA LA CAUSA;;;ACCIDENTE EN INVESTIGACIÓN
A-2022-05-117;21/05/2022;15:50;CHOQUE;-;1;2;CARRETERA MOCHUMI A CRUZ DEL MEDANO;CASERIO DE MARAVILLAS;-6.534687;-79.912711;DESPEJADO;NO IDENTIFICA LA CAUSA;;;
A-2022-05-118;26/05/2022;08:00;CHOQUE;-;1;0;CARRETERA CHICLAYO FERREÑAFE KM 05;;-6.738707;-79.79274;DESPEJADO;NO IDENTIFICA LA CAUSA;;;ACCIDENTE EN INVESTIGACIÓN
A-2022-05-119;28/05/2022;16:30;DESPISTE;-;1;0;CARRETERA PANAMERICA SUR KM 1472;-;-16.1970959;-69.5231013;DESPEJADO;IMPRUDENCIA DEL CONDUCTOR;FATIGA Y/O CANSANCIO;;
A-2022-05-120;28/05/2022;20:40;CHOQUE;CHOQUE FRONTAL;1;2;CARRETERA DE PENETRACIÓN A AREQUIPA KM.5.200;KM.5.200;-16.540684;-71.697909;DESPEJADO;NO IDENTIFICA LA CAUSA;;;SIN OBSERVACIONES
A-2022-05-121;10/05/2022;09:35;DESPISTE;DESPISTE Y VOLCADURA EN TONEL IZQUIERDO;1;2;COMUNIDAD CAPESINA INQUILLPATA BAJA;CARRETERA CHALLABAMBA- CALCA;-13.13389063;-71.7717922828925;DESPEJADO;IMPERICIA DEL CONDUCTOR;;;
A-2022-05-122;07/05/2022;17:00;DESPISTE;VOLCADURA EN TONEL IZQUIERDO;1;0;CARRETERA QUE CONDUCE DE SAN MIGUEL A LA FLORIDA (CENTRO POBLADO TAULIS);;-6.939133353;-78.9904061621903;LLUVIOSO;NO IDENTIFICA LA CAUSA;;;
A-2022-05-123;20/05/2022;05:30;CHOQUE CON OBJETO FIJO;VEHICULO DESPISTA Y CHOCA;1;0;KILOMETRO 057;CARRETERA INTEROCEANICA;-13.633322;-71.383243;DESPEJADO;IMPRUDENCIA DEL CONDUCTOR;EXCESO DE VELOCIDAD;;
A-2022-05-124;06/05/2022;21:00;DESPISTE;VOLCADURA EN TONEL IZQUIERDO;1;3;CARRETERA QUE CONDUCE DE SAN MIGUEL A LA FLORIDA (CENTRO POBLADO TAULIS);;-6.93921004;-78.99109304;DESPEJADO;NO IDENTIFICA LA CAUSA;;;
A-2022-05-125;09/05/2022;13:00;CAÍDA DE PASAJERO;OCUPANTE CAE DE LA CARROCERIA DEL VEHICULO;1;0;AV. PRINCIPAL DEL DISTRITO CCARHUAYO;FRONTIS DE LA MUNICIPALIDAD CCARHUAYO;-13.5949741;-71.4000292;SOLEADO;NEGLIGENCIA DEL CONDUCTOR;OTRO (NEGLIGENCIA DEL CONDUCTOR);PERMITIR QUE EL OCUPANTE FALLECIDO, VIAJE EN LA CARROCERIA DEL VEHICULO;
A-2022-05-126;08/05/2022;10:00;DESPISTE;CON SUBSECUENTE CHOQUE;1;0;CASERIO ZAPOTAL;;-7.21591823;-78.77398246;SOLEADO;NO IDENTIFICA LA CAUSA;;;
A-2022-05-127;24/05/2022;22:30;DESPISTE;DESPISTE Y VOLCADURA;1;1;LOCALIDAD SIRHUAY;CARRETERAS AMPARAES-QUEBRADA;-13.031013;-71.980191;NUBLADO;IMPRUDENCIA DEL CONDUCTOR;FATIGA Y/O CANSANCIO;;
A-2022-05-128;10/05/2022;12:00;DESPISTE;CON SUBSECUENTE VOLCADURA EN CAMAPAN ANTERIOR;1;4;CASERIO SAN CRISTOBAL;;-7.219264;-78.611895;SOLEADO;NO IDENTIFICA LA CAUSA;;;
A-2022-05-129;15/05/2022;10:30;CHOQUE;EN UNA VIA SINUOSA IMPACTAN 02 VEHICULOS MOTOCICLETAS QUE CIRCULABAN EN SENTIDO CONTRARIO;1;0;SECTOR IPAL;VIVIENDA DEL SR VICTOR TORRES MIRANDA;-12.678571;-72.285681;SOLEADO;IMPERICIA DEL CONDUCTOR;;;
A-2022-05-130;05/05/2022;23:30;ATROPELLO FUGA;CUANDO EL PEATON SE ENCONTRABA TRANSITANDO POR LA VIA PUBLICA EN COMPLETO ESTADO DE EBRIEDADA SINDO IMPACTADO POR SU PARTE POSTERIOR POR UN VEHICULO NO IDENTIFICADO;1;0;SECTOR CAJAMARCA- CACHIMAYO;ALTURA  DEL LOCAL COMERCIAL FERREIROS;-13.48311;-72.078307;DESPEJADO;IMPRUDENCIA DEL PEATÓN;ESTADO DE EBRIEDAD Y/O DROGADICCIÓN;;
A-2022-05-131;28/05/2022;13:00;DESPISTE;-;1;1;CARRETERA DE ANEXO AL SECTOR 2 DE MAYO;-;-8.01788;-78.492144;DESPEJADO;NO IDENTIFICA LA CAUSA;;;
A-2022-05-132;29/05/2022;16:30;CHOQUE;-;2;0;CARRETERA PANAMERICANA NORTE ALTURA DEL KM. 694;-;-7.319234;-79.480246;DESPEJADO;IMPRUDENCIA DEL CONDUCTOR;ADELANTAR INDEBIDAMENTE;;
A-2022-05-133;22/05/2022;14:00;DESPISTE;DESPISTE Y VOLCADURA;3;0;VAMBALINA HUAQO YANAOCA;COUNIDAD CHUCCHUCALLA;-14.1294;-71.2436;SOLEADO;IMPERICIA DEL CONDUCTOR;;;
A-2022-05-134;29/05/2022;23:35;ATROPELLO;-;1;0;CARRETERA PANAMERICANA NORTE ALTURA DEL KM. 582;-;-8.016863;-79.073086;DESPEJADO;IMPRUDENCIA DEL PEATÓN;ESTADO DE EBRIEDAD Y/O DROGADICCIÓN;;
A-2022-05-135;30/05/2022;23:35;CHOQUE;-;1;0;CARRETERA DE ACCESO A LA SIERRA LIBERTEÑA ALTURA DEL KM. 10;-;-8.100600138;-78.94272472159018;DESPEJADO;IMPRUDENCIA DEL CONDUCTOR;INVASIÓN DE CARRIL;;
A-2022-05-136;06/05/2022;22:00;DESPISTE;DESPISTE Y VOLCADURA;1;0;COMUNIDAD INGATA;INGATA CHAMACA;-14.229455;-71.894501;DESPEJADO;IMPRUDENCIA DEL CONDUCTOR;CONDUCIR EN ESTADO DE EBRIEDAD Y/O DROGADICCIÓN;;
A-2022-05-137;11/05/2022;06:40;ATROPELLO;ATROPELLO, CHOQUE Y DESPISTE;1;0;CARRETERA CUSCO (ENACO)-ABRA DE CCORAO. AV LAS FLORES;APV. TABERIA PATA, ALTURA DEL INMUEBLE G-4;-13.509832;-71.913932;DESPEJADO;IMPRUDENCIA DEL CONDUCTOR;CONDUCIR EN ESTADO DE EBRIEDAD Y/O DROGADICCIÓN;;CONDUCIA EN ESTADO DE EBRIEDADA
A-2022-05-138;09/05/2022;18:00;CHOQUE CON OBJETO FIJO;CUANDO EL VEHICULO SE DESPLAZABA POR LA AV AREQUIPA ESTE CHOCA;1;3;AVENIDA AREQUIPA;ALTURA DEL BAR EXTASIS;-14.281336;-71.2278245;DESPEJADO;IMPERICIA DEL CONDUCTOR;;;
A-2022-05-139;18/05/2022;15:45;DESPISTE;VOLCADURA;2;2;CP ÑUNYASH KM 09 750;;-8.601897639;-77.5813508444709;DESPEJADO;NO IDENTIFICA LA CAUSA;;;EN INVESTIGACION
A-2022-05-140;24/05/2022;07:30;ATROPELLO;CON PROYECCION;1;0;INTERSECCIÒN DE LA AV. MANUEL TORRES Y LA AV. LAS FLORES;;-9.270855312;-77.67914251230266;DESPEJADO;NO IDENTIFICA LA CAUSA;;;EN INVESTIGACION
A-2022-05-141;28/05/2022;02:00;DESPISTE;VOLCADURA;1;1;TROCHA CARROZABLE RAPAYAN EL PORVENIR;PARAJE GAPAG JIRCA;-9.230537541;-76.74357411255238;LLUVIOSO;IMPRUDENCIA DEL CONDUCTOR;FATIGA Y/O CANSANCIO;;NINGUNA
A-2022-05-142;29/05/2022;18:30;CHOQUE;ACCIDENTE DE TRANSITO CHOQUE;1;2;INTERSECCIÓN JR. 2 DE MAYO Y SARGENTO TEJADA;-;-6.028196;-76.978588;DESPEJADO;IMPRUDENCIA DEL CONDUCTOR;OTRO (IMPRUDENCIA DEL CONDUCTOR);IMPERICIA DEL CONDUCTOR;SE INVESTIGA
A-2022-05-143;01/05/2022;06:00;DESPISTE;DESPISTE, CHOQUE Y CAIDA DE CONDUCTOR;1;0;KILOMETRO 999 2022 ;TRAMA CUSCO -URCOS HUACARPAY;-13.607601;-71.729269;DESPEJADO;NO IDENTIFICA LA CAUSA;;;QUE HASTA EL MOENTO NO SE CONCLUYE EL INFORME TECNICO EN VISTA QUE EL RESULTADO DE LOS EXAMENES DE DOSAJE ETILICO Y TOXICOLOGICO NO HAN SIDO ENVIADOS A ESTA UPIAT
A-2022-05-144;02/05/2022;02:00;DESPISTE;DESPISTE Y VOLCADURA;2;0;COMUNIDAD CAPESINA KILOMETRO 53 970;PUENTE TOTORA;-14.170324;-71.558414;DESPEJADO;IMPRUDENCIA DEL CONDUCTOR;CONDUCIR EN ESTADO DE EBRIEDAD Y/O DROGADICCIÓN;;POSIBLE ESTADO DE EBRIEDAD DEL CONDUCTOR
A-2022-05-145;29/05/2022;08:32;CHOQUE CON OBJETO FIJO;CHOQUE, ATROPELLO ;1;0;ASENTAMIENTO HUMANO TORRECHAYOC;TRAMO  CUSCO-TICATICA;-13.517767;-71.995508;DESPEJADO;NEGLIGENCIA DEL CONDUCTOR;OTRO (NEGLIGENCIA DEL CONDUCTOR);CANSANCIO FISICO;
A-2022-05-147;17/05/2022;15:45;VOLCADURA;SEGUIDO DE CAIDA Y APLASTAMIENTO;1;0;CARRETERA TROCHA CARROZABLE CUNYACC-CHAYHUAPUQUIO.;PATA VERDE, ANEXO DE TOTORA DEL DISTRITO DE CONGALLA;-12.969261;-74.528495;DESPEJADO;NO IDENTIFICA LA CAUSA;;;FALTA DILIGENCIAS
A-2022-05-150;05/05/2022;05:10;CHOQUE;;1;2;KM. 35 400 DE LA CARRETERA JAÉN - SAN IGNACIO;;-6.36504833;-78.79028;DESPEJADO;NO IDENTIFICA LA CAUSA;;;
A-2022-05-151;17/05/2022;09:00;CHOQUE;VOLCADURA ;1;0;INTERSECCION DE LA AV. ATAHUALPA Y EL JR. CARDOSANTO;;-7.16561589;-78.50029531;DESPEJADO;NO IDENTIFICA LA CAUSA;;;
A-2022-05-152;08/05/2022;01:30;DESPISTE;SUBSECUENTE CHOQUE;1;1;CARRETERA BAMBAMARCA - CAJAMARCA. LUGAR DENOMINADO LUCMA;;-6.68165931;-78.53031906;DESPEJADO;NO IDENTIFICA LA CAUSA;;;
A-2022-05-153;13/05/2022;01:30;ATROPELLO;-;1;0;CARRETERA DE ACCESO A PATAZ  - FRONTIS DE LA LAGUNA SAUSACOCHA;LAGUNA SAUSACOCHA;-7.798368;-77.979569;DESPEJADO;IMPRUDENCIA DEL CONDUCTOR;OTRO (IMPRUDENCIA DEL CONDUCTOR);CONTINUO SU DESPLAZAMIENTO DE MANERA CONFIADA;
A-2022-05-156;10/05/2022;15:30;CHOQUE;DESPISTE;7;1;KM 49 60;-;-15.2355974;-69.8292837;DESPEJADO;IMPRUDENCIA DEL CONDUCTOR;INVASIÓN DE CARRIL;;NINGUNA 
A-2022-05-157;12/05/2022;17:45;ATROPELLO;-;1;0;KM 269 200;-;-15.6469796;-70.3557862;DESPEJADO;IMPRUDENCIA DEL PEATÓN;CRUCE INDEBIDO POR LA CALZADA;;NINGUNA 
A-2022-05-158;13/05/2022;20:15;CHOQUE FUGA;-;1;0;KM 293 800;-;-15.5243284;-70.1819582;DESPEJADO;IMPRUDENCIA DEL CONDUCTOR;EXCESO DE VELOCIDAD;;NINGUNA
A-2022-05-159;09/05/2022;06:00;DESPISTE;DESPISTE VOLCADURA Y CAIDA ;1;1;CARRETERA CHULUCANAS- BATANES ;ALTURA DEL KM 49;-5.121639;-80.128277;DESPEJADO;NO IDENTIFICA LA CAUSA;;;
A-2022-05-160;16/05/2022;10:30;CHOQUE;CHOQUE ;1;0;CARRETERA PANAMERICANA NORTE ;CASERIO SAN PABLO CATACAOS ;-5.295863;-80.617741;DESPEJADO;IMPRUDENCIA DEL CONDUCTOR;INVASIÓN DE CARRIL;;
A-2022-05-161;25/05/2022;03:00;DESPISTE;SEGUIDO DE VOLCADURA CON CONSECUENCIA FATAL;1;3;CARRETERA TACNA-TARATA KM. 78;CARRETERA;-17.5277109;-70.0362652;DESPEJADO;NEGLIGENCIA DEL CONDUCTOR;OTRO (NEGLIGENCIA DEL CONDUCTOR);;NINGUNA
A-2022-05-162;14/05/2022;04:15;DESPISTE;DESPISTE VOLCADURA Y CAIDA ;1;0;AV ANDRES AVELINO CACERES ;ALTURA CEMENTERIO METROPOLITANO ;-5.182029;-80.638654;DESPEJADO;IMPRUDENCIA DEL CONDUCTOR;CONDUCIR EN ESTADO DE EBRIEDAD Y/O DROGADICCIÓN;;
A-2022-05-163;21/05/2022;06:00;CHOQUE;CHOQUE;1;0;CARRETERA PIURA CHULUCANAS ;KM 238;-5.1506;-80.47459;DESPEJADO;NO IDENTIFICA LA CAUSA;;;
A-2022-05-164;24/05/2022;08:00;ATROPELLO FUGA;ATROPELLO Y FUGA;1;0;CARRETERA PANAMERICANA NORTE 973;KM 973;-5.389647;-80.614189;DESPEJADO;NO IDENTIFICA LA CAUSA;;;
A-2022-05-165;01/05/2022;06:50;DESPISTE;EL VEHICULO SE DESPLAZABA POR LA VIA , EN CIRCUNSTANCIAS QUE SE LE PRESENTO UN ANIMAL QUE ORIGINO QUE SE SALGA DE LA VIA;1;0;CARRETERA ESPINAR -AREQUIPA.ALTURA KM 248;SECTOR DE INGRESO A LA COMUNIDAD  KINSACHULLO;-14.823329;-71.341451;DESPEJADO;NO IDENTIFICA LA CAUSA;;;NINGUNO
A-2022-05-166;30/05/2022;02:05;DESPISTE;-;1;0;CARRETERA PENETRACIÓN LUYA CONCHUCO;TUMAN;-6.714927;-79.69199;NIEBLA;NO IDENTIFICA LA CAUSA;;;EN INVESTIGACIÓN
A-2022-05-167;30/05/2022;06:00;ATROPELLO;;1;0;AV. NESTOR GAMBETTA 4955 CALLAO 07046 - FRONTIS DE LA EMPRESA TERMINALES PORTUARIOS  SAC DE NORTE A SUR .;;-11.9963994;-77.12622202581116;DESPEJADO;IMPRUDENCIA DEL CONDUCTOR;EXCESO DE VELOCIDAD;;NINGUNA
A-2022-05-168;05/05/2022;03:30;DESPISTE;VOLCADURA;2;1;KM 205 160;SECTOR CONI  ARIPO;-14.43080725;-69.51307720131344;DESPEJADO;IMPRUDENCIA DEL CONDUCTOR;EXCESO DE VELOCIDAD;;
A-2022-05-169;09/05/2022;02:40;ATROPELLO FUGA;PROYECCION;1;0;KM 1309 100;-;-15.4592374;-70.1395813;DESPEJADO;NO IDENTIFICA LA CAUSA;;;NINGUNA
A-2022-05-17;01/05/2022;14:45;DESPISTE;Y VOLCADURA;2;3;CARRETERA CHAYLLAPUQUIO-CCELLURUMI;KM. 3 380;-13.074455;-74.657114;DESPEJADO;NO IDENTIFICA LA CAUSA;;;FALTA DE DILIGENCIAS
A-2022-05-170;10/05/2022;18:30;VOLCADURA;-;1;0;COJATA-HUANCASAYA;COJATA-HUANCASAYA;-15.14252099;-69.21831837040257;DESPEJADO;IMPRUDENCIA DEL CONDUCTOR;EXCESO DE VELOCIDAD;;NINGUNA
A-2022-05-171;15/05/2022;18:30;CHOQUE;VOLCADURA;2;0;KM 144 808;SECTOR PAMPILLA;-14.66232989;-69.57634081744473;DESPEJADO;IMPRUDENCIA DEL CONDUCTOR;EXCESO DE VELOCIDAD;;NINGUNA
A-2022-05-172;02/05/2022;22:30;ATROPELLO FUGA;PROYECCION;1;0;KM 1306 300;DESVIO CAMINACA;-15.43602133;-70.14045229836972;SOLEADO;NO IDENTIFICA LA CAUSA;;;NINGUNA
A-2022-05-173;14/05/2022;18:00;CHOQUE;-;1;0;CARRETERA CAMINACA JULIACA;URB SANTA MARIA ;-15.36650228;-70.08432442339543;DESPEJADO;IMPRUDENCIA DEL CONDUCTOR;EXCESO DE VELOCIDAD;;NINGUNA 
A-2022-05-174;24/05/2022;19:00;ATROPELLO FUGA;-;1;0;KM 20 100;SECTOR JANCO PUJO;-15.296643;-69.6199068;DESPEJADO;IMPRUDENCIA DEL CONDUCTOR;EXCESO DE VELOCIDAD;;IMPRUDENCIA DEL CONDUCTOR FUGADO
A-2022-05-175;27/05/2022;18:40;DESPISTE;VOLCADURA;1;0;KM 1210 100;JULIACA-CUSCO;-14.8408481;-70.6528306;DESPEJADO;IMPRUDENCIA DEL CONDUCTOR;CONDUCIR EN ESTADO DE EBRIEDAD Y/O DROGADICCIÓN;;NINGUNA
A-2022-05-176;07/05/2022;18:30;CAÍDA DE PASAJERO;-----------;1;0;KM. 5 961 DE LA CARRETERA CUTERVO A SOCOTA;----------;-6.365014783;-78.790447575007;DESPEJADO;NO IDENTIFICA LA CAUSA;;;
A-2022-05-178;07/05/2022;05:30;DESPISTE;;1;0;TROCHA CARROZABLE CUTERVO - CASERIO LA CASCARILLA. ALTURA DEL CASERIO BUENOS AIRES;;-5.786696747;-78.9101564978406;DESPEJADO;NO IDENTIFICA LA CAUSA;;;
A-2022-05-193;15/05/2022;16:00;CHOQUE FUGA;CHOQUE VOLCADURA CON FUGA;1;1;CARRETERA LONGITUDINAL DE LA SELVA NORTE ;INGRESE AL CASERIO ALTO CHIMBOTE-CASERIO NUEVO PROGRESO;-8.905989;-76.093755;DESPEJADO;NO IDENTIFICA LA CAUSA;;;NINGUNA
A-2022-05-195;14/05/2022;19:00;ATROPELLO;-;1;0;CARRETERA HUAYLLAY-PASCO ;216 640;-10.9947504;-76.35567281454678;DESPEJADO;IMPRUDENCIA DEL CONDUCTOR;OTRO (IMPRUDENCIA DEL CONDUCTOR);IMPRUDENCIA DE PEATON;
A-2022-05-196;17/05/2022;02:40;ESPECIAL;CAIDA DE PASAJERO FUGA;1;0;ALAMEDA DE LOS BOBOS CDRA. 01;CDRA. 01;-12.03389105;-77.0258339565766;DESPEJADO;NO IDENTIFICA LA CAUSA;;;CAIDA DE PASAJERO CON FUGA
A-2022-05-197;23/05/2022;23:00;ATROPELLO;;1;0;AV. VICTOR MALASQUEZ;ALTURA DE IEP SANTA ANGELA;-12.10123477;-76.87805603670515;DESPEJADO;NO IDENTIFICA LA CAUSA;;;NO INDICA INFORMACIÓN DE PERSONA FALLECIDA
A-2022-05-198;01/05/2022;14:00;CHOQUE;POR ALCANCE;2;0;CARRETERA PANAMERICANA NORTE KM. 275 500;;-10.21200346;-78.04846020880257;DESPEJADO;NO IDENTIFICA LA CAUSA;;;PENDIENTE DE DETERMINAR LA CAUSA
A-2022-05-199;03/05/2022;14:00;DESPISTE;CHOQUE, VOLCADURA;1;0;CARRETERA PENETRACIÓN SANTA - CHUQUICARA KM.20 100;;-8.832204318;-78.55520393642605;DESPEJADO;IMPRUDENCIA DEL CONDUCTOR;CONDUCIR EN ESTADO DE EBRIEDAD Y/O DROGADICCIÓN;;PENDIENTE DE DETERMINAR LA CAUSA
A-2022-05-2;01/05/2022;02:10;DESPISTE;;1;0;C.P.SUR EN EL KM 295- ALTURA DEL CAMBIO DE MACACONA;;-14.014031;-75.763981;DESPEJADO;NO IDENTIFICA LA CAUSA;;;
A-2022-05-20;06/05/2022;02:50;DESPISTE;Y VOLCADURA;1;0;CARRETERA PUNO-DESAGUADERO KM 1461 200;-;-16.25634107;-69.29767010067168;DESPEJADO;IMPRUDENCIA DEL CONDUCTOR;EXCESO DE VELOCIDAD;;
A-2022-05-200;06/05/2022;15:05;ATROPELLO FUGA;;1;0;CARRETERA PANAMERICANA NORTE INTERSECCIÓN CON EL JR. INDEPEDENCIA;;-9.116425371;-78.54427763687636;DESPEJADO;NO IDENTIFICA LA CAUSA;;;PENDIENTE DE DETERMINAR LA CAUSA
A-2022-05-201;28/05/2022;03:30;CHOQUE FUGA;;1;0;CARRETERA PANAMERICANA NORTE KM. 425 200;;-9.132806;-78.526513;DESPEJADO;NO IDENTIFICA LA CAUSA;;;PENDIENTE DE DETERMINAR LA CAUSA.
A-2022-05-202;02/05/2022;05:56;ATROPELLO;-;1;0;PAN. SUR KM 59.00 ;FABRICA DE HIELO MOTOR REFRIGERACIÓN INDUSTRIAL;-12.478985;-76.74743;DESPEJADO;NO IDENTIFICA LA CAUSA;;;
A-2022-05-203;02/05/2022;15:30;ATROPELLO;-;1;0;AV. TOMAS VALLE CDRA 17;TIENDA LIBRIMA.PE;-12.012219;-77.078756795;DESPEJADO;NO IDENTIFICA LA CAUSA;;;
A-2022-05-204;02/05/2022;15:55;DESPISTE;VOLADURA Y CAÍDA DE PASAJERO;1;0;AV. HUANCARAY ;FRENTE AL INMUEBLE MZD LT 14  ASOCIACIÓN EL TRÉBOL ;-12.040892;-76.961945;DESPEJADO;NO IDENTIFICA LA CAUSA;;;
A-2022-05-205;02/05/2022;19:30;CHOQUE;VOLADURA Y CAÍDA ;1;0;AV. AURELIO MIRO QUESADA CDRA 8;INTERSECCIÓN CON DEL CAMPO ;-12.098821;-76.046904;DESPEJADO;NO IDENTIFICA LA CAUSA;;;
A-2022-05-206;06/05/2022;13:00;ATROPELLO;-;1;0;AV PACHACUTEC CDRA 01;ALT. ARCO PORTÓN ;-11.932928;-76.9689526;SOLEADO;NO IDENTIFICA LA CAUSA;;;
A-2022-05-207;06/05/2022;20:16;ATROPELLO;VOLVADURA Y CAÍDA ;1;0;AV. PERÚ CDRA 21 ;ALT. RESTAURANT KENTUCKY FRIEND CHIKEN;-12.0317643;-77.06835133;DESPEJADO;NO IDENTIFICA LA CAUSA;;;
A-2022-05-208;07/05/2022;04:30;ATROPELLO FUGA;-;1;0;AV. JAVIER PRADO CDRA 34;ALT. PARADERO JOCKEY PLAZA ;-12.083798;-76.980095;DESPEJADO;NO IDENTIFICA LA CAUSA;;;
A-2022-05-209;08/05/2022;12:45;ATROPELLO FUGA;CHOQUE ;1;0;AV. TUPAC AMARU KM. 8500;ALT. POLITÉCNICO CARLOS CUETO FERNANDINI;-11.964631;-77.055373;DESPEJADO;NO IDENTIFICA LA CAUSA;;;
A-2022-05-210;08/05/2022;02:30;ATROPELLO;-;1;0;AV.CANADA CDRA 09;ALT ENTRE LA AV. CANADÁ Y AV. SANTA CATALINA;-12.081611;-77.017685;DESPEJADO;NO IDENTIFICA LA CAUSA;;;
A-2022-05-211;09/05/2022;01:30;CHOQUE FUGA;;1;1;CARRETERA PAN. SUR KM. 47.300;-;-12.386021;-76.769327;DESPEJADO;NO IDENTIFICA LA CAUSA;;;
A-2022-05-212;22/05/2022;11:10;VOLCADURA;VOLCADURA CON CONSECUENCIA FATAL;1;0;AV. TACNA S/N CHUQUIBAMBILLA;DISTRITO DE CHUQUIBAMBILLA;-14.10356582;-72.7059108655267;;;;;
A-2022-05-213;12/05/2022;22:46;ATROPELLO;-;1;0;AV. CANTO GRANDE CDRA 26 URB. SANTA ELIZABETH ;-;-11.984402;-77.015373;;;;;
A-2022-05-214;31/05/2022;05:00;DESPISTE;;2;5;CARRETERA HUANUCO . YARUMAYO;;-9.978249;-76.438632;NIEBLA;INFRAESTRUCTURA Y ENTORNO VIAL;FACTOR AMBIENTAL;;S/O
A-2022-05-215;13/05/2022;05:30;ATROPELLO;-;1;0;AV. LA PAZ ;ALT. DEL INMUEBLE MZ. B LT 19;-12.0193984;-76.9187015;;;;;
A-2022-05-216;23/05/2022;21:15;CHOQUE;;1;1;CARRETERA AMBO HUANUCO;;-10.090184;-76.217113;DESPEJADO;IMPRUDENCIA DEL CONDUCTOR;CONDUCIR EN ESTADO DE EBRIEDAD Y/O DROGADICCIÓN;;S/O
A-2022-05-217;07/05/2022;12:00;CHOQUE;CHOQUE, VOLCADURA Y CAÍDA;1;0;JIRON 28 DE JULIO CON JIRON MANCO CAPAC ;;-8.389178562;-74.54242312760691;DESPEJADO;IMPRUDENCIA DEL CONDUCTOR;OTRO (IMPRUDENCIA DEL CONDUCTOR);AL NO D AR PREFERENCIA DE PASO AL VEHICULO MENOR TRIMOVIL DE PASAJEROS;EL CONDUCTOR DE LA UT1 CONDUCIA BAJO LA INFLUENCIA DE ALCOHOL EN PROPORCION DE 0.17 G/L.
A-2022-05-218;27/05/2022;04:00;ATROPELLO FUGA;EL PEATÓN SE ENCONTRABA SOBRE LA ZONA DE TIERRA OESTE DE LA CARRETERA PANAMERICANA NORTE, A LA ALTURA DEL SERPENTÍN DE PASAMAYO, EN ESAS CIRCUNSTANCIAS ES ATROPELLADO POR UN VEHÍCULO QUE SE DA A LA FUGA;1;0;CARRETERA PANAMERICANA NORTE - SERPENTIN DE PASAMAYO;KM. 22.126.50;-11.61655;-77.22741;DESPEJADO;NO IDENTIFICA LA CAUSA;;;FISCALIA