COD_ACCIDE;FechaDelAccidente;HoraDelAccidente;ClaseDelAccidente;SecuenciaAccidente;CantidadDeFallecidos;CantidadDeLesionados;Direccion;LugarReferencia;y;x;CondClimatica;CausaFactorPrincipal;CausaEspecifica;OtraCausa;Observaciones
A-2022-05-219;30/05/2022;14:00;VOLCADURA;ACCIDENTE DE TRÁNSITO ESPECIAL – VOLCADURA, SEGUIDO DE ATROPELLO POR APLASTAMIENTO, CON CONSECUENCIA DE MUERTE Y DAÑOS MATERIALES;1;0;INTERIOR DEL FUNDO SAN ROBERTO – SECTOR DE LA GANADERÍA MILKYWAY S.A.C. EN LA ZONA DE DESCARGA DE ALIMENTOS PARA GANADO – IRRIGACIÓN SANTA ROSA – SAYÁN - HUAURA – LIMA;IRRIGACIÓN SANTA ROSA;-11.20374994;-77.3721384542548;DESPEJADO;IMPRUDENCIA DEL CONDUCTOR;OTRO (IMPRUDENCIA DEL CONDUCTOR);ESTACIONAR EN UN LUGAR NO ADECUADO;NINGUNA
A-2022-05-220;04/05/2022;20:48;ATROPELLO;;1;0;AV REPUBLICA DE PANAMA CRUCE CON CALLE TECERA ;;-12.05331667;-77.1339958472227;DESPEJADO;NEGLIGENCIA DEL CONDUCTOR;OTRO (NEGLIGENCIA DEL CONDUCTOR);MANIOBRAS TEMERARIAS;SE REMITIO A FISCALIA
A-2022-05-221;31/05/2022;21:00;DESPISTE;VOLCADURA, PRECIPITACIÓN ;1;1;CARRETERA C.P. RACCOYA - C.P. TACU;;-14.006451;-73.957043;DESPEJADO;IMPRUDENCIA DEL CONDUCTOR;OTRO (IMPRUDENCIA DEL CONDUCTOR);EXCESO DE CONFIANZA;
A-2022-05-222;01/05/2022;17:00;DESPISTE;VOLCADURA;1;3;CARRETERA CONCEPCIÓN AYACUCHO;KM 64 820;-13.34226175;-74.17256924;DESPEJADO;NEGLIGENCIA DEL CONDUCTOR;OTRO (NEGLIGENCIA DEL CONDUCTOR);ACCIÓN NEGLIGENTE DEL CONDUCTOR;
A-2022-05-223;04/05/2022;15:30;ATROPELLO;;1;0;VIA PRIVADA DE ACCESO A LA CANTERA DE LA EMPRESA BIRRAK;;-11.9031767;-77.130385417;DESPEJADO;IMPRUDENCIA DEL CONDUCTOR;FATIGA Y/O CANSANCIO;;NINGUNA
A-2022-05-224;02/05/2022;01:15;DESPISTE;VOLCADURA, CAIDA;1;0;CARRETERA MARGINAL ALTURA CP CHAVINI CERRO VERDE;CP CHAVINI CERRO VERDE;-11.81547835;-74.31420486382191;;;;;
A-2022-05-226;03/05/2022;01:20;DESPISTE;VOLCADURA;1;1;CARRETERA MARGINAL ALTURA KM. 124;SECTOR VAQUERIA;-10.9939447;-75.31311423121596;;;;;
A-2022-05-228;11/05/2022;03:00;DESPISTE;VOLCADURA;1;2;KM 258 420;SANDIA HACIA SAN JUAN DEL ORO;-14.24076169;-69.15695065487148;DESPEJADO;IMPRUDENCIA DEL CONDUCTOR;INVASIÓN DE CARRIL;;NINGUNA 
A-2022-05-229;12/05/2022;21:00;DESPISTE;VOLCADURA Y FUGA;1;3;CARRETERA MARGINAL KM. 114 150;ANEXO VAQUERIA;-10.99535598;-75.31456226825117;;;;;
A-2022-05-230;19/05/2022;12:30;CHOQUE;DESPISTE VOLCADURA ;2;1;AV. FERNANDO BELAUNDE TERRY SECTOR VISTA ALEGRE;ALTURA VDE LA PANADERIA VILLA RICA;-10.74271515;-75.28161434092334;;;;;
A-2022-05-231;20/05/2022;20:00;DESPISTE;;1;0;CENTRO POBLADO VILLA REAL ;VILLA REAL ;-11.21295336;-74.66224878398413;;;;;
A-2022-05-232;01/05/2022;22:59;ATROPELLO FUGA;;1;0;CARRETERA CENTRAL HUANCAYO - AYACUCHO KM. 135 ;;-12.154393;-75.217452;DESPEJADO;IMPRUDENCIA DEL CONDUCTOR;EXCESO DE VELOCIDAD;;
A-2022-05-233;13/05/2022;14:50;DESPISTE;;3;3;CARRETERA CENTRAL LA OROYA - HUANCAYO KM. 102 100;;-11.94605731;-75.328205332467;DESPEJADO;IMPRUDENCIA DEL CONDUCTOR;CONDUCIR EN ESTADO DE EBRIEDAD Y/O DROGADICCIÓN;;
A-2022-05-234;28/05/2022;18:20;DESPISTE;VOLCADURA , CAIDA, ATROPELLO Y FUGA;1;0;CARRETRA MARGINAL VAQUERIA;AL FRONTIS DEL HOSPEDAJE LA HERMOSA;-10.99935704;-75.3138467117064;;;;;
A-2022-05-235;29/05/2022;05:30;ATROPELLO FUGA;--------;1;0;CARRETERA MARGINAL MAZAMARI A SATIPO;ALTURA DEL GRAS EL CHUNCHITO LOS LIBERTADORES;-11.31635351;-74.54050887410403;;;;;
A-2022-05-236;15/05/2022;20:20;ATROPELLO FUGA;EL VEHÍCULO EN PROCESO DE IDENTIFICACIÓN, CIRCULABA POR LA CALZADA ESTE DE LA CARRETERA PANAMERICANA NORTE, EN SENTIDO DE SUR A NORTE, AL LLEGAR  AL KM. 81, OCURRE EL EVENTO DE TRÁNSITO.;1;0;CARRETERA PANAMERICANA NORTE;KM. 81;-11.57892;-77.2619;DESPEJADO;IMPRUDENCIA DEL PEATÓN;ESTADO DE EBRIEDAD Y/O DROGADICCIÓN;;NINGUNA
A-2022-05-238;02/05/2022;06:20;VOLCADURA;CHOQUE, DESPISTE, ATROPELLO Y FUGA;2;0;ANTIGUA CARRETERA PANAMERICANA SUR ALTURA DEL KILOMETRO 201;-;-13.461462;-76.136362;DESPEJADO;IMPRUDENCIA DEL CONDUCTOR;OTRO (IMPRUDENCIA DEL CONDUCTOR);INGRESAR A LA CALZADA SIN ANTES HABER EVALUADO LA EXISTENCIA DE VEHICULOS ;
A-2022-05-239;26/05/2022;23:00;CHOQUE CON OBJETO FIJO;VOLCADURA;1;0;CARRETERA TROCHA CARROZABLE AL CENTRO POBLADO VIÑA VIEJA ;FUNDO BRAMAR;-13.483962;-76.033743;DESPEJADO;IMPRUDENCIA DEL CONDUCTOR;CONDUCIR EN ESTADO DE EBRIEDAD Y/O DROGADICCIÓN;;
A-2022-05-24;08/05/2022;13:15;CHOQUE FUGA;-;1;0;CARRETERA PUNO-MAÑAZO KM 26 800;-;-15.7650464;-70.25579796032056;DESPEJADO;IMPRUDENCIA DEL CONDUCTOR;CONDUCIR EN SENTIDO CONTRARIO;;
A-2022-05-240;29/05/2022;05:00;CHOQUE;VOLCADURA, ATROPELLO;1;1;ANTIGUA CARRETERA PANAMERICANA SUR ALTURA DEL KILOMETRO 199;INTERSECCIÓN CON AVENIDA PROGRESO;-13.43475528;-76.13456720527745;DESPEJADO;NEGLIGENCIA DEL CONDUCTOR;OTRO (NEGLIGENCIA DEL CONDUCTOR);INGRESAR A LA CALZADA ESTANDO EN SEMAFORO EN LUZ ROJA;
A-2022-05-241;20/05/2022;18:30;ATROPELLO;;1;0;CARRETERA CENTRAL MARGEN DERECHA KM. 105;;-11.96522756;-75.30833759209574;DESPEJADO;IMPRUDENCIA DEL CONDUCTOR;OTRO (IMPRUDENCIA DEL CONDUCTOR);;NINGUNO
A-2022-05-242;09/05/2022;17:30;CHOQUE;FATAL;1;0;CARRETERA SULLANA TAMBOGRANDE;ALTURA DE LA EMPRESA PROANCO;-4.91345341;-80.6721137886538;DESPEJADO;IMPRUDENCIA DEL CONDUCTOR;NO DAR PASO PREFERENTE AL PEATÓN;;S/O
A-2022-05-243;09/05/2022;22:20;CHOQUE;FATAL;1;0;CARRETERA SULLANA TAMBOGRANDE;ALTURA DEL GRIFO;-4.916179204;-80.66409399576936;DESPEJADO;IMPRUDENCIA DEL CONDUCTOR;OTRO (IMPRUDENCIA DEL CONDUCTOR);IMPRUDENCIA DEL CONDUCTOR DE LA TRIMOVIL;S/O
A-2022-05-244;16/05/2022;19:00;ATROPELLO;FATAL;1;0;CARRETERA SULLANA PIURA;ALTURA DEL KM 1021;-5.016998967;-80.70028238695588;DESPEJADO;IMPRUDENCIA DEL PEATÓN;ESTADO DE EBRIEDAD Y/O DROGADICCIÓN;;S/O
A-2022-05-245;22/05/2022;08:30;CHOQUE;FATAL;1;0;CARRETERA TAMBOGRANDE LAS LOMAS;ALTURA DEL KM 1083 700 CRUCETA;-4.562178544;-80.48681071173851;DESPEJADO;IMPRUDENCIA DEL CONDUCTOR;OTRO (IMPRUDENCIA DEL CONDUCTOR);IMPRUDENCIA DEL CONDUCTOR DE LA MOTOCICLETA;S/O
A-2022-05-246;22/05/2022;12:00;DESPISTE;FATAL;1;0;TROCHA CARROSABLE INMEDIACONES DEL CANAL SANIEL ESCOBAR;BELLAVISTA;-4.781;-80.536;DESPEJADO;IMPRUDENCIA DEL CONDUCTOR;OTRO (IMPRUDENCIA DEL CONDUCTOR);IMPRUDENCIA DEL CONDUCTOR;S/O
A-2022-05-247;26/05/2022;06:00;CHOQUE;FATAL;1;0;CARRETERA SULLANA TALARA;ALTURA DEL KM 8;-4.85772185;-80.73245275661782;DESPEJADO;IMPRUDENCIA DEL CONDUCTOR;INVASIÓN DE CARRIL;;INVASION DEL CARRIL DE LA UT1
A-2022-05-248;13/05/2022;15:20;DESPISTE;EL VEHÍCULO MAQUINARIA AMARILLA CARGADOR FRONTAL, SE DESPLAZABA EN SENTIDO DE OESTE A ESTE, AL LLEGAR A LA ZONA DEL ACCIDENTE, SE DESPITA TOTALMENTE DE LA PORCIÓN CIRCULABLE.;1;1;CAMINO VECINAL DE PENETRACIÓN AMBAR - CENTRO POBLADO TAMBOM - JALCAN;KM. 02.184.90;-10.75023592;-77.26211927017157;DESPEJADO;IMPERICIA DEL CONDUCTOR;;;NINGUNA
A-2022-05-249;01/05/2022;05:50;ATROPELLO FUGA;EL PEATÓN CRUZABA LA CARRETERA PANAMERICANA NORTE, ALTURA DEL KM. 156.450, EN SENTIDO DE ESTE A OESTE, HASTA POISICIONARSE SOBRE EL CARRIL IZQUIERDO, ES IMPACTADO POR EL VEHÍCULO FUGADO;1;0;CARRETERA PANAMERICANA NORTE;KM. 156.450;-11.0422;-77.58955;DESPEJADO;IMPRUDENCIA DEL PEATÓN;ESTADO DE EBRIEDAD Y/O DROGADICCIÓN;;NINGUNA
A-2022-05-25;02/05/2022;16:00;CAÍDA DE PASAJERO;-;1;0;CARRETERA DE PENETRACION A PUEMAPE ALTURA DEL KM. 0.6;-;-7.451538;-79.505745;DESPEJADO;NO IDENTIFICA LA CAUSA;;;DISPOSICION DE ABSTENCION DE EJERCITAR ACCION PENAL, DE LA FISCALIA PROVINCIAL MIXTA CORPORATIVA DE PACASMAYO: DISPONIENDO ABSTENERSE DE EJERCITAR ACCION PENAL CONTRA EDWIN ROMMEL DIAZ CASTILLO POR LA COMISION DEL DELITO CONTRA LA VIDA, EL CUERPO Y LA SALUD EN LA MODALIDAD DE HOMICIDIO CULPOSO EN AGRAVIO DE FREDY ARCE ACOSTA, ORDENANDOSE EL ARCHIVO DEFINITIVO DE TODOS LOS ACTUADOS UNA VEZ CONSENTIDA Y/O RECURRIDA QUE SEA LA PRESENTE DISPOSICION.
A-2022-05-250;07/05/2022;00:00;DESPISTE;EL VEHÍCULO CATG. L3, MOTOCICLETA DE PLACA DE RODAJE W1-1455, SE DESPLAZABA EN SENTIDO DE OESTE A ESTE, POR LA CARRETERA DE PENETRACIÓN HUAURA - OYÓN, AL LLEGAR AL KM.123.630.20, SE DESPISTA, CHOCANDO CON UN MURO DE CONTESIÓN;1;0;CARRETERA DE PENETRACIÓN HUAURA - OYÓN;KM. 123.630.20;-10.68747102;-76.80911596481312;DESPEJADO;IMPRUDENCIA DEL CONDUCTOR;EXCESO DE VELOCIDAD;;NINGUNA
A-2022-05-251;24/05/2022;06:50;ESPECIAL;COMPRESIÓN DE OCUPANTE;1;0;JIRON ANDRES AVELINO CÁCERES;CDRA. 5;-11.102276;-77.597754;DESPEJADO;NO IDENTIFICA LA CAUSA;;;EN LA FISCALÍA
A-2022-05-252;22/05/2022;19:30;CHOQUE;VOLCADURA, CAIDA;1;0;CARRETERA CENTRAL KM 62 100;SECTOR TUNES HUAYANIOC;-11.27715336;-75.56268806467526;DESPEJADO;IMPRUDENCIA DEL CONDUCTOR;EXCESO DE VELOCIDAD;;
A-2022-05-253;26/05/2022;19:40;CAÍDA DE PASAJERO;CAIDA DE OCUPANTE;1;0;TROCHA CARROZABLE MARCAVALLE - PATALA;LUGAR DENOMINANDO CUCHIMACHAY;-12.1989197;-75.07859247916672;DESPEJADO;IMPRUDENCIA DEL CONDUCTOR;CONDUCIR EN ESTADO DE EBRIEDAD Y/O DROGADICCIÓN;;NINGUNO
A-2022-05-254;25/05/2022;02:15;ATROPELLO FUGA;EL PEATÓN CRUZABA EN SENTIDO DE ESTE A OESTE LA CALZADA OESTE DE LA CARRETERA PANAMERICANA NORTE, KM. 75.800, AL POSICIONARSE SOBRE EL CARRIL DERECHO OCURRE EL ACCIDENTE DE TRÁNSITO;1;0;CARRETERA PANAMERICANA NORTE;KM. 75.800, ALTURA DEL GRIFO AGUKI;-11.61153;-77.23506;DESPEJADO;NO IDENTIFICA LA CAUSA;;;INFORME EN LA FISCALÍA
A-2022-05-255;06/05/2022;16:25;DESPISTE;VOLCADURA;1;1;KILÓMETRO 12 CARRETERA INTEROCEÁNICA PUERTO MALDONADO CUSCO ;REFERENCIA PUENTE EL CASTAÑAL;-12.63835396;-69.2594289613153;;;;;
A-2022-05-256;06/05/2022;23:25;CHOQUE;VOLCADURA;1;0;AV. LA JOYA MZ. A LOTE 06 ;FRONTIS DE LA FERRETERIA HERCAV - PUERTO MALDONADO.;-12.60033;-69.204274;;;;;
A-2022-05-257;14/05/2022;12:30;ATROPELLO;-;1;0;AV. BENAVIDES ALTURA DE LA CDRA 38;-;-12.1283137;-76.9951014;;;;;
A-2022-05-258;15/05/2022;20:20;CHOQUE;-;1;1;AV. ESCUELA MILITAR ALT. VILLA MILITAR ESTE;-;-12.160096;-77.018885;;;;;
A-2022-05-259;16/05/2022;10:20;CHOQUE;-;1;0;AV. SANTA MARIA Y AV. ALAMEDA PRINCIPAL;-;-11.8436756;-77.0425209;;;;;
A-2022-05-26;03/05/2022;00:05;CHOQUE;-;1;1;CARRETERA PANAMERICANA NORTE ALTURA DEL KM. 615.5;OVALO CHOCOPE;-7.791920467;-79.21250134887943;DESPEJADO;NO IDENTIFICA LA CAUSA;;;
A-2022-05-260;18/05/2022;05:40;ATROPELLO FUGA;-;1;0;AV. SANTA ROSA DE LIMA .;-;-11.97259;-76.99189;;;;;
A-2022-05-261;22/05/2022;10:00;DESPISTE;-;1;0;AV UNIVERSITARIA CDRA 64;-;-11.9472089;-77.06073543;;;;;
A-2022-05-262;23/05/2022;19:30;ATROPELLO;-;1;0;AV. LAS PALMERAS CON JR. LOS EUCALIPTOS;-;-11.9769816;-77.0724298;;;;;
A-2022-05-263;24/05/2022;05:40;CHOQUE FUGA;-;1;0;AV. NICOLAS DE PIEROLA CDRA 6;.;-12.03114766;-76.8921089147878;;;;;
A-2022-05-264;26/05/2022;09:50;CHOQUE;-;1;0;AV. JOSE CARLOS MARIATEGUI ;-;-11.963306;-77.008072;;;;;
A-2022-05-265;27/05/2022;06:15;CHOQUE FUGA;-;1;1;AV LA UNIÓN - COOPERATIVA AMERICA;--;-12.18605;-76.97927;;;;;
A-2022-05-266;28/05/2022;16:40;CHOQUE;-;1;0;ANTIGUA PANAMERICANA SUR;-;-12.27257;-76.873766;;;;;
A-2022-05-267;30/05/2022;05:30;CHOQUE FUGA;-;1;0;ANTIGUA PNAMERICANA SUR KM 32;-;-12.2535;-76.9012;;;;;
A-2022-05-268;31/05/2022;13:00;ATROPELLO;-;1;0;AV. CANTA CALLAO MZ C ALTURA DE LA CALLE 7;-;-11.933205;-77.080474;;;;;
A-2022-05-269;26/05/2022;06:30;CHOQUE;CHOQUE ;1;0;AV. MARISCAL TITO. ALTURA DEL PUENTE PÈATONAL MODELO ARCO - AH . LA PRIMAVERA ;CASTILLA ;-5.18722;-80.6098516;DESPEJADO;IMPRUDENCIA DEL CONDUCTOR;NO ESTABLECER EL DERECHO DE PASO;;
A-2022-05-27;06/05/2022;04:30;CHOQUE;;1;0;PANAMERICANA SUR KM 221;-;-13.634972;-76.152674;NIEBLA;NO IDENTIFICA LA CAUSA;;;
A-2022-05-270;08/05/2022;02:00;DESPISTE;VOCALDURA CHOQUE MUERTE;1;0;AV. QUIÑONES;FRONTIS COLEGIO CNI ;-3.7655843;-73.2715448;DESPEJADO;IMPRUDENCIA DEL CONDUCTOR;CONDUCIR EN ESTADO DE EBRIEDAD Y/O DROGADICCIÓN;;NINGUNA
A-2022-05-28;04/05/2022;06:40;ATROPELLO;-;1;0;AVENIDA VIRU CDRA. 18;FRENTE A ENCI;-8.422400143;-78.77826779271766;DESPEJADO;NO IDENTIFICA LA CAUSA;;;
A-2022-05-29;08/05/2022;02:20;DESPISTE;-;1;1;CARRETERA PANAMERICANA NORTE ALTURA DEL KM. 712;-;-7.214381;-79.429597;DESPEJADO;IMPRUDENCIA DEL CONDUCTOR;CONDUCIR EN ESTADO DE EBRIEDAD Y/O DROGADICCIÓN;;
A-2022-05-3;01/05/2022;05:15;ATROPELLO FUGA;;1;0;ANTIGUA CARRETERA PANAMERICA SUR .;LLANTERIA EL HUAYTARINO;-13.709009;-76.152234;DESPEJADO;NO IDENTIFICA LA CAUSA;;;
A-2022-05-33;05/05/2022;06:15;CHOQUE;;1;0;SECTOR DE PASÑACHANCCANA;KM.00.83;-14.869255;-71.212616;DESPEJADO;IMPRUDENCIA DEL CONDUCTOR;GIRAR IMPRUDENTEMENTE;;NINGUNA
A-2022-05-35;08/05/2022;07:45;CHOQUE CON OBJETO FIJO;;1;1;VIA LOS LIBERTADORES;CENTRO POBLADO MONTESIERPE ;-13.7184738;-75.8668238;DESPEJADO;NO IDENTIFICA LA CAUSA;;;
A-2022-05-39;12/05/2022;11:15;DESPISTE;Y VOLCADURA;1;2;CARRETERA PANAMERICA SUR PUNO-ILAVE KM 1401;ALTURA DEL CP CULTA;-16.02414613;-69.73722878919689;DESPEJADO;IMPRUDENCIA DEL CONDUCTOR;OTRO (IMPRUDENCIA DEL CONDUCTOR);EXESO DE CONFIANZA, Y DISTRACCION EN SU EJE;
A-2022-05-40;04/05/2022;11:15;ATROPELLO;.;1;0;CARRETERA DE PENETRACION DE ZARUMILLA A PAPAYAL;KM 06.4;-3.536057897;-80.23428615936854;DESPEJADO;IMPRUDENCIA DEL CONDUCTOR;OTRO (IMPRUDENCIA DEL CONDUCTOR);FALTA DE CUIDADO Y PREVENCION ;
A-2022-05-41;02/05/2022;17:10;CHOQUE;CHOQUE, VOLCADURA, DESPISTE CON SUB SECUENTE MUERTE;1;0;VIA PRINCIPAL. TERCER RAMAL EL PEDREGAL;TERCER RAMAL;-16.318779;-72.213037;DESPEJADO;NO IDENTIFICA LA CAUSA;;;ACCIDENTE DE TRANSITO CON SUB SECUENTE MUERTE, NO SE OBTUBO EL NRO DE KILOMETRO
A-2022-05-42;08/05/2022;10:00;ATROPELLO;SUBSECUENTE FATAL;1;0;JR. JOAQUIN SAAVEDRA MERINO;INTERSECCION CON LA AV. CINCUENTENARIO;-10.45445127;-76.46249945011253;SOLEADO;NO IDENTIFICA LA CAUSA;;;
A-2022-05-43;07/05/2022;04:15;DESPISTE;.;1;0;AVENIDA TUMBES ;FRENTE AL ALMACEN/ FABRICA DE COLCHONES;-3.557008664;-80.45008590612804;DESPEJADO;IMPRUDENCIA DEL CONDUCTOR;FATIGA Y/O CANSANCIO;;
A-2022-05-44;09/05/2022;18:30;CHOQUE;VOLCADURA;1;2;PANAMERICANA NORTE KM 241;.;-3.611388481;-80.50967921464728;DESPEJADO;IMPRUDENCIA DEL CONDUCTOR;GIRAR IMPRUDENTEMENTE;;
A-2022-05-47;09/05/2022;19:45;DESPISTE;.;1;0;CARRETERA DE PENETRACION DE PAPAYAL - PUEBLLO NUEVO KM 22.9;PUENTE Y QUEBRADA ALGARROBA.;-3.628754926;-80.19432755788802;DESPEJADO;IMPRUDENCIA DEL CONDUCTOR;CONDUCIR EN ESTADO DE EBRIEDAD Y/O DROGADICCIÓN;;
A-2022-05-48;13/05/2022;18:30;CHOQUE;-;2;0;CARRETERA MAZOCRUZ-CAPAZO KM 207;ALTURA DEL SECTOR YUSTA;-16.90780929;-69.70675279593272;DESPEJADO;IMPRUDENCIA DEL CONDUCTOR;CONDUCIR EN SENTIDO CONTRARIO;;
A-2022-05-50;03/05/2022;23:00;CHOQUE;CHOQUE, VOLCADURA FATAL;1;0;CARRATERA PANAMERICA SUR KM.912;KM. 912;-16.369883;-72.167225;DESPEJADO;NO IDENTIFICA LA CAUSA;;;SIN OBSERVACIONES
A-2022-05-51;13/05/2022;04:00;DESPISTE;VOLCADURA;1;0;VIA TROCHA LLUMPA - CASERIO CHUCLLUSH;;-8.954780825;-77.36403224784864;SOLEADO;IMPRUDENCIA DEL CONDUCTOR;FATIGA Y/O CANSANCIO;;NINGUNA
A-2022-05-52;04/05/2022;06:20;DESPISTE;DESPISTE, CHOQUE Y VOLCADURA ;1;2;CARRETERA AREQUIPA - JULIACA KM.123;KM.123;-16.045963;-71.325300°;DESPEJADO;NO IDENTIFICA LA CAUSA;;;SIN OBSERVACIONES
A-2022-05-53;04/05/2022;17:40;ATROPELLO;ATROPELLO FATAL;1;0;AV. AMAZONAS/CALLE JOSE CARLOS MARIATEGUI;CAMPO DEPORTIVO JOSE OLAYA;-16.34696;-71.545261;DESPEJADO;NO IDENTIFICA LA CAUSA;;;SIN OBSERVACIONES
A-2022-05-54;05/05/2022;10:00;ATROPELLO FUGA;ATROPELLO Y FUGA CON SUB SECUENTE MUERTE;1;0;AV. EE.UU MZ-X LT-14;FRONTIS PIZZERIA PRESTO;-16.429616;-71.526843;DESPEJADO;NO IDENTIFICA LA CAUSA;;;SIN OBSERVACIONES
A-2022-05-55;07/05/2022;22:40;ATROPELLO;ATROPELLO FATAL;1;0;CARRETERA AREQUIPA YURA KM.16.300;KM.16.300;-16.295182;-71.629422;DESPEJADO;NO IDENTIFICA LA CAUSA;;;SIN OBSERVACIONES
A-2022-05-56;02/05/2022;23:00;DESPISTE;SEGUIDO DE VOLCADURA;2;1;LUGAR DENOMINADO PICUSH KM 460 700;CARRETERA DE PENETRACION CHIQUIAN - AQUIA;-10.13496976;-77.1566121102087;DESPEJADO;NO IDENTIFICA LA CAUSA;;;NINGUNA
A-2022-05-57;02/05/2022;07:35;ATROPELLO;;1;0;CENTRO POBLADO DE TINGUA;ALTURA DEL CENTRO DE SALUD DEL C,P TINGUA.;-9.22590221;-77.6851273339738;DESPEJADO;NO IDENTIFICA LA CAUSA;;;EN INVESTIGACION
A-2022-05-58;08/05/2022;02:45;CHOQUE CON OBJETO FIJO;SEGUIDO DE DESPISTE Y VOLCADURA;1;0;CARRETERA CENTRAL HUARAZ-CARAZ;PUENTE SAN ROQUE;-9.191041265;-77.71195251202728;DESPEJADO;NO IDENTIFICA LA CAUSA;;;NINGUNA
A-2022-05-59;16/05/2022;10:30;ATROPELLO;.;1;0;CARRETERA PANAMERICANA NORTE KM 218;FRONTIS DE LA I.E RICARDO PALMA;-3.684780266;-80.68891524247249;SOLEADO;IMPRUDENCIA DEL PEATÓN;CRUCE INDEBIDO POR LA CALZADA;;
A-2022-05-6;01/05/2022;18:47;DESPISTE;CHOQUE Y VOLCADURA;1;0;CARRETERA BINACIONAL KM 254 700;-;-16.61708505;-69.42479615457934;DESPEJADO;IMPRUDENCIA DEL CONDUCTOR;OTRO (IMPRUDENCIA DEL CONDUCTOR);REALIZAR MANIOBRAS TEMERARIAS BAJO LA INGESTA DE BEBIDAS ALCOHOLICAS;
A-2022-05-61;16/05/2022;04:00;CHOQUE;;2;0;CARRETERA PANAMERICA SUR KM 289.5;SALAS GUADALUPE ;-13.958563;-75.78566;DESPEJADO;NO IDENTIFICA LA CAUSA;;;
A-2022-05-62;08/05/2022;13:55;ATROPELLO;-;1;0;CARRETERA FBT KM 405 595;-;-5.704024;-77.594965;DESPEJADO;IMPRUDENCIA DEL PEATÓN;CRUCE INDEBIDO POR LA CALZADA;;SE INVESTIGA
A-2022-05-63;15/05/2022;19:45;VOLCADURA;INCENDIO;1;0;AV. TUPAC AMARU;REF. ICA SOCCER ;-14.077721;-75.732901;DESPEJADO;NO IDENTIFICA LA CAUSA;;;
A-2022-05-64;01/05/2022;06:30;DESPISTE;TOTAL Y VOLCADURA;1;1;CARRETERA PARCO-LIRCAY;KM. 17 100;-12.891884;-74.681556;DESPEJADO;NO IDENTIFICA LA CAUSA;;;FALTA DE DILIGENCIAS
A-2022-05-65;06/05/2022;16:33;DESPISTE;TOTAL Y VOLCADURA;4;5;CARRETERA CASTROVIRREYNA COCAS;KM. 112 450 MTS.;-13.252398;-75.359586;DESPEJADO;NO IDENTIFICA LA CAUSA;;;FALTA DE DOCUMENTOS 
A-2022-05-66;06/05/2022;18:41;ATROPELLO FUGA;VEHICULO NO IDENTIFICADO;1;0;VIA NACIONAL NAZCA - AREQUIPA. TRAMO IZCUCHACA - ANCAHUASI;COMUNIDAD ANCAHUASI;-13.459032;-72.294688;DESPEJADO;NO IDENTIFICA LA CAUSA;;;NINGUNA
A-2022-05-67;13/05/2022;13:20;ATROPELLO;;1;0;AV. ARGENTINA CDRA. 31 CALLAO FRONTIS ;MINKA ;-12.04960237;-77.11083950430451;DESPEJADO;IMPRUDENCIA DEL PEATÓN;OTRO (IMPRUDENCIA DEL PEATÓN);POR LA MINORIA DE EDAD DEL PEATON, NO ES CAPAZ DE VALORAR ADECUADAMENTE LOS RIESGOS PRESENTES Y POSIBLES QUE LE OFRECE LA VIA.;EXISTENCIA DE UN CIRCUITO SEMAFORICO A 17 METROS
A-2022-05-68;01/05/2022;10:00;DESPISTE;SEGUIDO DE CHOQUE ;1;0;INTERSECCIÓN AV. LA CULTURA/JR. CESAR VALLEJO ;MUNICIPALIDAD DE URIPA ;-13.529885;-73.674085;SOLEADO;NEGLIGENCIA DEL CONDUCTOR;CONDUCIR CON FALLAS DE FRENOS;;
A-2022-05-7;03/05/2022;09:30;CHOQUE;Y VOLCADURA;1;0;CARRETERA PUNO-DESAGUADERO  KM 1425KM ;SECTOR COPANI;-16.14748241;-69.56467858031846;;;;;
A-2022-05-72;14/05/2022;16:25;DESPISTE;VOLCADURA;9;18;CENTRO POBLADO DE PAUCAR;;-8.564146652;-77.63079332757098;NUBLADO;NO IDENTIFICA LA CAUSA;;;EN INVESTIGACION
A-2022-05-73;12/05/2022;16:30;CHOQUE;-;1;1;CARRETERA PANAMERICANA NORTE ALTURA DEL KM. 529.6;-;-8.377373;-78.860858;DESPEJADO;IMPRUDENCIA DEL CONDUCTOR;OTRO (IMPRUDENCIA DEL CONDUCTOR);DESTATENCION EN LA CONDUCCION;DESATENCION EN LA CONDUCCION
A-2022-05-74;14/05/2022;21:30;CHOQUE;-;1;0;INTERSECCION DE LA AV. FRANCISCO BOLOGENSI Y LA CALLE RICARDO PALMA;-;-8.0694;-79.034274;DESPEJADO;NO IDENTIFICA LA CAUSA;;;
A-2022-05-75;19/05/2022;13:00;CHOQUE;-;1;2;CARRETERA DE ACCESO AL CP EL TIZA;-;-8.5705627;-78.71639461497162;DESPEJADO;NO IDENTIFICA LA CAUSA;;;
A-2022-05-77;08/05/2022;16:50;DESPISTE;DESPISTE, VOLCADURA FATAL;1;2;CARRETRA YURA-HUANCA KM.15.500;SECTOR GRAMADAL;-16.239712;-71.71059;DESPEJADO;NO IDENTIFICA LA CAUSA;;;SIN OBSERVACIONES
A-2022-05-78;12/05/2022;07:15;CHOQUE;CHOQUE ;2;10;CARRETERA DE INGRESO HACIA AREQUIPA KM.14.200;KM.14.200;-16.470246;-71.692165;DESPEJADO;NO IDENTIFICA LA CAUSA;;;SIN OBSERVACIONES