COD_ACCIDE;FechaDelAccidente;HoraDelAccidente;ClaseDelAccidente;SecuenciaAccidente;CantidadDeFallecidos;CantidadDeLesionados;Direccion;LugarReferencia;y;x;CondClimatica;CausaFactorPrincipal;CausaEspecifica;OtraCausa;Observaciones
A-2022-05-79;13/05/2022;18:13;ATROPELLO;ATROPELLO CON PROYECCIÓN SUB SECUENTE MUERTE;1;1;CARRETERA PANAMERICANA SUR KM.967.400;FRENTE A LA TIENDA FLORES;-16.497109;-71.835723;DESPEJADO;NO IDENTIFICA LA CAUSA;;;SIN OBSERVACIONES
A-2022-05-80;17/05/2022;18:30;ATROPELLO;ATROPELLO FATAL ;1;0;CARRETERA AREQUIPA JULIACA KM.60.400;GRIFO PRIMAX;-16.25050265;-71.6779159628935;DESPEJADO;NO IDENTIFICA LA CAUSA;;;SIN OBSERVACIONES
A-2022-05-82;22/05/2022;19:20;ATROPELLO;-;1;0;CARRETERA PANAMERICANA SUR KM. 302;REF. FRONTIS DE LA CLINICA SAN VICENTE ;-14.07072167;-75.73888862919776;DESPEJADO;NO IDENTIFICA LA CAUSA;;;
A-2022-05-83;24/04/2022;22:30;CAÍDA DE PASAJERO;CAIDA DE PASAJERO ;1;0;CARRETERA DE PENETRACION PIURA HUANCABAMBA ;KM 199  0;-5.21389;-80.0906;DESPEJADO;NO IDENTIFICA LA CAUSA;;;
A-2022-05-84;21/05/2022;20:00;ATROPELLO;CON PROYECCION;1;0;CARRETERA PANAMERICA SUR PUNO-DESAGUADERO KM 1436 500;ALTURA DE LA COMUNIDAD RIO SALADO;-16.21831026;-69.49077599235127;DESPEJADO;IMPRUDENCIA DEL PEATÓN;CRUCE INDEBIDO POR LA CALZADA;;
A-2022-05-85;23/05/2022;02:30;DESPISTE;Y VOLCADURA;2;4;CARRETERA PANAMERICA SUR PUNO-DESAGUADERO KM 1475 135;ALTURA DE LA COMUNIDAD JAQUEHUAYTAHUI;-16.357683;-69.234044;DESPEJADO;IMPRUDENCIA DEL CONDUCTOR;FATIGA Y/O CANSANCIO;;
A-2022-05-91;09/05/2022;03:00;CHOQUE;CHOQUE POR ALCANCE, CON SUBSECUENTE VOLCADURA CAIDA Y DESPISTE SEGUIDO DE CHOQUE POR EMBISTE ;1;3;CARRETERA PIURA CATACAOS ;ALTURA DEL HOSPEDAJE BUNGALOWS ;-5.278817372;-80.68013765709854;DESPEJADO;NO IDENTIFICA LA CAUSA;;;
A-2022-05-92;25/05/2022;06:00;DESPISTE;VOLCADURA Y CAIDA DE CONDUCTOR;1;0;KM. 5.900 VIA LOS LIBERTADORES ;-;-13.68224006;-76.10700038200025;DESPEJADO;IMPRUDENCIA DEL CONDUCTOR;EXCESO DE VELOCIDAD;;
A-2022-05-93;23/05/2022;18:30;CHOQUE FUGA;-;1;1;AV. MIGUEL GRAU Y CALLE TUPAC AMARU ;DISTRITO DE PARCONA ;-14.04632;-75.698566;DESPEJADO;NO IDENTIFICA LA CAUSA;;;
A-2022-05-94;25/05/2022;19:40;CHOQUE;VOLCADURA, CAIDA Y APLASTAMIENTO ;1;0;CARRETERA DE ACCESO A SARAMARCA - PALPA KM. 2.500;-;-14.537617;-75.162942;DESPEJADO;IMPRUDENCIA DEL CONDUCTOR;INVASIÓN DE CARRIL;;
A-2022-05-99;18/05/2022;08:00;CHOQUE;CHOQUE, VOLCADURA Y APLASTAMIENTO;2;0;VÍA DE EVITAMIENTO/JIRÓN ARICA;INTERSECCIÓN VIA DE EVITAMIENTO/JIRÓN CUSCO;-16.40056361;-71.58423260368195;DESPEJADO;NO IDENTIFICA LA CAUSA;;;SIN OBSERVACIONES
A-2022-06-10;05/06/2022;22:18;CHOQUE;-;1;0;CARRETERA PANAMERICA SUR PUNO- DESAGUADERO;A 2 KM DEL PEAJE ILAVE;-16.07493851;-69.6652400814053;DESPEJADO;IMPRUDENCIA DEL CONDUCTOR;INVASIÓN DE CARRIL;;
A-2022-06-100;21/06/2022;21:50;ATROPELLO;;1;0;ANTIGUA CARRETERA PANAMERICANA SUR KM 229.;FRENTE  DEL AMAUTA ;-13.711096;-76.152763;DESPEJADO;NO IDENTIFICA LA CAUSA;;;
A-2022-06-101;24/06/2022;01:20;ATROPELLO FUGA;;1;0;CARRETERA PANAMERICANA SUR KM 290-GUADALUPE;3RA ENTRADA DE LA EXPANCION URBANA ;-13.971264;-75.77885;NIEBLA;NO IDENTIFICA LA CAUSA;;;
A-2022-06-102;23/06/2022;01:30;DESPISTE;-;1;1;AV. LAS AMERICAS - PISCO;A DOS CUADRAS DEL MEGA PLAZA ( CURVA PELIGROSA);-13.717682;-76.194882;DESPEJADO;NO IDENTIFICA LA CAUSA;;;
A-2022-06-103;25/06/2022;23:15;ATROPELLO FUGA;-;1;0;CARRETERA VIA LOS LIBERTADORES KM.10;II.EE. SAN JOSE DE CONDO N°22728;-13.683217;-76.064119;DESPEJADO;NO IDENTIFICA LA CAUSA;;;
A-2022-06-104;28/06/2022;19:23;DESPISTE;-;1;0;AV. PROLG. LUIS JERONIMO DE CABRERA ;REF. COCA COLA;-14.08007;-75.721941;DESPEJADO;NO IDENTIFICA LA CAUSA;;;
A-2022-06-105;03/06/2022;16:40;DESPISTE;VOLCDURA;1;0;KM 7 500;SECTOR YANACCAJA;-14.57764323;-70.29668030476903;DESPEJADO;INFRAESTRUCTURA Y ENTORNO VIAL;SUPERFICIE DETERIORADA;;NINGUNA
A-2022-06-106;16/06/2022;16:00;CHOQUE;CHOQUE POSTERIOR EXCENTRICO DERECHO;1;3;AV. CELESTINO VARGAS;CALLE TACNA;-18.00233367;-70.23126589798524;DESPEJADO;IMPRUDENCIA DEL CONDUCTOR;EXCESO DE VELOCIDAD;;NINGUNA
A-2022-06-107;18/06/2022;04:30;CHOQUE;CHOQUE POR ALCANCE;1;0;AV. INDUSTRIAL ;GRIFO PETRO PERU;-17.99720725;-70.24022663662474;DESPEJADO;IMPRUDENCIA DEL CONDUCTOR;CONDUCIR EN ESTADO DE EBRIEDAD Y/O DROGADICCIÓN;;NINGUNA
A-2022-06-108;17/06/2022;17:50;CHOQUE;CHOQUE FRONTAL;1;0;CARRETERA PANAMERICANA SUR KM. 1295   540;;-17.85870664;-70.23456561578813;DESPEJADO;IMPRUDENCIA DEL CONDUCTOR;CONDUCIR EN SENTIDO CONTRARIO;;NINGUNA
A-2022-06-109;19/06/2022;04:35;ATROPELLO FUGA;ATROPELLO Y FUGA CON CONSECUENCIA FATAL;1;0;CARRETERA DE ACCESO A LOS PALOS;ASOC. CRISTO REY;-18.21716227;-70.41215051585328;DESPEJADO;IMPRUDENCIA DEL PEATÓN;ESTADO DE EBRIEDAD Y/O DROGADICCIÓN;;NINGUNA
A-2022-06-11;07/06/2022;17:50;CHOQUE;POR ALCANCE;1;0;CARRETERA PANAMERICANA SUR KM 1349 50;ALTURA DE LA COMUNIDAD HUERTA HUARAYA;-15.78164454;-70.03232718002589;DESPEJADO;IMPRUDENCIA DEL CONDUCTOR;OTRO (IMPRUDENCIA DEL CONDUCTOR);DESPLAZAR EL VEHICULO MENOR (TRICICLO) POR ZONA RESTRIGIDA;
A-2022-06-110;25/06/2022;18:20;CHOQUE;CHOQUE POR EMBISTE;1;0;CARRETERA PANAMERICANA SUR KM. 1261   500;INGRESO AL DISTRITO DE SAMA LAS YARAS;-17.83875662;-70.52637650366653;DESPEJADO;IMPRUDENCIA DEL CONDUCTOR;NO ESTABLECER EL DERECHO DE PASO;;NINGUNA
A-2022-06-111;25/06/2022;19:56;CHOQUE;CHOQUE POR EMBISTE CON RESULTADO FATAL;1;0;AV. LOS POETAS CON CALLE LOS MUSICOS;CKP AUTOMOTRIZ;-18.04112443;-70.26041407300062;NUBLADO;IMPRUDENCIA DEL CONDUCTOR;GIRAR IMPRUDENTEMENTE;;EL CONDUCTOR DEL MINIBUS GIRA, PERO CONTRIBUYE TAMBIEN LA VELOCIDAD DE LA MOTO Y EL ESTADO DE EBRIEDAD EN EL QUE SE ENCONTRABA.
A-2022-06-112;26/06/2022;09:45;CHOQUE;CHOQUE POR EMBISTE;1;0;AV. MUNICIPAL;ASOC. LOS CHASQUIS I ETAPA;-18.0877435;-70.27674053177542;DESPEJADO;IMPRUDENCIA DEL CONDUCTOR;GIRAR IMPRUDENTEMENTE;;NO
A-2022-06-113;30/06/2022;05:10;CHOQUE;CHOQUE POR ALCANCE;1;0;CARRETERA COSTANERA SUR KM 24 150;COMISARIA YARADA LOS PALOS;-18.17592328;-70.50039473125472;NUBLADO;IMPRUDENCIA DEL CONDUCTOR;EXCESO DE VELOCIDAD;;NO
A-2022-06-114;02/06/2022;07:30;DESPISTE;DESPISTE TOTAL;1;0;JR. SILVA CDRA. 02;;-7.630609;-78.044421;DESPEJADO;NO IDENTIFICA LA CAUSA;;;
A-2022-06-115;10/06/2022;16:30;ATROPELLO FUGA;PROYECCION;1;0;KM 4 650;SECTOR HUAYLLARAYA;-15.17442026;-69.85716288307462;DESPEJADO;NO IDENTIFICA LA CAUSA;;;NINGUNA
A-2022-06-116;11/06/2022;03:00;DESPISTE;-;1;3;KM 281 650;-;-13.7297195;-70.4624681;DESPEJADO;INFRAESTRUCTURA Y ENTORNO VIAL;OTRO (INFRAESTRUCTURA Y ENTORNO VIAL);FALLA MECANICA;NINGUNA
A-2022-06-117;15/06/2022;15:00;DESPISTE;;1;1;KM 9 880 DE LA CARRETERA ASCENDENTE SANTA CRUZ - SAUCEPAMPA;;-6.6888736;-78.91984762;DESPEJADO;NO IDENTIFICA LA CAUSA;;;
A-2022-06-118;21/06/2022;08:30;VOLCADURA;VOLCADURA EN TONEL IZQUIERDO 1/1;1;0;JR. PUEBLO NUEVO S/N CARRETERA CHILETE . CONTUMAZA. ALTURA DEL KM 148 40;;-7.226389;-78.838611;DESPEJADO;NO IDENTIFICA LA CAUSA;;;
A-2022-06-119;24/06/2022;06:00;ATROPELLO;;1;0;TROCHA CARROZABLE DEL CENTRO POBLADO  CASHAPAMPA - CAJAMARCA;;-7.21902332;-78.48628345;DESPEJADO;NO IDENTIFICA LA CAUSA;;;
A-2022-06-12;08/06/2022;14:00;VOLCADURA;-;1;0;CARRETERA ALTO JAYLLIHUAYA ;PARADERO Nº 017;-15.8843;-69.972199;DESPEJADO;IMPRUDENCIA DEL CONDUCTOR;EXCESO DE VELOCIDAD;;
A-2022-06-120;21/06/2022;13:00;DESPISTE;;4;0;KM.17 700 DE LA CARRETERA QUE CONDUCE DE HUAMBOS A QUEROCOTO;;-6.40471946;-79.04229594;DESPEJADO;NO IDENTIFICA LA CAUSA;;;
A-2022-06-121;25/06/2022;18:00;DESPISTE;;1;0;KM 110 DE LA CARRETERA CELENDIN - BALSAS;;-6.88766667;-78.11678167;DESPEJADO;NO IDENTIFICA LA CAUSA;;;
A-2022-06-14;11/06/2022;16:10;ATROPELLO;FATAL;1;0;CARRETERA CHECA MAZOCRUZ KM 01 115;DESVIO CORARACA;-16.098931;-69.637053;;;;;
A-2022-06-140;15/06/2022;18:45;CHOQUE;;1;4;CARRETERA PIURA - CHICLAYO ;ALTURA DEL KM 928-PARACHIQUE;-5.78526;-80.544164;DESPEJADO;NO IDENTIFICA LA CAUSA;;;
A-2022-06-141;19/06/2022;07:40;DESPISTE;CONSECUENTE DE MUERTE, LESIONADOS Y DAÑOS MATERIALES.;2;2;KM. 122.250 PATIVILCA - CAJATAMBO;ALTURA DEL CENTRO POBLADO LLOCCHI;-10.46418417;-77.07241705154529;DESPEJADO;NO IDENTIFICA LA CAUSA;;;SE INVESTIGA
A-2022-06-142;26/06/2022;21:10;CHOQUE;CON CONSECUENCIA DE MUERTE;1;0;KM. 02.400  CARRETERA PATIVILCA HUARAZ;ALTURA DEL CENTRO POBLADO LAMPAY;-10.64214973;-77.80167817048151;DESPEJADO;NO IDENTIFICA LA CAUSA;;;
A-2022-06-143;19/06/2022;20:30;CHOQUE;VEHICULO MOTOCICLETA SE DESPLAZABA POR LA CALZADA EN CIRCUSNTANCIAS QUE IMPACTA CON EL LATERAL DEL DEL CONSUCTOR DEL VEHICULO MOTOCILCETA, MATERIALIZANDOSE EL EVENTO VEHICULO MOTOCICLETA ;1;0;CARRETERA KITENI - KEPASHIATO;ALTURA DE LA VIVIENDA DE LA PERSONA  DE EUGENIA TONTOCHI QUISPE;-12.64902105;-73.0487232648291;DESPEJADO;IMPRUDENCIA DEL CONDUCTOR;OTRO (IMPRUDENCIA DEL CONDUCTOR);INVASION DE SENDERO;NINGUNA
A-2022-06-144;21/06/2022;07:00;DESPISTE;SIMPLE - DESPISTE Y VOLCADURA ;1;0;CARRETERA CENTRO POBLADO TIERRA COLORADA - PACAIPAMPA.  SECTOR TINGO ;SECTOR TINGO ;-5.021568;-79.734421;DESPEJADO;IMPRUDENCIA DEL CONDUCTOR;FATIGA Y/O CANSANCIO;;
A-2022-06-145;14/06/2022;05:30;CHOQUE;MULTIPLE - CHOQUE POR ALCANCE ;1;0;CARRETERA PIURA - CHULUCANAS ;ALTURA DEL RECREO TURISTICO RIOSOL;-5.115703;-80.172681;;;;;
A-2022-06-146;27/06/2022;06:50;DESPISTE;-;1;0;CARRETERA MORROPE;-;-6.648391;-79.942871;DESPEJADO;NO IDENTIFICA LA CAUSA;;;SE INVESTIGA
A-2022-06-147;29/06/2022;23:20;CHOQUE;-;1;2;ALTURA CASERIO MARAVILLAS MOCHUMI;-;-6.542156;-79.870673;DESPEJADO;NO IDENTIFICA LA CAUSA;;;SE INVESTIGA
A-2022-06-148;20/06/2022;20:00;DESPISTE;MIXTO - DESPISTE, CHOQUE Y VOLCADURA ;1;6;CARRETERA HUALAPAMPA BAJA - HUARMACA ;ALTURA DEL KM 03;-5.787842;-79.445615;DESPEJADO;IMPRUDENCIA DEL CONDUCTOR;FATIGA Y/O CANSANCIO;;
A-2022-06-149;23/06/2022;06:30;DESPISTE;DESPISTE Y CHOQUE ;1;1;CARRETERA PANAMERICANA NORTE. ALTURA DEL KM 972 100 CASERIO NUEVO SAN ANTONIO ;CASERIO NUEVO SAN ANTONIO ;-5.394321105;-80.6138139425431;DESPEJADO;NO IDENTIFICA LA CAUSA;;;
A-2022-06-150;23/06/2022;13:30;CHOQUE;MULTIPLE - CHOQUE ;1;0;CARRETERA PIURA - LA LEGUA ;ALTURA DEL RESTARURANTE LA RUMBA ;-5.208412;-80.649925;DESPEJADO;NO IDENTIFICA LA CAUSA;;;
A-2022-06-151;24/06/2022;05:45;DESPISTE;DESPISTE Y VOLCADURA CON SUBSECUENTE APLASTAMIENTO ;1;1;CARRETERA QUE UNE LOS CASERIOS ALTO EL GALLO Y VEGA HONDA ;;-5.240558;-80.21436;DESPEJADO;NO IDENTIFICA LA CAUSA;;;
A-2022-06-152;26/06/2022;17:00;ESPECIAL;ACCIDENTE ESPECIAL ;1;0;CIRCUITO MOTOCROSS CARLOS VILELA RUESTA ;;-5.063142;-80.145299;DESPEJADO;NO IDENTIFICA LA CAUSA;;;
A-2022-06-16;05/06/2022;03:40;CHOQUE CON OBJETO FIJO;CHOQUE Y VOLCADURA;1;0;CALLE 2 DE MAYO 5TA CUADRA;FRONTIS DE LA MUNICIPALIDAD DE LA JOYA;-16.4229103;-71.8180602;DESPEJADO;NO IDENTIFICA LA CAUSA;;;SIN OBSERVACIONES
A-2022-06-163;05/06/2022;16:00;CHOQUE;CHOQUE VOLCADURA Y CAIDA;1;1;CARRETERA TRANSVERSAL RUTA PE 18A;PUENTE CAYUMBA;-9.496673;-75.95111;NUBLADO;IMPRUDENCIA DEL CONDUCTOR;EXCESO DE VELOCIDAD;;NINGUNA 
A-2022-06-164;09/06/2022;19:10;CHOQUE;-;1;1;CARRETERA A AL MORADA;SECTOR BADEN;-8.753582;-76.264304;DESPEJADO;IMPRUDENCIA DEL CONDUCTOR;EXCESO DE VELOCIDAD;;NINGUNA
A-2022-06-168;22/06/2022;21:29;CHOQUE;MULTIPLE- CHOQUE POR EMBISTE SEGUIDO DE VOLCADURA;1;0;AV. BRASIL CON LA AV. ARGENTINA - SECHURA ;DISTRITO DE SECHURA ;-5.567854323;-80.8144296580371;DESPEJADO;IMPRUDENCIA DEL CONDUCTOR;OTRO (IMPRUDENCIA DEL CONDUCTOR);EXESO DE CONFIANZA ;
A-2022-06-169;20/06/2022;12:40;DESPISTE;VOLCADURA;1;3;KM 02 985;PUCARA CHIJNAYA;-15.03270523;-70.38025257163025;DESPEJADO;IMPERICIA DEL CONDUCTOR;;;NINGUNA
A-2022-06-17;07/06/2022;02:20;CHOQUE CON OBJETO FIJO;CHOQUE FATAL;1;1;VARIANTE DE UCHUMAYO KM.1.5;ALTURA DE LA EMPRESA NICOLL PERU;-16.408497;-71.559893;DESPEJADO;NO IDENTIFICA LA CAUSA;;;SI OBSERVACIONES
A-2022-06-170;27/06/2022;04:30;DESPISTE;VOLCADURA;1;0;KM 208 150;SECTOR LAGUNILLAS;-15.6880311;-70.8102044;DESPEJADO;IMPRUDENCIA DEL CONDUCTOR;EXCESO DE VELOCIDAD;;NINGUNA
A-2022-06-172;07/06/2022;03:45;CHOQUE;POR ALCANCE;3;1;CARRETERA PANAMERICANA NORTE KM. 343 800;;-9.730268;-78.263684;DESPEJADO;NO IDENTIFICA LA CAUSA;;;PENDIENTE DE DETERMINAR LA CAUSA.
A-2022-06-173;18/06/2022;06:45;CHOQUE;;2;0;CARRETERA PANAMERICANA NORTE KM. 367;;-9.537932193;-78.27469914507645;DESPEJADO;NO IDENTIFICA LA CAUSA;;;PENDIENTE DE DETERMINAR LA CAUSA.
A-2022-06-175;29/06/2022;17:00;DESPISTE;DESPISTE CON CONSECUENCIA FATAL;1;1;COMUNICAD DE MUTCA - SECTOR PUMAHUACHO;DISTRITO CHAPIMARCA;-13.99683936;-73.08757276189921;;;;;
A-2022-06-176;06/06/2022;09:51;VOLCADURA;DESPISTE Y BOLCADURA CON CONSECUENCIA FATAL;2;0;KM. 1 CARRETERA CHUQUIBAMBILLA VILCABAMBA;CHUQUIBAMBILLA VILCABAMBA;-14.0820984;-72.61768348431015;;;;;
A-2022-06-177;15/06/2022;09:45;CHOQUE;;3;2;CARRETERA CENTRAL SAN RAFAEL - LIMA;;-10.348741;-76.181179;SOLEADO;IMPRUDENCIA DEL CONDUCTOR;INVASIÓN DE CARRIL;;S/O
A-2022-06-179;30/06/2022;17:10;CHOQUE;-;1;2;CARRETERA SAN IGNACIO - NAMBALLE;-;-5.100353;-79.0455366;DESPEJADO;NO IDENTIFICA LA CAUSA;;;
A-2022-06-18;07/06/2022;03:45;CHOQUE;-;1;1;INTERSECCION DE LA AV. METROPOLITANA I Y AV. NICOLAS DE PIEROLA;-;-8.091642;-79.040555;DESPEJADO;IMPRUDENCIA DEL CONDUCTOR;DESACATO DE SEÑAL DE TRÁNSITO;;
A-2022-06-180;19/06/2022;05:30;DESPISTE;;1;0;CARRETRA PANAOCOCHA UMARI;;-9.904127;-76.005707;DESPEJADO;IMPRUDENCIA DEL CONDUCTOR;EXCESO DE VELOCIDAD;;S/O
A-2022-06-181;14/06/2022;14:00;ATROPELLO;ATROPELLO CON APLASTAMIENTO;1;0;COMUNIDAD NATIVA PUERTO FIRMEZA;;-8.25444;-74.659979;SOLEADO;IMPRUDENCIA DEL PEATÓN;OTRO (IMPRUDENCIA DEL PEATÓN);HACER MAL USO DE LA VIA;EL PEATON MOMENTOS PREVIO AL EVENTO DE TRANSITO, HACIA USO DE LA VIA BAJO LA INFLUENCIA DEL ALCOHOL EN PROPORCION DE DOS GRAMOS, CINCUENTA CENTIGRAMOS (2.50 G/L), CONFORME AL CERTIFICADO DE DOSAJE ETILICO N° 0066-000205
A-2022-06-182;25/06/2022;23:50;CHOQUE;CHOQUE FRONTAL EXCENTRICO IZQUIERDO;1;0;CARRETERA FEDERICO BASADRE KM. 11.200;;-8.40348;-74.625249;DESPEJADO;IMPRUDENCIA DEL CONDUCTOR;CONDUCIR EN SENTIDO CONTRARIO;;EL VEHICULO MENOR (U52628) CONDUCIA SU VEHICULO EN SENTIDO CONTRARIO AL TRANSITO VEHICULAR , ADEMAS, ESTE SE ENCONTRABA CON SUS FACULTADES PROLONGADAS AL ESTIMULO POR LA INGESTA DE BEBIDAS ALCOHOLICAS EN PROPORCION A 2.50 G/L. DE ALCOHOL EN LA SANGRE.
A-2022-06-183;24/06/2022;17:30;ATROPELLO;;1;0;JR. JULIO C.T PARQUE HOSPITAL;HOSPITAL HUANTA;-12.93499336;-74.24935113;DESPEJADO;IMPRUDENCIA DEL CONDUCTOR;OTRO (IMPRUDENCIA DEL CONDUCTOR);NO INDICA;CAUSA CONTRIBUTIVA, IMPRUDENCIA DEL PEATÓN.
A-2022-06-187;17/06/2022;14:15;ATROPELLO;;1;0;CARRETERA VINCHOS - VIA LIBERTADORES;POSTE DE ALUMBRADO 1193002;-13.245492;-74.357465;NUBLADO;IMPRUDENCIA DEL CONDUCTOR;EXCESO DE VELOCIDAD;;
A-2022-06-188;30/06/2022;06:46;ATROPELLO FUGA;;1;0;CARRETERA PANAMERICANA NORTE KM 44 300;ALT DE CIUDAD PYME;-11.77073628;-77.15902010039257;DESPEJADO;NO IDENTIFICA LA CAUSA;;;
A-2022-06-189;30/06/2022;01:00;ATROPELLO FUGA;;1;0;PANAMERICANA SUR KM 25.800;-;-12.254755;-76.924147;DESPEJADO;NO IDENTIFICA LA CAUSA;;;
A-2022-06-19;08/06/2022;08:00;ATROPELLO;-;1;0;INTERSECCION DE LA AV. AMERICA SUR Y LA CALLE ABRAHAM LINCOLN;-;-8.12523;-79.025426;DESPEJADO;NO IDENTIFICA LA CAUSA;;;
A-2022-06-190;30/06/2022;00:50;ATROPELLO FUGA;;1;0;CIRCUITO DE PLAYA BAJADA BALTA;ALTURA DEL CLUB WAYKIKI;-12.12724476;-77.03710906091183;DESPEJADO;NO IDENTIFICA LA CAUSA;;;
A-2022-06-191;28/06/2022;05:48;ATROPELLO FUGA;;1;0;PANAMERICANA SUR KM 25.00;ALT PTE SAN LUIS;-12.25033138;-76.93051276432485;DESPEJADO;NO IDENTIFICA LA CAUSA;;;
A-2022-06-192;28/06/2022;13:45;DESPISTE;CHOQUE Y ATROPELLO;2;2;INTERSECCIÓN DE LA AV EL SOL Y LA ANTIGUA PANAMERICANA SUR ;-;-12.22223132;-76.97444197707152;DESPEJADO;NO IDENTIFICA LA CAUSA;;;
A-2022-06-193;27/06/2022;01:00;ATROPELLO FUGA;;1;0;AV RAMIRO PRIALE ;ALTURA DEL PEAJE DE RAMIRO PRIALE;-12.03186857;-76.98848593151921;DESPEJADO;NO IDENTIFICA LA CAUSA;;;
A-2022-06-194;27/06/2022;02:00;DESPISTE;VOLCADURA Y CAIDA;1;0;CARRETERA CENTRAL KM 23;ALT DEL PARADERO LAS CUMBRES ;-11.97842791;-76.78207926382203;DESPEJADO;NO IDENTIFICA LA CAUSA;;;
A-2022-06-195;27/06/2022;03:40;DESPISTE;CAIDA Y VOLCADURA;1;1;AV ANGAMOS ESTE ;ALT DE LA CDRA 27 DE ANGAMOS;-12.11140347;-76.99590301513672;DESPEJADO;NO IDENTIFICA LA CAUSA;;;
A-2022-06-196;26/06/2022;18:45;ATROPELLO;;1;0;PANAMERICANA SUR KM 13.500;ALT DEL PTE PEATONAL UNAMARCA;-12.17522594;-76.97774592276338;DESPEJADO;NO IDENTIFICA LA CAUSA;;;
A-2022-06-197;04/06/2022;22:30;DESPISTE;ATROPELLO, CHOQUE;1;0;CARRETERA AYACUCHO - HUANTA (TOTORILLO);GRIFO - TOTORILLO;-13.13727664;-74.21051279;DESPEJADO;IMPRUDENCIA DEL CONDUCTOR;EXCESO DE VELOCIDAD;;CONTRIBUTIVO CONSUMO DE ALCOHOL
A-2022-06-198;25/06/2022;12:00;ATROPELLO;;1;0;AV LOS ANGELES CDRA 18;FRENTE AL INMUEBLE MZ O LT 32;-12.03489155;-76.93168221232975;DESPEJADO;NO IDENTIFICA LA CAUSA;;;
A-2022-06-199;21/06/2022;00:30;ATROPELLO FUGA;;1;0;CARRETERA PANAMERICANA SUR KM 11.00;-;-12.14478;-76.98172;DESPEJADO;NO IDENTIFICA LA CAUSA;;;
A-2022-06-20;08/06/2022;15:40;DESPISTE;-;1;0;CARRETERA PANAMERICANA NORTE ALTURA DEL KM. 652;-;-7.574973071;-79.3699211119346;DESPEJADO;NO IDENTIFICA LA CAUSA;;;
A-2022-06-200;21/06/2022;06:40;DESPISTE;ATROPELLO;1;0;AV DOS DE OCTUBRE;ALT DE LA MZ H LT 08 AA.HH LOS OLIVOS;-11.94995812;-77.0840424083373;DESPEJADO;NO IDENTIFICA LA CAUSA;;;
A-2022-06-201;21/06/2022;15:50;CHOQUE;CAIDA DE PASAJERO, VOLCADURA, APLASTAMIENTO Y FUGA;1;4;AV HUANDOY CON LA AV A;ALT I.E 3040 - 20 DE ABRIL;-11.96255867;-77.08060381638019;DESPEJADO;NO IDENTIFICA LA CAUSA;;;
A-2022-06-202;19/06/2022;22:50;ATROPELLO FUGA;;1;0;CARRETERA PANAMERICANA NORTE KM 33 300;ALT DEL MERCADO 3 REGIONES;-11.84885964;-77.09430987844938;DESPEJADO;NO IDENTIFICA LA CAUSA;;;
A-2022-06-203;19/06/2022;06:00;ATROPELLO FUGA;;1;0;INTERSECCION CONFORMADA POR AV BAUZATE Y MEZQA Y AV LUNA PIZARRO;;-12.06442255;-77.02776426791546;DESPEJADO;NO IDENTIFICA LA CAUSA;;;
A-2022-06-204;19/06/2022;03:00;ATROPELLO FUGA;;1;0;AUTOPISTA RAMIRO PRIALE KM 7.5;;-12.0212975;-76.92534142797355;DESPEJADO;NO IDENTIFICA LA CAUSA;;;
A-2022-06-205;18/06/2022;09:00;ATROPELLO;;1;0;AV EDUARDO  DE HABICH CDRA 01;ALT POLLERIA LAS CANASTAS;-12.0244298;-77.05142673371772;DESPEJADO;NO IDENTIFICA LA CAUSA;;;
A-2022-06-206;18/06/2022;06:15;CHOQUE;;1;1;CARRETERA PANAMERICANA NORTE KM 44.500;;-11.78371369;-77.15584501205656;DESPEJADO;NO IDENTIFICA LA CAUSA;;;
A-2022-06-207;18/06/2022;20:20;ATROPELLO;;1;0;AV LOS CHANCAS FRENTE AL INMUEBLE MZ T LT2 ASOC SAN CARLOS;;-12.03615596;-76.9605749077203;DESPEJADO;NO IDENTIFICA LA CAUSA;;;
A-2022-06-208;18/06/2022;23:00;ATROPELLO;;1;0;AV LOS PROCERES ;ALT DE LA INTERSECCION  CON LA CALLE 7;-12.01603493;-76.96553167222483;DESPEJADO;NO IDENTIFICA LA CAUSA;;;
A-2022-06-209;17/06/2022;03:00;ATROPELLO;;1;0;JR PISAGUA CDRA 9;FRENTE AL INMUEBLE N°938;-12.06837271;-77.00970762382875;DESPEJADO;NO IDENTIFICA LA CAUSA;;;
A-2022-06-21;09/06/2022;17:20;ATROPELLO;-;1;0;CARRETERA PANAMERICANA NORTE ALTURA DEL KM. 522.5;-;-8.382137;-78.856709;DESPEJADO;IMPRUDENCIA DEL PEATÓN;USO DE DISPOSITIVOS MÓVILES Y/O ELECTRÓNICOS;;
A-2022-06-210;16/06/2022;09:00;ATROPELLO;;1;0;AV JUAN VELASCO ALVARADO;ALT INTERSECCIÓN CON LA AV SEPARADORA INDUSTRIAL ;-12.21726632;-76.95483501942381;DESPEJADO;NO IDENTIFICA LA CAUSA;;;