COD_ACCIDE;FechaDelAccidente;HoraDelAccidente;ClaseDelAccidente;SecuenciaAccidente;CantidadDeFallecidos;CantidadDeLesionados;Direccion;LugarReferencia;y;x;CondClimatica;CausaFactorPrincipal;CausaEspecifica;OtraCausa;Observaciones
A-2022-06-211;16/06/2022;01:30;ATROPELLO;;1;0;AV TACNA CDRA5;ALTURA DE LA AV EMANCIPACION;-12.04633395;-77.03760797824974;DESPEJADO;NO IDENTIFICA LA CAUSA;;;
A-2022-06-212;09/06/2022;15:30;CHOQUE;DESPISTE;1;1;AV MEXICO CDRA 38;-;-12.06561337;-77.00441832552427;DESPEJADO;NO IDENTIFICA LA CAUSA;;;
A-2022-06-213;07/06/2022;19:45;DESPISTE;CHOQUE, VOLCADURA Y CAIDA;1;1;AV NUEVA TOLEDO;FRONTIS DEL INMUEBLE N°144;-12.10044921;-76.79225496039615;DESPEJADO;NO IDENTIFICA LA CAUSA;;;
A-2022-06-214;06/06/2022;09:45;ATROPELLO;;1;0;AV ANDRES AVELINO CACERES ;ALT DE LA VIVIENDA MZ CY LT03/ SECTOR EL VALLE;-11.8836237;-76.95503377748341;DESPEJADO;NO IDENTIFICA LA CAUSA;;;
A-2022-06-215;05/06/2022;08:00;DESPISTE;ATROPELLO;1;1;AV TUPAC AMARU KM 17;ALTURA DEL COLEGIO CIRO ALEGRIA;-11.8809297;-77.02161;DESPEJADO;NO IDENTIFICA LA CAUSA;;;
A-2022-06-216;05/06/2022;03:00;CHOQUE;DESPISTE,VOLCADURA Y CAIDA;1;1;PROLONGACION HUAYLAS ;ALT DE LA MZ U LT 88 HUERTOS DE VILLA;-12.19590987;-77.00061983499798;DESPEJADO;NO IDENTIFICA LA CAUSA;;;
A-2022-06-217;05/06/2022;12:00;CHOQUE;;1;1;AV PEDRO RUIZ GALLO CDRA 9;FRENTE A LA EMPRESA IQ FARMA;-12.0227561;-76.91190355430972;DESPEJADO;NO IDENTIFICA LA CAUSA;;;
A-2022-06-218;03/06/2022;14:00;ATROPELLO;-;1;0;KM 1236 750;JULIACA-CUSCO;-14.9737186;-70.4617742;DESPEJADO;IMPRUDENCIA DEL CONDUCTOR;EXCESO DE VELOCIDAD;;NINGUNA 
A-2022-06-219;04/06/2022;14:20;DESPISTE;VOLCADURA ;2;1;KM 02 970;DESVIO CALAPUJA;-15.294135;-70.223175;DESPEJADO;INFRAESTRUCTURA Y ENTORNO VIAL;OTRO (INFRAESTRUCTURA Y ENTORNO VIAL);FALLA MECANICA ;NINGUNA 
A-2022-06-22;10/06/2022;01:20;CHOQUE;-;1;0;CARRETERA PANAMERICANA NORTE ALTURA DEL KM. 714;-;-7.183863;-79.43292;DESPEJADO;IMPRUDENCIA DEL CONDUCTOR;INVASIÓN DE CARRIL;;
A-2022-06-220;11/06/2022;15:30;CHOQUE;FATAL;1;0;C.P COLQUIJIRCA CARRETERA CENTRAL ;KM111 600;-10.76784963;-76.25232065922202;DESPEJADO;IMPRUDENCIA DEL CONDUCTOR;CONDUCIR EN SENTIDO CONTRARIO;;
A-2022-06-221;30/06/2022;05:30;CHOQUE;EL VEHÍCULO CATG. L3, DE PLACA 1096-9A, CIRCULABA POR LA SANTA CONSTANZA - IRRIGACIÓN SANTA ROSA, EN SENTIDO DE ESTE A OESTE, OCUPANDO EL CARRIL NORTE, AL LLEGAR AL LUGAR DEL ACCIDENTE INVADE EL CARRIL CONTRARIO IMPACTANDO CON EL N2, DE PLACA D5R-794, QUIEN SE DA A LA FUGA;1;0;CARRETERA DE PENETRACIÓN SANTA CONSTANZA - DON ALBERTO - IRRIGACIÓN SANTA ROSA;KM. 8.500;-11.25009555;-77.35747213048693;DESPEJADO;IMPRUDENCIA DEL CONDUCTOR;INVASIÓN DE CARRIL;;NINGUNO
A-2022-06-222;02/06/2022;20:10;CHOQUE;VOLCADURA Y CAIDA;1;0;CARRETERA HUACHAC - PILCOMAYO ;PARADERO PUENTE PIEDRA - CHUPACA;-12.06023;-75.30881;DESPEJADO;IMPRUDENCIA DEL CONDUCTOR;CONDUCIR EN ESTADO DE EBRIEDAD Y/O DROGADICCIÓN;;
A-2022-06-223;07/06/2022;01:30;ATROPELLO FUGA;;1;0;CARRETERA CENTRAL LIMA LA OROYA KM. 164 500;HUAYNACANCHA;-11.58366;-75.95685;DESPEJADO;NO IDENTIFICA LA CAUSA;;;
A-2022-06-224;05/06/2022;11:35;DESPISTE;VOLCADURA, CAIDA;1;6;CARRETERA TROCHA CARROZABLE SECTOR CASHAPATA;TRAMO ENTRE EL C.P CHIRAS Y HUASAHUASI;-11.26617376;-75.60367222167244;;;;;
A-2022-06-225;01/06/2022;15:30;ATROPELLO;EL VEHÍCULO CATG. L3, MOTOCICLETA, DE PLACA DE RODAJE 3152-1C, CIRCULABA EN SENTIDO DE SUR A NORTE, POR LA CARRETERA DE INGRESO LIMA - HUARAL, AL LLEGAR AL KM. 01.085, SE INTERPONE EN SU EJE DE CIRCULACIÓN LA PEATÓN;1;0;CARRETERA DE PENETRACIÓN LIMA – HUARAL;KM. 1.07;-11.59439486;-77.20144803209064;DESPEJADO;IMPRUDENCIA DEL PEATÓN;CRUCE INDEBIDO POR LA CALZADA;;NINGUNA
A-2022-06-226;18/06/2022;23:00;ATROPELLO FUGA;;1;0;AV. ORIENTE S/N ;CONCEPCION ;-11.90366654;-75.3088812826849;DESPEJADO;NO IDENTIFICA LA CAUSA;;;
A-2022-06-227;18/06/2022;20:30;ATROPELLO FUGA;;1;0;CARRETERA CENTRAL KM. 67 500;INTERSECCION DEL JIRON MANTARO Y JR. BOLOGNESI;-11.8000124;-75.543203;DESPEJADO;NO IDENTIFICA LA CAUSA;;;
A-2022-06-228;25/06/2022;08:30;DESPISTE;CHOQUE Y VOLCADURA;1;0;CARRETERA CENTRAL KM. 37 400;DISTRITO DE CANGALLO;-11.737881;-75.743432;DESPEJADO;IMPRUDENCIA DEL CONDUCTOR;CONDUCIR EN ESTADO DE EBRIEDAD Y/O DROGADICCIÓN;;
A-2022-06-229;28/06/2022;15:00;CHOQUE;;1;3;CARRETERA CENTRAL LA OROYA - HUANCAYO KM. 46 400;;-11.78715;-75.67505;DESPEJADO;IMPRUDENCIA DEL CONDUCTOR;EXCESO DE VELOCIDAD;;LA IMPRUDENCIA DEL CONDUCTOR ES DEL VEHICULO DE PLACA DE RODAJE AKY-555
A-2022-06-23;10/06/2022;07:00;DESPISTE;--;1;0;CARRETERA VIA LOS LIBERTADORES  140- HUAYTARA;;-13.562104;-75.242429;DESPEJADO;NO IDENTIFICA LA CAUSA;;;
A-2022-06-230;27/06/2022;19:00;ATROPELLO;;1;0;CARRETERA CENTRAL KM. 113;HUALHUAS;-11.982411;-75.262406;DESPEJADO;IMPRUDENCIA DEL PEATÓN;CRUCE INDEBIDO POR LA CALZADA;;
A-2022-06-231;16/06/2022;09:45;CAÍDA DE PASAJERO;---------;1;0;CARRETERA MARGINAL SUR KM 19 100;-------;-11.42430246;-74.49028730392457;;;;;
A-2022-06-232;18/06/2022;05:20;CHOQUE;----------;2;0;CARRETERA MARGINAL KM 63 620;SECTOR BAJO ALDEA;-10.89247525;-74.9201045999835;;;;;
A-2022-06-233;28/06/2022;00:40;CHOQUE;POR ALCANCE;1;0;AV. PANGOA ALTURA DE LA MZ. 44 URB. ARCOS;SAN MARTIN DE PANGOA;-11.44306384;-74.4919174674897;;;;;
A-2022-06-234;07/06/2022;06:30;CHOQUE;CHOQUE;1;0;AV.PRINCIPAL CASERIOVILLA LALEGUA;ALTURA BOTICA DE LA LEGUA;-5.231583522;-80.65791446240563;DESPEJADO;IMPRUDENCIA DEL CONDUCTOR;EXCESO DE VELOCIDAD;;
A-2022-06-235;22/06/2022;19:00;ATROPELLO FUGA;FATAL;1;0;CARRETERA BERNAL CRUCE HACIA EL CASERIO VEGA DEL CHICO;ALTURA DEL ESTADIO BERNAL;-5.44840666;-80.739346;DESPEJADO;IMPRUDENCIA DEL CONDUCTOR;EXCESO DE VELOCIDAD;;NINGUNA
A-2022-06-236;05/06/2022;19:30;DESPISTE;VOLCADURA;1;1;CARRETERA ACOBAMBA - PAUCARA;KM 8 750;-12.70278;-74.640874;DESPEJADO;NEGLIGENCIA DEL CONDUCTOR;CONDUCIR CON FALLAS DE FRENOS;;
A-2022-06-237;13/06/2022;20:00;ATROPELLO FUGA;ATROPELLO Y FUGA;1;0;CARRETERAPIURA SULLANA ;ALTURA DELPUENTE LAS MONJAS ;-5.154443;-80.694879;DESPEJADO;IMPRUDENCIA DEL CONDUCTOR;EXCESO DE VELOCIDAD;;
A-2022-06-238;06/06/2022;06:30;CHOQUE;CHOQUE POR ALCANCE;2;1;CARRETERAPIURA SULLANA ;KM 13;-5.126459;-80.700992;DESPEJADO;IMPRUDENCIA DEL CONDUCTOR;EXCESO DE VELOCIDAD;;
A-2022-06-239;29/06/2022;20:15;ATROPELLO FUGA;;1;0;CARRETERA JAUJA - ACOLLA KM. 001;SECTOR PUCHOCOCHA ;-11.77974511;-75.48229265;DESPEJADO;NO IDENTIFICA LA CAUSA;;;
A-2022-06-24;16/06/2022;06:00;ATROPELLO FUGA;-;1;0;CARRETERAYUNGUYO COPANI  ;KM. 0 500;-16.2584007;-69.08021143112062;;;;;
A-2022-06-240;26/06/2022;10:00;CHOQUE;;1;0;CARRETERA CHUPACA - CHONGOS BAJO;ALTURA DE LA LAGUNA PUSHUHUCLO;-12.10318098;-75.27531547056573;DESPEJADO;IMPRUDENCIA DEL CONDUCTOR;EXCESO DE VELOCIDAD;;NINGUNA
A-2022-06-241;11/06/2022;18:25;ATROPELLO;DESPISTE;1;0;CARRETERA PANAMERICANA SUR ALTURA KILOMETRO 178-500;-;-13.35745944;-76.21887442619116;DESPEJADO;IMPRUDENCIA DEL PEATÓN;CRUCE INDEBIDO POR LA CALZADA;;
A-2022-06-242;10/06/2022;08:35;CHOQUE;FATAL;1;0;CARRETERA SULLANA TAMBOGRANDE;FRENTE A PROANCO;-4.913425684;-80.6722321698199;DESPEJADO;IMPRUDENCIA DEL CONDUCTOR;OTRO (IMPRUDENCIA DEL CONDUCTOR);IMPRUDENCIA DEL CONDUCTOR DE LA UT1;S/O
A-2022-06-243;16/06/2022;22:00;DESPISTE;FATAL;1;0;CARRETERA SULLANA TALARA;ALTURA DEL SECTOR CAÑA BRAVA;-4.848;-80.809;DESPEJADO;EN PROCESO DE INVESTIGACIÓN;NO CUENTA CON CAUSA ESPECIFICA;;SE ESPERA EL RESULTADO DEL PROTOCOLO DE NECROPSIA
A-2022-06-244;29/06/2022;22:00;CHOQUE CON OBJETO FIJO;DESPISTE, CHOQUE Y VOLCADURA;1;0;CARRETERA AL CENTRO POBLADO LURINCHINCHA;-;-13.54089989;-76.17728956323718;DESPEJADO;NEGLIGENCIA DEL CONDUCTOR;OTRO (NEGLIGENCIA DEL CONDUCTOR);AL REALIZAR UNA CONDUCCIÓN CON SU ATENCIÓN INCOMPLETA;
A-2022-06-245;19/06/2022;03:00;DESPISTE;FATAL;1;0;CANAL NORTE;CENTRO POBLADO VISTA HONDA;-4.858;-80.719;DESPEJADO;EN PROCESO DE INVESTIGACIÓN;NO CUENTA CON CAUSA ESPECIFICA;;NO SE CUENTA CON EL PROTOCOLO DE NECROPSIA
A-2022-06-246;19/06/2022;01:30;CHOQUE FUGA;FATAL;1;0;SECTOR NEGREIROS;ALTURA DEL KM 70;-4.588342999;-81.18214129984908;DESPEJADO;EN PROCESO DE INVESTIGACIÓN;NO CUENTA CON CAUSA ESPECIFICA;;ESPERANDO LA NECROPSIA DE LEY
A-2022-06-247;21/06/2022;19:20;ATROPELLO;EL PEATÓN SE DESPLAZABA POR LA AV. PUQUIO CANO, EN SENTIDO DE OESTE A ESTE, OCUPANDO PARTE DEL CARRIL SUR, AL LLEGAR LA ZONA DEL ACCIDENTE, HACE SU CAMBIO DE DIRECCIÓN HACIA EL NORTE, INTERPONIENDOSE EN EL EJE DE CIRCULACIÓN DEL L3 DE PLACA 9311-9D;1;1;AV. PUQUIO CANO;CDRA. N° 1;-11.10017;-77.59648;DESPEJADO;IMPRUDENCIA DEL PEATÓN;CRUCE INDEBIDO POR LA CALZADA;;NINGUNA
A-2022-06-248;22/06/2022;05:30;VOLCADURA;DESPISTE;1;0;CSRRETERA CENTRAL KM 84 500;SECTOR SAN FELIX ;-11.16512293;-75.42829321203547;DESPEJADO;IMPRUDENCIA DEL CONDUCTOR;FATIGA Y/O CANSANCIO;;
A-2022-06-249;30/06/2022;01:40;ATROPELLO FUGA;CON CONSECUENCIA FATAL;1;0;CARRETERA CENTRAL LA OROYA - CERRO DE PASCO KM 85 150;ALTURA DEL KM 85 150;-10.9049875;-76.07006557262896;DESPEJADO;NO IDENTIFICA LA CAUSA;;;FALTA UNO DE LOS ELEMENTOS PARA DETERMINAR LAS CAUSAS 
A-2022-06-25;16/06/2022;11:30;ATROPELLO;CONSECUENCIA FATAL;1;0;CARRETERA PANAMERICA SUR PUNO-ILAVE;KM. 1415 500 ALTURA DEL DESVIO CHECA MAZOCRUZ;-16.09321098;-69.62685221545878;DESPEJADO;IMPRUDENCIA DEL PEATÓN;CRUCE INDEBIDO POR LA CALZADA;;
A-2022-06-250;17/06/2022;02:15;ATROPELLO;CON CONSECUENCIA FATAL;1;0;CC.CCOROYA-JUNIN A LA ALTURA DEL KM56 300 JUNIN;ALTURA DEL KM.56 300;-11.15606437;-75.98931021088528;DESPEJADO;IMPRUDENCIA DEL CONDUCTOR;OTRO (IMPRUDENCIA DEL CONDUCTOR);;CONDUCIR UN VEHICULO MOTORIZADO  SIN CONTAR CON UNA LICENCIA DE CONDUCIR
A-2022-06-251;04/06/2022;19:40;CHOQUE;;1;2;CARRETERA JAUJA - HUERTAS;COSTADO DEL CEMENTERIO DE JAUJA;-11.7702016;-75.49005898081053;DESPEJADO;IMPRUDENCIA DEL CONDUCTOR;CONDUCIR EN ESTADO DE EBRIEDAD Y/O DROGADICCIÓN;;NINGUNO
A-2022-06-252;14/06/2022;20:00;CHOQUE FUGA;VOLCADURA;2;1;KM 16.00 CARRETERA INTEROCEÁNICA SUR ;(TRAMO PUERTO MALDONADO - PLANCHÓN) ;-12.462089;-69.139226;DESPEJADO;IMPRUDENCIA DEL CONDUCTOR;EXCESO DE VELOCIDAD;;NINGUNA
A-2022-06-253;25/06/2022;16:20;CHOQUE;LATERAL IZQUIERDO POSITIVO;1;0;CARRETERA CHAMAYA- JAEN;ALTURA DEL KM.  01 528.;-6.988088404;-78.57384583881584;DESPEJADO;IMPRUDENCIA DEL CONDUCTOR;EXCESO DE VELOCIDAD;;
A-2022-06-254;20/06/2022;05:00;ATROPELLO FUGA;;1;0;CARRETERA INTERCEANICA SUR; KM 324 100;-12.884931;-70.024299;;;;;
A-2022-06-255;26/06/2022;21:15;CHOQUE;;1;0;KM. 524 250 CARRETERA INTEROCEÁNICA SUR  SECTOR LA NOVIA; (TRAMO MAVILA - ALERTA ) ;-11.811876;-69.180757;;;;;
A-2022-06-256;26/06/2022;10:00;ATROPELLO;;1;1;JR. 1RO DE MAYO CON MARIA PARADO DE BELLIDO;;-12.585664;-69.199273;;;;;
A-2022-06-257;05/06/2022;17:40;CHOQUE;VOLCADURA;1;0;AV. 15 DE AGOSTO CON JR APURIMAC.;LICORERIA QUIQUE;-12.596425;-69.194638;;;;;
A-2022-06-258;08/06/2022;19:30;ATROPELLO;EL VEHÍCULO L5, DE PLACA A8-9914, SE DESPLAZABA POR LA CARRETERA HUARAL - CHANCAY, EN SENTIDO DE OESTE A ESTE POR LA CALZADA SUR, AL LLEGAR AL KM. 05, SE INTERPONE EN SU EJE DE MARCHA UN PEATÓN.;1;0;CARRETERA HUARAL - CHANCAY;KM. 05;-11.50377423;-77.22944492817412;DESPEJADO;IMPRUDENCIA DEL PEATÓN;ESTADO DE EBRIEDAD Y/O DROGADICCIÓN;;NINGUNA
A-2022-06-259;15/06/2022;15:28;ATROPELLO;ATROPELLO CON PROYECCIÓN,  SEGUIDO DE CHOQUE POR ALCANCE CON CONSECUENCIA DE MUERTE Y DAÑOS MATERIALES, CON LA PARTICIPACIÓN DEL VEHÍCULO M1, DE PLACA B7G-556, EL PEATÓN JEAM MARCOS ROMAN NUÑEZ Y EL VEHÍCULO M1, DE PLACA BXC-086;1;0;CARRETERA PANAMERICANA NORTE;KM. 100.284.70;-11.45867904;-77.31875178714486;DESPEJADO;IMPRUDENCIA DEL PEATÓN;CRUCE INDEBIDO POR LA CALZADA;;NINGUNA
A-2022-06-260;01/06/2022;07:00;ATROPELLO;-;1;0;AV. EL TRIUNFO CDRA 1  REFERENCIA . BY PASS;-;-12.16071;-76.94065;;;;;
A-2022-06-261;01/06/2022;13:30;ATROPELLO;-;1;0;AV. JOSE GRANDA CDRA 33- SMP;-;-12.023962;-77.080476;;;;;
A-2022-06-262;01/06/2022;11:40;DESPISTE;-;1;0;AV. SALVADOR ALLENDE CON AV. EL TRIUNFO;-;-12.16705985;-76.9499128271913;;;;;
A-2022-06-263;02/06/2022;18:10;ATROPELLO;-;1;0;AV. PASTOR SEVILLA ;-;-12.19538406;-76.95906453254018;;;;;
A-2022-06-264;06/06/2022;09:15;ATROPELLO;-;1;0;AV. TOMAS MARZANO CDRA 33;-;-12.131478;-76.999405;;;;;
A-2022-06-265;27/06/2022;18:00;DESPISTE;PRECIPITACION Y VOLCADURA;1;2;CARRETERA TIOPAMPA - LUCANAMARCA;KM 09 360;-13.7773757;-74.3259621976569;DESPEJADO;NEGLIGENCIA DEL CONDUCTOR;CONDUCIR CON FALLAS DE FRENOS;;VELOCIDAD ESCESIVA ORIGINADA POR EL TIPO DE VIA
A-2022-06-28;18/06/2022;08:40;ATROPELLO;CONSECUENCIA FATAL;1;0;CARRETERA CHEC MAZOCRUZ;COMUNIDAD DE TUITIRE;-16.2790519;-69.685407;DESPEJADO;IMPRUDENCIA DEL PEATÓN;CRUCE INDEBIDO POR LA CALZADA;;
A-2022-06-29;05/06/2022;04:50;ATROPELLO FUGA;CON CONSECUENCIA FATAL;1;0;CARRETERA HUARAZ - CARAZ KM 578 550;ALTURA DEL GRIFO EL SOL;-9.413827339;-77.56467275113332;DESPEJADO;IMPRUDENCIA DEL PEATÓN;CRUCE INDEBIDO POR LA CALZADA;;SE INVESTIGA
A-2022-06-3;03/06/2022;22:30;ATROPELLO FUGA;-;1;0;CARRETERA LAMPA GRANDE - CHALLACOLLO KM 02 300;ALTURA DEL CP. LAMPA GRANDRE;-16.31973;-69.289562;DESPEJADO;NO IDENTIFICA LA CAUSA;;;
A-2022-06-30;08/06/2022;18:20;DESPISTE;VOLCADURA;1;10;CARRETERA POMABAMBA - PAROBAMBA;;-8.706511334;-77.49953307562446;DESPEJADO;NO IDENTIFICA LA CAUSA;;;SE INVESTIGA
A-2022-06-32;11/06/2022;21:30;DESPISTE;VOLCADURA;2;21;CARRETERA PATIVILCA - HUARAZ KM 101;CENTRO POBLADO DE MAYORARCA;-10.1557814;-77.35437200219378;DESPEJADO;NO IDENTIFICA LA CAUSA;;;SE INVESTIGA
A-2022-06-33;04/06/2022;23:30;CHOQUE;CHOQUE FRONTAL CON CONSECUENCIA FATAL;1;1;CARRETERA COSTANERA SUR KM. 39 900;BOCA DEL RIO ;-18.16691804;-70.6537413023782;DESPEJADO;IMPRUDENCIA DEL CONDUCTOR;CONDUCIR EN ESTADO DE EBRIEDAD Y/O DROGADICCIÓN;;NINGUNA
A-2022-06-34;12/06/2022;16:30;CHOQUE;CON CAIDA DE PASAJEROS;1;1;CALLE SEBASTIAN BARRANCA CON CALLE FERMIN TANGUIS. ICA;ESPALDA DE LA II.EE NUESTRA SEÑORA DE LAS MERCEDES;-14.06444539;-75.73683108491699;DESPEJADO;NO IDENTIFICA LA CAUSA;;;
A-2022-06-35;20/06/2022;20:23;DESPISTE;;1;0;AV. TUPAC AMARU;REF. POLLERIA EL CORRALITO;-14.069268;-75.735427;DESPEJADO;NO IDENTIFICA LA CAUSA;;;
A-2022-06-37;06/06/2022;06:45;CHOQUE;DESPISTE;1;1;CARRETERA PANAMERICANA NORTE KM 149.1;;-4.100702562;-81.02849897588948;DESPEJADO;IMPRUDENCIA DEL CONDUCTOR;CONDUCIR EN SENTIDO CONTRARIO;;
A-2022-06-38;05/06/2022;18:20;ATROPELLO FUGA;ATROPELLO POR APLASTAMIENTO  Y FUGA;1;1;AV. PAISAJISTA KM. 4-B;FRENTE AL GRIFO REPSOL (PARQUE SOL Y LUNA);-16.460249;-71.556444;DESPEJADO;NO IDENTIFICA LA CAUSA;;;SIN OBSERVACIONES
A-2022-06-39;19/06/2022;07:20;CHOQUE;-;1;1;CARRETERA FBT KM 457 750;PUENTE RIO NEGRO;-5.999937;-77.264614;DESPEJADO;IMPRUDENCIA DEL CONDUCTOR;INVASIÓN DE CARRIL;;
A-2022-06-4;04/06/2022;22:40;CHOQUE;POR ALCANCE;1;0;CARRETERA PANAMERICA SUR KM 1495;-;-16.4883216;-69.11035532776755;NUBLADO;IMPRUDENCIA DEL CONDUCTOR;FRENAR INTEMPESTIVAMENTE;;
A-2022-06-40;03/06/2022;20:40;ATROPELLO;ATROPELLO ;1;0;AVENIDA CIRCUNVALACIÓN ALTURA DEL DREN DE PARQUE CELESTE ;;-5.19449;-80.63282;DESPEJADO;NO IDENTIFICA LA CAUSA;;;
A-2022-06-41;23/06/2022;06:19;CHOQUE;FRONTAL;1;0;VÍA CHASQUI-CACHIPUCARA. ;KM 6;-16.098306;-69.547939;DESPEJADO;IMPRUDENCIA DEL CONDUCTOR;CONDUCIR EN SENTIDO CONTRARIO;;
A-2022-06-44;12/06/2022;04:00;CHOQUE;CHOQUE FATAL, LESIONES Y DAÑOS MATERIALES;3;9;CARRETERA AREQUIPA-JULIACA KM.136.500;KM.136.500;-15.9879738;-71.2530199;DESPEJADO;NO IDENTIFICA LA CAUSA;;;SIN OBSERVACIONES
A-2022-06-45;12/06/2022;09:35;ATROPELLO;ATROPELLO FATAL;1;0;AV. PERU CUADRA 1;ALTURA DEL BANCO E LA NACION;-16.427276;-71.533219;SOLEADO;NO IDENTIFICA LA CAUSA;;;SIN OBSERVACIONES
A-2022-06-46;17/06/2022;01:55;ATROPELLO FUGA;ATROPELLO Y FUGA FATAL;1;0;VARIANTE DE UCHUMAYO SUR KM.6;KM.6;-16.4076046;-71.6069105;DESPEJADO;NO IDENTIFICA LA CAUSA;;;SIN OBSERVACIONES
A-2022-06-47;19/06/2022;03:30;ATROPELLO FUGA;ATROPELLO Y FUGA FATAL;1;0;URB. VILLA DEL VALLE ;ALTURA DEL INMUEBLE B-20 COCACHACRA;-17.09097401;-71.774955;DESPEJADO;NO IDENTIFICA LA CAUSA;;;SIN OBSRVACIONES
A-2022-06-48;21/06/2022;14:00;CHOQUE;;1;0;AV. REPUBLICA DEL PERU/AV. RAMÓN CASTILLA;INTSERSECCION DE AMBAS AVENIDAS;-16.393908;-71.570324;SOLEADO;NO IDENTIFICA LA CAUSA;;;SIN OBSERVACIONES
A-2022-06-49;15/06/2022;19:35;CAÍDA DE PASAJERO;-;1;0;AV. JOSE GABRIEL CONDORCANQUI NRO. 2428;AL COSTADO DEL GRIFO PRIMAX LOS POSTES;-8.065278;-79.051389;DESPEJADO;IMPRUDENCIA DEL CONDUCTOR;GIRAR IMPRUDENTEMENTE;;
A-2022-06-5;02/06/2022;01:50;DESPISTE;VOLCADURA;1;0;CARRETERA PANAMERICA SUR KM 245;GRANJA SANTA HELENA;-13.897395;-76.080437;NIEBLA;NO IDENTIFICA LA CAUSA;;;
A-2022-06-50;13/06/2022;20:00;DESPISTE;VEHICULO QUE SE DESPLAZABA POR LA CARRETERA  Y EN CIRCUNSTANCIAS QUE SE DESPISTA;1;0;CARRETERA  TRAMO URUBAMBA - OLLANTAYTAMBO. ALTURA DE LA COMUNIDAD  YANAHUARA;SECTOR HUASCARAY;-13.2808894;-72.2044021;DESPEJADO;IMPRUDENCIA DEL CONDUCTOR;CONDUCIR EN ESTADO DE EBRIEDAD Y/O DROGADICCIÓN;;NINGUNA
A-2022-06-51;17/06/2022;09:40;CHOQUE;-;1;0;AV. JOSE GABRIEL CONDORCANQUI S/N;A 30 METRO DEL MONUMENTO CONSTRUIDO - OBELISCO;-8.051105;-79.056524;DESPEJADO;IMPRUDENCIA DEL CONDUCTOR;OTRO (IMPRUDENCIA DEL CONDUCTOR);DESATENCION EN LA CONDUCCION;
A-2022-06-52;19/06/2022;03:30;CHOQUE;-;1;0;CARRETERA PANAMERICANA NORTE ALTURA DEL KM. 499;-;-8.500596;-78.69027;DESPEJADO;NO IDENTIFICA LA CAUSA;;;
A-2022-06-53;19/06/2022;21:00;CHOQUE;-;1;0;CARRETERA PANAMERICANA NORTE ALTURA DEL KM. 700;-;-7.250215;-79.479839;DESPEJADO;IMPRUDENCIA DEL CONDUCTOR;CONDUCIR EN SENTIDO CONTRARIO;;
A-2022-06-54;05/06/2022;05:00;DESPISTE;VEHICULO QUE INCIA SU DESPISTE VOLCADOSE EN TONEL DERECHOEN TONEL DERE;1;0;CARRETERA ESPINAR - CCOPORAQUE;PUENTE DEL DIABLO;-14.4813;-71.2655;DESPEJADO;IMPRUDENCIA DEL CONDUCTOR;EXCESO DE VELOCIDAD;;NINGUNA
A-2022-06-55;18/06/2022;12:30;CHOQUE;LA  UT1, SE DETUVO CIRCUNSTANCIAS EN EL QUE FUE ADELANTADO POR LA UT2, MATERIALIZANDOSE EL IMPACTO;1;0;CARRETERA CUSCO- URUBAMBA;CENTRO POBLADO QUERAPATA;-13.3871105;-72.054058087631;DESPEJADO;IMPRUDENCIA DEL CONDUCTOR;GIRAR IMPRUDENTEMENTE;;NINGUNA
A-2022-06-56;18/06/2022;09:00;ATROPELLO;VEHICULO SE DESPLAZABA POR LA VIA , NO SE PERCATA LA PRESENCIA DEL EPATON MATERIALIZANDOSE EL EVENTO;1;0;CALLE TOMAS KATARI;VIA EXPRESA;-13.5356522;-71.91255119;SOLEADO;IMPRUDENCIA DEL PEATÓN;ESTADO DE EBRIEDAD Y/O DROGADICCIÓN;;NINGUNA
A-2022-06-57;07/06/2022;13:41;CHOQUE;LA UT1 SE DESPLAZABA POR EL LUGAR DE LOS HECHOS EN CINRCUNSTANCIAS QUE IMPACTA POR LA PARTE POSTERIOR DE LA UT2, MATERIALZIANDOSE EL EVENTO;1;0;CARRETERA INTEROCENANICA CUSCO PTO MALDONADO;SECTORYANAMAYO;-13.2391075;-70.7698199155;DESPEJADO;IMPRUDENCIA DEL CONDUCTOR;CONDUCIR EN ESTADO DE EBRIEDAD Y/O DROGADICCIÓN;;NINGUNA
A-2022-06-58;25/06/2022;04:20;DESPISTE;LA UT1 SE DESPLAZABA POR LA VIA EN SENTIDO DE OESTE A ESTE, CIRCUNSTANCIAS QUE SE DESPISTA IMPACTANDO CON EL POSTE DE ALUMBRADO PUBLICO MATERIALIZANDOSE EL EVENTO ;1;3;AVENIDA VIA EVITAMIENTO;PYBASS ANGOSTURA;-13.5574245;-71.861211116;DESPEJADO;IMPRUDENCIA DEL CONDUCTOR;CONDUCIR EN ESTADO DE EBRIEDAD Y/O DROGADICCIÓN;;NINGUNA
A-2022-06-59;19/06/2022;21:20;ATROPELLO;ACCIDENTE DE TRANSITO ATROPELLO;1;1;CARRETERA FBT KM 440 500;-;-5.869872;-77.343031;DESPEJADO;IMPRUDENCIA DEL PEATÓN;OTRO (IMPRUDENCIA DEL PEATÓN);ESTADO DE EBRIEDAD;