COD_ACCIDE;FechaDelAccidente;HoraDelAccidente;ClaseDelAccidente;SecuenciaAccidente;CantidadDeFallecidos;CantidadDeLesionados;Direccion;LugarReferencia;y;x;CondClimatica;CausaFactorPrincipal;CausaEspecifica;OtraCausa;Observaciones
A-2022-06-62;09/06/2022;15:00;DESPISTE;LA UT1 SE DESPLAZABAEN LINEA RECTA, AL APROXIMARSE A UNA PORCION DE CURVA, SALE DE LA CALZADA INICIANDO SU DESPISTE HACIA EL LADO DERECHO, SIENDO PROYECTADO EL CONDUCTR POR LOS ALEROS DEL PUENTE DE ALCANTARILLADO. ;1;1;CARRETERA CUSO - SAN SALVADOR;SECTOR AMARU PAMPA;-13.5019426;-71.771753315;DESPEJADO;IMPRUDENCIA DEL CONDUCTOR;EXCESO DE VELOCIDAD;;NINGUNA
A-2022-06-63;19/06/2022;09:30;ATROPELLO;LA UT1 SE DESPLAZABA POR EL AREA DE INTERSECCION EN CIRCUNSTANCIAS QUE EL PEATON SE ENCONTRABA EN LA CALZADA  TENDIDO, MATERIALIZANDOSE EL EVENTO;1;0;INTERSECION CON LA CALLE SAUCES CON CALLE LA TORRE ;NINGUNA;-13.549759;-71.870686564;DESPEJADO;NO IDENTIFICA LA CAUSA;;;NINGUNA
A-2022-06-64;26/06/2022;18:30;DESPISTE;EL VEHICULO SE DESPLAZABA POR LA CALZADA INGRESA ALA BERMA SEGUIDA IMPACTA CON LA ACERA  MATERILAIZANDOSE EL EVENTO;1;0;CARRETERA AGUAS CALIENTES - MARANGANI;COMUNIDAD MAMUERA;-14.395139;-71.134351;DESPEJADO;IMPRUDENCIA DEL CONDUCTOR;CONDUCIR EN ESTADO DE EBRIEDAD Y/O DROGADICCIÓN;;NINGUNO
A-2022-06-65;18/06/2022;22:00;DESPISTE;EL VEHICULO SE DESPLAZABA POR LA CALZADA EN LINEA RECTA CON APRXIMACION A CURVA CERRADA, INICIANDOSE EL DESPISTE HACIA EL DERECHO MATERIALIZANDDOSE EL EVENTO;1;0;CARRETERA CHINCHAYPUJIO - COTABAMBASS;SECTOR CONDORHUACHANA;-13.6905237;-72.3205757;DESPEJADO;IMPRUDENCIA DEL CONDUCTOR;FATIGA Y/O CANSANCIO;;NINGUNO
A-2022-06-66;11/06/2022;01:40;DESPISTE;EL VEHICULO SE DESPLAZABA CON LA VIA, EN CIRCUNSTANCIA QUE SE DESPISTA MATERIALIZANDOSE EL EVENTO;1;0;CARRETERA INQUILPATA - COTABAMBAS ;PUENTE HUALLPACHACA;-13.6897472;-72.3214502;DESPEJADO;IMPRUDENCIA DEL CONDUCTOR;CONDUCIR EN ESTADO DE EBRIEDAD Y/O DROGADICCIÓN;;NINGUNA
A-2022-06-67;01/06/2022;18:30;ATROPELLO;-;1;0;CARRETERA CHICLAYO POMALCA KM 10 300;FRENTE A IEP SAGRADO IGNACIO DE LOYOLA;-6.770579;-79.783026;DESPEJADO;NO IDENTIFICA LA CAUSA;;;EN INVESTIGACIÓN
A-2022-06-68;05/06/2022;17:00;CHOQUE;-;1;3;CARRETERA CHICLAYO CHOTA ;ALTURA CP EL COMBO, A 100 METROS ANTES DE LLEGAR AL PUENTE TUMAN;-6.750403844;-79.72370134756918;DESPEJADO;NO IDENTIFICA LA CAUSA;;;EN INVESTIGACIÓN
A-2022-06-69;13/06/2022;06:00;CHOQUE;;1;0;CARRETERA PANAMERICANA NORTE KM 802   700;-;-6.5546024;-80.0044064;DESPEJADO;NO IDENTIFICA LA CAUSA;;;EN INVESTIGACIÓN
A-2022-06-70;17/06/2022;19:50;ATROPELLO FUGA;-;1;0;CARRETERA SAN JOSE CHICLAYO KM 3.5;-;-6.769098;-79.905787;DESPEJADO;NO IDENTIFICA LA CAUSA;;;EN INVESTIGACIÓN
A-2022-06-71;18/06/2022;23:20;CHOQUE;-;1;0;CARRETERA PANAMERICANA NORTE KM 743   450;-;-6.99424;-79.6189;DESPEJADO;NO IDENTIFICA LA CAUSA;;;EN INVESTIGACIÓN
A-2022-06-72;08/06/2022;20:00;ATROPELLO FUGA;EL VEHICULO  EN CIRCUNSTANCIAS QUE SE DESPLAZABA POR LA IMPACTA AL PEATON  Y SE RETIRA DEL LUGAR DANDOSE A LA FUGA;1;0;OVALO DE ESPINAR CUSCO;KM 228;-14.772371;-71.390948;DESPEJADO;IMPRUDENCIA DEL PEATÓN;ESTADO DE EBRIEDAD Y/O DROGADICCIÓN;;NINGUNO
A-2022-06-73;20/06/2022;16:00;ATROPELLO;EL VEHICULO SE DESPLAZABA POR LA CARRTERA EN CIRCUNSTANCIAS QUE IMAPCTA AL PEATON MATERIALIZANDOS EL EVENTO;1;0;CARRETERA ESPINAR- VELILLE;COMUNIDAD ARAUCANA;-14.7186887;-71.587381;DESPEJADO;IMPERICIA DEL CONDUCTOR;;;NINGUNA
A-2022-06-74;19/06/2022;06:45;CHOQUE;LA UT1 SE DESPLAZABA POR LA VIA EN SENTIDO DE NORTE A SUR , EN CIRCUNSTANCIAS QUE LA UT2  IMPACTA A LA UT1, SIENDO SU CENTIDO DE CIRCULACION DE SUR A NORTE;2;0;CARRETERA KUNTURKANKI - EL DESCANSO. ALTURA DEL KM. 32 600;SECTOR LAURAYANI;-14.5847989;-71.3796144;DESPEJADO;IMPRUDENCIA DEL CONDUCTOR;INVASIÓN DE CARRIL;;NINGUNA
A-2022-06-75;13/06/2022;15:58;ATROPELLO;-;1;0;AV CHICLAYO CUADRA 5 JLO;-;-6.745795;-79.837689;DESPEJADO;NO IDENTIFICA LA CAUSA;;;EN INVESTIGACIÓN
A-2022-06-76;24/06/2022;18:30;DESPISTE;-;1;0;CARRETERA PANAMERICANA NORTE ANTIGUA ;ALTURA KM 55;-6.24051;-79.71961;DESPEJADO;NO IDENTIFICA LA CAUSA;;;EN INVESTIGACIÓN
A-2022-06-77;24/06/2022;19:00;VOLCADURA;;1;1;CAMINO DE SERVIDUMBRE ;ALTURA PROP JULIO FERNANDEZ SECTOR CAMPANA A;-6.465464;-79.646114;LLUVIOSO;NO IDENTIFICA LA CAUSA;;;EN INVESTIGACIÓN
A-2022-06-78;17/06/2022;04:20;ATROPELLO;-;2;0;CARRETERA DE PENETRACIÓN SALAS CASERIO SHITA;-;-6.2474882;-79.547554;NIEBLA;NO IDENTIFICA LA CAUSA;;;EN INVESTIGACIÓN
A-2022-06-79;13/06/2022;12:10;ATROPELLO;-;1;1;AV LOS INCAS CUADRA 7;CALLE LAS ÑUSTAS;-6.796333;-79.840322;SOLEADO;NO IDENTIFICA LA CAUSA;;;EN INVESTIGACION
A-2022-06-80;01/06/2022;06:30;ATROPELLO;-;1;0;CARRETERA CHICLAYO MONSEFU;-;-6.85114;-79.86239;NUBLADO;NO IDENTIFICA LA CAUSA;;;EN INVESTIGACIÓN
A-2022-06-81;26/06/2022;05:38;ATROPELLO FUGA;-;1;0;CARRETERA CHICLAYO POMALCA;-;-6.770087;-79.778726;DESPEJADO;NO IDENTIFICA LA CAUSA;;;EN INVESTIGACIÓN
A-2022-06-82;05/06/2022;01:45;DESPISTE;-;2;0;OVALO MOCCE KM 798;-;-6.684792;-79.904011;DESPEJADO;NO IDENTIFICA LA CAUSA;;;EN INVESTIGACIÓN
A-2022-06-83;25/06/2022;08:05;DESPISTE;VOLCADURA ;1;0;CARRETERA CHACACHACA -YUNGUYO KM 9 230;C.P. CHATUMA;-16.270169;-69.193323;DESPEJADO;IMPRUDENCIA DEL CONDUCTOR;EXCESO DE VELOCIDAD;;
A-2022-06-84;29/06/2022;01:29;DESPISTE;CONSECUENCIA FATAL;1;0;CARRETERA PANAMERICANA SUR KM 1421;COMUNIDAD CHASQUI;-16.12115082;-69.58969485;DESPEJADO;IMPRUDENCIA DEL CONDUCTOR;CONDUCIR EN SENTIDO CONTRARIO;;
A-2022-06-86;25/06/2022;13:00;DESPISTE;VOLCADURA;2;32;CARRETERA SAN LUIS - PISCOBAMBA ;ALTURA DEL CRUCE HUANCASH;-8.865947606;-77.35329340112088;DESPEJADO;NEGLIGENCIA DEL CONDUCTOR;CONDUCIR CON FALLAS DE DIRECCIÓN;;NINGUNA
A-2022-06-87;30/06/2022;16:40;VOLCADURA;VOLCADURA CON APLASTAMIENTO;1;1;URB. ADEMYPE MATARANI;AL FRENTE DE LA MANZANA;-17.001495;-72.08726;DESPEJADO;NO IDENTIFICA LA CAUSA;;;SIN OBSERVACIONES
A-2022-06-88;20/06/2022;08:00;DESPISTE;-;1;0;CARRETERA DE ACCESO AL DISTRITO DE SIMBAL ALTURA DEL KM. 30;-;-7.985533901;-78.81865653733371;DESPEJADO;IMPRUDENCIA DEL CONDUCTOR;OTRO (IMPRUDENCIA DEL CONDUCTOR);ACCION IOPERATIVA IMPRUDENTE Y EMPIRICA DEL CONDUCTOR DE LA TRIMOTO DE CARGA AL DESPLZAR SU VEHICULO A UNA VELOCIDAD QUE RESULTO SER MAYOR A LA RAZONABLE Y PRUDENTE  POR CUANTO LA PALANCA DE CAMBIOS EN 3RA SE ENCONTRABA.;ACCION IOPERATIVA IMPRUDENTE Y EMPIRICA DEL CONDUCTOR DE LA TRIMOTO DE CARGA AL DESPLZAR SU VEHICULO A UNA VELOCIDAD QUE RESULTO SER MAYOR A LA RAZONABLE Y PRUDENTE  POR CUANTO LA PALANCA DE CAMBIOS EN 3RA SE ENCONTRABA.
A-2022-06-89;19/06/2022;21:45;DESPISTE;-;1;0;CARRETERA A JEQUETEPEQUE SECTOR LAS CALAVERAS;-;-7.341714166;-79.57497508175518;DESPEJADO;NO IDENTIFICA LA CAUSA;;;
A-2022-06-9;05/06/2022;17:20;DESPISTE;Y VOLCADURA;1;0;CARRETERA INTEROCEANICA PUNO-MOQUEGUA KM 45;-;-16.18703639;-70.09894608608309;DESPEJADO;IMPRUDENCIA DEL CONDUCTOR;EXCESO DE VELOCIDAD;;
A-2022-06-90;21/06/2022;01:00;DESPISTE;-;1;0;AV. JOSE GABRIEL CONDORCANQUI AL FRENTE DEL RESTAURANTE EL ANZUELO;RESTAURANTE EL ANZUELO;-8.060037;-79.053188;DESPEJADO;NO IDENTIFICA LA CAUSA;;;
A-2022-06-91;20/06/2022;02:40;DESPISTE;-;1;0;AV. CERRITO DE LA VIRGEN S/N;POZAS DE OXIDACION;-8.071428;-79.11348;DESPEJADO;IMPRUDENCIA DEL CONDUCTOR;FATIGA Y/O CANSANCIO;;
A-2022-06-92;23/06/2022;21:20;ATROPELLO;-;1;0;INTERSECCION DE LA AV. PESQUEDA Y LA AV. HUASCARAN;-;-8.093435;-78.996373;DESPEJADO;NO IDENTIFICA LA CAUSA;;;
A-2022-06-93;29/06/2022;05:20;CHOQUE;-;1;1;CARRETERA FBT KM 464 400;-;-6.029269;-77.210712;DESPEJADO;IMPRUDENCIA DEL CONDUCTOR;OTRO (IMPRUDENCIA DEL CONDUCTOR);;NINGUNA
A-2022-06-94;07/06/2022;17:30;ATROPELLO;;1;0;AV. NESTOR GAMBETTA KM.25 INGRESO AL TUNEL DE GAMBETTA ;;-12.03165968;-77.12741864082965;DESPEJADO;IMPRUDENCIA DEL PEATÓN;CRUCE INDEBIDO POR LA CALZADA;;NINGUNA
A-2022-06-95;25/06/2022;16:00;CHOQUE;-;1;0;CARRETERA PANAMERICANA NORTE ALTURA DEL KM. 664;-;-7.460453;-79.451174;DESPEJADO;IMPRUDENCIA DEL CONDUCTOR;OTRO (IMPRUDENCIA DEL CONDUCTOR);DESATENCION EN LA CONDUCCION;
A-2022-06-96;26/06/2022;08:00;DESPISTE;-;2;0;CARRETERA DE ANEXO PAMPA EL ESPINO;-;-8.006153757;-77.4926367684348;DESPEJADO;NO IDENTIFICA LA CAUSA;;;
A-2022-06-97;26/06/2022;23:45;CHOQUE;-;1;0;CARRETERA PANAMERICANA NORTE ALTURA DEL KM. 717;-;-7.13939;-79.463869;DESPEJADO;IMPRUDENCIA DEL CONDUCTOR;CONDUCIR EN ESTADO DE EBRIEDAD Y/O DROGADICCIÓN;;
A-2022-06-98;27/06/2022;18:00;CHOQUE;-;1;0;CARRETERA DE CONEXION HUAMACHUCO - QUIRUVILCA SECTOR PAMPA DE JULIA;-;-7.998345;-78.307615;DESPEJADO;NO IDENTIFICA LA CAUSA;;;
A-2022-06-99;24/06/2022;17:00;DESPISTE;VOLCADURA;1;0;SECTOR JERUSALEN ;KM 18 620, RUTA ANDAHUAYLAS - OCOBAMBA;-13.5485149;-73.4865364;SOLEADO;IMPRUDENCIA DEL CONDUCTOR;FATIGA Y/O CANSANCIO;;
A-2022-07-100;19/07/2022;09:00;DESPISTE;-;2;2;CARRETERA DE ACCESO AL CACERIO MIRAFLORES;-;-7.894453;-77.737723;DESPEJADO;IMPRUDENCIA DEL CONDUCTOR;OTRO (IMPRUDENCIA DEL CONDUCTOR);EXCESO DE CONFIANZA;
A-2022-07-101;22/07/2022;20:20;ATROPELLO;-;1;0;AV. MANUEL SEOANE CDRA. 6;-;-8.143138;-79.049077;DESPEJADO;NEGLIGENCIA DEL CONDUCTOR;OTRO (NEGLIGENCIA DEL CONDUCTOR);DESPLAZARSE SIN EL DEBIDO CUIDADO Y PREVENCION;
A-2022-07-102;23/07/2022;23:00;CHOQUE FUGA;-;1;1;CARRETERA PANAMERICANA NORTE ALTURA DEL KM. 524.9;-;-8.405742;-78.826346;DESPEJADO;NO IDENTIFICA LA CAUSA;;;
A-2022-07-103;24/07/2022;02:00;CHOQUE;-;1;1;CARRETERA PANAMERICANA NORTE ALTURA DEL KM. 521.5;-;-8.411609844;-78.8027982981897;DESPEJADO;NO IDENTIFICA LA CAUSA;;;
A-2022-07-104;24/07/2022;09:02;ATROPELLO FUGA;-;1;0;AV. CSAR VALLEJO CDRA. 13;-;-8.101958;-79.010376;DESPEJADO;IMPRUDENCIA DEL CONDUCTOR;ADELANTAR INDEBIDAMENTE;;
A-2022-07-105;26/07/2022;20:00;DESPISTE;-;1;0;CARRETERA PANAMERICANA NORTE FRENTE AL GRIFO EL DELFIN;CURVA DEL SUN;-8.150144;-79.011424;DESPEJADO;NO IDENTIFICA LA CAUSA;;;
A-2022-07-106;26/07/2022;21:40;CHOQUE;-;1;0;INTERSECCION CONFORMADA POR LA AV. JOSE GABRIEL CONDORCANQUI Y LA AV. INDOAMERICA;-;-8.062323;-79.052442;DESPEJADO;IMPRUDENCIA DEL CONDUCTOR;DESACATO DE SEÑAL DE TRÁNSITO;;
A-2022-07-107;27/07/2022;14:00;DESPISTE;-;1;1;CARRETERA PANAMERICANA NORTE ALTURA DEL KM. 667.150;-;-7.45568;-79.4791;DESPEJADO;IMPRUDENCIA DEL CONDUCTOR;EXCESO DE VELOCIDAD;;
A-2022-07-108;28/07/2022;19:30;ATROPELLO;-;1;0;CARRETERA PANAMERICANA NORTE ALTURA DEL KM. 532;-;-8.362982;-78.871678;DESPEJADO;IMPRUDENCIA DEL PEATÓN;CRUCE INDEBIDO POR LA CALZADA;;
A-2022-07-109;29/07/2022;01:30;CHOQUE;-;1;0;CARRETERA DE PENETRACION A LA SIERRA LIBERTEÑA ALTURA DEL KM. 24.5;-;-8.032543;-78.841541;DESPEJADO;IMPRUDENCIA DEL CONDUCTOR;CONDUCIR EN ESTADO DE EBRIEDAD Y/O DROGADICCIÓN;;
A-2022-07-11;10/07/2022;19:00;ATROPELLO FUGA;SOBREPASO;1;0;CARRETERA ZEPITA - COPANI KM.20 700;C.P. ISANI;-16.41654;-69.053983;DESPEJADO;NO IDENTIFICA LA CAUSA;;;FALTA DE UNO DE LOS ELEMENTOS (VEHICULO)
A-2022-07-110;29/07/2022;06:50;ATROPELLO;-;1;0;CARRETERA PANAMERICANA NORTE ALTURA DEL KM. 696;-;-7.305280085;-79.47914506524577;DESPEJADO;NO IDENTIFICA LA CAUSA;;;
A-2022-07-111;31/07/2022;06:15;DESPISTE;-;1;0;CARRETERA DE ACCESO AL SECTOR CHUCHALAC;-;-7.504396;-78.820375;DESPEJADO;NO IDENTIFICA LA CAUSA;;;
A-2022-07-112;15/07/2022;14:30;DESPISTE;CON VOLCADURA;1;3;CARRETERA ANEXO MALLQUI-ANEXO PERCOYA;KM. 00 800;-13.033097;-75.57604;DESPEJADO;NO IDENTIFICA LA CAUSA;;;FALTA DE DILEGENCIAS
A-2022-07-113;18/07/2022;10:30;DESPISTE;Y VOLCADURA;1;2;CARRETERA HUANCA HUANCA-ACOBAMBA ;KM. 01 600;-12.92037;-74.60971;DESPEJADO;NO IDENTIFICA LA CAUSA;;;FALTA DE DILIGENCIAS
A-2022-07-114;18/07/2022;08:10;DESPISTE;Y VOLCADURA TOTAL;2;3;CARRETERA CCOCHACCA DEL BARRIO PUCULLO;ACORIA;-12.602246;-74.89356;DESPEJADO;NO IDENTIFICA LA CAUSA;;;FALTA DE DILIGENCIAS
A-2022-07-115;29/07/2022;20:21;CHOQUE;-;1;0;CARRETERA INDUSTRIAL ANEXO SANTA CLARA FRENTE AL CEMENTERIO;-;-7.722465;-79.215931;DESPEJADO;IMPRUDENCIA DEL CONDUCTOR;CONDUCIR EN ESTADO DE EBRIEDAD Y/O DROGADICCIÓN;;
A-2022-07-118;10/07/2022;15:30;DESPISTE;CON SUBSECUENTE VOLCADURA EN TONEL IZQUIERDO;1;5;ALTURA DEL KM. 1 840 DE LA CARRETERA QUE CONDUCE DE LA ENCAÑADA A SOGORÓN. ;;-7.07326707;-78.34429079;DESPEJADO;NO IDENTIFICA LA CAUSA;;;
A-2022-07-119;11/07/2022;11:38;VOLCADURA;VOLCADURA TONEL DERECHO;1;14;ALTURA DEL KM 122 500 DE LA CARRETERA CHOTA - CHICLAYO;;-6.510966;-79.118425;DESPEJADO;NO IDENTIFICA LA CAUSA;;;
A-2022-07-12;07/07/2022;20:30;ATROPELLO;-;1;0;CARRETERA FBT KM 415 300;-;-5.730581;-77.514495;DESPEJADO;IMPRUDENCIA DEL CONDUCTOR;OTRO (IMPRUDENCIA DEL CONDUCTOR);;SE INVESTIGA
A-2022-07-121;20/07/2022;19:10;CHOQUE;EL VEHICULO MAQUINARIA AGRICOLA SE DESPLAZABA EN SENTIDO DE SUR A NORTE OCUPANDO EL CARRIL ESTE Y EL VEHICULO CAMIONETA SE DESPLAZABA EN SENTIDO DE SUR A NORTE, IMPACTANDO EN SU PARTE POSTERIOR DE LA MAQUINARIA MATERIALIZANDOSE EL EVENTO.;1;0;CARRETERA ALTO MARQUIRI - OCORRURO. TRAMO DE ESPEINAR - AREQUIPA;SECTOR CHAQUIMAYO;-15.1313954;-71.1118835;DESPEJADO;IMPRUDENCIA DEL CONDUCTOR;EXCESO DE VELOCIDAD;;NINGUNO
A-2022-07-122;24/07/2022;02:40;CHOQUE;;2;0;CARRETERA JAEN SAN IGNACIO KM 23;-;-5.67933;-78.781723;DESPEJADO;NO IDENTIFICA LA CAUSA;;;EN INVESTIGACIÓN
A-2022-07-123;31/07/2022;17:44;DESPISTE;-;1;0;CARRETERA CHICLAYO POMALCA;ALTURA DE LA UNIDAD DE SERVICIOS ESPECIALES;-6.773706;-79.816592;DESPEJADO;NO IDENTIFICA LA CAUSA;;;EN INVESTIGACIÓN
A-2022-07-124;27/07/2022;19:20;ATROPELLO FUGA;ATROPELLO CON PROYECCION ;1;0;CARRETERA LONGITUDINAL DE LA SELVA NORTE;CASERIO LA VICTORIA;-8.856348;-76.107646;DESPEJADO;NO IDENTIFICA LA CAUSA;;;NINGUNA
A-2022-07-13;01/07/2022;07:50;CHOQUE;;1;0;KM. 104 - CARRETERA BAMBAMARCA- CAJA.ARCA. ALTURA DE LA CALERA RESURRECSION;;-6.691349;-78.541895;;;;;
A-2022-07-14;06/07/2022;03:30;CHOQUE;;1;2;KM.102 DE LA CARRETERA DE PENTRACIÓN CIUDAD DE DIOS CAJAMARCA;;-7.218075;-78.74925667;DESPEJADO;NO IDENTIFICA LA CAUSA;;;
A-2022-07-142;04/07/2022;14:40;DESPISTE;SIMPLE - DESPISTE, CHOQUE Y VOLCADURA ;1;0;AV. RAUL MATTA LA CRUZ (EX AV. CHULUCANAS);ALTURA DE LA CALLE 5;-5.183466;-80.664198;DESPEJADO;NO IDENTIFICA LA CAUSA;;;
A-2022-07-148;06/07/2022;07:05;ATROPELLO;-;1;0;PROPIEDAD PRIVADA;JR. BOLIVAR S/N NINACACA;-10.85216149;-76.11416121719361;DESPEJADO;IMPRUDENCIA DEL CONDUCTOR;OTRO (IMPRUDENCIA DEL CONDUCTOR);ATROPELLO EN RETROCESO;
A-2022-07-15;10/07/2022;01:40;CHOQUE FUGA;-;1;3;CARRETERA FBT 417;-;-5.738795;-77.501768;DESPEJADO;IMPRUDENCIA DEL CONDUCTOR;OTRO (IMPRUDENCIA DEL CONDUCTOR);;
A-2022-07-150;06/07/2022;06:45;ATROPELLO;MULTIPLE ;1;0;PROLONGACION AV. SANCHEZ CERRO ;ALTURA DEL GRIFO SAN JOSE II;-5.173715;-80.680308;DESPEJADO;NO IDENTIFICA LA CAUSA;;;
A-2022-07-151;07/07/2022;03:00;DESPISTE;SIMPLE - DESPISTE CHOQUE Y VOLCADURA;1;0;AV. FORTUNATO CHIRICHIGNO;ALTURA DEL CLUB PRIVADO CONTRY CLUB - PIURA;-5.184283;-80.6250834;DESPEJADO;NO IDENTIFICA LA CAUSA;;;
A-2022-07-152;08/07/2022;05:30;ATROPELLO;ATROPELLO POR ARRASTRE Y FUGA ;1;0;AV. JOSE AGUILAR SANTIESTEBAN ; FRONTIS DE LA MZ B DE LA IV ETAPA DE LOS ALGARROBOS ;-5.16802;-80.648719;DESPEJADO;NO IDENTIFICA LA CAUSA;;;
A-2022-07-153;09/07/2022;15:50;ESPECIAL;MULTIPLE - ESPECIAL ;1;1;SANTA CATALINA DE MOZA;ALTURA DEL SECTOR CARRIZALES ;-5.316476;-79.749585;DESPEJADO;NO IDENTIFICA LA CAUSA;;;
A-2022-07-154;08/07/2022;11:30;DESPISTE;-;1;0;KM 08;COJATA;-15.06603095;-69.42749699270799;SOLEADO;IMPRUDENCIA DEL CONDUCTOR;OTRO (IMPRUDENCIA DEL CONDUCTOR);NO TENER CUIDADO Y PRECAUCION;NINGUNA 
A-2022-07-155;13/07/2022;19:00;DESPISTE;VOLCADURA;3;0;KM 12 400;PUENTE  CHIARA JAHUIRA;-14.91562774;-69.6893610980596;DESPEJADO;IMPRUDENCIA DEL CONDUCTOR;EXCESO DE VELOCIDAD;;NINGUNA 
A-2022-07-156;18/07/2022;20:05;ATROPELLO;ARRASTRE;1;0;KM 1332 320;JULIACA-PUNO;-15.6436849;-70.0829097;SOLEADO;IMPRUDENCIA DEL PEATÓN;CRUCE INDEBIDO POR LA CALZADA;;NINGUNA
A-2022-07-157;20/07/2022;23:30;CHOQUE;-;1;0;KM 60 560;-;-15.1432686;-69.8198488;DESPEJADO;IMPRUDENCIA DEL CONDUCTOR;EXCESO DE VELOCIDAD;;NINGUNA
A-2022-07-158;22/07/2022;18:30;CHOQUE;-;1;0;KM 21 650;SECTOR CHAÑACAHUA;-15.4304877;-70.3009436;DESPEJADO;IMPRUDENCIA DEL CONDUCTOR;CONDUCIR EN ESTADO DE EBRIEDAD Y/O DROGADICCIÓN;;NINGUNA
A-2022-07-159;10/07/2022;21:30;CHOQUE;MULTIPLE - CHOQUE SEGUIDO DE VOLCADURA Y CAIDA ;1;3;PUENTE SAN ANTONIO - LA UNION ;CANAL EL MELIZO ;-5.393315;-80.756073;;;;;
A-2022-07-16;10/07/2022;05:00;ATROPELLO;-;1;0;CARRETERA FBT KM 433 150;-;-5.818199;-77.382588;DESPEJADO;IMPRUDENCIA DEL PEATÓN;OTRO (IMPRUDENCIA DEL PEATÓN);;
A-2022-07-160;29/07/2022;05:40;ATROPELLO FUGA;;1;0;AV. SACO ROJAS Y AV. METROPOLITANA;ALTURA PARADERO HARÁS;-11.86220971;-77.05571893008928;DESPEJADO;NO IDENTIFICA LA CAUSA;;;FALLECE EN EL HOSPITAL.
A-2022-07-161;26/07/2022;14:05;CHOQUE;VOLCADURA, CAÍDA;1;0;AV. TANTAMAYO FRENTE A DOMICILIO MZ S LOTE 1 URB. VIPOL  DE NARANJAL;;-11.96390918;-77.09262688356262;DESPEJADO;NO IDENTIFICA LA CAUSA;;;FALLECIDO EN EL HOSPITAL.
A-2022-07-162;27/07/2022;22:30;ATROPELLO;CHOQUE Y FUGA;1;1;CIRCUITO DE PLAYAS SUBIDA BALTA SENTIDO DE SUR A NORTE ;ALTURA DE ARENA 1;-12.08939728;-77.08955165915467;DESPEJADO;NO IDENTIFICA LA CAUSA;;;VEHÍCULO FUGADO ATROPELLA A PERSONA, LUEGO CHOCA A MOTOCICLETA ESTACIONADA, PROVOCANDO LESIONES Y DÁNDOSE A LA FUGA.
A-2022-07-163;28/07/2022;16:20;ATROPELLO FUGA;;1;0;VÍA EVITAMIENTO;ALTURA DEL PUENTE RAYITOS DE SOL;-12.04121329;-77.03289512282687;DESPEJADO;NO IDENTIFICA LA CAUSA;;;ACCIDENTE DE TRÁNSITO ATROPELLO Y FUGA, PERSONA FALLECE EN EL HOSPITAL
A-2022-07-164;24/07/2022;20:00;ATROPELLO;;1;0;AV. REVOLUCIÓN S/N;INTERSECCIÓN CON LA AV. CÉSAR VALLEJO;-12.21331928;-76.93667170357406;DESPEJADO;NO IDENTIFICA LA CAUSA;;;VEHÍCULO RETROCEDE E IMPACTA CON LA PERSONA FALLECIENDO EN EL ACTO.
A-2022-07-165;24/07/2022;17:00;DESPISTE;VOLCADURA, CAÍDA;1;0;AV. PLAYA HONDABLE;ALTURA CENTRO DE SALUD PROFAM;-11.82024383;-77.16471071632888;DESPEJADO;NO IDENTIFICA LA CAUSA;;;CONDUCTOR IBA SUR A NORTE, DESPISTA HACIA LADO OESTE DE LA VÍA, REGRESA A LA MISMA DONDE CAE DEL VEHÍCULO FALLECIENDO EN EL LUGAR.
A-2022-07-168;23/07/2022;16:00;DESPISTE;VOLCADURA CAIDA;1;0;AV.. LOS CONDOMINIOS MZ. A LOTE 39;ASOCIACIÓN EL PINO;-11.85679282;-77.04370578717374;DESPEJADO;NO IDENTIFICA LA CAUSA;;;OCUPANDO EL SENDERO OESTE DE NORTE A SUR DESPISTANDO POR RAZONES DESCONOCIDAS CON LESIONES GRAVES 
A-2022-07-169;20/07/2022;11:30;ATROPELLO;;1;0;AV. RAMON VARGAS MACHUCA S/N;ALTURA DEL SUPERMERCADO METRO;-12.16751677;-76.97859942866633;DESPEJADO;NO IDENTIFICA LA CAUSA;;;IMPACTA CON SU ESTRUCTURA ANTERIOR DERECHA CON EL PEATÓN CAUSANDO LA FATALIDAD EN EL LUGAR
A-2022-07-17;10/07/2022;05:20;CHOQUE FUGA;-;1;0;CARRETERA FBT KM 433;-;-5.81718;-77.383978;DESPEJADO;IMPRUDENCIA DEL CONDUCTOR;OTRO (IMPRUDENCIA DEL CONDUCTOR);;
A-2022-07-170;19/07/2022;20:00;ATROPELLO FUGA;;1;0;AV. METROPOLITANA (ANTIGUA AV. HUANCARAY);SENTIDO OESTE ESTE;-12.04206344;-76.96575702002707;DESPEJADO;NO IDENTIFICA LA CAUSA;;;ACCIDENTE DE TRÁNSITO FATAL CON FUGA, PERSONA GOLPEADA POR FLANCO IZQUIERDO, VEHÍCULO SE DESPLAZABA DE SUR A NORTE
A-2022-07-171;18/07/2022;04:30;ATROPELLO FUGA;;1;0;CARRETERA PANAMERICANA SUR ;ALTURA KM 15700;-12.195246;-76.972876;DESPEJADO;NO IDENTIFICA LA CAUSA;;;ACCIDENTE DE TRÁNSITO FATAL EN SENTIDO NORTE A SUR, CALZADA OESTE CARRIL DERECHO
A-2022-07-172;16/07/2022;14:30;ATROPELLO;;1;0;AAHH VILLA CHILCAS MZ. C LOTE 2;;-11.97444062;-77.05580349036597;DESPEJADO;NO IDENTIFICA LA CAUSA;;;ACCIDENTE DE TRÁNSITO FATAL CON NIÑA PEQUEÑA DE UN AÑO ATROPELLADA