COD_ACCIDE;FechaDelAccidente;HoraDelAccidente;ClaseDelAccidente;SecuenciaAccidente;CantidadDeFallecidos;CantidadDeLesionados;Direccion;LugarReferencia;y;x;CondClimatica;CausaFactorPrincipal;CausaEspecifica;OtraCausa;Observaciones
A-2022-07-173;17/07/2022;00:00;ATROPELLO;;1;0;VIA EVITAMIENTO KM 8.600;ALTURA PUENTE RAYITO DE SOL;-12.0414462;-77.032747;DESPEJADO;NO IDENTIFICA LA CAUSA;;;CARRIL DERECHO CALZADA SUR EN SENTIDO OESTE A ESTE IMPACTANDO EN FLANCO IZQUIERDO DEL PEATÓN CAUSANDO FALLECIMIENTO
A-2022-07-174;14/07/2022;17:00;DESPISTE;VOLCADURA;1;1;CARRETERA PANAMERICANA SUR;ALTURA DE KM 58.000.;-12.46789529;-76.75040776641067;DESPEJADO;NO IDENTIFICA LA CAUSA;;;ACCIDENTE DE TRÁNSITO FATAL, PASAJERA FALLECIDA E INFANTE HERIDO, CONDUCTOR NO ESPECIFICA NIVEL DE LESION
A-2022-07-175;13/07/2022;17:39;CHOQUE FUGA;;1;0;AV. SANTA ANITA CDRA. 05;ALTURA DE AV. LOS PINOS;-12.18948712;-77.01445676943;DESPEJADO;NO IDENTIFICA LA CAUSA;;;CHOQUE DE MOTOCICLO POR DETRAS A CAMIÓN CON FUGA DEL MOTOCICLO CON CONSECUENCIA FATAL
A-2022-07-176;13/07/2022;04:15;CHOQUE;;1;0;AV. LOS HÉROES CDRA. 07;;-12.15640595;-76.96668640507136;DESPEJADO;NO IDENTIFICA LA CAUSA;;;VEHÍCULO MENOR EN SENTIDO CONTRARIO A LA VÍA
A-2022-07-177;12/07/2022;23:45;ATROPELLO FUGA;;1;0;AV. PERÚ CDRA. 26;ALTURA LICORERÍA LOS GATOS;-12.031978;-77.07501690522398;DESPEJADO;NO IDENTIFICA LA CAUSA;;;VEHÍCULO FUGADO
A-2022-07-178;10/07/2022;18:20;ATROPELLO;;1;0;AV. IMPERIAL CDRA. 01;FRENTE A HOSTAL IMPERIAL;-12.04045062;-76.96425469197622;DESPEJADO;NO IDENTIFICA LA CAUSA;;;VEHÍCULO SE ENCONTRABA ESTACIONADO Y AL REINICIAR SU MARCHA ATROPELLA Y CAUSA EL FALLECIMIENTO EN EL LUGAR DE LOS HECHOS.
A-2022-07-179;08/07/2022;05:55;DESPISTE;CHOQUE, VOLCADURA, CAÍDA;1;0;AV. TOMAS MARZANO CDRA. 23;FRENTE A RESIDENCIA 2320;-12.123954;-77.004534;DESPEJADO;NO IDENTIFICA LA CAUSA;;;PERSONA ENCONTRADA DESPISTADA FALLECIDA
A-2022-07-18;15/07/2022;06:30;ATROPELLO FUGA;FUGA;1;0;CARRETERA PUNO - DESAGUADERO KM. 1452 50;COMUNIDAD SIHUAYRO;-16.236553;-69.376548;DESPEJADO;IMPERICIA DEL CONDUCTOR;;;
A-2022-07-180;05/07/2022;22:45;ATROPELLO;;1;0;AV. SAMUEL ALCAZAR CDRA. 03;;-12.030284;-77.029465;DESPEJADO;IMPRUDENCIA DEL CONDUCTOR;CONDUCIR EN SENTIDO CONTRARIO;;OMNIBUS SE DESPLAZABA POR CARRIL IZQUIERDO DE LA CALZADA OESTE EN SENTIDO SUR A NORTE (SENTIDO CONTRARIO AL TRÁNSITO)
A-2022-07-183;05/07/2022;11:00;ATROPELLO;;1;0;AV. CANTA CALLAO CON AV. LOS DOMINICOS;;-11.99158342;-77.10776831454098;DESPEJADO;NO IDENTIFICA LA CAUSA;;;EL VEHÍCULO SE DESPLAZABA EN SENTIDO NORTE A SUR.
A-2022-07-184;05/07/2022;05:45;DESPISTE;CHOQUE;1;0;AV. PROLONGACION DEFENSORES DEL MORRO CDRA. 03;AV. PROLONGACIÓN DEFENSORES DEL MORRO O AV. PROLONGACION HUAYLAS CDRA. 03 CRUCE CON CA. SAN LUIS;-12.18942856;-77.0072448974895;DESPEJADO;NO IDENTIFICA LA CAUSA;;;SE DESPLAZA POR EL CARRIL IZQUIERDO DE LA CALZADA NORTE, PIERDE EL CONTROL IMPACTANDO CONTRA LOS PROTECTORES METÁLICOS TIPO BARANDA INGRESANDO AL SEPARADOR CENTRAL.
A-2022-07-185;04/07/2022;03:50;CHOQUE CON OBJETO FIJO;DESPISTE CAIDA;1;0;CIRCUITO DE PLAYAS;ALTURA DE PLAYA LOS YUYOS;-12.1522147;-77.0244595;DESPEJADO;NO IDENTIFICA LA CAUSA;;;CALZADA OESTE CARRIL IZQUIERDO, EN SENTIDO DE NORTE A SUR, IMPACTA CONTRA EL SEPARADOR CENTRAL 
A-2022-07-186;02/07/2022;01:30;ATROPELLO FUGA;;1;0;AV. LIMA;ZONA ARQUEOLÓGICA PACHACAMAC;-12.2439;-76.90951799846174;DESPEJADO;NO IDENTIFICA LA CAUSA;;;VEHÍCULO NO IDENTIFICADO IMPACTA EN PEATÓN CAUSANDO EL FALLECIMIENTO EN EL LUGAR
A-2022-07-187;02/07/2022;02:50;ATROPELLO FUGA;;1;0;AV. LA MARINA CDRA. 16;;-12.0781808;-77.0803376;DESPEJADO;NO IDENTIFICA LA CAUSA;;;CARRIL CENTRAL SENTIDO ESTE A OESTE, PEATÓN CRUZABA EN SENTIDO NORTE A SUR EXPONIENDO SU FLANCO IZQUIERDO.
A-2022-07-188;20/07/2022;23:15;ATROPELLO;FATAL ;1;0;CARRETERA CATACAOS- LA ARENA. INTERSECCION CON CALLE INDEPENDENCIA ;ALTURA DE LA COMUNIDAD CAMPESINA  SAN JUAN BAUTISTA CATACAOS ;-5.271768;-80.673933;DESPEJADO;NO IDENTIFICA LA CAUSA;;;
A-2022-07-189;12/07/2022;12:20;DESPISTE;CON SUBSECUENTE VOLCADURA;1;0;CARRETERA CUTERVO - SOCOTA;;-6.328728;-78.713119;;;;;
A-2022-07-190;31/07/2022;01:30;VOLCADURA;CAIDA DE CONDUCTOR ;1;0;AV LIMA;MUÑANI;-14.91458064;-70.19187030205345;DESPEJADO;IMPRUDENCIA DEL CONDUCTOR;EXCESO DE VELOCIDAD;;NINGUNA 
A-2022-07-191;27/07/2022;20:00;DESPISTE;VOLCADURA;1;0;KM 03 250;ACOPATA;-15.58753048;-70.06278629800428;DESPEJADO;IMPRUDENCIA DEL CONDUCTOR;CONDUCIR EN ESTADO DE EBRIEDAD Y/O DROGADICCIÓN;;NINGUNA 
A-2022-07-192;30/07/2022;19:30;CHOQUE;VOLCADURA;1;0;KM 03 130;-;-15.18036478;-69.78883619318478;DESPEJADO;IMPRUDENCIA DEL CONDUCTOR;OTRO (IMPRUDENCIA DEL CONDUCTOR);FUGADO ;NINGUNA 
A-2022-07-193;29/07/2022;20:35;ATROPELLO;-;1;0;KM 34 250;-;-15.016569;-70.179992;DESPEJADO;IMPRUDENCIA DEL PEATÓN;CRUCE INDEBIDO POR LA CALZADA;;NINGUNA 
A-2022-07-195;25/07/2022;05:45;CHOQUE;CHOQUE FRONTAL EXENTRICO IZQUIERDO ;1;0;CARRETERA INTEROCEANICA PIURA - OLMOS KM 196;;-5.199792;-80.125745;DESPEJADO;NO IDENTIFICA LA CAUSA;;;
A-2022-07-196;25/07/2022;17:25;DESPISTE;CHOQUE, VOLCADURA Y DESPISTE  ;1;0;AV. CHULUCANAS ;ALTURA DEL INSTITUTO SUPERIOR PEDAGOGICO PUBLICO PIURA ;-5.180676;-80.663611;DESPEJADO;NO IDENTIFICA LA CAUSA;;;
A-2022-07-198;07/07/2022;13:58;ATROPELLO;;1;0;AV. LA PAZ CDRA. 11;ALTURA CRUCE CON CALLE JOSÉ GONZALES;-12.12991324;-77.0264471065407;DESPEJADO;NO IDENTIFICA LA CAUSA;;;SIN OBSERVACIONES
A-2022-07-199;29/07/2022;17:00;CHOQUE;;1;1;CARRETERA EVITAMIENTO PIURA SULLANA ;ALTURA DEL HITO 998;-5.184714;-80.692297;DESPEJADO;NO IDENTIFICA LA CAUSA;;;
A-2022-07-200;01/07/2022;19:00;DESPISTE;CHOQUE VOLCADURA;1;0;CARRETERA PENETRACIÓN SANTA CHUQUICARA KM 11 100;SECTOR DENOMINADO COMO BARBACOA;-8.907639227;-78.56746390954739;DESPEJADO;NO IDENTIFICA LA CAUSA;;;PENDIENTE DE DETERMINAR LA CAUSA.
A-2022-07-201;07/07/2022;08:30;CHOQUE;POR ALCANCE;2;2;CARRETERA PANAMERICANA NORTE KM. 410 800;;-9.232379;-78.448749;DESPEJADO;NO IDENTIFICA LA CAUSA;;;PENDIENTE DE DETERMINAR LA CAUSA.
A-2022-07-202;10/07/2022;05:45;ATROPELLO;-;1;0;CARRETERA PANAMERICANA NORTE KM 429 580;ALTURA DE LA EMPRESA TASA;-9.105897848;-78.5557733535328;DESPEJADO;IMPRUDENCIA DEL CONDUCTOR;CONDUCIR EN ESTADO DE EBRIEDAD Y/O DROGADICCIÓN;;CONDUCIR EN ESTADO DE EBRIEDAD
A-2022-07-203;10/07/2022;02:30;ATROPELLO FUGA;;1;0;CARRETERA PANAMERICANA NORTE KM 429 580;ALTURA DEL LOCAL DE LA EMPRESA TASA;-9.105850308;-78.55573139992703;DESPEJADO;NO IDENTIFICA LA CAUSA;;;PENDIENTE DE DETERMINAR LA CAUSA. PEATÓN EBRIO.
A-2022-07-204;10/07/2022;03:40;DESPISTE;CHOQUE;1;0;AV. PACIFICO MZ. A1;FRONTIS DEL RESTAURANTE CHIFA EL SABROSO.;-9.128416273;-78.5184979617348;DESPEJADO;NO IDENTIFICA LA CAUSA;;;PENDIENTE DE DETERMINAR LA CAUSA.
A-2022-07-205;15/07/2022;19:30;DESPISTE;VOLCADURA;1;0;CARRETERA PENETRACIÓN PAMPAS AL CC.PP. DE CASGAS ;;-9.633327605;-77.81350822599504;DESPEJADO;NO IDENTIFICA LA CAUSA;;;PENDIENTE DE DETERMINAR LA CAUSA.
A-2022-07-206;16/07/2022;03:28;CHOQUE;;1;0;CARRETERA PANAMERICANA NORTE KM.383;;-9.451092;-78.345081;DESPEJADO;NO IDENTIFICA LA CAUSA;;;PENDIENTE DE DETERMINAR LA CAUSA
A-2022-07-207;20/07/2022;22:10;CHOQUE;;1;0;CARRETERA PANAMERICANA NORTE KM.372 100;;-9.498109;-78.27814;DESPEJADO;NO IDENTIFICA LA CAUSA;;;PENDIENTE DE DETERMINAR LA CAUSA.
A-2022-07-208;22/07/2022;20:00;ATROPELLO FUGA;;1;0;AV. CAMINO REAL CUADRA 07;DENTAL ACUÑA;-9.074447983;-78.57710554635807;DESPEJADO;NO IDENTIFICA LA CAUSA;;;PENDIENTE DE DETERMINAR LA CAUSA
A-2022-07-209;28/07/2022;02:45;DESPISTE;VOLCADURA;4;2;CARRETERA PENETRACIÓN ANCOS TAUCA;ALTURA DE LUGAR DENOMINADO CALAVALLE ;-8.436320458;-78.0948132461431;DESPEJADO;NO IDENTIFICA LA CAUSA;;;PENDIENTE DE DETERMINAR LA CAUSA
A-2022-07-210;15/07/2022;06:00;CHOQUE;;1;1;AV. FRANCISCO ANTONIO DE ZELA;;-17.614852;-70.761441;;;;;
A-2022-07-211;30/07/2022;23:00;ATROPELLO FUGA;;1;0;KM 04 DE LA PROLONGACIÓN NECOCHEA DE LA ASOC. LOS MILAGROS SECTOR VILAUTA;;-17.960544;-70.22011;DESPEJADO;NO IDENTIFICA LA CAUSA;;;SE ENCUENTRA EN PROCESO DE BUSQUEDA DEL VEHÍCULO CAUSANTE
A-2022-07-212;30/07/2022;05:00;ATROPELLO;ATROPELLO CON PROYECCION PROVOCADA POR UN VEHÍCULO MENOR Y APLASTAMIENTO POR OTRO VEHICULO;1;0;AV. TARATA ;PARTE POSTERIOR DEL COLEGIO MANUEL DE MENDIBURU;-17.99371;-70.252171;DESPEJADO;IMPRUDENCIA DEL CONDUCTOR;CONDUCIR EN ESTADO DE EBRIEDAD Y/O DROGADICCIÓN;;
A-2022-07-213;03/07/2022;14:30;VOLCADURA;DESPISTE Y VOLCADURA CON CONSECUENCIA FATAL;2;1;SECTOR HATUN HUAYCCO;CARRETERA MARA PAMPUTA;-14.03394903;-72.14636488596634;;;;;
A-2022-07-214;12/07/2022;11:40;DESPISTE;DESPISTE CON CONSECUENCIA FATAL;1;0;SECTOR CHACAPUENTE;KM. 366 RED VIAL NAZCA CUSCO;-13.95192923;-73.14033970459101;;;;;
A-2022-07-216;12/07/2022;16:00;CHOQUE;ATROPELLO;1;0;"CARRETERA CUTERVO - SOCOTA. ALTURA DEL KM. 10 110; REF. CASERIO LA SUCCHA.";BAÑOS DEL INCA;-6.368741;-78.779169;DESPEJADO;NO IDENTIFICA LA CAUSA;;;
A-2022-07-217;13/07/2022;14:30;DESPISTE;VOLCADURA EN CAMPANA POSTERIOR;1;5;TROCHA CARROZABLE  QUE CONDUCE DEL CASERIO CHANTA BAJA AL CASERIO BAÑOS CHANTA;BAÑOS DEL INCA;-6.82164882;-78.52600642;DESPEJADO;NO IDENTIFICA LA CAUSA;;;
A-2022-07-218;17/07/2022;16:00;DESPISTE;;1;0;CARRETERA CAJAMARCA - CAJABAMBA .ALTURA DEL PUENTE EL HUAYO;PAR EL HUAYO;-7.47553218;-78.48339357;DESPEJADO;NO IDENTIFICA LA CAUSA;;;
A-2022-07-219;08/07/2022;19:30;CHOQUE;VOLCADURA Y CAIDA;1;2;AV. MIRAFLORES INTERSECCION CON EL JR. LOS LIBERTADORES;;-8.369551;-74.549133;DESPEJADO;IMPRUDENCIA DEL CONDUCTOR;OTRO (IMPRUDENCIA DEL CONDUCTOR);CRUZAR EL CUADRANTE DE LA INTERSECCION DE FORMA INTEMPRESTIVA SIN ELIMINAR LOS RIESGOS POSIBLES;LA IMPERICIA Y DESCONOCIMIENTO DE LAS NORMAS DE TRANSITO DE AMBOS CONDUCTORES AL NO SER TITULARES DE UNA LICENCIA DE CONDUCIR Y/O PERMISO PROVISIONAL QUE LES AUTORICE CONDUCIR VEHICULOS DE LA CATEGORIA Y CLASE COMO SON LOS QUE PARTICIPARON EN EL ACCIDENTE
A-2022-07-220;17/07/2022;05:10;CHOQUE CON OBJETO FIJO;CHOQUE FRONTAL EXCENTRICO DERECHO;1;0;CARRETERA FEDERICO BASADRE KM. 08.000.;;-8.397753;-74.602609;DESPEJADO;IMPRUDENCIA DEL CONDUCTOR;CONDUCIR EN ESTADO DE EBRIEDAD Y/O DROGADICCIÓN;;LA ACCION IMPRUDENTE DEL CONDUCTOR DEL VEHICULO MENOR, AL CONDUCIR  SU VEHICULO A UNA VELOCIDAD QUE RESULTO NO ESTAR ACORDE CON EL TIEMPO, ESPACIO Y LA CAPACIDAD DE REACCION AL ESTAR CON PRESENCIA DE ALCOHOL EN LA SANGRE (1.73 G/L)
A-2022-07-221;30/07/2022;04:30;CHOQUE;VOLCADURA EN TONEL DERECHO ;1;0;AV. ATAHUALPA CARRETERA CAJAMARCA - BAÑOS DEL INCA ;;-7.16516909;-78.48339357;;;;;
A-2022-07-222;29/07/2022;18:30;CHOQUE;;1;0;KM 181 900 CARRETERA FERNANDO BELAUNDE TERRY;;-5.83172;-78.7479;DESPEJADO;NO IDENTIFICA LA CAUSA;;;
A-2022-07-223;29/07/2022;21:20;DESPISTE;VOLCADURAEN TONEL IZQUIERDO;1;0;"ALTURA DEL KM. 27  500; JURISDICCIÓN DE LA COMISARÍA CUTERVO - CAJAMARCA";;-6.428445736;-78.6902270498322;DESPEJADO;NO IDENTIFICA LA CAUSA;;;
A-2022-07-229;31/07/2022;14:30;CHOQUE;;2;1;CARRETERA CAJAMARCA - CELENDÍN. ;;-7.150736;-78.455716;;;;;
A-2022-07-230;31/07/2022;17:52;CHOQUE;;1;4;KM  6 800;CHAMAYA;-5.786813;-78.783611;DESPEJADO;NO IDENTIFICA LA CAUSA;;;
A-2022-07-231;24/07/2022;06:00;DESPISTE;EL VEHÍCULO CATG. M1, DE PLACA D6F-413, CONDUCIDO POR EL Q.V.F. FRANCO HEBER RAMIREZ GAVINO, CIRCULABA EN SENTIDO DE SUR A NORTE, POR LA CARRETERA PANAMERICANA NORTE, AL LLEGAR AL KM. 152.721.60, SE DESPISTA HACIA UNA ZONA DE TIERRA CON DESNIVEL, OCACIONANDO VOLCADURA.;1;0;CARRETERA PANAMERICANA NORTE;KM. 152.721.60;-11.07249;-77.58434;DESPEJADO;NO IDENTIFICA LA CAUSA;;;FISCALIA
A-2022-07-232;29/07/2022;14:00;ATROPELLO;EL VEHÍCULO AUTOMOVIL DE PLACA AUM-073, CIRCULABA EN SENTIDO DE ESTE A OESTE, POR EL CARRIL NORTE, AL LLEGAR  A LA ZONA DEL ACCIDENTE, SE DESPISTA PARCIALMENTE, VOLVIENDO A INGRESAR A LA CALZADA, DONDE REALIZABA SU CRUCE EL PEATÓN EN SENTIDO DE SUR A NORTE, SIENDO IMPACTADO.;1;0;CARRETERA DE PENETRACIÓN SAYÁN - CHURIN - OYON. KM. 55.216.05;CENTRO POBLADO TRES MONTONES - SAYÁN;-11.06436332;-77.14055653278339;DESPEJADO;IMPRUDENCIA DEL PEATÓN;CRUCE INDEBIDO POR LA CALZADA;;NINGUNA
A-2022-07-233;20/07/2022;05:30;CHOQUE;EL VEHÍCULO CATG. L5, DE PLACA C7-7479, SE DESPLAZABA EN SENTIDO DE ESTE A OESTE, INGRESANDO INTEMPESTIVAMENTE A LA CARRETERA PANAMERICANA NORTE, INTERPONIENDOSE EN EL EJE DE MARCHA DEL VEHÍCULO CATG. N3, DE PLACA  A8U-871;1;0;CARRETERA PANAMERICANA NORTE. KM. 147.907.65;;-11.12019019;-77.59397243294644;DESPEJADO;IMPRUDENCIA DEL CONDUCTOR;NO ESTABLECER EL DERECHO DE PASO;;NINGUNA
A-2022-07-236;28/07/2022;09:30;DESPISTE;VOLCADURA, PRECIPITACIÓN;1;3;CARRETERA VÍA LOS LIBERTADORES KM 222;HITO KM222;-13.358444;-74.82262;DESPEJADO;IMPRUDENCIA DEL CONDUCTOR;EXCESO DE VELOCIDAD;;CONTRIBUTIVA, EXCESO DE CONFIANZA DEL CONDUCTOR
A-2022-07-237;26/07/2022;06:30;CHOQUE;;1;3;CARRETERA HUANTA HUANCAYO;HITO KM 325 049;-12.90620418;-74.31250074;DESPEJADO;IMPRUDENCIA DEL CONDUCTOR;EXCESO DE VELOCIDAD;;
A-2022-07-238;12/07/2022;12:30;ATROPELLO FUGA;;1;0;CALLE MANUEL SEONAME CRUCE CON EL JR. INMACULADA CONCEPCION  A.A.H.H SARITA COLONIA;1SECTP;-12.0216519;-77.1365997195;DESPEJADO;NO IDENTIFICA LA CAUSA;;;AL NO SER POSIBLE EFECTUAR EL ESTUDIO DE TODOS LOS ELEMENTOS DE TRANSITO QUE PARTICIPARON EN EL EVENTO, LA INVESTIGACION TECNICA NO PUEDE SER CONCLUIDA.
A-2022-07-240;11/07/2022;09:00;ATROPELLO;SUBSECUENTE MUERTE;1;0;K.M 1 500;FRONTIS DEL GRIFO PETRO - IQUITOS;-3.7928245;-73.2992777;DESPEJADO;IMPRUDENCIA DEL CONDUCTOR;EXCESO DE VELOCIDAD;;NINGUNA
A-2022-07-241;27/07/2022;15:30;CHOQUE;FATAL;1;0;CARRETERA CENTRAL LA OROYA HUANUCO;KM 128;-10.69398636;-76.2299305049702;DESPEJADO;IMPRUDENCIA DEL CONDUCTOR;EXCESO DE VELOCIDAD;;
A-2022-07-242;30/07/2022;20:00;CHOQUE;CONSECUENTE DE MUERTE ;1;0;10.900 KM;CARRETERA IQUITOS - NAUTA;-3.8625246;-73.3370782;DESPEJADO;IMPRUDENCIA DEL CONDUCTOR;INVASIÓN DE CARRIL;;NINGUNA
A-2022-07-243;07/07/2022;06:50;CHOQUE;;1;0;CARRETERA PANAMERICANA NORTE;KM. 144.858.30;-11.15048121;-77.59657497740974;DESPEJADO;IMPRUDENCIA DEL CONDUCTOR;NO ESTABLECER EL DERECHO DE PASO;;NINGUNA
A-2022-07-244;24/07/2022;20:35;ATROPELLO FUGA;EL VEHÍCULO EN PROCESO DE IDENTIFICACIÓN SE DESPLAZABA POR LA CARRETERA PANAMERICANA NORTE, AL LLEGAR AL KM. 155.161.30, OCURRE EL ATROPELLO;1;0;CARRETARA PANAMERICANA NORTE;KM. 155.161.30;-11.06574;-77.58729;DESPEJADO;IMPRUDENCIA DEL PEATÓN;ESTADO DE EBRIEDAD Y/O DROGADICCIÓN;;EN LA FISCALÍA
A-2022-07-245;24/07/2022;20:30;CHOQUE;CHOQUE FRONTAL;1;0;CARRETERA MEDIO PIURA ;ALTURA CASERIO LOS EJIDOS DE HUAN;-5.15771;-80.62398;DESPEJADO;IMPRUDENCIA DEL CONDUCTOR;EXCESO DE VELOCIDAD;;
A-2022-07-246;03/07/2022;23:30;CHOQUE;---------;1;0;CARRETERA MARGINAL  KM 113 RIO NEGRO;--------;-11.21196936;-74.65767326686544;;;;;
A-2022-07-247;23/07/2022;17:25;DESPISTE;SEGUIDO DE CHOQUE;1;2;CARRETERA LA OROYA -HUANCAYO. KM 01 500 - YAULI LA OROYA;;-11.53004281;-75.89507774491513;DESPEJADO;IMPRUDENCIA DEL CONDUCTOR;EXCESO DE VELOCIDAD;;NINGUNA
A-2022-07-248;19/07/2022;09:00;ATROPELLO;;1;0;JR. MIGUEL GRAU ;ALTURA DE LA AA.VV LOS ANGELES ;-10.92532646;-74.86886498178698;;;;;
A-2022-07-249;29/07/2022;05:00;ATROPELLO;;1;0;CARRETERA HUANCAYO - HUANCAVELICA KM. 139;;-12.18884366;-75.19176714279406;DESPEJADO;IMPRUDENCIA DEL PEATÓN;OTRO (IMPRUDENCIA DEL PEATÓN);;NINGUNO
A-2022-07-250;24/07/2022;04:40;ATROPELLO;;1;0;AV. MANUEL A. PINTO CDRA 04;ALTURA DE LA DISCOTECA PEKADOS;-11.05921439;-75.33461923908422;DESPEJADO;IMPRUDENCIA DEL PEATÓN;CRUCE INDEBIDO POR LA CALZADA;;
A-2022-07-251;28/07/2022;14:50;DESPISTE;VOLCADURA, CAIDA;3;0;CARRETERA NARGINAL KM 83-70;SECTOR PAN DE AZUCAR;-11.1777721;-75.4521144;DESPEJADO;IMPRUDENCIA DEL CONDUCTOR;FATIGA Y/O CANSANCIO;;
A-2022-07-252;02/07/2022;16:40;ATROPELLO;;1;0;CARRETERA CENTRAL CHUPACA- YAUYOS KM. 227;ANEXO DE ROCCHA ;-12.025631;-75.420456;DESPEJADO;IMPRUDENCIA DEL CONDUCTOR;EXCESO DE VELOCIDAD;;
A-2022-07-253;17/07/2022;18:30;CHOQUE;DESPISTE Y ATROPELLO ;2;2;AV. CORONEL PARRA CUADRA 22 ;PILCOMAYO ;-12.05565009;-75.26356563031626;DESPEJADO;IMPRUDENCIA DEL CONDUCTOR;CONDUCIR EN ESTADO DE EBRIEDAD Y/O DROGADICCIÓN;;EL FACTOR INPRUDENTE ES PORTE DEL CONDUCTOR DEL VEHICULO DE PLACA DE RODAJE W3G-108
A-2022-07-254;20/07/2022;12:20;ATROPELLO;;1;0;AV. HUANCAVELICA CUADRA N° 20 ;EL TAMBO ;-12.053836;-75.224944;DESPEJADO;IMPRUDENCIA DEL PEATÓN;CRUCE INDEBIDO POR LA CALZADA;;
A-2022-07-255;29/07/2022;22:30;CHOQUE FUGA;CHOQUE POR ALCANCE, VOLCADURA, CAIDA DEL CONDUCTOR Y OCUPANTE Y FUGA DE VEHÍCULO;2;0;CARRETERA CHACHAPOYAS - AREPUERTO KM 4 342;LUGAR DENOMIDANO PEÑA BLANCA;-6.218510279;-77.8784403204918;DESPEJADO;NO IDENTIFICA LA CAUSA;;;HASTA LA PRESENTE FECHA SE HA PODIDO INDENTIFICAR AL VEHÍCULO FUGADO, TAMBIEN NO HA SIDO POSIBLE DETERMINAR LAS CAUSAS POR QUE AÚN NO SE CUENTA CON EL PERITAJE DE DAÑOS NI EL RESULTADO DE DOSAJE ETÍLICO
A-2022-07-256;21/07/2022;15:10;CHOQUE;DESPISTE, VOLCADURA;2;1;CARRETERA AYACUCHO ANDAHUAYLAS;INFIERNILLO YANAMA;-13.20989626;-74.22590733364764;DESPEJADO;IMPRUDENCIA DEL CONDUCTOR;EXCESO DE VELOCIDAD;;FALTA DE CONTROL DE AUTORIDADES COMPETENTES
A-2022-07-258;06/07/2022;15:00;DESPISTE;VOLCADURA;1;0;CARRETERA AYACUCHO HUANTA;LAS VEGAS;-13.0293882;-74.2173077460767;DESPEJADO;IMPRUDENCIA DEL CONDUCTOR;CONDUCIR EN ESTADO DE EBRIEDAD Y/O DROGADICCIÓN;;EL VEHICULO CAUSANTE DEL ACCIDENTE TENIA ADAPTADO UN MODULO DE VENTA DE HELADO
A-2022-07-259;16/07/2022;23:55;DESPISTE;FATAL;1;0;PUENTE PARQUISONIA;CASERIO TRES COMPUERTAS CIENEGUILLO;-4.931;-80.631;DESPEJADO;EN PROCESO DE INVESTIGACIÓN;NO CUENTA CON CAUSA ESPECIFICA;;NO SE DETERMINA SI FUE ACCIDENTE
A-2022-07-260;25/07/2022;10:00;CHOQUE;FATAL;1;0;AV. B TALARA;S/R;-4.577032524;-81.26445314319194;DESPEJADO;IMPRUDENCIA DEL CONDUCTOR;OTRO (IMPRUDENCIA DEL CONDUCTOR);IMPRUDENCIA DEL CONDUCTOR DE LA MOTOCICLETA;S/O
A-2022-07-261;03/07/2022;07:30;CHOQUE;ATROPELLO, DESPISTE Y FUGA DEL CONDUCTOR;3;6;CARRETERA PANAMERICANA SUR KILOMETRO 183-200;-;-13.38707444;-76.20203622;DESPEJADO;IMPRUDENCIA DEL CONDUCTOR;FATIGA Y/O CANSANCIO;;
A-2022-07-262;26/07/2022;10:00;DESPISTE;FATAL;1;0;CARRETERA LANCONES ALAMOR;KM 65;-4.5124672;-80.44880933132615;DESPEJADO;EN PROCESO DE INVESTIGACIÓN;NO CUENTA CON CAUSA ESPECIFICA;;SE ESPERA LA NECROPSIA DE LEY
A-2022-07-263;26/07/2022;20:20;CHOQUE FUGA;FATAL;1;0;CARRETERA SULLANA PUENTE INTERNACIONAL;ALTURA DEL KM 1108;-4.670241734;-80.24634522162751;DESPEJADO;EN PROCESO DE INVESTIGACIÓN;NO CUENTA CON CAUSA ESPECIFICA;;SE ESPERA EL RESULTADO DEL PROTOCOLO DE NECROPSIA
A-2022-07-264;10/07/2022;02:50;CHOQUE CON OBJETO FIJO;EL VEHÍCULO CATG. L3, DE PLACA 7202-0D, SE DIRIGÍA EN SENTIDO DE SUR A NORTE, POR LA CARRETERA PANAMERICANA NORTE, AL LLEGAR A LA ZONA DEL ACCIDENTE, SE DESPISTA IMPACTANDO CON EL OBJETO FIJO;1;1;ANTIGUA CARRETERA PANAMERICANA NORTE;ALTURA DEL FUNDO GUADALUPE;-11.05557639;-77.60122056017393;DESPEJADO;IMPRUDENCIA DEL CONDUCTOR;CONDUCIR EN ESTADO DE EBRIEDAD Y/O DROGADICCIÓN;;NINGUNA
A-2022-07-265;28/07/2022;04:15;DESPISTE;EL VEHÍCULO CATG. N3, CARROCERÍA REMOLCADOR DE PLACA B7L-815, SE DESPLAZABA EN SENTIDO DE NORTE A SUR, AL LLEGAR A LA ZONA DEL ACCIDENTE, SE DESPISTA, Y LUEGO SE VUELCA EN TONEL 1/1 LADO IZQUIERDO;1;1;CARRETERA PANAMERICANA NORTE;KM. 109.485;-11.39592;-77.39865;DESPEJADO;IMPRUDENCIA DEL CONDUCTOR;EXCESO DE VELOCIDAD;;NINGUNA
A-2022-07-266;06/07/2022;05:50;ATROPELLO;POR COMPRENSIÓN ;1;0;PARCELA 55 A SECTOR EL PEDREGAL;-;-13.452454;-76.126608;DESPEJADO;IMPRUDENCIA DEL PEATÓN;OTRO (IMPRUDENCIA DEL PEATÓN);AL DISPONER QUE SU MENOR HIJO QUE ABORDE EL VEHICULO Y REALICE LA CONDUCCIÓN;