COD_ACCIDE;FechaDelAccidente;HoraDelAccidente;ClaseDelAccidente;SecuenciaAccidente;CantidadDeFallecidos;CantidadDeLesionados;Direccion;LugarReferencia;y;x;CondClimatica;CausaFactorPrincipal;CausaEspecifica;OtraCausa;Observaciones
A-2022-07-267;30/07/2022;04:40;DESPISTE;VOLCADURA, CAIDA;16;0;CARRETERA MARGINAL KM 30-900;MAZAMARI;-11.33412266;-74.52024756353343;DESPEJADO;IMPRUDENCIA DEL CONDUCTOR;EXCESO DE PASAJEROS O CARGA;;
A-2022-07-268;30/07/2022;21:30;ATROPELLO;;1;0;CALLE SHIMUYACU CUADRA 2;LA ESPERANZA;-11.13458605;-75.35286421623344;DESPEJADO;IMPRUDENCIA DEL CONDUCTOR;NO ESTABLECER EL DERECHO DE PASO;;
A-2022-07-269;27/07/2022;19:00;ATROPELLO;ATROPELLO CONSECUENTE DE MUERTE;1;0;KM57 500;CARRETERA IQUITOS NAUTA;-4.167456934;-73.4740998807758;DESPEJADO;IMPRUDENCIA DEL PEATÓN;ESTADO DE EBRIEDAD Y/O DROGADICCIÓN;;NINGUNA
A-2022-07-270;10/07/2022;16:00;CHOQUE;VOLCADURA;1;1; CARRETERA INTEROCEANICAS SUR KM KM 318 500;-;-12.891986;-70.065377;;;;;
A-2022-07-271;23/07/2022;23:00;ATROPELLO;COMPRESION;1;0;AV. MANUEL B. MONTESINOS ;LOCALIDAD DE IBERIA;-11.405563;-69.490785;;;;;
A-2022-07-272;20/07/2022;16:03;CHOQUE;MUERTE Y DAÑOS MATERIALES;1;0;CARRETERA FEDERICO BASADRE K.M. 07.300;ALTURA DEL GRIFO YARINACOCHA;-8.395968;-74.595744;DESPEJADO;IMPRUDENCIA DEL CONDUCTOR;ADELANTAR INDEBIDAMENTE;;S/O
A-2022-07-273;24/07/2022;02:00;DESPISTE;SUBSECUENTE DE MUERTE ;1;0;KM 2 500 IQUITOS-NAUTA;KM2 500;-4.499127428;-73.5906953690642;DESPEJADO;IMPRUDENCIA DEL CONDUCTOR;CONDUCIR EN ESTADO DE EBRIEDAD Y/O DROGADICCIÓN;;NINGUNA
A-2022-07-275;27/07/2022;11:50;CHOQUE;VOLCADURA;1;0;CARRETERA PANAMERICANA SUR KM. 31.500;ALTURA PUENTE SAN PEDRO;-12.283256;-76.878624;DESPEJADO;IMPRUDENCIA DEL CONDUCTOR;OTRO (IMPRUDENCIA DEL CONDUCTOR);;NINGUNA
A-2022-07-276;31/07/2022;22:50;CHOQUE;FATAL CON LESIONES Y DAÑOS MATERIALES;2;6;PANAMERICANA SUR KM. 24.737 ;REF. PUENTE PEATONAL SAN LUIS;-12.250281;-76.930691;DESPEJADO;EN PROCESO DE INVESTIGACIÓN;NO CUENTA CON CAUSA ESPECIFICA;;
A-2022-07-3;03/07/2022;10:30;ATROPELLO;;1;0;AV. MARCO POLO CON JR. COLON ;;-12.0620881;-77.14276654465186;DESPEJADO;IMPRUDENCIA DEL CONDUCTOR;OTRO (IMPRUDENCIA DEL CONDUCTOR);REINICIAR SU MARCAHA SIN ELIMINAR LOS RIESGOS EXISTENTES EN EL ENTORNO DE SEGURIDAD Y PRECAUCION (MANEJO A LA DEFENSIVA).;NINGUNO
A-2022-07-31;16/07/2022;08:20;CHOQUE;FRONTAL;1;0;CARRETERA PUNO - DESAGUADERO KM. 1450;C.P. MOLINO;-16.220431;-69.391403;DESPEJADO;IMPRUDENCIA DEL CONDUCTOR;INVASIÓN DE CARRIL;;
A-2022-07-32;17/07/2022;18:45;ATROPELLO;FATAL;1;2;CARRETERA ALTO PUNO - VENTILLA;PENAL YANAMAYO;-15.82755201;-70.0399982042656;DESPEJADO;IMPRUDENCIA DEL PEATÓN;ESTADO DE EBRIEDAD Y/O DROGADICCIÓN;;
A-2022-07-33;06/07/2022;18:10;DESPISTE;VOLCADURA;2;1;CARRETERA DE PENTERACION CAHUISH - JANGAS KM 04;ALTURA DEL CASERIO DE SANTA CRUZ  - MATACTA;-9.419447582;-77.59299694169833;DESPEJADO;NO IDENTIFICA LA CAUSA;;;EN INVESTIGACION
A-2022-07-34;01/07/2022;22:00;CHOQUE;-;1;0;INTERSECCION DE LA CALLE LAS MAGNOLIAS CON CALLE LOS GIRASOLES;-;-8.074545;-79.022619;DESPEJADO;IMPRUDENCIA DEL CONDUCTOR;NO ESTABLECER EL DERECHO DE PASO;;
A-2022-07-35;05/07/2022;04:30;CHOQUE;CHOQUE, DESPISTE Y VOLCADURA FATAL;2;3;CARRETERA PANAMERICANA SUR KM.1015 200;KM.1015;-16.867949;-71.851756;DESPEJADO;NO IDENTIFICA LA CAUSA;;;SIN OBSERVACIONES
A-2022-07-36;03/07/2022;18:30;ATROPELLO;-;1;0;CARRETERA PANAMERICANA NORTE ALTURA DEL KM. 602;-;-7.875791601;-79.13215306921666;DESPEJADO;IMPRUDENCIA DEL CONDUCTOR;ADELANTAR INDEBIDAMENTE;;
A-2022-07-38;19/07/2022;03:00;DESPISTE;FATAL Y DAÑOS MATERIALES;1;0;CARRETERA PISACOMA KM. 16 620;CAMPAMENTO CHUQUIÑARI, BAJO CHAMBILLA;-16.84497;-69.320417;DESPEJADO;IMPRUDENCIA DEL CONDUCTOR;EXCESO DE VELOCIDAD;;
A-2022-07-4;01/07/2022;18:55;ATROPELLO;-;1;1;CARRETERA FBT KM 488 100;CASERIO SAN JOSÉ;-6.046127;-77.017082;DESPEJADO;IMPRUDENCIA DEL PEATÓN;OTRO (IMPRUDENCIA DEL PEATÓN);;
A-2022-07-40;15/07/2022;07:10;CHOQUE;-;1;1;CARRETERA FBT KM 448 900;CRUCE LA FLORIDA NUEVA CAJAMARCA;-5.935687;-77.309991;DESPEJADO;IMPRUDENCIA DEL CONDUCTOR;OTRO (IMPRUDENCIA DEL CONDUCTOR);;
A-2022-07-41;10/07/2022;17:40;CHOQUE;VEHICULO MENOR (BICICLETA), IMPACTO EN LATERAL DERECHO DEL VEHICULO REMOLCADOR, MATERIALIZANDOSE EL  EVENTO;1;0;VIA LONGITUDINAL TRAMO CUSCO - SICUANI AL.TURA KM. 1040 350;COLEGIO JOSE CARLOS MARIATEGUI ;-13.8278411;-71.5396619;DESPEJADO;IMPRUDENCIA DEL CONDUCTOR;OTRO (IMPRUDENCIA DEL CONDUCTOR);AL HABER PERDIDO EL EQUILIBRIO DE SU VEHICULO (BICICLETA);NINGUNA
A-2022-07-42;21/07/2022;08:30;CHOQUE;DESPISTE Y VOLCADURA;1;0;CARRETERA BINACIONAL PUNO - MOQUEGUA;KM. 263 200;-16.593188;-69.377548;DESPEJADO;IMPRUDENCIA DEL CONDUCTOR;FATIGA Y/O CANSANCIO;;
A-2022-07-43;16/07/2022;10:40;CHOQUE;-;2;0;CARRETERA FERNANDO BELAUNDE TERRY KM 470 500;INGRESO AL AEROPUERTO RIOJA;-6.054252;-77.165076;DESPEJADO;IMPRUDENCIA DEL CONDUCTOR;EXCESO DE VELOCIDAD;;
A-2022-07-44;03/07/2022;20:10;DESPISTE;CON CONSECUENCIA ;1;0;KM. 04.950 PATIVILCA-CAJATAMBO;---;-10.66140301;-77.77216329846316;NUBLADO;NO IDENTIFICA LA CAUSA;;;
A-2022-07-45;11/07/2022;02:30;ATROPELLO FUGA;-;1;0;VIA LOS LIBERTADORES KM. 66 ;-;-13.60533962;-75.62303332510473;LLUVIOSO;NO IDENTIFICA LA CAUSA;;;
A-2022-07-46;07/07/2022;23:00;CAÍDA DE PASAJERO;CAÍDA DE PASAJERO FATAL Y FUGA;1;0;URB. CESAR VALLEJO CALLE 1;CONCESIONARIA SCANIA S.A Y COMPLEJO DEPORTIVO LOS PANCHOS;-16.4181615;-71.5060567;DESPEJADO;NO IDENTIFICA LA CAUSA;;;EL CONDUCTOR SE DA LA FUGA CON EL VEHÍCULO LUEGO DE QUE EL PASAJERO CAE DEL MISMO
A-2022-07-47;15/07/2022;20:10;ATROPELLO;ATROPELLO Y VOLCADURA FATAL;1;1;VÍA DE PENETRACIÓN VENTILLATA-COCACHACRA KM.6 ;CARRETERA EL FISCAL COCACHACRA;-17.065689;-71.720833;DESPEJADO;NO IDENTIFICA LA CAUSA;;;SIN OBSERVACIONES
A-2022-07-48;18/07/2022;18:30;ATROPELLO;EL VEHICULO MOTOCICLETA SE DESPLAZABA POR EL CARRIL SUR, EN CIRCUNSTANCIAS QUE EL PEATON SE DESPLAZABA EN SENTIDO DE ESTE A OESTE, MATERIALIZANDOSE EL EVENTO;1;2;VIA NACIONAL NAZCA- CUSCO;SECTOR LA FLORIDA;-13.46253447;-72.2872897292519;DESPEJADO;IMPRUDENCIA DEL PEATÓN;ESTADO DE EBRIEDAD Y/O DROGADICCIÓN;;NINGUNA
A-2022-07-49;10/07/2022;05:19;ATROPELLO;EL VEHICULO  SE DESPLAZABA POR EL CARRIL ESTE EN SENTIDO DE SURESTE A NOROESTE  EN CIRCUNSTANCIA QUE EL PEATON SE DESPLAZABA EN SENTIDO DE NOROESTE A SURESTE , MATERIALZIANDOSE EL EVENTO;1;0;CARRETERA URCOS - CUSCO;SECTOR MOLLEMOCCO;-13.6823583;-71.6541899;DESPEJADO;IMPRUDENCIA DEL PEATÓN;ESTADO DE EBRIEDAD Y/O DROGADICCIÓN;;NINGUNA
A-2022-07-50;18/07/2022;05:20;CHOQUE;-;1;0;CARRETERA FERNANDO BELAUNE TERRY KM 466 800;-;-6.035245;-77.199399;NUBLADO;IMPRUDENCIA DEL CONDUCTOR;OTRO (IMPRUDENCIA DEL CONDUCTOR);;
A-2022-07-51;10/07/2022;17:45;CHOQUE;EL VEHICULO AUTOMOVIL INVADE CARRIL CONTRARIO A SU DESPLAZAMIENTO IMPACTANDO FRONTALMENTE CON EL VEHICULO MOTOCICLETA, PROYECTANDO A SU CONDUCTOR HACIA LA PARTE ANTERIOR;1;0;CARRETERA CUSCO - SICUANI;COMUNIDAD MUÑAPATA;-13.6866028;-71.611283;DESPEJADO;IMPRUDENCIA DEL CONDUCTOR;INVASIÓN DE CARRIL;;NINGUNA
A-2022-07-52;20/07/2022;15:30;DESPISTE;EL VEHICULO MOTOCICLETA SE DESPLAZABA DE NORTE A SUR POR EL CAMINO DE HERRADURA,  MATERIALIZANDOSE EL EVENTO;1;0;CAMINO HERRADURA DE COMUNIDAD SANTA ROSA HACIA LA SECTOR COCHAPAMPA;KM.4 100;-13.2786957;-72.6506313;DESPEJADO;IMPRUDENCIA DEL CONDUCTOR;OTRO (IMPRUDENCIA DEL CONDUCTOR);PERDIDA DE CONTROL Y EQUILIBRIO DEL VEHICULO MOTOCICLETA;NINGUNA
A-2022-07-54;16/07/2022;04:00;DESPISTE;EL CONDUCTOR DEL VEHICULO SUV SE ENCONTRBA REALIZANDO LA MANIOBRA DE RETROCESO, PARA RETORNAR A PAUCARTAMBO, MATERIALZIANDOSE EL EVENTO.;3;0;CARRETERA PAUCARTAMBO - PILLCOPATA;SECTOR DE CHUSA, COMUNIDAD SUNCHUBAMBA;-13.2397707;-71.6174155;DESPEJADO;NEGLIGENCIA DEL CONDUCTOR;OTRO (NEGLIGENCIA DEL CONDUCTOR);EFECTUAR EL RETROCESO EN EL LUGAR NO ADECUADO (VIA ANGOSTA Y HUMEDA);NINGUNA
A-2022-07-56;25/07/2022;05:00;CHOQUE;.;1;1;CARRETERA PANAMERICANA NORTE KM. 269.4;.;-3.504290855;-80.28501209300856;DESPEJADO;IMPRUDENCIA DEL CONDUCTOR;CONDUCIR EN SENTIDO CONTRARIO;;
A-2022-07-57;26/07/2022;23:00;ATROPELLO FUGA;CONSECUENCIA FATAL;1;0;CARRETERA PUNO - MOQUEGUA;KM. 36;-16.14107739;-70.05228815537463;DESPEJADO;IMPRUDENCIA DEL PEATÓN;OTRO (IMPRUDENCIA DEL PEATÓN);TRANSITAR DE MANERA ANTIRREGLAMENTARIA;
A-2022-07-58;25/07/2022;19:45;ATROPELLO;EL PEATON PREVIO AL MOMENTO DEL ACCIDENTE SE ENCONTRABA GATEANDO EN LA CALZADA CUANDO ES IMPACTADO POR EL VEHICULO AUTOMOVIL ;1;0;CARRETERA CUSCO - URUBAMBA;ALTURA DEL COLEGIO  ANDINO SCHOLL;-13.4868578;-72.05602;DESPEJADO;IMPRUDENCIA DEL PEATÓN;ESTADO DE EBRIEDAD Y/O DROGADICCIÓN;;NINGUNA
A-2022-07-59;27/07/2022;16:00;ATROPELLO FUGA;FATAL;1;0;CARRETERA HUATA - MORO VIEJO;KM. 03 500;-15.64357058;-70.01571850426642;DESPEJADO;NO IDENTIFICA LA CAUSA;;;FALTA DE UN ELEMENTO ( VEHICULO)
A-2022-07-60;26/07/2022;19:20;ATROPELLO;EL VEHICULO SE DESPLAZABA EN LA CALZADA EN SENTIDO DE SUR A NORTE, EN CIRCUSNTACIAS QUE EL PEATON CRUZABA LA CALZADA EN SENTIDO DE ESTE A OESTE;1;0;AV. PROLOGACION ANTONIO LORENA -. TRAMO CUSCO - TICA TICA;SECTOR BENITO;-13.5106128;-71.9943181;DESPEJADO;IMPRUDENCIA DEL PEATÓN;ESTADO DE EBRIEDAD Y/O DROGADICCIÓN;;NINGUNA
A-2022-07-61;03/07/2022;16:00;DESPISTE;-;3;0;CARRETERA DE PENETRACION AL ANEXO SECTOR YALEN - LOS ALISOS;-;-7.788201;-77.595033;DESPEJADO;IMPRUDENCIA DEL CONDUCTOR;OTRO (IMPRUDENCIA DEL CONDUCTOR);DESATENCION EN LA CONDUCCION;
A-2022-07-62;03/07/2022;23:00;DESPISTE;-;2;2;CARRETERA AL SECTOR LA HUTA - ONGON;-;-8.194369;-76.982986;DESPEJADO;IMPRUDENCIA DEL CONDUCTOR;EXCESO DE VELOCIDAD;;
A-2022-07-63;06/07/2022;04:20;ATROPELLO FUGA;-;1;0;CARRETERA DE PENETRACION A LA SIERRA LIBERTEÑA ALTURA DEL KM. 6.2;-;-8.097352;-78.974404;DESPEJADO;NO IDENTIFICA LA CAUSA;;;
A-2022-07-64;10/07/2022;06:30;CHOQUE;-;1;0;CARRETERA PANAMERICANA NORTE ALTURA DEL KM 692.5;-;-7.303484;-79.478253;DESPEJADO;IMPRUDENCIA DEL CONDUCTOR;CONDUCIR EN ESTADO DE EBRIEDAD Y/O DROGADICCIÓN;;
A-2022-07-65;10/07/2022;19:15;CHOQUE;-;1;1;CARRETERA DE PENETRACION A LA SIERRA LIBERTEÑA ALTURA DEL KM. 22;-;-8.052487;-78.851766;DESPEJADO;IMPRUDENCIA DEL CONDUCTOR;INVASIÓN DE CARRIL;;
A-2022-07-66;11/07/2022;16:30;ATROPELLO FUGA;-;1;0;CARRETERA CAMPINA DE MOCHE ALTURA DEL PASAJE SIN NOMBRE REFERENCIA RESTAURANTE DON TEO;-;-8.15069;-79.010301;DESPEJADO;IMPRUDENCIA DEL PEATÓN;OTRO (IMPRUDENCIA DEL PEATÓN);NEGLIGENCIA DEL PEATON, POR EL CRUCE INDEBIDO DE LA CARRETERA;
A-2022-07-67;12/07/2022;14:30;DESPISTE;-;2;0;CARRETERA PANAMERICANA NORTE ALTURA DEL KM. 473.2;-;-8.702087;-78.639476;DESPEJADO;IMPRUDENCIA DEL CONDUCTOR;EXCESO DE VELOCIDAD;;
A-2022-07-68;29/07/2022;12:20;CHOQUE;VOLCADURA Y DEPISTE;1;4;CARRETERA PUNO DESAGUADERO;KM. 1388 300;-15.954076;-69.825822;DESPEJADO;IMPRUDENCIA DEL CONDUCTOR;USO DE DISPOSITIVOS MÓVILES;;
A-2022-07-69;01/07/2022;12:05;DESPISTE;VOLCADURA;1;0;SECTOR GENEROSA;KM 522;-13.499955;-73.808258;SOLEADO;IMPRUDENCIA DEL CONDUCTOR;CONDUCIR EN ESTADO DE EBRIEDAD Y/O DROGADICCIÓN;;
A-2022-07-7;01/07/2022;07:30;DESPISTE;EL VEHICULO SE DESPLAZABA POR EL TRAMO RECTO INICIALMENTE Y AL INGRESAR A LA CURVA SE INICIA EL DESPISTE;1;1;CARRETERA ESPINAR - SANTO TOMAS ;GRIFO BUENA VISTA;-14.48217344;-72.0938381362104;DESPEJADO;IMPRUDENCIA DEL CONDUCTOR;EXCESO DE VELOCIDAD;;NINGUNA
A-2022-07-70;20/07/2022;17:00;CHOQUE;CHOQUE POR ALCANCE;1;1;NUEVA CARRETERA PANAMERICANA SUR KM. 214;-;-13.654171;-76.17378;DESPEJADO;IMPRUDENCIA DEL CONDUCTOR;ADELANTAR INDEBIDAMENTE;;
A-2022-07-71;21/07/2022;05:30;CHOQUE;CHOQUE POR ALCANCE;1;1;ANTIGUA CARRETERA PANAMERICANA SUR KM.232.500;SAN ANDRES - PISCO.;-13.72173702;-76.15562898657214;DESPEJADO;IMPRUDENCIA DEL CONDUCTOR;ADELANTAR INDEBIDAMENTE;;
A-2022-07-72;25/07/2022;03:00;ATROPELLO;-;1;0;AV. MATIAS MANZANILLA ;FRONTIS DE LA I.E SAN LUIS GONZAGA DE ICA ;-14.06477692;-75.7333472156861;DESPEJADO;IMPRUDENCIA DEL PEATÓN;OTRO (IMPRUDENCIA DEL PEATÓN);EN ESPERA DEL EXAMEN TOXICOLOGICO;
A-2022-07-73;27/07/2022;10:00;ATROPELLO;-;1;0;CARRETERA PANAMERICANA SUR KM. 258.300;-;-13.92833667;-75.97409156267743;DESPEJADO;IMPRUDENCIA DEL PEATÓN;OTRO (IMPRUDENCIA DEL PEATÓN);A ESPERA DE EXAMEN TOXICOLOGICO DEL PEATON ;
A-2022-07-75;20/07/2022;20:00;CHOQUE;EL VEHICULO AUTOMOVIL SE DESPLAZA EN LA VIA EN SENTIDO DE DESPLAZAMIENTO DE SUR A NORTE, INVADE CARRIL CONTARIO MATERIALIZANDOSE EL EVENTO;1;0;CARRETERA ESPINAR - COPORAQUE;KM.3;-14.821055;-71.44522;DESPEJADO;IMPRUDENCIA DEL CONDUCTOR;INVASIÓN DE CARRIL;;NINGUNA
A-2022-07-76;06/07/2022;17:00;DESPISTE;EL VEHCIULO AL TRAZAR LA CURVA, EL CONDUCTOR ENFRENTA EL MICROSUEÑO DESPISTANDOSE HACIA IZQUIERDO SEGUIDO IMPACTANDO CONTRA UN MONTICULO DE TIERRA DESENCADENANDO EL EVENTO;1;1;CARRETERA DESCANSO -ESPINAR;SECTOR TAMBOMAYO KM 6;-14.641781;-71.2764293;DESPEJADO;IMPRUDENCIA DEL CONDUCTOR;FATIGA Y/O CANSANCIO;;NINGUNO
A-2022-07-77;11/07/2022;10:00;CHOQUE;-;1;0;CARRETERA DE PENETRACION TUCUME MORROPE;-;-6.506989;-80.007284;DESPEJADO;NO IDENTIFICA LA CAUSA;;;SE INVESTIGA
A-2022-07-78;24/07/2022;17:30;ATROPELLO;-;1;0;PATIO DEL INMUEBLE DE LA FAMILIA PASACHE SAMAME CASERIO PUERTO ALTO;-;-6.31295;-79.76329;DESPEJADO;NO IDENTIFICA LA CAUSA;;;SE INVESTIGA
A-2022-07-79;25/07/2022;23:00;CHOQUE FUGA;.;1;0;CARRETERA PANAMERICANA NORTE KM 1292.6;.;-3.514078625;-80.25758482125407;DESPEJADO;IMPRUDENCIA DEL CONDUCTOR;INVASIÓN DE CARRIL;;
A-2022-07-80;14/07/2022;19:30;CHOQUE;-;1;0;CARRETERA DE ACCESO AL CACERIO SANTA CECILIA ;-;-7.861107712;-78.47893183237632;DESPEJADO;NO IDENTIFICA LA CAUSA;;;TRANSACCION EXTRAJUDICIAL: DONDE EL SEÑOR JOSE EDISON ROLDAN ALVARADO Y LA EMPRESA CONSORCIO MINERO MUFABRI S.A.C. DE FORMA VOLUNTARIA EFECTUAN EL ABONO DE LA SUMA DE S/. 40,000.00 SOLES EN UNA SOLA CUOTA A FAVOR DE TEODORO CASTILLO MARTINEZ.
A-2022-07-81;15/07/2022;09:30;DESPISTE;-;1;0;CARRETERA DE ACCESO AL CASERIO CHEPATE ALTURA DEL KM. 0.7 ;-;-7.489934525;-78.8151090444654;DESPEJADO;NO IDENTIFICA LA CAUSA;;;
A-2022-07-82;28/07/2022;07:00;DESPISTE;VOLCADURA;3;1;CARRETERA DE ACCESO YAUYA - SAN NICOLAS KM 9 56;;-8.944728418;-77.25099293540882;SOLEADO;IMPRUDENCIA DEL CONDUCTOR;FATIGA Y/O CANSANCIO;;NINGUNO
A-2022-07-83;26/07/2022;20:20;ATROPELLO FUGA;ATROPELLO Y FUGA CON CONSECUENCIA FATAL;1;0;CARRETERA AREQUIPA-YURA KM.16;ALTURA DE LA CAJA MUNICIPAL;-16.29761;-71.62601;DESPEJADO;NO IDENTIFICA LA CAUSA;;;SIN OBSERVACIONES
A-2022-07-84;30/07/2022;20:30;CHOQUE;CHOQUE Y VOLCADURA;1;0;AV. SANCHEZ CERRO;ALTURA CAMPO DEPORTIVO MACHAGUAYA;-16.490973;-71.50154;DESPEJADO;NO IDENTIFICA LA CAUSA;;;SIN OBSERVACIONES
A-2022-07-85;31/07/2022;05:30;ATROPELLO FUGA;ATROPELLO Y FUGA FATAL;1;0;INGRESO AL PUEBLO TRADICIONAL LA JOYA;ALTURA DEL NUEVO TERMINAL TERRESTRE;-16.42887;-71.825537;DESPEJADO;NO IDENTIFICA LA CAUSA;;;SIN OBSERVACIONES
A-2022-07-86;10/07/2022;07:00;DESPISTE;EL CONDUCTOR SE DESPLAZABA POR LA VIA, DONDE PIERDE EL EQUILIBRIO Y CONTROL DE SU VEHICULO POR ENCONTRARSE BAJO LOS EFECTOS DEL ALCOHOL.;1;0;CARRETERA LIVITACA - COMPAPATA;SECTOR TOROTACCA, COMUNIDAD  QUELLOWINCHA;-14.3055985;-71.674153;DESPEJADO;IMPRUDENCIA DEL CONDUCTOR;CONDUCIR EN ESTADO DE EBRIEDAD Y/O DROGADICCIÓN;;NINGUNA
A-2022-07-87;01/07/2022;10:00;DESPISTE;EL VEHICULO SE DESPLAZABA POR TRAMO RECTO EN SENTIDO DE SUR A NORTE ,  EN CIRCUNSTANCIAS AL ESQUIVAR UN MONTICULO DE TIERRA DESPISTE HACIA SU IZQUIERDA, MATERIALZIANDOSE EL EVENTO;1;0;CARRETERA HUANCAPATA - CHOSECA;SECTOR HUANCAPATA;-14.494503;-71.46394;DESPEJADO;IMPERICIA DEL CONDUCTOR;;;NINGUNO
A-2022-07-88;25/07/2022;09:10;CHOQUE;EL VEHICULO REMOLCADOR - SEMIREMOLQUE SE DESPLAZABA EN SENTIDO DE NOROESTE A SURESTE Y EL VEHICULO CAMION SE DESPLAZABA DE SUR A NORTE ;1;1;CARRETERA ESPINAR - COPORAQUE;SECTOR QASHUANAMOCCO, KM 12 ;-14.798321;-71.523037;DESPEJADO;NO IDENTIFICA LA CAUSA;;;NINGUNO
A-2022-07-89;25/07/2022;19:50;ATROPELLO FUGA;EL VEHICULO NO IDENTIFICO SE DESPLAZABA EN SENTIDO DE SUR A NORTE IMPACTA AL PEATON, DANDOSE A LA FUGA DESPUES DE SUCEDIDO EL EVENTO;1;0;CARRETERA AGUAS CALIENTES- MARANGANI;SECTOR LULUCACHI;-14.402531;-71.133024;DESPEJADO;NO IDENTIFICA LA CAUSA;;;NINGUNA
A-2022-07-90;29/07/2022;02:00;DESPISTE;EL VEHCIULO SE DESPLAZABA POR LA CALZADA, LA MISMA QUE PRESENTA CURVA ABIERTA, MATERIALIZANDOS EEL EVENTO.;1;1;TROCHA CARROZABLE CHECCA - COMUNIDAD CAMPESINA CONSA;SECTOR QORAPATA;-14.441994;-71.42504;DESPEJADO;IMPRUDENCIA DEL CONDUCTOR;CONDUCIR EN ESTADO DE EBRIEDAD Y/O DROGADICCIÓN;;NINGUNO
A-2022-07-91;30/07/2022;04:30;CHOQUE;EL VEHICULO MOTOCICLETA IMPACTA EN LA PARTE POSTERIOR (VERTICE IZQUIERDO) DEL VEHCIULO CAMION, MATERILIZANDOSE EL EVENTO;1;0;VIA NACIONAL NAZCA - AREQUIPA. EN TRAMO DE PUENTE CUNYAC - LIMATAMBO;SECTOR MOYO, ALTURA DEL KM 878 500;-13.526324;-72.50997;DESPEJADO;NO IDENTIFICA LA CAUSA;;;PENDIENTE
A-2022-07-92;01/07/2022;09:06;ATROPELLO;-;1;0;CARRETERA PANAMERICANA NORTE;-;-6.148171018;-79.7156908860278;DESPEJADO;NO IDENTIFICA LA CAUSA;;;SE INVESTIGA
A-2022-07-93;05/07/2022;05:15;CHOQUE;-;1;3;CARRETERA PANAMERICANA NORTE;MOLINO LOS ANGELES;-6.725805;-79.891082;DESPEJADO;NO IDENTIFICA LA CAUSA;;;SE IDENTIFICA
A-2022-07-94;17/07/2022;07:00;ATROPELLO FUGA;-;1;0;CARRETERA PANAMERICANA NORTE KM 798;-;-6.689793;-79.903521;DESPEJADO;NO IDENTIFICA LA CAUSA;;;SE INVESTIGA
A-2022-07-95;28/07/2022;16:00;CHOQUE;-;2;1;CARRETERA OLMOS TUNAPE (CASERIO);FAMILIA NUNURA;-6.029385678;-79.806545691682;DESPEJADO;NO IDENTIFICA LA CAUSA;;;SE INVESTIGA
A-2022-07-96;23/07/2022;22:00;DESPISTE;-;1;0;VIA CARROZABLE DREN PIMENTEL SAN JOSE  PIMENTEL - BOSNA;-;-6.826392;-79.936177;DESPEJADO;NO IDENTIFICA LA CAUSA;;;SE INVESTIGA
A-2022-07-97;02/07/2022;20:30;ATROPELLO FUGA;;1;1;CARRETERA PANAMERICANA NORTE KM 768 200;;-6.888183;-79.804553;DESPEJADO;NO IDENTIFICA LA CAUSA;;;SE INVESTIGA
A-2022-07-98;15/07/2022;19:50;CAÍDA DE PASAJERO;ATROPELLO;1;0;CARRETERA PANAMERICNANA NORTE ALTURA DEL KM. 521.5;-;-8.411636;-78.802653;DESPEJADO;NO IDENTIFICA LA CAUSA;;;
A-2022-07-99;17/07/2022;10:30;DESPISTE;-;1;0;CARRETERA DE ACCESO AL CENTRO POBLADO SAN FELIPE;-;-7.512883812;-77.8255790040034;DESPEJADO;IMPRUDENCIA DEL CONDUCTOR;OTRO (IMPRUDENCIA DEL CONDUCTOR);MANIOBRA QUE REALIZO EL CONDUCTOR DEL CAMION;ACCION OPERATIVA DEL CONDUCTOR DEL CAMION, AL DESPLAZAR SU VEHICULO SE APROXIMO HACIA EL LADO IZQUIERDO DE LA CARRETERA PARA PASAR UNA CURVA CERRADA POR LA PRESENCIA DE UNA ROCA EMPOTRADA EN EL CERRO QUE SOBRESALIA SOBRE EL ESPACIO AEREO DE LA CALZADA Y POR EL DESLIZAMIENTOS DE TIERRA Y PIEDRAS DEL MISMO, LO QUE OBLIGO A DICHO CONDUCTOR APEGARSE HACIA EL EXTREMO IZQUIERDO LOGRANDO PASAR LA ESTRUCTURA ANTERIOR AL INCORPORARSE A LA ZONA RECTA DE LA VIA, MIENTRAS QUE LOS NEUMATICOS DUALES DEL EJE POSTERIOR IZQUIERDO PERDIERON CONTACTO CON LA CARRETERA DEBIDO AL TIPO DE MATERIAL DE LA VIA Y LA POCA CONSISTENCIA QUE OFRECIA ANTE LA PRESION DEL PASO VEHICULAR.
A-2022-08-1;02/08/2022;06:35;CHOQUE;;1;0;AV. ARGENTINA CDRA. 04 CALLAO ;;-12.04984271;-77.11416269059485;DESPEJADO;NEGLIGENCIA DEL CONDUCTOR;OTRO (NEGLIGENCIA DEL CONDUCTOR);CONDUCIR LA UNIDAD BAJO UN EXCESO DE CONFIANZA Y NO VALORAR EL RIESGO;NO DESARROLLO LAS FASES DE PERCEPCION POSIBLE NI PERCEPCION REAL
A-2022-08-10;11/08/2022;19:00;ATROPELLO;-;1;1;AV LAS AMERICANAS ;ALLTURA DEL TECNOLOGICO DE PISCO ;-13.716623;-76.21358;DESPEJADO;IMPRUDENCIA DEL CONDUCTOR;NO DAR PASO PREFERENTE AL PEATÓN;;