COD_ACCIDE;FechaDelAccidente;HoraDelAccidente;ClaseDelAccidente;SecuenciaAccidente;CantidadDeFallecidos;CantidadDeLesionados;Direccion;LugarReferencia;y;x;CondClimatica;CausaFactorPrincipal;CausaEspecifica;OtraCausa;Observaciones
A-2022-08-100;31/08/2022;14:20;VOLCADURA;VOLCADURA ;1;1;TROCHA CARROZABLE DE INGRESO A LA LANGOSTINERAS ;ALTURA DEL SECTOR CANELA.;-3.575346219;-80.48382811665789;DESPEJADO;IMPRUDENCIA DEL CONDUCTOR;CONDUCIR EN ESTADO DE EBRIEDAD Y/O DROGADICCIÓN;;
A-2022-08-101;30/08/2022;05:50;ATROPELLO;-;1;0;CARRETERA PANAMERICANA NORTE KM 91;-;-5.989715;-79.706363;DESPEJADO;NO IDENTIFICA LA CAUSA;;;EN INVESTIGACIÓN
A-2022-08-102;09/08/2022;06:15;ATROPELLO;;1;0;AV. NESTOR GAMBETTA / AV. 200 MILLAS ;;-11.99537094;-77.12587874855186;DESPEJADO;NO IDENTIFICA LA CAUSA;;;NO SE PUDO ESTABLECER DE FORMA FEHACIENTE E INDUBITABLE EL FACTOR PREDOMINANTE
A-2022-08-105;22/08/2022;11:00;DESPISTE;VOLCADURA;1;0;CARRETERA HVCA-YAULI;KM. 07 700;-12.783613;-74.878034;DESPEJADO;NO IDENTIFICA LA CAUSA;;;FALTA DE DILIGENCIAS
A-2022-08-106;07/08/2022;07:10;DESPISTE;DESPISTE Y VOLCADURA;2;1;CARRETERA TRANSVERSAL RURA PE 14 A;SECTOR EL OSO;-9.215974;-76.253808;LLUVIOSO;IMPRUDENCIA DEL CONDUCTOR;FATIGA Y/O CANSANCIO;;NINGUNA
A-2022-08-107;14/08/2022;06:30;CHOQUE CON OBJETO FIJO;CHOQUE ;1;0;AV. MALECON CDRA 04;INTERSECION AV. INDEPENDENCIA CON MALECON;-8.935285157;-76.1189889561985;DESPEJADO;IMPRUDENCIA DEL CONDUCTOR;CONDUCIR EN ESTADO DE EBRIEDAD Y/O DROGADICCIÓN;;NINGUNA
A-2022-08-108;21/08/2022;21:30;ATROPELLO FUGA;ATROPELLO SEGUIDO DE FUGA;1;0;CARRETERA TRANSVCERSAL RUTA PE 18 A;GRIFO NARANJILLO;-9.236276;-75.990074;DESPEJADO;NO IDENTIFICA LA CAUSA;;;NINGUNA
A-2022-08-109;30/08/2022;20:40;DESPISTE;DESPISTE SEGUIDO DE VOLCADURA;1;0;CARRETERA TRANSVERSAL RUTA PE 14 A;CASERIO JORGE CHAVEZ;-9.209676;-76.151048;DESPEJADO;IMPRUDENCIA DEL CONDUCTOR;OTRO (IMPRUDENCIA DEL CONDUCTOR);DISTRACCION;NINGUNO
A-2022-08-11;14/08/2022;07:40;CHOQUE;-;1;0;CARRETERA PANAMERICANA SUR KM. 343;-;-14.390245;-75.601089;DESPEJADO;IMPRUDENCIA DEL CONDUCTOR;FATIGA Y/O CANSANCIO;;
A-2022-08-113;15/08/2022;18:00;DESPISTE;SEGUIDO DE VOLCADURA CON CONSECUENCIA FATAL, LESIONES PERSONALES Y DAÑOS MATERIALES. ;1;1;TROCHA CARROZABLE S/N - SECTOR AGUA BLANCA - OMATE;ZONA RURAL - SECTOR AGUA DULCE;-16.704679;-70.994454;;;;;
A-2022-08-114;18/08/2022;09:50;CHOQUE;CHOQUE POR ALCANCE;1;0;CARRETERA CENTRAL HUANUCO-OROYA;KM 168;-10.43900462;-76.19083504719426;DESPEJADO;NO IDENTIFICA LA CAUSA;;;MATERIA DE INVESTIGACION
A-2022-08-115;11/08/2022;21:00;ATROPELLO;CON CONSECUANCIA DE MUERTE;1;0;KM. 203.300 DE LA ANTIGUA CARRETERA PANAMERICANA NORTE;-;-10.7034481;-77.78075153837675;DESPEJADO;NO IDENTIFICA LA CAUSA;;;EN INVESTIGACION
A-2022-08-116;18/08/2022;03:20;ATROPELLO FUGA;CON CONSECUANCIA DE MUERTE;1;0;ANTIGUA CARRETERA PANAMERICANA NORTE;SECTOR TRES PIEDRAS;-10.78825325;-77.7418373172005;LLUVIOSO;NO IDENTIFICA LA CAUSA;;;
A-2022-08-117;31/08/2022;20:54;CHOQUE;CON CONSECUANCIA DE MUERTE ;1;0;ANTIGUA CARRETERRA PANAMERICANA NORTE;HACIANDA SAN JOSE;-10.73829325;-77.77122931616893;DESPEJADO;NO IDENTIFICA LA CAUSA;;;
A-2022-08-12;14/08/2022;04:30;DESPISTE;VOLCADURA;1;2;CARRETERA PUNO-DESAGUADERO;KM. 1454 606;-16.2509416;-69.3587262;DESPEJADO;IMPRUDENCIA DEL CONDUCTOR;EXCESO DE VELOCIDAD;;
A-2022-08-121;29/08/2022;17:50;ATROPELLO;-;1;0;CALLE LA PAZ S/N;ESPALDAS DEL ESTADIO MUNICIPAL BATANGRANDE;-6.481992;-79.650751;DESPEJADO;NO IDENTIFICA LA CAUSA;;;SE INVESTIGA
A-2022-08-122;25/08/2022;01:45;DESPISTE;-;1;0;CARRETERA PANAMERICANA NORTE ANTIGUA KM 88 600;-;-5.982158;-79.743202;DESPEJADO;NO IDENTIFICA LA CAUSA;;;SE INVESTIGA
A-2022-08-127;02/08/2022;01:00;ATROPELLO FUGA;-;2;0;KM 284 944;GRIFO REPSOL;-15.562104;-70.24031;DESPEJADO;IMPRUDENCIA DEL PEATÓN;CRUCE INDEBIDO POR LA CALZADA;;NINGUNA 
A-2022-08-128;07/08/2022;20:30;CHOQUE;-;1;0;KM 3 600;COATA;-15.51290445;-70.0982892;DESPEJADO;IMPRUDENCIA DEL CONDUCTOR;OTRO (IMPRUDENCIA DEL CONDUCTOR);CAMBIO DE CARRIL;NINGUNA 
A-2022-08-129;13/08/2022;21:10;ATROPELLO;-;1;0;AV CAMINACA;URB SANTA MARIA ;-15.45565437;-70.10072345093727;DESPEJADO;IMPERICIA DEL CONDUCTOR;;;NINGUNA 
A-2022-08-13;10/08/2022;06:20;DESPISTE;DESPISTE Y CHOQUE FATAL CON DAÑO MATERIALES ;1;1;ASOC. JOSE LUIS BUSTAMANTE  Y RIVERO SEC. 12 MZ. D LOT. 8 ;POLLERIA RESTAURANTE EL ROMERITO ;-16.359972;-71.617691;DESPEJADO;NO IDENTIFICA LA CAUSA;;;SIN OBSERVACIONES 
A-2022-08-130;17/08/2022;17:50;CHOQUE;-;1;3;KM 262 264;;-15.6790683;-70.4039444;DESPEJADO;IMPRUDENCIA DEL CONDUCTOR;EXCESO DE VELOCIDAD;;
A-2022-08-131;20/08/2022;18:00;VOLCADURA;-;1;0;AV HUANCANE ;-;-15.47996;-70.11978;DESPEJADO;IMPRUDENCIA DEL CONDUCTOR;EXCESO DE VELOCIDAD;;NINGUNA 
A-2022-08-132;20/08/2022;02:30;CHOQUE;DESPISTE;2;0;KM 1303 842;-;-15.4107567;-70.149596;DESPEJADO;NEGLIGENCIA DEL CONDUCTOR;OTRO (NEGLIGENCIA DEL CONDUCTOR);ESTADO DE EBRIDAD ;NINGUNA 
A-2022-08-133;21/08/2022;07:40;VOLCADURA;CAIDA DE CONDUCTOR ;1;0;KM 60 900;SECTOR PAMPAS;-15.192898;-70.109596;DESPEJADO;IMPRUDENCIA DEL CONDUCTOR;EXCESO DE VELOCIDAD;;NINGUNA 
A-2022-08-134;23/08/2022;12:00;CHOQUE;-;1;0;KM 10 600;-;-14.71019465;-70.53411479331245;DESPEJADO;IMPRUDENCIA DEL CONDUCTOR;INVASIÓN DE CARRIL;;NINGUNA
A-2022-08-135;25/08/2022;18:45;CHOQUE;-;2;0;KM 1322 29;-;-15.5541218;-70.106811;DESPEJADO;IMPRUDENCIA DEL CONDUCTOR;OTRO (IMPRUDENCIA DEL CONDUCTOR);DESPLAZAMIENTO DEL VEHICULO DE TRES RUDAS AL TRANSITAR SIN NINGUN TIPO DE SEÑAL;NINGUNA 
A-2022-08-136;28/08/2022;05:30;VOLCADURA;-;1;0;KM 11 500;-;-15.126648;-70.133416;DESPEJADO;IMPRUDENCIA DEL CONDUCTOR;EXCESO DE VELOCIDAD;;NINGUNA 
A-2022-08-137;26/08/2022;17:15;CHOQUE;CAIDA DE CICLISTA ;1;0;KM 1156 316;SECTOR PICCHU ALTO;-14.51109087;-70.92338917480916;DESPEJADO;IMPRUDENCIA DEL CONDUCTOR;INVASIÓN DE CARRIL;;NINGUNA 
A-2022-08-138;14/08/2022;01:30;CHOQUE;;1;2;AV. LOS DIAMANTES ALTURA DEL NORANDINO - SENATI - ZONA INDUSTRIAL PIURA ;;-5.178871;-80.653755;DESPEJADO;NO IDENTIFICA LA CAUSA;;;
A-2022-08-139;30/08/2022;21:30;ATROPELLO;;1;0;AV. NARANJAL CDRA. 14;ALTURA DE BANCO DE CRÉDITO;-11.9770516;-77.08195513;DESPEJADO;NO IDENTIFICA LA CAUSA;;;IMPACTA ESTRUCTURA ANTERIOR AL PEATÓN QUE CRUZABA LA VÍA
A-2022-08-14;15/08/2022;08:05;CHOQUE;POR ALCANCE;1;0;CARRETERA PILCUYO - CACHIPUCARA;KM. 10 700 C.P. CHIPANA;-16.07002089;-69.50630305875613;DESPEJADO;IMPRUDENCIA DEL CONDUCTOR;GIRAR IMPRUDENTEMENTE;;
A-2022-08-140;30/08/2022;23:40;ATROPELLO;;1;0;CARRETERA PANAMERICANA NORTE KM29 500;CEMENTERIO PARQUE DEL RECUERDO;-11.872988;-77.06937683;DESPEJADO;NO IDENTIFICA LA CAUSA;;;NO HAY OBSERVACIONES
A-2022-08-141;29/08/2022;05:20;ATROPELLO;;1;0;CARRETERA PANAMERICANA NORTE KM 36 775;ALTURA DE PARADERO FLECHA;-11.8293549;-77.1187043;DESPEJADO;NO IDENTIFICA LA CAUSA;;;SIN OBSERVACIONES
A-2022-08-142;29/08/2022;15:40;ATROPELLO;;1;0;AV. MALECON CHECA C-14;PUENTE LIBERTADORES;-12.0264267;-76.9887615;DESPEJADO;NO IDENTIFICA LA CAUSA;;;SIN OBSERVACIONES
A-2022-08-143;28/08/2022;06:20;CHOQUE;VOLCADURA, CAÍDA Y ATROPELLO;1;0;ANTIGUA PANAMERICANA SUR ;ALTURA OVALO SAN PEDRO;-12.27378524;-76.87277089205438;DESPEJADO;NO IDENTIFICA LA CAUSA;;;NO INDICA
A-2022-08-144;27/08/2022;07:45;CHOQUE;CHOQUE MÚLTIPLE, VOLCADURA, CAÍDA Y ATROPELLO;1;0;PANAMERICANA SUR;ALTURA PUENTE PRIMAVERA;-12.1119264;-76.9778515;DESPEJADO;NO IDENTIFICA LA CAUSA;;;SIN OBSERVACIONES
A-2022-08-145;27/08/2022;06:30;ATROPELLO FUGA;;1;0;AV. TÚPAC AMARU CDRA. 34;ALTURA PARADERO CHACRA CERRO;-11.936865;-77.049057;DESPEJADO;NO IDENTIFICA LA CAUSA;;;NO INDICA
A-2022-08-146;26/08/2022;21:20;ATROPELLO;;1;0;AV. PACHACUTEC;GRIFO PRIMAX MULÁN O NUEVO PROGRESO;-12.218494;-76.921427;DESPEJADO;NO IDENTIFICA LA CAUSA;;;SIN OBSERVACIONES
A-2022-08-147;26/08/2022;18:40;ATROPELLO FUGA;VEHÍCULO FUE DETENIDO POSTERIOR Y CAPTURADO;1;0;CARRETERA PANAMERICANA NORTE KM. 44 600;PARQUE CIUDAD PYME;-11.773241;-77.159443;DESPEJADO;NO IDENTIFICA LA CAUSA;;;NO INDICA
A-2022-08-148;25/08/2022;09:45;ATROPELLO;;1;0;CARRETERA CENTRAL KM. 15.5;ALTURA GRIFO PRIMAX DEL DISTRITO DE ATE;-12.01224672;-76.8780904627646;DESPEJADO;NO IDENTIFICA LA CAUSA;;;SIN OBSERVACIONES
A-2022-08-149;23/08/2022;13:10;CHOQUE;VOLCADURA Y CAIDA CON FUGA;1;0;AV. INDEPENDENCIA CDRA. 07;PARADERO INDEPENDENCIA;-12.03010122;-77.00158913661262;DESPEJADO;NO IDENTIFICA LA CAUSA;;;SIN OBSERVACIONES
A-2022-08-15;10/08/2022;12:00;CHOQUE;CHOQUE FATAL;1;2;CALLE PROLONGACIÓN CALVARIO. FRONTIS INMUEBLE NRO. 1437-MIRAFLORES;FRONTIS DEL INMUEBLE NRO. 1437- CALLE PROLONGACIÓN CALVARIO;-16.3861421;-71.5178437;DESPEJADO;NO IDENTIFICA LA CAUSA;;;SIN OBSERVACIONES 
A-2022-08-150;19/08/2022;15:50;CAÍDA DE PASAJERO;;1;0;CALLE MAR CARIBE;ALTURA DEL FRONTIS DEL INMUEBLE MZ B LORE 22;-12.03055265;-76.9258725420437;DESPEJADO;NO IDENTIFICA LA CAUSA;;;SIN OBSERVACIONES
A-2022-08-151;20/08/2022;18:20;DESPISTE;CHOQUE, VOLCADURA Y CAÍDA;1;0;AV. CIRCUNVALACIÓN CDRA. 15;FRONTIS DE LA MZ Ñ-3B LOTE 14;-11.96293896;-76.98168801296968;DESPEJADO;NO IDENTIFICA LA CAUSA;;;SIN OBSERVACIONES
A-2022-08-152;21/08/2022;18:00;ATROPELLO FUGA;;1;0;AV. PRÓCERES DE HUANDOY CON CALLE 40;FRONTIS DEL INMUEBLE MZ 16 LOTE 28 AAHH LAURA CALLER;-11.96678684;-77.07867906365713;DESPEJADO;NO IDENTIFICA LA CAUSA;;;SIN OBSERVACIONES
A-2022-08-153;19/08/2022;03:40;CHOQUE;VOLCADURA, CAÍDA;1;0;AV. UNIVERSITARIA CDRA. 40;PASANDO AV. RÍO MARAÑÓN;-11.97173481;-77.07560017434432;DESPEJADO;NO IDENTIFICA LA CAUSA;;;PRODUCTO DEL CHOQUE, SE DA LA VOLCADURA CON CAÍDA DE LA PASAJERA DETERMINÁNDOSE SU DECESO EN EL LUGAR
A-2022-08-154;17/08/2022;06:40;CHOQUE;;2;0;AV. EL TRIUNFO CON AV. RICARDO PALMA;;-12.15987611;-76.93937276852698;DESPEJADO;NO IDENTIFICA LA CAUSA;;;SIN OBSERVACIONES
A-2022-08-155;13/08/2022;18:00;CHOQUE;;1;3;AV. TUPAC AMARU KM 24.500 ;TORRE BLANCA;-11.84547551;-77.00080274155242;DESPEJADO;NO IDENTIFICA LA CAUSA;;;UN VEHÍCULO INVADE EL CARRIL CONTRARIO CAUSANDO EL SINIESTRO 
A-2022-08-156;15/08/2022;00:20;DESPISTE;CHOQUE, VOLCADURA Y CAÍDA;1;1;CIRCUITO DE PLAYAS COSTA VERDE;ALTURA DE BAJADA DE MARBELLA;-12.10373775;-77.0640075684988;DESPEJADO;NO IDENTIFICA LA CAUSA;;;INDICA QUE COLISIONA CONTRA UNA SEÑAL, LA CUAL NO ESTÁ ESPECIFICADA.
A-2022-08-157;14/08/2022;10:30;VOLCADURA;FUGA DEL CONDUCTOR;1;0;AV. UNIVERSITARIA CDRA. 99;PARADERO SAN CARLOS;-11.90580642;-77.04292197271546;DESPEJADO;NO IDENTIFICA LA CAUSA;;;TRIMOTO DE PASAJEROS SIN PLACA DE RODAJE
A-2022-08-158;14/08/2022;05:30;ATROPELLO;;1;0;PANAMERICANA SUR KM 23.500;GRIFO EL ÁLAMO;-12.24078967;-76.94706750505482;DESPEJADO;NO IDENTIFICA LA CAUSA;;;SIN OBSERVACIONES
A-2022-08-159;14/08/2022;22:20;DESPISTE;CHOQUE, VOLCADURA Y CAÍDA;1;0;AV. PACHACÚTEC CDRA. 24;ESTACIÓN DEL TREN V.M.T.;-12.16985585;-76.94984814454078;DESPEJADO;NO IDENTIFICA LA CAUSA;;;SIN OBSERVACIONES
A-2022-08-16;15/08/2022;21:30;CHOQUE;FUGA;1;1;CARRETERA PUNO-DESAGUADERO;KM. 1435 450;-16.216189;-69.499112;DESPEJADO;IMPRUDENCIA DEL CONDUCTOR;CONDUCIR EN ESTADO DE EBRIEDAD Y/O DROGADICCIÓN;;
A-2022-08-160;13/08/2022;17:15;ATROPELLO;;1;0;AV. JOSÉ RODRIGUEZ DE MENDOSA CON AV. CARRETERA CENTRAL;ALTURA DEL FRONTIS DE C.C. MAKRO;-12.05611704;-76.96797027997064;DESPEJADO;NO IDENTIFICA LA CAUSA;;;EL PEATON SE TRASLADABA EN SENTIDO CONTRARIO AL TRÁNSITO LLEVANDO UNA CARRETA
A-2022-08-161;14/08/2022;05:20;DESPISTE;VOLCADURA Y CHOQUE;1;1;AV. MARIANO CONDORCANQUI CDRA. 03;CENTRO DE SALUD LOS GERANIOS;-11.89383282;-77.04070556329435;DESPEJADO;NO IDENTIFICA LA CAUSA;;;NO SE CONOCE QUIEN CONDUCÍA EL VEHÍCULO QUE DESPISTÓ.
A-2022-08-162;12/08/2022;19:20;CHOQUE FUGA;;1;0;JR. CAJAMARQUILLA CON AV. PIRÁMIDES DEL SOL;;-12.02257701;-77.00174719298468;DESPEJADO;NO IDENTIFICA LA CAUSA;;;SIN OBSERVACIONES
A-2022-08-163;11/08/2022;00:05;ATROPELLO FUGA;;1;0;AV. ANTÚNES DE MAYOLO CDRA. 11;MERCADO COVIDA;-11.99509218;-77.07662298020652;DESPEJADO;NO IDENTIFICA LA CAUSA;;;NO INDICA OBSERVACIONES
A-2022-08-164;11/08/2022;04:30;CHOQUE;;1;1;AV. MALECÓN GRAU CON AV. DEFENSORES DEL MORRO;FRENTE A ESQUINA DE SERVICIO MÉDICO OCUPACIONAL SEMEGUA;-12.16632475;-77.02679543852047;DESPEJADO;NO IDENTIFICA LA CAUSA;;;NO INDICA
A-2022-08-165;10/08/2022;06:45;ATROPELLO;;1;0;AV. LAS FLORES DE PRIMAVERA CDRA. 09;ALTURA DEL CRUCE CON CALLE LOS TOMILLOS.;-12.01440649;-77.0116826373535;DESPEJADO;NO IDENTIFICA LA CAUSA;;;NO INDICA
A-2022-08-166;10/08/2022;07:30;CHOQUE;;2;0;AV. PAMPAPACTA S/N;NO INDICA;-12.33022378;-76.81520163341393;DESPEJADO;IMPRUDENCIA DEL CONDUCTOR;CONDUCIR EN SENTIDO CONTRARIO;;INDICA TRIMOTO PASAJERO EN CONTRA DEL SENTIDO DE CIRCULACIÓN.
A-2022-08-167;08/08/2022;08:30;DESPISTE;VOLCADURA;1;0;CARRETERA PANAMERICANA NORTE KM 55;ALTURA ZONA DE RESERVA LOMAS DE ANCÓN, PASANDO EL PEAJE;-11.72910783;-77.16485530147563;DESPEJADO;NO IDENTIFICA LA CAUSA;;;NO INDICA
A-2022-08-168;07/08/2022;22:50;ATROPELLO;;1;0;AV. NICOLÁS AYLLÓN CDRA. 16;;-11.97372634;-76.76030960606235;DESPEJADO;NO IDENTIFICA LA CAUSA;;;NO INDICA
A-2022-08-169;05/08/2022;18:50;CHOQUE;CAÍDA;1;0;AV. CESAR VALLEJO CDRA. 21;FRONTIS DEL INMUEBLE #2102 (BARBERÍA NAVAJAS 92);-12.04057774;-76.9827142759373;DESPEJADO;NO IDENTIFICA LA CAUSA;;;NO INDICA
A-2022-08-17;14/08/2022;06:00;CHOQUE FUGA;CHOQUE DESPISTE Y VOLADURA FATAL ;1;0;AV. SIMÓN BOLÍVAR CON INTERSECCIÓN JR. AMAZONAS ;AV. SIMÓN BOLÍVAR CON INTERSECCIÓN JR. AMAZONAS;-16.4009968;-71.5818988;DESPEJADO;NO IDENTIFICA LA CAUSA;;;SIN OBSERVACIONES 
A-2022-08-170;04/08/2022;15:00;ATROPELLO;;1;0;AV. MANCO CAPAC CON AV. BAUZATE Y MEZA;ALTURA DEL CC METRO;-12.06438624;-77.02921847721872;DESPEJADO;NO IDENTIFICA LA CAUSA;;;NO INDICA
A-2022-08-171;02/08/2022;03:45;DESPISTE;;1;0;CARRETERA PIURA SULLANA. PROLONGACION CON LA AVENIDA SANCHEZ CERRO ;ALTURA DE PETROPERU ;-5.178632;-80.666543;DESPEJADO;;;;
A-2022-08-172;08/08/2022;21:30;DESPISTE;SIMPLE - DESPISTE Y VOLCADURA ;1;0;CARRETERA PIURA - CIENEGUILLO ;KM 15;-5.031625;-80.662164;DESPEJADO;NO IDENTIFICA LA CAUSA;;;
A-2022-08-173;09/08/2022;14:30;DESPISTE;DESPISTE Y VOLCADURA ;1;0;CARRETERA CHULUCANAS - FRIAS ;CASERIO HUASIPE ;-4.963296191;-80.0037082415946;DESPEJADO;NO IDENTIFICA LA CAUSA;;;
A-2022-08-174;06/08/2022;23:40;VOLCADURA;VOLCADURA Y CAIDA ;1;0;AV. JOSE AGUILAR SANTIESTEBAN ;ALTURA DE LA CALLE LAS AMAPOLAS;-5.172145;-80.645;DESPEJADO;IMPRUDENCIA DEL CONDUCTOR;EXCESO DE VELOCIDAD;;
A-2022-08-175;03/08/2022;18:40;ATROPELLO;;1;0;CARRETERA PENETRACIÓN AL C.P. CAMBIO PUENTE 6 1/2 ;;-9.024249929;-78.55449104182941;DESPEJADO;NO IDENTIFICA LA CAUSA;;;PENDIENTE DE DETERMINAR LA CAUSA.
A-2022-08-176;04/08/2022;09:00;DESPISTE;;1;1;CARRETERA PENENTRACIÓN CABANA - ANCOS;;-8.456056827;-78.08144758808645;DESPEJADO;NO IDENTIFICA LA CAUSA;;;PENDIENTE DE DETERMINAR LA CAUSA.
A-2022-08-177;05/08/2022;04:30;ATROPELLO;;1;0;CARRETERA PANAMERICANA NORTE KM. 376;;-9.480335188;-78.29283734231547;DESPEJADO;NO IDENTIFICA LA CAUSA;;;PENDIENTE DE DETERMINAR LA CAUSA
A-2022-08-178;16/08/2022;07:15;CHOQUE;;1;1;CARRETERA PANAMERICANA NORTE KM. 384 800;;-9.438507;-78.355124;DESPEJADO;NO IDENTIFICA LA CAUSA;;;PENDIENTE DE DETERMINAR LA CAUSA.
A-2022-08-179;22/08/2022;06:00;CHOQUE;;1;0;CARRETERA PANAMERICANA NORTE KM. 448 700;;-8.966218;-78.621979;DESPEJADO;NO IDENTIFICA LA CAUSA;;;PENDIENTE DE DETERMINAR LA CAUSA.
A-2022-08-18;02/08/2022;07:15;CHOQUE;-;1;1;INTERSECCION DE LA CARRETERA INDUSTRIAL CON LA AV. RICARDO PALMA;-;-8.112546;-78.999485;DESPEJADO;NO IDENTIFICA LA CAUSA;;;
A-2022-08-180;25/08/2022;08:10;CHOQUE;-;1;3;CALLE INTIRAYMI CON AV ANTENOR ORREGO;;-6.798853;-79.83346;DESPEJADO;NO IDENTIFICA LA CAUSA;;;
A-2022-08-181;14/08/2022;12:40;CHOQUE;CHOQUE POR ALCANCE ;1;0;CARRETERA COSTANERA SUR KM 19 500 ;;-18.149862;-70.443709;SOLEADO;IMPRUDENCIA DEL CONDUCTOR;CONDUCIR EN ESTADO DE EBRIEDAD Y/O DROGADICCIÓN;;
A-2022-08-182;26/08/2022;20:00;ATROPELLO;ATROPELLO CON PROYECCION;1;0;INTERSECCION AV. MUNICIPAL C/ CALLE CRISTOBAL COLÓN;;-18.046278;-70.249627;DESPEJADO;IMPRUDENCIA DEL CONDUCTOR;EXCESO DE VELOCIDAD;;
A-2022-08-183;09/08/2022;12:10;DESPISTE;DESPISTE Y VOLCADURA CON CONSECUENCIA FATAL;1;0;PAUCCARAYA KM.1;SECTOR CORRALPATA;-14.28866546;-73.27030864658343;;;;;
A-2022-08-184;27/08/2022;18:35;ATROPELLO;ATROPELLO CON CONSECUENCIA FATAL;1;0;SECTOR MOLINOPAMPA;EX. COLEGIO CEMA CHALHUAHUACHO;-14.12155611;-72.25297294659477;;;;;
A-2022-08-187;07/08/2022;04:00;CHOQUE FUGA;;1;1;INTERSECCION DEL JR. DOS DE MAYO Y JR. MAYRO;;-9.934275;-76.243538;DESPEJADO;IMPRUDENCIA DEL CONDUCTOR;CONDUCIR EN ESTADO DE EBRIEDAD Y/O DROGADICCIÓN;;S/O
A-2022-08-188;14/08/2022;21:36;ATROPELLO;;1;0;JR. HUALLAYCO CUADRA 8;;-9.929372;-76.242904;DESPEJADO;IMPRUDENCIA DEL PEATÓN;ESTADO DE EBRIEDAD Y/O DROGADICCIÓN;;S/O
A-2022-08-189;16/08/2022;21:00;ATROPELLO;;1;0;CARRETERA HUANUCO LA UNION CASERIO HUAYOCOTO;;-9.921653;-76.359124;DESPEJADO;IMPRUDENCIA DEL PEATÓN;ESTADO DE EBRIEDAD Y/O DROGADICCIÓN;;S/O
A-2022-08-19;04/08/2022;01:15;ATROPELLO FUGA;-;1;0;CARRETERA PANAMERICANA NORTE ALTURA DEL KM. 572;-;-8.120221;-79.084022;DESPEJADO;NO IDENTIFICA LA CAUSA;;;
A-2022-08-190;08/08/2022;20:00;CHOQUE;MUERTE Y DAÑOS MATERIALES;1;3;AV. YARINACOCHA CUADRA 16;;-8.364268;-74.566383;DESPEJADO;;;;S/O
A-2022-08-191;06/08/2022;09:36;DESPISTE;CAIDA DE OCUPANTE , ATROPELLO Y CHOQUE, SEGUIDO DE DESPISTE Y VOLCADURA CON SUBSECUENTE MUERTE.;1;0;JR. CALLERIA CON JR. 02 DE MAYO;;-8.357002;-74.577265;LLUVIOSO;IMPRUDENCIA DEL CONDUCTOR;OTRO (IMPRUDENCIA DEL CONDUCTOR);LA ACCIÓN TEMERARIA DEL CONDUCTOR DE LA TRIMOTO DE PASAJEROS MÁXIMO, PIZANGO TANGOA (55), POR LA SUMATORIA DE ACCIONES CONTRARIAS AL TUO DEL REGLAMENTO NACIONAL DE TRÁNSITO AL LLEVAR DOS OCUPANTES EN LA TOLVA DE SU VEHÍCULO DESTINADO PARA LLEVAR CARGA, TRANSITAR CONTRARIO AL SENTIDO VEHICULAR, INGRESAR A LA INTERSECCIÓN CUANDO LA LUZ DEL SEMÁFORO QUE REGULA EL TRÁNSITO, ESTABA EN LUZ ROJA PARA EL JR. 02 DE MAYO (POR DONDE SE DESPLAZABA), Y POR ÚLTIMO MANIOBRÓ A UNA VELOCIDAD NO RAZONABLE NI PRUDENTE PARA GANARLE LA POSICIÓN AL VOLQUETE Y CON ELLO PASAR PRIMERO POR LA INTERSECCIÓN, GENERANDO UN RIESGO NO PERMITIDO, DESENCADENADO EL EVENTO.;S/O
A-2022-08-192;04/08/2022;19:30;CHOQUE FUGA;;1;0;KM 72 800 DE LA CARRETERA JÁEN - SAN IGNACIO;;-5.358821;-78.791773;DESPEJADO;NO IDENTIFICA LA CAUSA;;;
A-2022-08-193;06/08/2022;09:00;ESPECIAL;----------------;1;0;AV. INDEPENDENCIA VCDRA. 03 (INTERIOR GRIFO CAJAMARCA);;-7.16635332;-78.51165926;DESPEJADO;NO IDENTIFICA LA CAUSA;;;
A-2022-08-194;07/08/2022;02:30;DESPISTE;VOLCADURA TONEL IZQUIERDO;6;7;CARRETERA CHUGUR - CHUQUILIN. ALTURA CASERIO NUEVO PERU;;-6.67948333;-78.721445;DESPEJADO;NO IDENTIFICA LA CAUSA;;;
A-2022-08-195;10/08/2022;05:00;DESPISTE;VOLCADURA EN TONEL IZQUIERDO 1/1;1;0;KM.6 150 DE LA CARRETERA BAMBAMARCA-LA PACCHA;;-6.63463311;-78.4898697755679;DESPEJADO;NO IDENTIFICA LA CAUSA;;;
A-2022-08-196;11/08/2022;19:00;VOLCADURA;TONEL DERECHO;1;0;CARRETERA CHIMBAN - C.P. SAN JOSE. KM 14 600;;-6.288606;-78.478151;DESPEJADO;NO IDENTIFICA LA CAUSA;;;
A-2022-08-197;14/08/2022;15:10;DESPISTE;VOLCADURA CON SUBSECUENTE CHOQUE ;1;1;KM. 82 160 CARRETERA CAJAMARCA - CELENDÍN ;;-6.94201167;-78.190175;DESPEJADO;NO IDENTIFICA LA CAUSA;;;
A-2022-08-198;15/08/2022;06:30;DESPISTE;VOLCADURA EN TONEL DERECHO;1;1;KM. 38 140 DE LA CARRETERA QUE CONDUCE DE JOSE SABOGAL AL C.P MATIBAMBA;;-7.481493789;-77.9672352015196;DESPEJADO;NO IDENTIFICA LA CAUSA;;;