COD_ACCIDE;FechaDelAccidente;HoraDelAccidente;ClaseDelAccidente;SecuenciaAccidente;CantidadDeFallecidos;CantidadDeLesionados;Direccion;LugarReferencia;y;x;CondClimatica;CausaFactorPrincipal;CausaEspecifica;OtraCausa;Observaciones
A-2022-08-199;21/08/2022;19:00;ATROPELLO;ATROPELLO CON VOLTEO Y ARRASTRAMIENTO;1;0;CARRETERA FEDERICO BASADRE KM. 29.900;;-8.462914203;-74.79043359000752;DESPEJADO;IMPRUDENCIA DEL PEATÓN;ESTADO DE EBRIEDAD Y/O DROGADICCIÓN;;S/O
A-2022-08-2;04/08/2022;23:00;CAÍDA DE PASAJERO;;1;1;AV. NESTOR GAMBETTA  ALTURA HOSTAL LAS VEGAS ;;-11.88992821;-77.12605166149483;DESPEJADO;NO IDENTIFICA LA CAUSA;;;EL SUCESO NO REVISTE LAS CARACTERISTICAS PROPIAS DE UNA CAIDA DENTRO DE UN ACCIDENTE DE TRANSITO
A-2022-08-20;05/08/2022;09:00;DESPISTE;-;5;0;CARRETERA DE PENETRACION A SAYAPULLO - SECTOR PEÑA AZUL;-;-7.596694;-78.484544;DESPEJADO;IMPRUDENCIA DEL CONDUCTOR;CONDUCIR EN ESTADO DE EBRIEDAD Y/O DROGADICCIÓN;;
A-2022-08-200;29/08/2022;00:45;DESPISTE;CHOQUE Y CAÍDA;1;1;AV. CARMEN ALTO;INMUEBLE EN LA AV. CARMEN ALTO N°372;-13.17011311;-74.2267116;DESPEJADO;IMPRUDENCIA DEL CONDUCTOR;EXCESO DE VELOCIDAD;;CLIMATOLOGÍA DE LA VÍA NATURAL CON LUZ ARTIFICIAL. CAUSA ESPECÍFICA INEXPERIENCIA DEL CONDUCTOR.
A-2022-08-201;17/08/2022;20:30;DESPISTE;CON SUBSECUENTE VOLCADURA EN TONEL IZQUIERDO ;1;1;KM 07 56 DE LA CARRETERA C.P ARAQUEDA - CASERIO CORRALPAMPA;;-7.670727286;-78.1956085437724;DESPEJADO;NO IDENTIFICA LA CAUSA;;;
A-2022-08-202;18/08/2022;23:40;VOLCADURA;;1;0;KM. 5 DE LA CARRETERA QUE CONDUCE DE CAJAMARCA A BAÑOS DEL INCA;;-7.16498167;-78.475735;DESPEJADO;NO IDENTIFICA LA CAUSA;;;
A-2022-08-204;21/08/2022;16:50;CHOQUE;;1;4;KM 21 CARRETERA JAEN - SAN IGNACIO;;-7.66647;-78.189343;DESPEJADO;NO IDENTIFICA LA CAUSA;;;
A-2022-08-205;28/08/2022;20:55;CHOQUE FUGA;;1;1;AV. 02 DE MAYO CON A.H. SEÑOR DE LOS MILAGROS - YARINACOCHA;;-8.373012;-74.599707;DESPEJADO;IMPRUDENCIA DEL CONDUCTOR;CONDUCIR EN ESTADO DE EBRIEDAD Y/O DROGADICCIÓN;;S/O
A-2022-08-207;10/08/2022;19:20;CHOQUE FUGA;SE INVESTIGA;1;0;CARRETERA DE PENETRACIÓN. LA VILLA - CASA BLANCA - IRRIGACIÓN SANTA ROSA;FUNDO SAN HILARION;-11.24199;-77.36301;DESPEJADO;NO IDENTIFICA LA CAUSA;;;FISCALIA
A-2022-08-208;13/08/2022;18:50;ATROPELLO FUGA;EL PEATÓN SE ENCONTRABA SOBRE LA BERMA ESTE DE LA CALZADA DE LA PANAMERICANA NORTE, EN ESAS CIRCUNSTANCIAS UN VEHÍCULO CATG.  L5, EN PROCESO DE IDENTIFICACIÓN, INGRESA CONTRA EL SENTIDO DEL TRÁNSITO EN SENTIDO DE NORTE A SUR, ATROPELLANDO AL PEATÓN QUIEN SE ENCONTRABA SOBRE LA BERMA;1;0;CARRETERA PANAMERICANA NORTE. KM 171.500;FRONTIS DEL MOLINO REDONDOS - MEDIO MUNDO;-10.9432;-77.64738;DESPEJADO;IMPRUDENCIA DEL CONDUCTOR;CONDUCIR EN SENTIDO CONTRARIO;;FISCALIA
A-2022-08-209;06/08/2022;07:20;DESPISTE;EL VEHÍCULO CATG.L3, DE PLACA 7906-FW, SE DESPLAZABA EN SENTIDO DE NORTE A SUR, POR LA AV. CORONEL PORTILLO, AL LLEGAR A LA ZONA DEL ACCIDENTE, SE DESPISTA HACIA EL SEPARADOR CENTRAL TIPO SARDINEL, IMPACTANDO CONTRA EL MURO, SALIENDO PROYECTADO SU OCUPANDO, IMPACTANDO CON UN MURO DE CONCRETO ARMADO;1;1;AV. CORONEL PORTILLO. CDRA. 4;FRENTE AL INMUEBLE NRO. 459;-11.06668;-77.59831;DESPEJADO;IMPRUDENCIA DEL CONDUCTOR;CONDUCIR EN ESTADO DE EBRIEDAD Y/O DROGADICCIÓN;;NINGUNA
A-2022-08-21;15/08/2022;18:10;DESPISTE;DESPISTE VOLADURA DE CONSECUENCIA FATAL , LESIONES Y DAÑOS MATERIALES ;1;5;SECTOR LA CUCHILLA HUERTO LLUTA CARRETERA LLUTA -PEDREGAL ;;-16.02862356;-72.02268715077274;DESPEJADO;NO IDENTIFICA LA CAUSA;;;SIN OBSERVACIONES 
A-2022-08-210;06/08/2022;02:00;DESPISTE;VOLCADURA;1;2;CARRETERA PAUZA CASIRE;KM 04;-15.31144;-73.34788;DESPEJADO;IMPRUDENCIA DEL CONDUCTOR;CONDUCIR EN ESTADO DE EBRIEDAD Y/O DROGADICCIÓN;;
A-2022-08-212;23/08/2022;08:00;VOLCADURA;;1;0;AV. NESTOR GAMBETTA ;ALTURA DE LA REFINERIA PUERTA PRINCIPAL LA  PAMPILLA;-11.9198928;-77.132012817;DESPEJADO;IMPRUDENCIA DEL CONDUCTOR;EXCESO DE VELOCIDAD;;INFORME REMITIDO A LA FISCALÍA 
A-2022-08-214;13/08/2022;05:30;CHOQUE;ACCIDENTE DE TRÁNSITO MÚLTIPLE, EN LA MODALIDAD DE CHOQUE, DESPISTE, SEGUIDO DE ATROPELLO, CON CONSECUENCIA DE LESIONES, MUERTE Y DAÑOS MATERIALES;1;0;CARRETERA PANAMERICANA NORTE. KM. 121.832;CALZADA ESTE;-11.30169415;-77.49158262185176;LLUVIOSO;IMPRUDENCIA DEL CONDUCTOR;EXCESO DE VELOCIDAD;;NINGUNA
A-2022-08-22;12/08/2022;19:10;CHOQUE;-;1;1;CARRETERA CALZADA A SORITOR KM 5 965;SEGUNDO INGRESO AL DISTRITO DE HABANA;-6.0874;-77.085152;DESPEJADO;IMPRUDENCIA DEL CONDUCTOR;OTRO (IMPRUDENCIA DEL CONDUCTOR);;
A-2022-08-220;14/08/2022;19:30;DESPISTE;DESPISTE Y VOLCADURA ;1;0;CARRETERA PIURA - BAYOVAR ;ALTURA DEL KM. 85;-5.598874;-80.835954;DESPEJADO;NO IDENTIFICA LA CAUSA;;;
A-2022-08-222;16/08/2022;05:00;CHOQUE;CHOQUE, VOLCADURA Y  DESPISTE ;1;0;CARRETERA MEDIO PIURA ;KM 09- TRAMO CHAPAIRA - TERELA;-5.105398;-80.601467;DESPEJADO;;;;
A-2022-08-223;24/08/2022;19:00;ATROPELLO;MULTIPLE ;1;0;CARRETERA PENETRACION KM 16   580;BUENOS AIRES HACIA CASERO PEDREGAL;-5.244092;-79.983219;DESPEJADO;NO IDENTIFICA LA CAUSA;;;
A-2022-08-229;07/08/2022;09:40;DESPISTE;DESPISTE CON SUBSECUENTE VOLCADURA DE CONSECUENCIA FATAL;1;5;CARRETERA PIURA SULLANA ;ALTURA DEL KM 1020 PIURA ;-5.149578;-80.696486;SOLEADO;IMPRUDENCIA DEL CONDUCTOR;EXCESO DE VELOCIDAD;;
A-2022-08-23;17/08/2022;16:30;DESPISTE;VOLCADURA;1;0;CARRETERA JULI-HUACULLANI;KM. 13 860;-16.379705;-69.458217;DESPEJADO;IMPRUDENCIA DEL CONDUCTOR;OTRO (IMPRUDENCIA DEL CONDUCTOR);DESPLAZAR SU VEHICULO BASADO EN UN REDUCIDO USO DE SUS FACULTADES PSICOSOMATICAS;
A-2022-08-231;16/08/2022;19:20;DESPISTE;DESPISTE CON SUBSECUENTE PRECIPITACIÓN Y VOLCADURA ;1;0;CARRETERA QUE UNE CASERÍO SAN JUAN BAUTISTA Y MIGUEL PAMPA ;CARRETERA QUE UNE CASERÍO SAN JUAN BAUTISTA Y MIGUEL PAMPA ;-5.316975;-79.749455;DESPEJADO;;;;
A-2022-08-232;16/08/2022;15:00;CHOQUE;CONSECUENTE MUERTE ;1;1;CALLE CLAVELES CUADRA 1;FRONTIS ALBERGUE DE LA COMUNIDADES NATIVAS ;-3.7662436;-73.3045001;DESPEJADO;IMPRUDENCIA DEL CONDUCTOR;EXCESO DE VELOCIDAD;;NINGUNA
A-2022-08-233;28/08/2022;03:00;CHOQUE;;1;0;AV RAUL MATA DE LA CRUZ ALTURA DE LA AVENIDA A;ALTURA DE LA AVENIDA A;-5.166641;-80.639669;DESPEJADO;NO IDENTIFICA LA CAUSA;;;
A-2022-08-235;30/08/2022;20:30;ATROPELLO;;1;0;INTERSECCION AV. LEONCIO PRADO Y AV. ANDRES AVELINO CACERES;;-11.993778;-75.251304;DESPEJADO;IMPRUDENCIA DEL PEATÓN;ESTADO DE EBRIEDAD Y/O DROGADICCIÓN;;NINGUNO
A-2022-08-236;30/08/2022;18:40;ATROPELLO FUGA;;1;0;CARRETERA CENTRAL KM 6 500 SAN AGUSTIN DE CAJAS;MARGEN IZQUIERDA;-12.01572011;-75.24374119704983;DESPEJADO;IMPRUDENCIA DEL CONDUCTOR;EXCESO DE VELOCIDAD;;NINGUNA
A-2022-08-237;12/08/2022;02:15;DESPISTE;SEGUIDO DE VOLCADURA;1;0;AV. CACERES. ALTURA DEL OVALO CACERES;OVALO CACERES;-5.184640985;-80.6489166240722;DESPEJADO;;;;
A-2022-08-238;18/08/2022;13:30;DESPISTE;SEGUIDO DE VOLCADURA;1;1;CARRETERA CENTRAL KM. 46 200;C.P. CURICACACA;-11.7908292;-75.6894009748328;DESPEJADO;IMPRUDENCIA DEL CONDUCTOR;EXCESO DE VELOCIDAD;;NINGUNA
A-2022-08-239;25/08/2022;20:50;CHOQUE;;1;0;CARRETERA CENTRAL OROYA - PASCO KM. 84 500;;-10.9207769;-76.06148025523774;DESPEJADO;IMPRUDENCIA DEL CONDUCTOR;CONDUCIR EN ESTADO DE EBRIEDAD Y/O DROGADICCIÓN;;NINGUNO
A-2022-08-24;16/08/2022;20:45;ATROPELLO;.;1;0;CARRETERA PANAMERICANA NORTE KM. 251.2;FRONTIS DE LA I.E TEODORO PUELL MENDOZA. ;-3.556173427;-80.44382035685847;DESPEJADO;IMPRUDENCIA DEL PEATÓN;CRUCE INDEBIDO POR LA CALZADA;;
A-2022-08-240;11/08/2022;13:30;CHOQUE;;1;0;CARRETERA CENTRAL LA OROYA-HUANCAYO MARGEN DERECHA KM. 106 600;;-11.96316459;-75.30982355220488;DESPEJADO;IMPRUDENCIA DEL CONDUCTOR;ADELANTAR INDEBIDAMENTE;;NINGUNO
A-2022-08-241;09/08/2022;09:10;CHOQUE;CHOQUE LATERAL ;1;1;AV 28 DE JULIO INTERSECCION HUANUCO;FRONTIS DE LA SUNAT;-3.727685779;-73.2484885167629;DESPEJADO;IMPRUDENCIA DEL CONDUCTOR;INVASIÓN DE CARRIL;;NINGUNA
A-2022-08-242;06/08/2022;09:00;DESPISTE;VOLCADURA;1;1;CARRETERA INTEROCEANICA SUR KM 438 ;TRAMO PUERTO MALDONADO - PLANCHON;-12.554492;-69.147944;DESPEJADO;EN PROCESO DE INVESTIGACIÓN;NO CUENTA CON CAUSA ESPECIFICA;;NINGUNA
A-2022-08-243;07/08/2022;22:31;CHOQUE CON OBJETO FIJO;VOLCADURA;1;0;KM 589 300 CARRETERA INTEROCEÁNICA URCOS-IÑAPARI ;(TRAMO MAVILA - IBERIA).;-11.859529;-69.147114;DESPEJADO;EN PROCESO DE INVESTIGACIÓN;NO CUENTA CON CAUSA ESPECIFICA;;NINGUNA
A-2022-08-244;02/08/2022;23:00;VOLCADURA;FATAL;1;0;CARRETERA CHALACALA SULLANA;ALTURA DEL KM 18 500;-4.791;-80.556;DESPEJADO;EN PROCESO DE INVESTIGACIÓN;NO CUENTA CON CAUSA ESPECIFICA;;SE ESPERA EL PROTOCOLO DE NECROPSIA
A-2022-08-245;06/08/2022;21:45;CHOQUE;FATAL;1;0;CARRETERA SULLANA PUENTE INTERNACIONAL;ALTURA DEL KM 1078 100;-4.89083958;-80.32858155992086;DESPEJADO;EN PROCESO DE INVESTIGACIÓN;NO CUENTA CON CAUSA ESPECIFICA;;SE ESPERA EL PROTOCOLO DE NECROPSIA
A-2022-08-246;08/08/2022;23:00;DESPISTE;FATAL;1;0;CARRETERA SULLANA TAMBOGRANDE;ALTURA DEL KM 07;-4.92059824;-80.63019672290905;DESPEJADO;EN PROCESO DE INVESTIGACIÓN;NO CUENTA CON CAUSA ESPECIFICA;;EN LA ESPERA DEL PROTOCOLO DE NECROPSIA
A-2022-08-247;27/08/2022;21:00;ATROPELLO;FATAL;1;0;CARRETERA SULLANA TAMBOGRANDE;ALTURA DEL KM 1039;-4.91947152;-80.63773288648704;DESPEJADO;EN PROCESO DE INVESTIGACIÓN;NO CUENTA CON CAUSA ESPECIFICA;;SE ESPERA EL PROTOCOLO DE NECROPSIA
A-2022-08-248;30/08/2022;21:00;CHOQUE;FATAL;1;0;INGRESO A TALARA;ALTURA DEL AVION;-4.576846371;-81.25023705032099;DESPEJADO;IMPRUDENCIA DEL CONDUCTOR;INVASIÓN DE CARRIL;;INVACION DE CARRIL LA CAMIONETA PICK UP
A-2022-08-249;25/08/2022;06:00;CHOQUE CON OBJETO FIJO;VOLCADURA;1;0;OESTE A ESTE;HOTEL CANDAMO;-12.588639;-69.188366;DESPEJADO;IMPRUDENCIA DEL CONDUCTOR;CONDUCIR EN ESTADO DE EBRIEDAD Y/O DROGADICCIÓN;;NINGUNA
A-2022-08-25;05/08/2022;14:30;DESPISTE;VOLCADURA;1;1;SECTOR TINTAY ;KM. 667  600;-13.691124;-73.169512;LLUVIOSO;IMPRUDENCIA DEL CONDUCTOR;EXCESO DE VELOCIDAD;;
A-2022-08-250;13/08/2022;15:00;DESPISTE;EL VEHÍCULO CATG. M1, DE PLACA F5Q-114, SE DESPLAZABA EN SENTIDO DE OESTE A ESTE, POR EL CARRIL SUR, AL LLEGAR A LA ZONA DEL ACCIDENTE SE DESPISTA;1;3;CARRETERA DE PENETRACIÓN HUAURA - SAYÁN - CHURÍN - OYÓN;KM. 95.382;-10.8634569;-76.96466261213189;DESPEJADO;IMPRUDENCIA DEL CONDUCTOR;EXCESO DE VELOCIDAD;;NINGUNA
A-2022-08-251;07/08/2022;09:00;DESPISTE;VOLCADURA;1;4;CARRETERA PANAMERICANA SUR KILOMETRO 176 - 150;-;-13.352225;-76.222516;DESPEJADO;NO IDENTIFICA LA CAUSA;;;NO SE DETALLA LA CAUSA, INVESTIGACIÓN A CARGO DE DE LA FISCALIA
A-2022-08-252;01/08/2022;05:30;DESPISTE;VOLCADURA , CAIDA;1;3;ANEXO PATAY ALTURA DEL KM 03 800;PATAY;-11.30555;-75.5701446138607;LLUVIOSO;IMPRUDENCIA DEL CONDUCTOR;OTRO (IMPRUDENCIA DEL CONDUCTOR);;
A-2022-08-253;08/08/2022;06:10;CHOQUE;POR ALCANSE, FUGA SEGUIDO VOLCADURA DE TONEL IZQUIERDO Y CHOQUE CON ATROPELLO POR APLASTAMIENTO;1;0;CARRETERA PANAMERICA SUR KILOMETRO 202;-;-13.550856;-76.181042;DESPEJADO;IMPRUDENCIA DEL CONDUCTOR;OTRO (IMPRUDENCIA DEL CONDUCTOR);AL NO GUARDAR LA DISTANCIA ADECUADA EN SU CIRCULACIÓN ;
A-2022-08-254;18/08/2022;17:15;VOLCADURA;CAIDA Y ATROPELLO;1;0;AV ANTONIO RAYMONDY CUADRA 2;ALTURA DEL ESTADIO SATIPO;-11.24669145;-74.63410193442701;DESPEJADO;IMPRUDENCIA DEL CONDUCTOR;EXCESO DE VELOCIDAD;;
A-2022-08-255;22/08/2022;17:45;CHOQUE;VOLCADURA;1;1;CARRETERA LARAN BAJO;ENTRADA A LA CALERA ;-13.453583;-76.086533;DESPEJADO;NO IDENTIFICA LA CAUSA;;;INVESTIGACIÓN A CARGO DE LA FISCALIA 
A-2022-08-256;07/08/2022;04:35;ATROPELLO FUGA;EL PEATÓN POSIBLEMENTE SE DESPLAZABA EN SENTIDO DE NORTE A SUR POR LA CARRETERA PANAMERICANA NORTE, POSIBLEMENTE OCUPANDO PARTE DE LA BERMA OESTE DE LA CALZADA OESTE, AL LLEGAR AL KM. 141.946, OCURRE EL ACCIDENTE.;1;0;CARRETERA PANAMERICANA NORTE;KM. 141.946.90;-11.17872717;-77.5801062075591;DESPEJADO;NO IDENTIFICA LA CAUSA;;;INFORME EN LA FISCALÍA
A-2022-08-257;22/08/2022;20:35;CHOQUE;VOLCADURA;1;0;AVENIDA VICTOR A BELAUNDE Y JIRON CAÑETE;-;-13.40139149;-76.12882723875794;DESPEJADO;IMPRUDENCIA DEL CONDUCTOR;OTRO (IMPRUDENCIA DEL CONDUCTOR);AL LLEGAR A INTERPONERSE A LA LINEA DE MARCHA DE LA OTRA UNIDAD ;
A-2022-08-258;25/08/2022;23:50;CAÍDA DE PASAJERO;FUGA;1;0;CARRETERA PANAMERICANA SUR ALTURA DEL KILOMETRO 186;500;-13.417491;-76.189702;DESPEJADO;EN PROCESO DE INVESTIGACIÓN;NO CUENTA CON CAUSA ESPECIFICA;;
A-2022-08-259;24/08/2022;18:30;CHOQUE;;2;0;CARRETERA MARGINAL KM 0 80;MAZAMARI A PANGOA;-11.23690869;-74.59163535621825;DESPEJADO;IMPRUDENCIA DEL CONDUCTOR;EXCESO DE VELOCIDAD;;
A-2022-08-26;07/08/2022;06:00;CHOQUE;-;1;0;CARRETERA PANAMERICANA NORTE ALTURA DEL KM. 709;-;-7.222826;-79.438933;DESPEJADO;IMPRUDENCIA DEL CONDUCTOR;CONDUCIR EN ESTADO DE EBRIEDAD Y/O DROGADICCIÓN;;
A-2022-08-260;28/08/2022;20:45;ATROPELLO;;1;0;CARRETERA MARGINAL KM 1 500;ALTURA GRIFO LOS FRUTALES;-11.24790157;-74.6372883987367;DESPEJADO;IMPRUDENCIA DEL PEATÓN;CRUCE INDEBIDO POR LA CALZADA;;
A-2022-08-261;01/08/2022;04:15;CHOQUE;DESPISTE Y VOLCADURA;2;7;CARRETERA INTEROCEANICA SUR KM. 412 231 ;TRAMO PUERTO MALDONADO - LABERINTO;-12.659232;-69.319099;;;;;
A-2022-08-262;11/08/2022;16:00;CHOQUE;VOLCADURA;1;3;KM 289 800 CARRETERA INTEROCEÁNICA SUR ;TRAMO LABERINTO - SANTA ROSA;-12.925405;-70.299655;;;;;
A-2022-08-263;28/08/2022;04:00;CHOQUE;POR ALCANCE;1;0;VIA DE ACCESO LABERINTO KM 1.5  ;CEMENTERIO VIRGEN SANTA ROSA DE LIMA LABERINTO;-12.721218;-69.584426;;;;;
A-2022-08-264;31/08/2022;00:00;CHOQUE;CHOQUE CON CONSECUENCIA FATAL;1;0;INGRESO AL DISTRITO DE TARUCACHI;;-17.52490377;-70.0333284095395;DESPEJADO;IMPRUDENCIA DEL CONDUCTOR;EXCESO DE VELOCIDAD;;NINGUNO
A-2022-08-269;21/08/2022;12:00;CHOQUE;CHOQUE VOLCADURA ;1;2;CARRETERA SAN JUANQUIN DE OMAGUAS KM 1;KM 1;-4.238342;-73.487453;DESPEJADO;IMPRUDENCIA DEL CONDUCTOR;CONDUCIR EN ESTADO DE EBRIEDAD Y/O DROGADICCIÓN;;NINGUNA
A-2022-08-27;07/08/2022;22:30;ATROPELLO;-;1;0;CARRETERA DE CONEXION AL SECTOR EL MAGO;-;-7.718544979;-77.63424160830954;DESPEJADO;NO IDENTIFICA LA CAUSA;;;JUZGADO DE PAZ DEL ANEXO DE VIJUS - PATAZ, RECIBO DE SUMA DE DINERO POR CONCILIACION POR EL MONTO DE S/. 10,000.00 SOLES
A-2022-08-271;14/08/2022;17:00;ATROPELLO FUGA;SUBSECUENTE DE MUERTE;1;0;KM 58 800;CARRETERA NAUTA;-4.045891028;-73.4377390171781;DESPEJADO;EN PROCESO DE INVESTIGACIÓN;NO CUENTA CON CAUSA ESPECIFICA;;EN PROCESO DE INVESTIGACION
A-2022-08-274;26/08/2022;04:25;CHOQUE;FATAL;1;0;AV JOSE GRANDA CDRA 21;;-12.02945217;-77.06436898;DESPEJADO;IMPRUDENCIA DEL CONDUCTOR;OTRO (IMPRUDENCIA DEL CONDUCTOR);NO INDICA CAUSA ESPECIFICA DIFERENTE ESPECIFICA;
A-2022-08-28;10/08/2022;15:00;CHOQUE;-;2;1;CARRETERA PANAMERICANA NORTE ALTURA DEL KM. 499;-;-8.499772;-78.690465;DESPEJADO;IMPRUDENCIA DEL CONDUCTOR;ADELANTAR INDEBIDAMENTE;;
A-2022-08-29;17/08/2022;04:40;CHOQUE;-;1;1;CARRETERA PANAMERICANA SUR KM. 455;SECTOR DE PORTACHUELO ;-14.86775938;-74.98377710043235;DESPEJADO;NO IDENTIFICA LA CAUSA;;;
A-2022-08-3;06/08/2022;02:11;CHOQUE;CHOQUE FATAL;1;1;CARRETERA AREQUIPA - JULIACA KM. 133.250;KM.133.250;-16.005391;-71.270422;DESPEJADO;NO IDENTIFICA LA CAUSA;;;SIN OBSERVACIONES
A-2022-08-30;10/08/2022;22:30;CHOQUE;-;2;0;CARRETERA PANAMERICANA NORTE ALTURA DEL KM. 621;-;-7.772321;-79.255668;DESPEJADO;IMPRUDENCIA DEL CONDUCTOR;ADELANTAR INDEBIDAMENTE;;
A-2022-08-31;12/08/2022;00:05;ATROPELLO FUGA;-;1;0;CARRETERA PANAMERICANA NORTE ALTURA DEL KM. 576;-;-8.090622;-79.09733;DESPEJADO;NO IDENTIFICA LA CAUSA;;;
A-2022-08-32;14/08/2022;06:30;DESPISTE;-;1;1;CALLE SAN FRANCISCO CDRA. 9;-;-8.186819;-78.985537;DESPEJADO;NO IDENTIFICA LA CAUSA;;;
A-2022-08-33;15/08/2022;05:30;ATROPELLO;-;1;0;AV. JOSE GABRIEL CONDORCANQUI FRANTE A SENATI;-;-8.056401;-79.054344;DESPEJADO;NO IDENTIFICA LA CAUSA;;;
A-2022-08-35;17/08/2022;11:45;DESPISTE;-;1;0;CARRETERA PANAMERICANA NORTE ALTURA DEL KM. 489.4;-;-8.50491;-78.688881;DESPEJADO;IMPRUDENCIA DEL CONDUCTOR;EXCESO DE VELOCIDAD;;
A-2022-08-36;20/08/2022;20:45;ATROPELLO;-;1;0;CARRETERA PANAMERICANA NORTE ALTURA DEL KM. 728;-;-7.080469;-79.543838;DESPEJADO;NO IDENTIFICA LA CAUSA;;;
A-2022-08-38;22/08/2022;00:05;ATROPELLO FUGA;FATAL;1;0;CARRETERA PUNO-DESAGUADERO KM.1384 300;C.P. CAMACANI;-15.94142392;-69.8608213651606;DESPEJADO;IMPRUDENCIA DEL CONDUCTOR;OTRO (IMPRUDENCIA DEL CONDUCTOR);EVIDENTE CONFIANZA ;
A-2022-08-39;22/08/2022;21:40;CHOQUE;FATAL;1;0;CARRETERA DESAGUADERO-MOQUEGUA;KM. 301 500;-16.59282604;-69.07447273556632;DESPEJADO;IMPRUDENCIA DEL CONDUCTOR;VEHÍCULO MAL ESTACIONADO;;
A-2022-08-4;06/08/2022;14:45;ATROPELLO;-;1;1;AV. LAS AMERICAS Y CALLE BETITA DE HUMAY ;-;-13.71706532;-76.20600608829045;DESPEJADO;IMPRUDENCIA DEL CONDUCTOR;CONDUCIR EN ESTADO DE EBRIEDAD Y/O DROGADICCIÓN;;
A-2022-08-41;05/08/2022;23:00;FERROVIARIO;LOCOMOTORA SE DESPLAZABA EN SENTIDO DE OESTE A ESTE, EN CIRCUNSTANCIAS QUE EL PEATON SE ENCONTRABA SENTADO EN LA RIEL MATERIALINDOSE EL EVENTO;1;0;LINEA FERREA CUSCO MACHUPICCHU  CURVA N47;APV. TICA TICA SECTOR VALLECITO;-13.5060126;-72.0000045;DESPEJADO;IMPRUDENCIA DEL PEATÓN;ESTADO DE EBRIEDAD Y/O DROGADICCIÓN;;NINGUNA 
A-2022-08-42;21/08/2022;18:10;DESPISTE;EL VEHICULO SE DESPLZABA EN SENTIDO DE SUROESTE A NORTEESTE, INICIANDO SU DESPISTE HACIA EL LADO DERECHO MATERIALZIANDOSE EL EVENTO;1;5;TROCHA CARROZABLE SANTA MARIA - SANTA TERESA. ANTES DE LLEGAR AL PUENTE DE SANTA MARIA;EX ESTACION FERROVIARIA;-13.00493;-72.62902;DESPEJADO;IMPRUDENCIA DEL CONDUCTOR;FATIGA Y/O CANSANCIO;;NINGUNA
A-2022-08-43;08/08/2022;14:40;CHOQUE;EL VEHICULO CAMIONETA SE DESPLAZABA EN SENTIDO DE OESTE A ESTE INVADIENDO EL CARRIL CONTRARIO, MIENTRAS QUE EL VEHICULO OMNIBUS SE DESPLAZABA EN SENTIDO DE ESTE A OESTE, MATERIALIZANDOSE EL EVENTO;4;0;VIA PANAMERICANA. TRAMO CUSCO AREQUIPA KM 1043 500. PUENTE MAYUNMARCA;COMUNIDAD CAMPESINA HUACCAYTAQUI;-13.838127;-71.536362;DESPEJADO;IMPRUDENCIA DEL CONDUCTOR;INVASIÓN DE CARRIL;;NINGUNA
A-2022-08-44;01/08/2022;16:30;CHOQUE;EL VEHICULO MOTOCICLETA SE DESPLAZABA EN SENTIDO DE CUSCO URUBAMBA Y EL VEHICULO AUTOMOVIL SE DESPLAZABA EN SENTIDO DE URUBAMBA - CUSCO, AL LLEGAR A LA PORCION DE CURVA LA MOTOCICLETA INVADE CARRIL INTERPONIENDOSE EN SU EJE DE MARCHA DEL AUTOMOVIL;1;0;VIA PRINCIPAL CUSCO  - URUBAMBA. SECTOR CCOLLANAS BAJA;;-13.375879;-72.11607;DESPEJADO;IMPRUDENCIA DEL CONDUCTOR;INVASIÓN DE CARRIL;;NINGUNA
A-2022-08-45;15/08/2022;15:20;CHOQUE;VEHICULO MOTOCICLETA SE DESPLAZABA EN SENTIDO DE CUSCO - ABANCAY Y EL VEHICULO OMNIBUS SE DESPLZABA EN SENTIDO DE ABANCAY  - CUSCO,  EN CIRCUNSTANCIAS QUE EL OMNIBUS SALE DE LA PORCION DE CURVAY LA MOTOCICLETA INVADE CARRIL  MATERIALIZANDOSE EL EVENTO ;1;0;CARRETERA VIA NACAIONAL NAZCA - PUNO. TRAMO LIMATAMBO - CUSCO. ;ALTURA SECTOR PAUCARPATA;-13.45163;-72.411301;DESPEJADO;IMPRUDENCIA DEL CONDUCTOR;INVASIÓN DE CARRIL;;NINGUNA
A-2022-08-49;22/08/2022;15:50;CHOQUE;-;1;1;CARRETERA PANAMERICANA NORTE ALTURA DEL KM. 525;-;-8.364427;-78.870685;DESPEJADO;IMPRUDENCIA DEL CONDUCTOR;INVASIÓN DE CARRIL;;
A-2022-08-5;07/08/2022;03:00;ATROPELLO FUGA;VEHÍCULO NO IDENTIFICADO IMPACTA A PEATÓN Y SE DA A LA FUGA  ;1;0;CARRETERA AQP LA JOYA ALTURA LOTE 10 MZ. 16 SECTOR VI ASOC. J.L.B. Y RIVERO  CERRO COLORADO ;LOTE 10 MZ. 16 SECTOR VI ASOC. J. B. Y RIVERO - CERRO COLORADO;-16.340633;-71.601875;NUBLADO;NO IDENTIFICA LA CAUSA;;;SIN OBSERVACIONES 