COD_ACCIDE;FechaDelAccidente;HoraDelAccidente;ClaseDelAccidente;SecuenciaAccidente;CantidadDeFallecidos;CantidadDeLesionados;Direccion;LugarReferencia;y;x;CondClimatica;CausaFactorPrincipal;CausaEspecifica;OtraCausa;Observaciones
A-2022-08-50;23/08/2022;19:45;ATROPELLO;-;1;0;CARRETERA PANAMERICANA NORTE ALTURA DEL KM. 714.6;-;-7.153337;-79.447408;DESPEJADO;IMPRUDENCIA DEL CONDUCTOR;OTRO (IMPRUDENCIA DEL CONDUCTOR);CONDUCIR SIN LA DEBIDA ATENCION Y NO HABER ADOPTADO LAS PRECAUSIONES NECESARIAS;
A-2022-08-52;14/08/2022;11:00;DESPISTE;VEHICULO MOTOCICLETA SE DESPLAZABA POR LA VIA INICIALMENTE DE NORTE A SUR , DESPITANDOSE HACIA EL LADO IZQUIERDO, IMPACTANDO CON EL GUARDAVIA MATERIALZIANDOSE EL EVENTO;1;0;CARRETERA INTEROCEANICA SUR CUSCO - PUERTO MALDONADO. 137 500;SECTOR CCOCHA;-13.5776715;-70.9256111;DESPEJADO;IMPRUDENCIA DEL CONDUCTOR;EXCESO DE VELOCIDAD;;NINGUNA
A-2022-08-53;17/08/2022;22:20;DESPISTE;-;1;2;CARRETERA PANAMERICANA SUR KM 279;ALTURA DEL FUNDO YEN GEN ;-13.93490423;-75.86539410116751;DESPEJADO;NO IDENTIFICA LA CAUSA;;;
A-2022-08-54;21/08/2022;19:10;DESPISTE;-;1;0;CARRETERA PANAMERICANA SUR KM. 310.800;FRONTIS DE LA HACIENDA SAN RAMON ;-14.123743;-75.716513;DESPEJADO;NO IDENTIFICA LA CAUSA;;;
A-2022-08-55;22/08/2022;19:00;CHOQUE;-;1;3;VIA DE ACCESO A MARCONA KM.28;-;-15.294279;-75.129566;DESPEJADO;NO IDENTIFICA LA CAUSA;;;
A-2022-08-56;16/08/2022;17:50;CHOQUE;VEHICULO AUTOMOVIL SE DESPLAZABA EN SENTIDO DE SURESTE A NOROESTE  Y EL VEHICULO N3 SE DESPLAZABA EN SENTIDO DE NOROESTE A SURESTE, EN CIRCUSNTANCIAS QUE EL VEHICULO AUTOMOVIL INVADE CARRIL CONTRARIO MATERIALIZANDOSE EL EVENTO;8;0;CARRETERA LONGITUDINAL DE LA SIERRA SUR. TRAMO SICUANI - PUNO. ALTURA COMUNIDAD DE LA COMUNIDAD CHECTUYOC;SECTOR QQUECHAPAMPA;-14.34993664;-71.1777858914201;DESPEJADO;IMPRUDENCIA DEL CONDUCTOR;INVASIÓN DE CARRIL;;NINGUNA
A-2022-08-57;22/08/2022;12:30;DESPISTE;EL VEHICULO SE DESPLZABA EN SENTIDO DE SUR A NORTE POR LA CALZADA DESPISTANDOSE HACIA EL BORTE INTERNO DE LA CUNETA , INGRESANDO A LA CUNETA Y EN SU AFAN DE SALIR HACIA LA CALZADA ACELERA Y PIERDE EL CONTROL, MATERIALIZANDOSE EL EVENTO. ;2;0;CARRETERA COLQUEMARCA HACIA EL ANEXO  YANQUE;SECTOR PLAZAPAMPA;-14.17791178;-72.072791;DESPEJADO;IMPRUDENCIA DEL CONDUCTOR;CONDUCIR EN ESTADO DE EBRIEDAD Y/O DROGADICCIÓN;;NINGUNA
A-2022-08-58;19/08/2022;12:55;ATROPELLO;EL VEHICULO MOTOCICLETA CONDUCIDA POR UN MENOR DE EDAD INTENTA ADELANTAR POR EL LADO IZQUIERDO A LA UT- 2 (CAMION), DESPISTANDOSE HACIA LA CUNETA LA MOTOCICLETA Y CAYENDO EL CONDUCTOR HACIA LA PARTE BAJA DEL CAMION, SIENDO APLASTADA LA REGION CRANEANA Y TORAXICA POR LA BANDA DUAL IZQUIERDO.;1;0;TROCHA CARROCABLE YANAMA -  COMUNIDAD CCOLCA;ALTURA DEL SECTOR LAURAMARCA;-13.6672;-71.3583;DESPEJADO;NO IDENTIFICA LA CAUSA;;;NINGUNO
A-2022-08-59;25/08/2022;10:00;CHOQUE;VOLCADURA;1;0;CARRETERA ILLPA-HUATA;KM. 11;-15.61402577;-69.98175674185632;DESPEJADO;IMPRUDENCIA DEL CONDUCTOR;GIRAR IMPRUDENTEMENTE;;
A-2022-08-6;01/08/2022;06:00;CHOQUE;-;1;0;CARRETERA PANAERICANA NORTE ALTURA DEL KM. 503;-;-8.471488043;-78.71155052733202;DESPEJADO;IMPRUDENCIA DEL CONDUCTOR;ADELANTAR INDEBIDAMENTE;;
A-2022-08-60;23/08/2022;11:30;CHOQUE;;3;3;KM 21.600 DE LA PENETRACION AREQUIPA ;KM 21.600;-16.430772;-71.69295;SOLEADO;NO IDENTIFICA LA CAUSA;;;SIN OBSERVACIONES 
A-2022-08-64;04/08/2022;03:00;ATROPELLO;-;1;1;AVENIDA VICTOR RAUL HAYA DE LA TORRE CON CALLE LOS TAMBOS;;-6.79779;-79.83071;LLUVIOSO;NO IDENTIFICA LA CAUSA;;;EN INVESTIGACIÓN
A-2022-08-65;13/08/2022;19:04;CHOQUE;-;1;0;CARRETERA PANAMERICANA NORTE;;-5.939578;-79.759518;DESPEJADO;NO IDENTIFICA LA CAUSA;;;EN INVESTIGACIÓN
A-2022-08-66;14/08/2022;06:00;CHOQUE;-;1;0;AV. LORA Y LORA CDRA 04;-;-6.768678;-79.846529;DESPEJADO;NO IDENTIFICA LA CAUSA;;;EN INVESTIGACIÓN
A-2022-08-67;14/08/2022;19:00;DESPISTE;-;1;0;MONTE GRANDE KM O6 REQUE;-;-6.840807;-79.790486;DESPEJADO;NO IDENTIFICA LA CAUSA;;;EN INVESTIGACIÓN
A-2022-08-68;15/08/2022;20:00;CHOQUE;-;1;0;CARRETERA PANAMERICANA NORTE CUADRA 11;CEMENTERIO MOCHUMI;-6.541648;-79.864795;DESPEJADO;NO IDENTIFICA LA CAUSA;;;EN INVESTIGACIÓN
A-2022-08-69;06/08/2022;20:30;ATROPELLO FUGA;-;1;0;PANEMERICANA NORTE KM 801 900;CASERIO TUMI DE ORO LAMBAYEQUE;-6.6648402;-79.923696;NUBLADO;NO IDENTIFICA LA CAUSA;;;EN INVESTIGACIÓN
A-2022-08-7;06/08/2022;19:00;ATROPELLO;-;1;0;AV. ABRAHAM VALDELOMAR Y CALLE FERMIN TANGUIS ;ALTURA DEL SEMAFORO ;-13.713353;-76.209889;DESPEJADO;IMPRUDENCIA DEL CONDUCTOR;NO DAR PASO PREFERENTE AL PEATÓN;;
A-2022-08-70;08/08/2022;03:00;CHOQUE CON OBJETO FIJO;;1;3;CARRETERA ESPINAR - SICUANI. ALTURA DEL PUENTE RIO SALADO;PUENTE RIO SALADO;-14.77070592;-71.38786726929791;DESPEJADO;IMPRUDENCIA DEL CONDUCTOR;CONDUCIR EN ESTADO DE EBRIEDAD Y/O DROGADICCIÓN;;NINGUNO
A-2022-08-71;23/08/2022;18:40;CHOQUE;CHOQUE DE CONSECUENCIA FATAL , LESIONES Y DAÑOS MATERIALES ;1;0;ALTURA DEL KM 959 DE LA PANAMERICANA SUR ;;-16.481673;-71.902491;DESPEJADO;NO IDENTIFICA LA CAUSA;;;SIN OBSERVACION 
A-2022-08-72;27/08/2022;17:30;ATROPELLO FUGA;VEHICULO NO IDENTIFICADO SE DESPLZABA EN SENTIDO DE ESTE A OESTE POR EL CARRIL NORTE IMPACTANDO AL PEATON MATERIALIZANDOSE EL EVENTO;1;0;CARRETERA CUSCO- AREQUIPA. SECTOR INTICCAHUARINA;COMUNIDAD MUÑAPATA;-13.6886423;-71.5757572;DESPEJADO;NO IDENTIFICA LA CAUSA;;;NINGUNO
A-2022-08-74;26/08/2022;23:30;CHOQUE;-;1;0;CARRETERA PANAMERICANA SUR KM. 311;INMEDIACIONES DEL FUNDO CAMPO LIMPIO ;-14.13683773;-75.71752216110073;DESPEJADO;IMPRUDENCIA DEL CONDUCTOR;INVASIÓN DE CARRIL;;
A-2022-08-77;07/08/2022;01:00;ATROPELLO FUGA;EL PEATON SE DESPLAZA POR LA CALZADA OCUPANDO EL CARRIL ESTE, EL VEHICULO SE DESPLZABA DE SUR A NORTE MATERIALIZANDO EL EVENTO, LUEGO SE RETIRO DEL LUGAR DEL EVENTO.;1;0;CARRETERA SICUANI - CUSCO. KM 1095;DISTRITO DE SAN PABLO;-14.20280682;-71.31008320786603;DESPEJADO;IMPRUDENCIA DEL PEATÓN;ESTADO DE EBRIEDAD Y/O DROGADICCIÓN;;NINGUNO
A-2022-08-78;21/08/2022;19:00;DESPISTE;VEHICULO SE DESPLAZABA EN SENTIDO DE OESTE A ESTE POR LA VIA, DESPITANDOSE HACIA EL LADO IZQUIERDO MATERIALIZANDOSE EL EVENTO. ;4;17;RED VIA CUSCO - QUILLABAMBA. KM 134;MATROS MAS ABAJO DEL ABRA MALAGA;-13.13452437;-72.30551066918457;LLUVIOSO;IMPRUDENCIA DEL CONDUCTOR;OTRO (IMPRUDENCIA DEL CONDUCTOR);NO EXTREMAR SUS MEDIDAS DE SEGURIDAD;NINGUNA
A-2022-08-79;06/08/2022;17:10;ATROPELLO FUGA;;1;0;CARRETERA LONGITUDINAL HUARAZ – CARHUAZ. FRONTIS DEL RECREO CAMPESTRE DON PEDRITO ;(REF. LUGAR DENOMINADO LA VIRGEN), DISTRITO DE ANTA, PROVINCIA DE CARHUAZ, COMISARIA PNP - ANTA;-9.365367226;-77.59391386761;DESPEJADO;NEGLIGENCIA DEL CONDUCTOR;OTRO (NEGLIGENCIA DEL CONDUCTOR);NO MANTENER LA DISTANCIA ;NINGUNA
A-2022-08-8;07/08/2022;00:01;ATROPELLO FUGA;-;1;0;NUEVA CARRETERA PANAMERICANA SUR KM. 218.700;CC.PP SAN MIGUEL ;-13.69499104;-76.1640349012398;DESPEJADO;NO IDENTIFICA LA CAUSA;;;
A-2022-08-80;20/08/2022;18:30;DESPISTE;VOLCADURA;1;1;CARRETERA HUANTAR - CHUCOS;ALTURA DEL SECTOR OJSHAWARCU;-9.450384733;-77.17980723488128;DESPEJADO;NO IDENTIFICA LA CAUSA;;;SE INVESTIGA
A-2022-08-81;24/08/2022;19:55;ATROPELLO;;1;0;CARRETERA HUARAZ PATIVILCA KM 1.8 ;;-9.54290041;-77.53353210762585;DESPEJADO;NO IDENTIFICA LA CAUSA;;;SE INVESTIGA
A-2022-08-82;26/08/2022;15:00;CHOQUE;-;1;2;AV. GENARO MEDRANO ;PASANDO PETROPERU ;-13.75241922;-76.23002256284606;DESPEJADO;IMPRUDENCIA DEL CONDUCTOR;GIRAR IMPRUDENTEMENTE;;
A-2022-08-83;31/08/2022;04:00;DESPISTE;-;1;0;URB. LA PALMA - PARQUE PRINCIPAL;ALTURA DEL INMUEBLE I-31;-14.080969;-75.731989;DESPEJADO;NO IDENTIFICA LA CAUSA;;;
A-2022-08-84;26/08/2022;20:30;CHOQUE;-;1;0;CARRETERA PENETRACIÓN ZAÑA - OYOTUN;CRUCE MOCUPE KM 0;-6.9788991;-79.6453884;DESPEJADO;NO IDENTIFICA LA CAUSA;;;EN INVESTIGACIÓN
A-2022-08-85;27/08/2022;05:10;CHOQUE;EL VEHICULO STATION WAGON SE DESPLAZABA POR LA VIA CUSCO - PISAC, EN CIRCUNSTANCIAS QUE EL CAMION IMPACTA AL VEHICULO STATION WAGON MATERIALIZANDOSE EL EVENTO. ;1;1;VIA CUSCO - PISAC;SECTOR ZONA X , EL RAMAL;-13.49836529;-71.97271225515456;DESPEJADO;IMPRUDENCIA DEL CONDUCTOR;NO ESTABLECER EL DERECHO DE PASO;;NINGUNO
A-2022-08-86;28/08/2022;05:40;ATROPELLO FUGA;-;1;0;AV GRAU CHIMU CDRA 12;-;-6.8018;-79.8415;NUBLADO;NO IDENTIFICA LA CAUSA;;;EN INVESTIGACIÓN
A-2022-08-89;26/08/2022;10:30;DESPISTE;MAQUINARIA AMARILLA (CARGODOR FRONTAL) SE DESPLAZABA EN SENTIDO DE SUR A NORTE, POR LA CALZADA EN CIRCUNSTANCIAS QUE PIERDE EL CONTROL DEL VEHICULO MATERILIZANDOSE EN EL EVENTO.;1;0;TROCHA CARROZABLE DE LA COMUNIDAD DE PALLCIYO HACIA LA COMUNIDAD MUKU;SECTOR PACOBAMBA;-14.0305661;-71.3410491;DESPEJADO;NO IDENTIFICA LA CAUSA;;;NINGUNA
A-2022-08-9;08/08/2022;16:30;CAÍDA DE PASAJERO;-;1;0;AV. GRAU ;ALTURA DE LA I.E.P FUTURA SCHOOLS;-14.05341165;-75.70586567905632;DESPEJADO;NO IDENTIFICA LA CAUSA;;;EL CONDUCTOR Y EL OCUPANTE SON EXTRANJERO NO HAY DOCUMENTO ALGUNO COMO SE IDENTIFIQUE PLENAMENTE
A-2022-08-90;13/08/2022;18:30;DESPISTE;VOLCADURA;1;1;JR. RANRACALLE;ESPALDA I.E. N° 08 - AGROPECUARIO;-13.652189;-73.357767;DESPEJADO;IMPERICIA DEL CONDUCTOR;;;
A-2022-08-91;24/08/2022;06:40;CHOQUE;DESPISTE Y VOLCADURA;3;4;CENTRO POBLADO UMACA;SECTOR DENOMINADO COMÚN HUAYCCO;-13.53668;-73.505308;DESPEJADO;IMPRUDENCIA DEL CONDUCTOR;EXCESO DE VELOCIDAD;;
A-2022-08-92;31/08/2022;18:25;CHOQUE;-;1;0;CAMINO DE REYES S/N ;A UNOS METROS DEL HOSPEDAJE FELIANA ;-14.005;-75.753;DESPEJADO;NO IDENTIFICA LA CAUSA;;;
A-2022-08-94;05/08/2022;13:10;CHOQUE;EL VEHICULO MOTOCICLETA SE DESPLAZABA EN SENTIDO DE NOROESTE A SURESTE Y LA TRIMOTO CARGA SE DESPLAZABA EN SENTIDO DE SUR A NORTE, VEHICULO MOTOCICLETA INVADE SENDERO CONTRARIO MATERIALIZANDOSE EL EVENTO;1;2;CARRETERA VILLA SALVACION - GAMITANA - PILLCOPATA;SECTOR ARIZONA;-12.8429806;-71.3652383;SOLEADO;IMPRUDENCIA DEL CONDUCTOR;CONDUCIR EN ESTADO DE EBRIEDAD Y/O DROGADICCIÓN;;NINGUNA
A-2022-08-95;28/08/2022;17:30;CHOQUE;;1;0;CARRETERA PANAMERICANA KM-06 MEJIA -MOLLENDO;CERCA DEL GRIFO PECSA ;-17.054827;-71.963093;DESPEJADO;NO IDENTIFICA LA CAUSA;;;SIN OBSERVACIONES 
A-2022-08-96;18/08/2022;15:20;DESPISTE;VEHICULO AUTOMOVIL SE ENCONTRABA EN RETROCESO EN CIRSCUNSTANCIAS QUE EL NEUMATICO POSTERIOR  PIERDE CONTACTO CON LA CALZADA MATERILIZANDOSE EL EVENTO;1;0;CALLE SIN NOMBRE DEL SECTOR ALTO DEL SEÑOR DE TORRECHAYOC;ENTRADA DE CAPULIYACHOC;-13.5556578;-71.993234;DESPEJADO;IMPRUDENCIA DEL CONDUCTOR;CONDUCIR EN ESTADO DE EBRIEDAD Y/O DROGADICCIÓN;;NINGUNO
A-2022-08-97;28/08/2022;13:30;ATROPELLO;EL PEATON (MENOR DE EDAD)  CRUZABA LA CALZADA EN SENTIDO DE SUR A NORTE DELANTE DE VEHICULO COMBI ESTACIONADO EN EL PARADERO, EN CIRCUNSTANCIAS QUE ES IMPACTADO EN SU FLANCO IZQUIERDO MATERILIZANDOSE EL EVENTO. ;1;0;EN LA RED VIA NACIONAL CUSCO - ABANCAY. KM. 938;COMUNIDAD CAMPESINA INQUILPATA;-13.49500601;-72.17907058881109;DESPEJADO;IMPRUDENCIA DEL PEATÓN;CRUCE INDEBIDO POR LA CALZADA;;NINGUNA
A-2022-08-98;30/08/2022;02:00;CHOQUE CON OBJETO FIJO;CHOQUE Y VOLCADURA CON OBJETO FIJO ;1;0;AV. ANDRES AVELINO CACERES;ALTURA DEL OVALO DEL BOMBERO;-16.425451;-71.5318611;DESPEJADO;NO IDENTIFICA LA CAUSA;;;SIN OBSERVACIONES 
A-2022-08-99;21/08/2022;20:30;ATROPELLO FUGA;-;1;0;CARRETERA PANAMERICANA NORTE ALTURA DEL KM. 558;-;-8.172859;-78.999754;DESPEJADO;NO IDENTIFICA LA CAUSA;;;
A-2022-09-100;09/09/2022;06:40;DESPISTE;QUE EL VEHICULO SE DESPLAZAB DE SUR-OESTE A NOR-ESTE;1;4;CARRETERA COLLQUEMARCA - LLANQUE;SECTORPAUSI;-14.19716441;-72.0473002;DESPEJADO;IMPRUDENCIA DEL CONDUCTOR;EXCESO DE VELOCIDAD;;
A-2022-09-101;24/09/2022;10:30;DESPISTE;SEGUIDO DE ATROPELLO CON MUERTE;1;0;AV LOS MAESTROS S/N ;FRONTIS DEL MINISTERIO PUBLICO ICA ;-14.08054519;-75.7364876418671;SOLEADO;NO IDENTIFICA LA CAUSA;;;
A-2022-09-102;24/09/2022;19:20;CHOQUE;-;1;0;CASERIO EL TAMBO REAL S/N ;AL FRENTE DEL RESTAURANTE EL TRONCO;-6.479146;-79.685124;DESPEJADO;NO IDENTIFICA LA CAUSA;;;SE INVESTIGA
A-2022-09-103;25/09/2022;00:00;DESPISTE;MUERTE;1;0;CARRETERA PANAMERICANA SUR KM.294.100;ALTURA DE LA CEVICHERIA SABOR Y ANCLA;-14.00782573;-75.76587204272653;DESPEJADO;NO IDENTIFICA LA CAUSA;;;
A-2022-09-104;25/09/2022;03:10;ATROPELLO FUGA;-;1;0;CARRETERA PANAMERICANA NORTE ANTIGUA KM 52   230;-;-6.264661;-79.734632;DESPEJADO;NO IDENTIFICA LA CAUSA;;;SE INVESTIGA
A-2022-09-105;15/09/2022;19:10;CHOQUE;-;1;0;CARRETERA PANAMERICANA NORTE ANTIGUA KM 73 400;-;-6.092057;-79.702956;DESPEJADO;NO IDENTIFICA LA CAUSA;;;SE INVESTIGA
A-2022-09-106;12/09/2022;12:00;ESPECIAL;-;1;0;FUNDO LIVICHE;CARRETERA PRINCIPAL HACIA PUENTE DE FIERRO;-6.95035;-79.577458;DESPEJADO;NO IDENTIFICA LA CAUSA;;;SE INVESTIGA
A-2022-09-107;12/09/2022;08:45;ATROPELLO;-;1;0;VIA DE EVITAMIENTO KM 786 270;-;-6.770169;-79.875999;DESPEJADO;NO IDENTIFICA LA CAUSA;;;SE INVESTIGA
A-2022-09-108;28/09/2022;08:20;ATROPELLO;-;1;2;VIA DE EVITAMIENTO KM 781   550;-;-6.800802;-79.85263;DESPEJADO;NO IDENTIFICA LA CAUSA;;;SE INVESTIGA
A-2022-09-109;22/09/2022;01:45;DESPISTE;-;1;0;AV GRAU 100;-;-6.714112;-79.771723;DESPEJADO;NO IDENTIFICA LA CAUSA;;;SE INVESTIGA
A-2022-09-11;06/09/2022;18:30;ATROPELLO;CON PROYECCION;1;0;CARRETERA PUNO - DESAGUADERO ;C.P. JOSE CARLOS MARIATEGUI;-16.42034439;-69.17697611976979;DESPEJADO;IMPRUDENCIA DEL PEATÓN;CRUCE INDEBIDO POR LA CALZADA;;
A-2022-09-110;24/09/2022;16:50;DESPISTE;-;5;34;CARRETERA PENETRACIÓN CHOTA CHICLAYO KM 77   648;-;-6.6197644;-79.2930539;DESPEJADO;NO IDENTIFICA LA CAUSA;;;SE INVESTIGA
A-2022-09-111;26/09/2022;20:20;CHOQUE CON OBJETO FIJO;DESPISTE PARCIAL;1;3;CARRETERACORREDOR TURISTICO CALACOTA - SANTA ROSA ;HUALLATA;-16.023256;-69.46735;DESPEJADO;IMPRUDENCIA DEL CONDUCTOR;CONDUCIR EN ESTADO DE EBRIEDAD Y/O DROGADICCIÓN;;
A-2022-09-112;28/09/2022;18:30;CHOQUE FUGA;FATAL;1;0;CARRETERA PUNO - DESAGUADERO;COMUNIDAD PILLITANI;-16.0746542;-69.6659172;DESPEJADO;IMPRUDENCIA DEL CONDUCTOR;EXCESO DE VELOCIDAD;;
A-2022-09-118;29/09/2022;05:29;VOLCADURA;EL VEHICULO AL TRAZAR LA CURVA Y QUERER RETORNAR A SU CARRIL DE CIRCULACION POR SU VELOCIDAD LLEGA A DERRAPAR  LLEGA A VOLCAR EN TONEL DERECHO;4;15;CARRETERA CUSCO - SICUANI;SECTOR SAN JOSEE;-13.779691;-71.5721246;DESPEJADO;IMPRUDENCIA DEL CONDUCTOR;EXCESO DE VELOCIDAD;;
A-2022-09-119;17/09/2022;07:00;ATROPELLO FUGA;;1;0;CASERIO DE CAYASBAMBA;642 CARRETERA HUARAZ CARAZ;-9.141556235;-77.74627407668684;DESPEJADO;NO IDENTIFICA LA CAUSA;;;NINGUNA
A-2022-09-120;25/09/2022;10:40;DESPISTE;SEGUIDO DE VOLCADURA CON CONSECUENCIA FATAL;4;0;LA VIA QUICHES- JOCOSBAMBA KM 07 600;LUGAR DENOMINADO LORITO HUARCA;-8.395739861;-77.49095499538745;NUBLADO;IMPRUDENCIA DEL CONDUCTOR;CONDUCIR EN ESTADO DE EBRIEDAD Y/O DROGADICCIÓN;;NINGUNA
A-2022-09-121;27/09/2022;08:25;DESPISTE;SEGUIDO DE VOLCADURA CON CONSECUENCIA FATAL;2;2;LUGAR DENOMINADO PUMACOTO – DIST. Y PROVINCIA DE SIHUAS;A LA ALTURA DEL KM. 90;-8.554169557;-77.63231125198146;DESPEJADO;NO IDENTIFICA LA CAUSA;;;NINGUNA
A-2022-09-122;27/09/2022;19:00;DESPISTE;QUE EL VEHICULO SE DESPLAZABA DE ESTE A OESTE;3;10;CARRETERA LARES - COMUNIDAD CHOQUECANCHA;COMUNIDAD CHOQUECANCHA;-13.022108;-72.021209;DESPEJADO;NEGLIGENCIA DEL CONDUCTOR;CONDUCIR CON FALLAS DE FRENOS;;
A-2022-09-123;25/09/2022;23:30;ATROPELLO FUGA;EL VEHICULO SE DESPLAZABA DE ;1;0;CARRETERA CUSCO - ABANCAY;SAN MARTIN;-13.443094;-72.3258691;DESPEJADO;IMPRUDENCIA DEL CONDUCTOR;OTRO (IMPRUDENCIA DEL CONDUCTOR);FUGA;
A-2022-09-124;19/09/2022;19:50;DESPISTE;EL VEHICULO SE DESPLABA DE NORTE A SUR;1;1;CARRETERA ABANCAY - CUSCO;SECTOR YANAMAYO HUAMPAR;-13.5039;-72.03;DESPEJADO;NO IDENTIFICA LA CAUSA;;;
A-2022-09-125;28/09/2022;12:15;DESPISTE;QUE LE VEHICULO SE DESPLAZA DE ESTE AOESTE;1;2;CARRETERA HUANCARANI - COLLQUEPATA;ALTURA DEL SECTOR PISCACAH;-13.38401899;-71.67242819947957;DESPEJADO;IMPRUDENCIA DEL CONDUCTOR;EXCESO DE VELOCIDAD;;
A-2022-09-126;28/09/2022;13:30;DESPISTE;SEGUIDO DE VOLCADURA CON CONSECUENCIA DE MUERTE;1;2;CASERIO DE POMACHACA HUARI;CARRETERA CATAC HUARI KM 98 100;-9.350030593;-77.18241985849733;NUBLADO;NO IDENTIFICA LA CAUSA;;;NINGUNA
A-2022-09-127;29/09/2022;12:30;DESPISTE;EL VEHICULO SE DESPLAZABA DE OESTE AESTE;5;12;VIA TRASNVERSAL - TRAMO URCOS CCASCCA;SENTRO POBLADO JCUNUKUNCA;-13.682981;-71.601747;DESPEJADO;IMPRUDENCIA DEL CONDUCTOR;EXCESO DE VELOCIDAD;;
A-2022-09-128;26/09/2022;18:10;ATROPELLO;SE DESPLAZABA DE DE OESTE A ESTE;1;0;CARRETERA INCRESO - LADRILLERAS;APV LOS TRIGALES;-13.55073575;-71.89623168881086;DESPEJADO;NO IDENTIFICA LA CAUSA;;;
A-2022-09-13;08/09/2022;19:30;ATROPELLO FUGA;FUGA;1;0;AV. SIMON BOLIVAR CON JR. CORONEL BELISARIO SUAREZ;-;-15.852219;-70.015328;DESPEJADO;IMPRUDENCIA DEL CONDUCTOR;OTRO (IMPRUDENCIA DEL CONDUCTOR);NO TOMAR EN CUENTA LOS RIESGOS PRESENTES Y POSIBLES;FALTA DE UN ELEMENTO ( VEHICULO)
A-2022-09-130;22/09/2022;20:50;CHOQUE;-;1;1;CARRETERA PANAMERICANA NORTE ALTURA DEL KM 667.500;-;-7.452841;-79.491639;DESPEJADO;IMPRUDENCIA DEL CONDUCTOR;OTRO (IMPRUDENCIA DEL CONDUCTOR);EXCESO DE CONFIANZA, DESATENCION EN LA CONDUCCION;
A-2022-09-133;23/09/2022;08:00;CHOQUE;-;1;0;CARRETERA DE ACCESO AL SECTOR PAMPA LA JULIA ALTURA DEL KM. 133;-;-7.99038;-78.289765;DESPEJADO;NO IDENTIFICA LA CAUSA;;;DISPOSICION DE ABSTENCION DE EJERCITAR ACCION PENAL, DE LA FISCALIA PROVINCIAL MIXTA CORPORATIVA DE SANTIAGO DE CHUCO: DISPONIENDO ABSTENERSE DE EJERCITAR ACCION PENAL CONTRA MARICEL HUAMAN HUAMAN, POR LA COMISION DEL DELITO CONTRA LA VIDA, EL CUERPO Y LA SALUD EN LA MODALIDAD DE HOMICIDIO CULPOSO EN AGRAVIO DE FELIPE JOHAN AVILA CASTILLO, ORDENANDOSE EL ARCHIVO DEFINITIVO DE TODOS LOS ACTUADOS UNA VEZ CONSENTIDA Y/O RECURRIDA QUE SEA LA PRESENTE DISPOSICION. TRANSACCION EXTRAJUDICIAL POR EL MONTO S/. 28,000.00 SOLES A LA PARTE AGRAVIADA.
A-2022-09-134;25/09/2022;05:20;ATROPELLO FUGA;-;1;0;CARRETERA PANAMERICANA NORTE ALTURA DEL KM. 516;-;-8.439653;-78.756004;DESPEJADO;NO IDENTIFICA LA CAUSA;;;
A-2022-09-135;25/09/2022;20:00;CHOQUE;-;1;0;CARRETERA PANAMERICANA NORTE ALTURA DEL KM. 709;-;-7.225261;-79.441864;DESPEJADO;NO IDENTIFICA LA CAUSA;;;
A-2022-09-136;04/09/2022;14:35;DESPISTE;EL VEHICULO MENOR SE DESPLAZABA DE ESTE AOESTE;1;0;VIA INTEROCEANICA PUERTO MALONADO - USCO;KM 202 ALTURA DEL PACALMNAYO;-13.21818;-70.727843;DESPEJADO;IMPRUDENCIA DEL CONDUCTOR;EXCESO DE VELOCIDAD;;
A-2022-09-137;20/09/2022;15:40;ATROPELLO;EL VEHICULO SE DESPLAZABA DE ESTE A OESTE  EL PEANTON SE ENCUENTRA FUERA DE LA VIA;1;0;VIA INTEROCEANICA SUR CUSCO - PUERTO .ALDONADO;ALTURA DEL PUENTE FORTALEZA;-13.18870558;-70.56733807;SOLEADO;IMPRUDENCIA DEL CONDUCTOR;EXCESO DE VELOCIDAD;;
A-2022-09-140;02/09/2022;18:30;DESPISTE;VOLCADURA;1;0;KM 1171;-;-14.6000202;-70.8358466;DESPEJADO;IMPRUDENCIA DEL CONDUCTOR;CONDUCIR EN ESTADO DE EBRIEDAD Y/O DROGADICCIÓN;;NINGUNA
A-2022-09-141;04/09/2022;10:00;CHOQUE;-;1;0;KM 226 700;-;-15.6534716;-70.6776218;DESPEJADO;IMPRUDENCIA DEL CONDUCTOR;INVASIÓN DE CARRIL;;NINGUNA 
A-2022-09-142;17/09/2022;03:43;ATROPELLO FUGA;-;1;0;AV HUANCANE;-;-15.4741577;-70.1138208;DESPEJADO;IMPRUDENCIA DEL CONDUCTOR;EXCESO DE VELOCIDAD;;NINGUNA 
A-2022-09-143;18/09/2022;18:40;CHOQUE;-;1;0;KM 93;-;-14.840342;-69.658276;DESPEJADO;IMPRUDENCIA DEL CONDUCTOR;EXCESO DE VELOCIDAD;;NINGUNA 
A-2022-09-144;19/09/2022;10:00;CHOQUE;-;2;7;KM 292 500;-;-15.5248121;-70.1823854;DESPEJADO;IMPRUDENCIA DEL CONDUCTOR;EXCESO DE VELOCIDAD;;NINGUNA 
A-2022-09-145;22/09/2022;03:40;CHOQUE;DESPISTE ;1;0;KM 47 44;-;-15.14711397;-70.11956861573015;DESPEJADO;IMPRUDENCIA DEL CONDUCTOR;INVASIÓN DE CARRIL;;NINGUNA