COD_ACCIDE;FechaDelAccidente;HoraDelAccidente;ClaseDelAccidente;SecuenciaAccidente;CantidadDeFallecidos;CantidadDeLesionados;Direccion;LugarReferencia;y;x;CondClimatica;CausaFactorPrincipal;CausaEspecifica;OtraCausa;Observaciones
A-2022-09-146;14/09/2022;12:00;DESPISTE;VOLCADURA;2;0;CARRETERA YANAHUANCA OYON  CACHIPAMPA;KM 168 010;-10.68840932;-76.73704985468738;DESPEJADO;IMPERICIA DEL CONDUCTOR;;;
A-2022-09-147;18/09/2022;18:50;CHOQUE;VOLCADURA;2;0;KM 1287 850;CUSCO JULIACA;-15.3039903;-70.2346426;DESPEJADO;IMPRUDENCIA DEL CONDUCTOR;EXCESO DE VELOCIDAD;;NINGUNA
A-2022-09-148;18/09/2022;11:25;VOLCADURA;CAIDA Y APLASTAMIENTO;1;0;AV PERU CON JR FRANCISCO PIZARRO;-;-15.49643466;-70.11551909267008;DESPEJADO;IMPRUDENCIA DEL CONDUCTOR;EXCESO DE VELOCIDAD;;NINGUNA 
A-2022-09-149;25/09/2022;21:00;ATROPELLO;ARRASTRE;1;0;KM 27 500;JULIACA HUANCANE ;-15.2986737;-70.0041685;DESPEJADO;IMPRUDENCIA DEL PEATÓN;CRUCE INDEBIDO POR LA CALZADA;;NINGUNA
A-2022-09-150;12/09/2022;03:40;DESPISTE;CHOQUE Y VOLCADURA;1;1;CARRETERA UNIÓN JICAMARCA ANILLO VIAL 08 ALTURA DEL MIRADOR DEL ANILLO VIAL.;CAMINO A MIRADOR ALTO JICAMARCA;-11.955;-76.936241;DESPEJADO;NO IDENTIFICA LA CAUSA;;;NO SE DETERMINA SI HAY SEÑALIZACION EN EL LUGAR
A-2022-09-151;09/09/2022;04:20;ATROPELLO;;1;0;AV. MARIA ELENA MOYANO CON AV. TALARA;MERCADO TALARA;-12.23336913;-76.94168413314078;DESPEJADO;NO IDENTIFICA LA CAUSA;;;SIN OBSERVACIONES
A-2022-09-152;08/09/2022;08:30;CAÍDA DE PASAJERO;-;1;0;AV. JOSE CARLOS MARIATEGUI;ALTURA MZ. F LTE. 68- SECTOR 3 GRUPO 10;-12.22017606;-76.93040657050007;DESPEJADO;NO IDENTIFICA LA CAUSA;;;NO
A-2022-09-153;08/09/2022;05:00;CHOQUE CON OBJETO FIJO;VOLCADURA Y CAÍDA;1;0;PANAMERICANA SUR KM 10.069;PUENTE PEATONAL TOTTUS;-12.14513266;-76.98188781738283;DESPEJADO;NO IDENTIFICA LA CAUSA;;;NO INDICA
A-2022-09-154;05/09/2022;11:00;DESPISTE;VOLCADURA Y CAÍDA;1;0;AV. SINCHI ROCA CDRA. 01;PREDIO 170;-11.926374;-77.04708;DESPEJADO;NO IDENTIFICA LA CAUSA;;;NO INDICA CAUSAS
A-2022-09-155;04/09/2022;02:00;CHOQUE;VOLCADURA Y CAÍDA CON SUBSECUENTE MUERTE;1;0;AV. GRAU CON AV. MANCO CÁPAC;CRUCE CON AVENIDA MANCO CAPAC;-12.05921;-77.029814;DESPEJADO;NO IDENTIFICA LA CAUSA;;;NO INDICA
A-2022-09-156;04/09/2022;02:10;ATROPELLO FUGA;;1;0;VÍA DE ACCESO AL CENTRO POBLADO SANTA ROSA;FRENTE AL CAMPO DEPORTIVO MULTIUSOS SANTA ROSA- PUNTA HERMOSA;-12.29404856;-76.77507500176101;DESPEJADO;NO IDENTIFICA LA CAUSA;;;NO HAY OBSERVACIONES.
A-2022-09-157;03/09/2022;16:30;CHOQUE;VOLCADURA CAÍDA CON SUBSECUENTE MUERTE;1;1;VÍA EXPRESA ALTURA DE PARADERO ABTAO;PARADERO ABTAO;-12.05826932;-77.02332743744901;DESPEJADO;INFRAESTRUCTURA Y ENTORNO VIAL;OTRO (INFRAESTRUCTURA Y ENTORNO VIAL);COMBUSTIBLE DERRAMADO EN PISTA QUE PROVOCÓ PÉRDIDA DE CONTROL FÍSICO DE LA UNIDAD;SIN OBSERVACIONES
A-2022-09-158;02/09/2022;01:45;DESPISTE;VOLCADURA Y CAÍDA;1;0;AV. CAMANÁ CDRA. 09;FRENTE A LA TIENDA BRONCES Y ANTIGÜEDADES;-12.05154871;-77.03661018722241;DESPEJADO;NO IDENTIFICA LA CAUSA;;;SIN OBSERVACIONES
A-2022-09-159;14/09/2022;01:00;DESPISTE;VOLCADURA;2;1;CARRETERA PENETRACIÓN MORO PAMPAROMAS - ENTRADA AL CACERÍO DE HORNILLOS;;-9.103324338;-78.06845025203265;DESPEJADO;NO IDENTIFICA LA CAUSA;;;PENDIENTE DE DETERMINAR LA CAUSA
A-2022-09-160;20/09/2022;06:00;CHOQUE;TRIPLE;1;1;CARRETERA PENENTRACIÓN HUARAZ - CASMA KM. 53 300;;-9.557842959;-77.71577080634562;DESPEJADO;NO IDENTIFICA LA CAUSA;;;PENDIENTE DETERMINAR LA CAUSA.
A-2022-09-161;20/09/2022;05:20;CHOQUE FUGA;;1;0;CARRTERA PANAMERICANA NORTE KM. 448;;-8.971967;-78.619423;DESPEJADO;NO IDENTIFICA LA CAUSA;;;PENDIENTE DE DETERMINAR LA CAUSA
A-2022-09-162;28/09/2022;12:40;CHOQUE;;1;0;AV. JOSÉ PARDO / AV. BUENOS AIRES; PRÓXIMO AL CRUCE DEL PP. JJ. 03 DE OCTUBRE.;-9.116871945;-78.53996729874962;DESPEJADO;IMPRUDENCIA DEL CONDUCTOR;EXCESO DE VELOCIDAD;;
A-2022-09-163;04/09/2022;18:35;ATROPELLO FUGA;;1;0;CARRETERA COSTANERA SUR KM. 17.5;;-18.160299;-70.466707;DESPEJADO;IMPRUDENCIA DEL PEATÓN;ESTADO DE EBRIEDAD Y/O DROGADICCIÓN;;
A-2022-09-164;05/09/2022;11:15;DESPISTE;DESPISTE Y VOLCADURA;1;1;CARRETERA TACNA-COLLPA-LA PAZ KM 90 800;;-17.720346;-69.85268;DESPEJADO;IMPRUDENCIA DEL CONDUCTOR;CONDUCIR EN ESTADO DE EBRIEDAD Y/O DROGADICCIÓN;;
A-2022-09-165;11/09/2022;19:35;ATROPELLO FUGA;;2;0;AV. CRISTO REY C/ CALLE MARIA PARADO DE BELLIDO;;-18.029989;-70.270627;DESPEJADO;NO IDENTIFICA LA CAUSA;;;
A-2022-09-166;16/09/2022;23:00;CHOQUE;CHOQUE POR ALCANCE;1;0;CARRETERA COSTANERA SUR KM 1311;;-18.093488;-70.308857;DESPEJADO;IMPRUDENCIA DEL CONDUCTOR;CONDUCIR EN ESTADO DE EBRIEDAD Y/O DROGADICCIÓN;;
A-2022-09-167;17/09/2022;21:49;ATROPELLO FUGA;ATROPELLO Y FUGA;1;0;AV. LA CULTURA C/AV. SIMON BOLIVAR;;-18.047503;-70.256461;DESPEJADO;NO IDENTIFICA LA CAUSA;;;
A-2022-09-169;03/09/2022;19:30;CHOQUE;;1;6;CARRETERA HUANUCO - LA UNION ;;-9.892991;-76.449561;DESPEJADO;IMPRUDENCIA DEL CONDUCTOR;EXCESO DE VELOCIDAD;;S/O
A-2022-09-170;27/09/2022;21:15;CHOQUE;;1;1;AV. AGROPECUARIA;FRONTIS DE LA IGLESIA;-5.6423699;-78.5289435;DESPEJADO;NO IDENTIFICA LA CAUSA;;;
A-2022-09-171;04/09/2022;18:40;CHOQUE;-;3;0;CARRETERA FERNANDO BELAUNDE TERRY KM 247 500 DISTRITO JAMALCA;-;-5.819257;-78.2851812;DESPEJADO;NO IDENTIFICA LA CAUSA;;;
A-2022-09-172;10/09/2022;17:15;CHOQUE;-;1;2;CARRETERA PANAMERICANA NORTE KM 855 SECTOR MI ROSITA;-;-6.3143388;-80.2453331;DESPEJADO;NO IDENTIFICA LA CAUSA;;;
A-2022-09-174;10/09/2022;05:30;CHOQUE;;1;0;CARRETERA SAN MARCOS - JESUS;;-7.1832476;-78.480325900348;DESPEJADO;NO IDENTIFICA LA CAUSA;;;
A-2022-09-175;10/09/2022;06:00;DESPISTE;;1;3;KM. 82 160 CARRETERA CAJAMARCA - CELENDÍN ;;-6.941962;-78.190139;DESPEJADO;NO IDENTIFICA LA CAUSA;;;
A-2022-09-176;11/09/2022;00:35;CHOQUE CON OBJETO FIJO;DESPISTE;1;0;AV. VICTOR RAUL HAYA DE LA TORRE S/N;;-7.61436643;-78.05144613;DESPEJADO;NO IDENTIFICA LA CAUSA;;;
A-2022-09-177;17/09/2022;18:40;CHOQUE;CHOQUE FRONTAL EXCÉNTRICO IZQUIERDO ;1;2;CARRETERA CAJAMARCA - CHOTA A LA ALTURA DEL C.P. SAN ANTONIO (REF. HITO PE. 3N 1385);;-6.652790519;-78.5430953793554;DESPEJADO;NO IDENTIFICA LA CAUSA;;;
A-2022-09-178;18/09/2022;05:00;CAÍDA DE PASAJERO;CAIDA DE OCUPANTE;1;0;CARRETERA CAJAMARCA - SAN MARCOS. ALTURA DEL KM 1219 600;;-7.29905;-78.198676;DESPEJADO;NO IDENTIFICA LA CAUSA;;;
A-2022-09-179;16/09/2022;03:40;ATROPELLO;FUGA;1;0;CARRETERA JAEN -SAN IGNACIO;;-5.69136;-78.796985;DESPEJADO;NO IDENTIFICA LA CAUSA;;;
A-2022-09-18;09/09/2022;01:20;CHOQUE;.;1;0;PANAMERICANA NORTE KM. 1275.5;ALTURA DE LA EMPRESA LATIMAR.;-3.546450351;-80.39683026628057;DESPEJADO;IMPRUDENCIA DEL CONDUCTOR;EXCESO DE VELOCIDAD;;
A-2022-09-180;13/09/2022;15:10;ATROPELLO;;1;0;AV. PACASMAYOO CUADRA 04;;-12.0354463;-77.0640444;DESPEJADO;IMPRUDENCIA DEL CONDUCTOR;OTRO (IMPRUDENCIA DEL CONDUCTOR);EFECTUAR SU DESPLAZAMIENTO SIN CUIDADO Y PREVENCION CON UNA MARCADA DISTRACCION.;NINGUNA
A-2022-09-181;17/09/2022;03:20;CHOQUE;;1;0;AV. NESTOR GAMBETTA;ALTURA DEL KM 12, REF LAS BRISAS DE OQUENDO;-11.959308;-77.128291;DESPEJADO;IMPRUDENCIA DEL CONDUCTOR;CONDUCIR EN ESTADO DE EBRIEDAD Y/O DROGADICCIÓN;;NINGUNA
A-2022-09-182;19/09/2022;04:35;ATROPELLO FUGA;;1;0;AV. ATALAYA CDRA 6;;-12.0257457;-77.142149113;DESPEJADO;NO IDENTIFICA LA CAUSA;;;NO SE PUDO CONCLUIR POR FALTA DE ELEMENTO
A-2022-09-183;25/09/2022;07:30;DESPISTE;VOLCADURA;4;1;CARRETERA HUANTA CHACA;KM 32 950;-12.80176734;-74.24660320779432;DESPEJADO;IMPRUDENCIA DEL CONDUCTOR;FATIGA Y/O CANSANCIO;;EXCESO DE CONFIANZA DEL CONDUCTOR.
A-2022-09-184;12/09/2022;17:00;CHOQUE;DESPISTE;1;0;SIVIA;;-12.51206576;-73.85891497;DESPEJADO;IMPRUDENCIA DEL CONDUCTOR;OTRO (IMPRUDENCIA DEL CONDUCTOR);NO INDICA;
A-2022-09-185;10/09/2022;18:45;CHOQUE FUGA;CHOQUE SEGUIDO DE VOLCADURA Y FUGA;1;0;JR. SAN ALEJANDRO INTERSECCION F.A.P. CON I.E.S.P.B. YARINACOCHA;FUERA AEREA DEL PERU EN YARINACOCHA;-8.353281;-74.583656;DESPEJADO;;;;
A-2022-09-186;09/09/2022;08:00;DESPISTE;VOLCADURA;3;0;KM. 100 C.B.C.;;-10.463511;-77.098645;DESPEJADO;;;;
A-2022-09-187;30/08/2022;02:30;CHOQUE CON OBJETO FIJO;VOLCADURA;1;0;JR. JUAN FRAY RAMIREZ CDRA. 02;---;-6.37541312;-78.81702385;SOLEADO;NO IDENTIFICA LA CAUSA;;;
A-2022-09-188;21/09/2022;13:30;VOLCADURA;TONEL IZQUIERDO;1;2;CARRETERA CAJAMARCA - CELENDIN;ALTURA DEL KM 15 237;-7.14746;-78.410655;DESPEJADO;NO IDENTIFICA LA CAUSA;;;
A-2022-09-189;25/09/2022;08:30;DESPISTE;CON SUBSECUENTE VOLCADURA ;5;11;KM. 12 200 DE LA CARRETERA JESÚS - CASERÍO EL CARMEN ;CPNP JESÚS ;-7.297293;-78.332581;DESPEJADO;NO IDENTIFICA LA CAUSA;;;
A-2022-09-191;29/09/2022;03:10;DESPISTE;CON SUBSECUENTE CHOQUE ;1;3;KM. 102 150 DE LA CARRETERA CIUDAD DE DIOS - CAJAMARCA;CPNP SAN PABLO;-7.145457;-78.517004;DESPEJADO;NO IDENTIFICA LA CAUSA;;;
A-2022-09-192;07/09/2022;12:10;DESPISTE;SUBSECUENTE CHOQUE SEGUIDO DE VOLCADURA;3;4;KM 28 DE LA CARRETERA QUE CONDUCE DEL CASERIO TAMBILLO AL C.P LAUCAN;CPNP LLAUCAN;-6.81184833;-78.52093;DESPEJADO;NO IDENTIFICA LA CAUSA;;;
A-2022-09-193;17/09/2022;04:30;CHOQUE;ECXCENTRICO IZQUIERDO;1;0;CARRETERA JÁEN S- SAN IGNACIO KM 86 200;CPNP PUERTO CIRUELO;-5.256299;-78.823819;DESPEJADO;NO IDENTIFICA LA CAUSA;;;
A-2022-09-194;30/09/2022;05:25;CHOQUE;EXCENTRICO IZQUIERDO;3;0;KM 91 700 CARRETERA BELAUNDE TERRY. CHICLAYO - JAÉN;CPNP POMA HUACA;-5.927889;-79.301348;DESPEJADO;NO IDENTIFICA LA CAUSA;;;
A-2022-09-195;26/09/2022;18:30;ATROPELLO;;1;0;CARRETERA PANAMERICANA NORTE KM 22 100;ALT PARADERO PRIMERA DE PRO;-11.93732549;-77.07183834107147;DESPEJADO;NO IDENTIFICA LA CAUSA;;;
A-2022-09-196;26/09/2022;02:45;CHOQUE;;1;2;AV CARLOS IZAGUIRRE CDRA 12;ALT DE LA CLÍNICA MUNDO SALUD;-11.9914994;-77.07698281958683;;;;;
A-2022-09-197;25/09/2022;23:20;ATROPELLO FUGA;;1;0;CARRETERA PANAMERICANA NORTE KM 11.500;ALT PUENTE PEATONAL SAN MARTIN DE PORRES;-12.03096;-77.056493;DESPEJADO;NO IDENTIFICA LA CAUSA;;;
A-2022-09-198;25/09/2022;00:00;ATROPELLO;;1;0;AUTOPISTA RAMIRO PRIALE;ALT KM 8.4;-12.02054196;-76.92034182449075;DESPEJADO;NO IDENTIFICA LA CAUSA;;;
A-2022-09-199;25/09/2022;20:30;ATROPELLO;;1;0;AV TUPAC AMARU KM 18;FRENTE A LA MUNICIPALIDAD DE CARABAYLLO;-11.89027992;-77.02667528780582;DESPEJADO;NO IDENTIFICA LA CAUSA;;;
A-2022-09-20;03/09/2022;19:20;DESPISTE;DESPISTE Y VOLCADURA;2;2;SECTOR PUENTE SIRUMAYO;SECTOR SIRUMAYO;-13.713765;-71.668069;DESPEJADO;NEGLIGENCIA DEL CONDUCTOR;OTRO (NEGLIGENCIA DEL CONDUCTOR);DESCUIDO EN SU EJE DE MARCHA;
A-2022-09-200;24/09/2022;23:40;ATROPELLO;;1;0;CARRETERA PANAMERICANA SUR;ALT PTE PEATONAL AMAUTA;-12.16198963;-76.98187166679622;DESPEJADO;NO IDENTIFICA LA CAUSA;;;
A-2022-09-201;23/09/2022;20:10;CHOQUE;;2;0;CARRETERA PANAMERICANA SUR KM 158 400;-;-13.11500121;-76.40609300723047;DESPEJADO;NO IDENTIFICA LA CAUSA;;;
A-2022-09-202;21/09/2022;22:30;CHOQUE;VOLCADURA Y CAIDA;1;0;AV ARENALES Y JR RISSO;-;-12.08590379;-77.03538711893427;DESPEJADO;NO IDENTIFICA LA CAUSA;;;
A-2022-09-203;21/09/2022;20:00;ATROPELLO;;1;0;JR LIRIOS Y JR MANUEL BONNEMAISON;;-12.05981133;-76.995577766236;DESPEJADO;NO IDENTIFICA LA CAUSA;;;
A-2022-09-204;20/09/2022;12:10;CHOQUE;CAIDA, DESPISTE Y ATROPELLO;1;3;AV 4 DE NOVIEMBRE CDRA 04;ALT CEI JOSE OLAYA ;-11.96756514;-77.03924948691724;DESPEJADO;NO IDENTIFICA LA CAUSA;;;
A-2022-09-205;19/09/2022;06:50;CHOQUE;;1;0;AV TUPAC AMARU KM 24;CARRETERA LIMA - CANTA;-11.83811244;-76.99880721250705;DESPEJADO;NO IDENTIFICA LA CAUSA;;;
A-2022-09-206;18/09/2022;18:50;ATROPELLO FUGA;;1;0;AV LOS FRUTALES CDRA 3;-;-12.060423;-76.966538;DESPEJADO;NO IDENTIFICA LA CAUSA;;;
A-2022-09-207;13/09/2022;21:40;DESPISTE;CHOQUE,VOLCADURA Y CAIDA;1;1;AV EL SOL CDRA 22;-;-12.21052383;-76.9609990769496;DESPEJADO;NO IDENTIFICA LA CAUSA;;;
A-2022-09-208;20/09/2022;11:30;ATROPELLO;;1;0;AV VICTOR MALASQUEZ KM 08.00;ALT IE NAZARENO;-12.1428745;-76.87138038467987;DESPEJADO;NO IDENTIFICA LA CAUSA;;;
A-2022-09-209;11/09/2022;01:30;CAÍDA DE PASAJERO;FUGA- SIMPLE ;1;0;CARRETERA PIURA CURUMUY ;ALTURA DEL CASERIO CEREZAL ;-5.059682206;-80.6306377877767;DESPEJADO;;;;
A-2022-09-21;05/09/2022;06:36;CHOQUE;CHOQUE FRONTAL ;1;1;CARRETERA SANTOMAS VELLILLE;SECTOR INFERNILLO;-14.419722;-72.013707;DESPEJADO;NEGLIGENCIA DEL CONDUCTOR;OTRO (NEGLIGENCIA DEL CONDUCTOR);VELOCIDAD;NINGUNA
A-2022-09-210;10/09/2022;18:00;ATROPELLO;MULTIPLE ;1;1;CARRETERA DE PENETRACION KM 65 HACIA CANCHAQUE ;ALTURA DE BADEN SERRAN ;-5.435089;-79.767511;DESPEJADO;;;;
A-2022-09-211;24/09/2022;23:30;CHOQUE FUGA;DESPISTE, CHQOUE Y VOLCADURA ;1;0;CARRETERA PANAMERICA NORTE ;ALTURA DE CRUCE PIURA-CATACAOS ;-5.235008;-80.643725;;;;;
A-2022-09-212;25/09/2022;23:40;CHOQUE;CHOQUE POSTERIOR ;1;0;CARRETERA PANAMERICA NORTE PIURA CHICLAYO ;ALTURA DEL PUENTE GRAU ;-5.230762;-80.649735;DESPEJADO;NO IDENTIFICA LA CAUSA;;;
A-2022-09-213;23/09/2022;06:00;VOLCADURA;SUBSECUENTE VOLCADURA;1;0;CARRETERA HUANCABAMBA -JAÉN. ALTURA DEL KM. 118.REF. SECTOR EL CAUCHO;CPNP - TAMBORAPA;-5.4699993;-78.8695289;DESPEJADO;NO IDENTIFICA LA CAUSA;;;
A-2022-09-214;26/09/2022;18:30;DESPISTE;SUBSECUENTE VOLCADURA EN TONEL IZQUIERDO;1;0;ALTURA DEL KM. 09 APROX. DE LA CARRETERA QUE CONDUCE A LA COMUNIDAD DE MOCHADIN - SOCOTA;CPNP - SOCOTA;-6.309768;-78.731268;SOLEADO;NO IDENTIFICA LA CAUSA;;;
A-2022-09-218;19/09/2022;20:40;VOLCADURA;SUBSECUENTE CAIDA DE OCUPANTE;1;0;INTERSECCIÓN DEL JR. CÁCERES CDRA. 08 Y EL JR. UNIÓN.;CPNP - CELENDÍN;-6.8650818;-78.1441646;DESPEJADO;NO IDENTIFICA LA CAUSA;;;
A-2022-09-219;09/09/2022;08:40;ATROPELLO;ATROPELLO POR PROYECCIÓN;1;0;CARRETERA CAJAMARCA SAN MARCOS;FALLECIDO;-7.1889496;-78.472057;;;;;
A-2022-09-221;10/09/2022;16:00;ATROPELLO;;1;0;CARRETERA HUANUCO - TINGO MARIA;BADEN CHULLQUI;-9.839452275;-76.1236411880271;DESPEJADO;IMPRUDENCIA DEL PEATÓN;CRUCE INDEBIDO POR LA CALZADA;;S/O
A-2022-09-222;01/09/2022;03:30;DESPISTE;;2;0;CARRETERA CHIKCHIWAYIN SAN FRASCISCO DE ASIS HUARIN LAURICOCHA;;-9.9785672;-76.6737712;DESPEJADO;IMPRUDENCIA DEL CONDUCTOR;CONDUCIR EN ESTADO DE EBRIEDAD Y/O DROGADICCIÓN;;S/O
A-2022-09-223;22/09/2022;01:40;DESPISTE;;1;0;AV. R (AV. PRINCIPAL IGNACIO MERINO);DEL PARQUE PRINCIPAL PIURA ;-5.178591;-80.644672;DESPEJADO;NO IDENTIFICA LA CAUSA;;;
A-2022-09-224;05/09/2022;15:30;CHOQUE;CHOQUE FRONTAL ;1;1;CARRETERA PIURA-CATACAOS-LA ARENA;ALTURA DE LA FABRICA DE HIELO SERVICIOS ;-5.291043;-80.694731;DESPEJADO;;;;
A-2022-09-225;18/09/2022;21:30;CHOQUE;;1;1;CARRETERA MOLINO HUARICHACA ;ALTURA DEL C.P LLIULLA;-9.94383692;-76.0343116257224;DESPEJADO;IMPRUDENCIA DEL CONDUCTOR;EXCESO DE VELOCIDAD;;
A-2022-09-226;24/09/2022;21:30;DESPISTE;VOLCADURA;3;0;CARRETERA UTAO CHURUBAMBA;;-9.759239069;-76.21615077111132;DESPEJADO;IMPRUDENCIA DEL CONDUCTOR;EXCESO DE VELOCIDAD;;
A-2022-09-227;28/09/2022;19:30;DESPISTE;VOLCADURA;1;0;CARRETERA HUANUCO TINGO MARIA;ALTURA DE LA DESPENSA;-9.880419524;-76.19139227887348;DESPEJADO;IMPRUDENCIA DEL CONDUCTOR;EXCESO DE VELOCIDAD;;
A-2022-09-228;18/09/2022;05:20;CHOQUE;CHOQUE FRONTAL, VOLCADURA , CAIDA Y DESPISTE;1;0;CARRETERA BAYOVAR PIURA;ALTURA DEL KM 100;-5.469913;-80.82344;DESPEJADO;IMPRUDENCIA DEL CONDUCTOR;CONDUCIR EN ESTADO DE EBRIEDAD Y/O DROGADICCIÓN;;
A-2022-09-229;24/09/2022;00:00;ATROPELLO;ATROPELLO CON PROYECCION;1;2;CARRETERA PANAMERICANA NORTE ;ALTURA DE INKA FERRO;-5.176789842;-80.67205087888206;DESPEJADO;IMPRUDENCIA DEL CONDUCTOR;ADELANTAR INDEBIDAMENTE;;
A-2022-09-230;24/09/2022;16:30;DESPISTE;SEGUIDO DE VOLCADURA Y SUMERSION;2;1;CARRETERA CENTRAL LA OROYA - HUANCAYO ALTURA DEL KM 05 200;;-11.54294089;-75.88567921078274;DESPEJADO;IMPRUDENCIA DEL CONDUCTOR;OTRO (IMPRUDENCIA DEL CONDUCTOR);MANIBRA FORTUITA DEL CONDUCTOR AL EVITAR UNA COLISION DIRECTA CON OTRO VEHICULO NO IDENTIFICADO;NINGUNA
A-2022-09-231;04/09/2022;06:00;ATROPELLO FUGA;;1;0;CARRETERA CENTRAL MARGE DERECHA KM 84 200;;-11.88166662;-75.39622566016249;DESPEJADO;IMPRUDENCIA DEL CONDUCTOR;EXCESO DE VELOCIDAD;;NINGUNA
A-2022-09-232;10/09/2022;07:35;CHOQUE;POR EMBISTE EXCENTRICO DERECHO;1;2;CARRETERA CENTRAL LA OROYA- CERRO DE PASCO KM. 25  700;;-11.37485093;-75.88154385098277;DESPEJADO;IMPRUDENCIA DEL CONDUCTOR;GIRAR IMPRUDENTEMENTE;;NINGUNO
A-2022-09-233;25/09/2022;18:25;CHOQUE;CONSECUENTE DE MUERTE ;1;1;CALLE SAN ROQUE ;K.M 1;-3.787874215;-73.2990271409315;DESPEJADO;IMPRUDENCIA DEL CONDUCTOR;INVASIÓN DE CARRIL;;NINGUNA
A-2022-09-234;06/09/2022;04:00;ATROPELLO FUGA;;1;0;CARRETERA RURAL ABANCAY - CUSCO. ALTURA DEL KM 923 850;SECTOR CHAQUILCASA;-13.461588;-72.289324;DESPEJADO;NO IDENTIFICA LA CAUSA;;;NINGUNO
A-2022-09-235;25/09/2022;23:30;CHOQUE;CHOQUE SEGUIDO DE  VOLCADURA ;1;0;CARRETERA COLQUEMARCA-SANTO TOMAS;SECTOR AMPO CRUCE;-14.30951967;-72.03555956055767;DESPEJADO;IMPRUDENCIA DEL CONDUCTOR;CONDUCIR EN ESTADO DE EBRIEDAD Y/O DROGADICCIÓN;;NINGUNO
A-2022-09-236;25/09/2022;07:30;CHOQUE;CHOQUE, SEGUIDO DESPISTE;4;1;CARRETERA ESPINAR - CONDOROMA. KM 72;SECTOR ALTO MARQUIRI;-15.13483021;-71.11232130724382;DESPEJADO;IMPRUDENCIA DEL CONDUCTOR;INVASIÓN DE CARRIL;;NINGUNO
A-2022-09-237;01/09/2022;10:48;CHOQUE;VOLCADURA;1;2;AV. LA JOYA CON  AV.TAMBOPATA;CEMENTERIO SAN FRANCISCO DE ASIS;-12.599686;-69.197185;DESPEJADO;IMPRUDENCIA DEL CONDUCTOR;OTRO (IMPRUDENCIA DEL CONDUCTOR);;NINGUNA
A-2022-09-238;24/09/2022;11:30;ATROPELLO;;1;0;PASAJE LOS CLAVELES ;VILLA RETAMAS;-12.08098113;-75.19010455229498;DESPEJADO;NO IDENTIFICA LA CAUSA;;;NEGLIGENCIA DE LOS PADRES
A-2022-09-239;19/09/2022;21:30;ATROPELLO FUGA;;1;0;JR. WARIVILCA;8 METROS AL OESTE DE LA CALLE REAL;-12.13491525;-75.22172819227636;DESPEJADO;IMPRUDENCIA DEL CONDUCTOR;OTRO (IMPRUDENCIA DEL CONDUCTOR);;NINGUNO
A-2022-09-240;11/09/2022;09:20;DESPISTE;VOLCADURA;1;1;CARRETERA AÑANCUSI SOL NACIENTE;COMUNIDAD PARAJE ANCOQUICHCAPAMPA CP ANAYLLA ACORIA;-12.615141;-74.706235;SOLEADO;IMPRUDENCIA DEL CONDUCTOR;FATIGA Y/O CANSANCIO;;
A-2022-09-241;11/09/2022;15:40;DESPISTE;VOLCADURA;2;3;CARRETERA CHINCHA HUANCAVELICA;KM 91;-13.239866;-75.6172;DESPEJADO;IMPRUDENCIA DEL CONDUCTOR;FATIGA Y/O CANSANCIO;;
A-2022-09-242;17/09/2022;11:30;DESPISTE;VOLCADURA;2;5;CARRETERA PILPICHACA HUANCAVELICA;KM 164;-13.324067;-75.007877;DESPEJADO;IMPRUDENCIA DEL CONDUCTOR;FATIGA Y/O CANSANCIO;;
A-2022-09-243;05/09/2022;22:00;CHOQUE;FATAL;1;0;CARRETERA LAS LOMAS SUYO;ALTURA DEL KM 1113 100;-4.635888944;-80.21608463004686;DESPEJADO;IMPRUDENCIA DEL CONDUCTOR;OTRO (IMPRUDENCIA DEL CONDUCTOR);INRPUDENCIA DEL CONDUCTOR DE LA MOTOCICLETA;S/O
A-2022-09-244;07/09/2022;18:00;ATROPELLO;;1;0;CARRETERA PIURA TAMBOGRANDE;ALTURA DEL CP LOCUTO;-4.937904986;-80.34658990521181;DESPEJADO;EN PROCESO DE INVESTIGACIÓN;NO CUENTA CON CAUSA ESPECIFICA;;SE ESPERA EL PROTOCOLO DE NECROPSIA DEL PERATON
A-2022-09-245;06/09/2022;07:29;CHOQUE;FATAL;1;0;CARRETERA LA COSTANERA;ALTURA DEL CENTRO POBLADO EL TABLAZO;-4.880304727;-81.02488877386406;DESPEJADO;EN PROCESO DE INVESTIGACIÓN;NO CUENTA CON CAUSA ESPECIFICA;;ESPERA EL PROTOCOLO DE NECROPSIA
A-2022-09-247;19/09/2022;20:00;CHOQUE;FATAL;1;0;INTERSECCION DE LA AV CHOFER CON GIRON MORROPON;TAMBOGRANDE;-4.930085924;-80.34309258528504;DESPEJADO;EN PROCESO DE INVESTIGACIÓN;NO CUENTA CON CAUSA ESPECIFICA;;SE ESPERA LA NECROPSIA DEL CONDUCTOR DE LA MOTOCICLETA
A-2022-09-250;14/09/2022;18:46;DESPISTE;DESPITE CHOQUE;1;0;AV. GRAU CON BERMUDEZ;CALLE BERMUDEZ;-3.755012977;-73.2501939514765;DESPEJADO;IMPRUDENCIA DEL CONDUCTOR;EXCESO DE VELOCIDAD;;NINGUNO
A-2022-09-252;04/09/2022;19:00;DESPISTE;VOLCADURA;1;1;CARRETERA PANAMERICANA SUR  KILOMETRO 197;-;-13.516056;-76.183805;DESPEJADO;IMPRUDENCIA DEL CONDUCTOR;EXCESO DE VELOCIDAD;;