COD_ACCIDE;FechaDelAccidente;HoraDelAccidente;ClaseDelAccidente;SecuenciaAccidente;CantidadDeFallecidos;CantidadDeLesionados;Direccion;LugarReferencia;y;x;CondClimatica;CausaFactorPrincipal;CausaEspecifica;OtraCausa;Observaciones
A-2022-09-253;07/09/2022;15:15;DESPISTE;CHOQUE;1;6;CARRETERA PANAMERICANA SUR KILOMETRO 181;-;-13.37090848;-76.21061733;DESPEJADO;IMPRUDENCIA DEL CONDUCTOR;INVASIÓN DE CARRIL;;
A-2022-09-254;07/09/2022;12:30;ATROPELLO;POR PROYECCION ;1;0;ANTIGUA CARRETERA PANAMERICANA SUR KILOMETRO 199-900;FRENTE AL GRIFO PRIMAX;-13.52451224;-76.18294515;DESPEJADO;IMPRUDENCIA DEL CONDUCTOR;OTRO (IMPRUDENCIA DEL CONDUCTOR);UNA MANIOBRA DE RETROCESO POR UNA ZONA DE CONSTANTE TRANSITO PEATONAL;
A-2022-09-255;10/09/2022;20:30;ATROPELLO;-;2;0;CARRETERA PANAMERICANA SUR  KILOMETRO 204;-;-13.57847387;-76.17195543;DESPEJADO;EN PROCESO DE INVESTIGACIÓN;NO CUENTA CON CAUSA ESPECIFICA;;
A-2022-09-256;17/09/2022;18:50;ATROPELLO;;1;0;AV ANTONIO RAYMONDY;FRNTIS DEL ASERRADERO;-11.2436331;-74.6357376;DESPEJADO;IMPRUDENCIA DEL PEATÓN;CRUCE INDEBIDO POR LA CALZADA;;
A-2022-09-257;20/09/2022;00:02;DESPISTE;VOLCADURA, CAIDA;1;1;CARRETERA MARGINAL FERNANDO BELAUNDE TERRY KM 60 SECTOR TICLIO CHICO;VILLA RICA;-10.74385882;-75.28328704496644;DESPEJADO;IMPRUDENCIA DEL CONDUCTOR;FATIGA Y/O CANSANCIO;;
A-2022-09-258;11/09/2022;05:45;CHOQUE;FRONTAL EXCENTRICO IZQUIERDO SEGUNDO DE DESPISTE TOTAL;1;0;ANTIGUA CARRETERA PANAMERICANA SUR KILOMETRO 207;-;-13.59524097;-76.1658727273;DESPEJADO;IMPRUDENCIA DEL CONDUCTOR;INVASIÓN DE CARRIL;;
A-2022-09-259;22/09/2022;08:00;CHOQUE;VOLCADURA, CAIDA;1;3;CARRETERA MARGINAL KM 111 600;RIO BLANCO ;-11.00990015;-75.3148358568203;DESPEJADO;IMPRUDENCIA DEL CONDUCTOR;EXCESO DE VELOCIDAD;;
A-2022-09-260;28/09/2022;20:40;CHOQUE;VOLCADURA CAIDA CONSECUENTE DE MUERTE;1;1;AV PARTICIPACION;FRONTIS DEL PLATANAL;-3.7779235;-73.2921401;DESPEJADO;IMPRUDENCIA DEL CONDUCTOR;ADELANTAR INDEBIDAMENTE;;NINGUNA
A-2022-09-261;20/09/2022;15:00;CHOQUE;;1;0;INTERSECCIÓN CONFORMADA POR EL JR. PARDO DE MIGUEL CON JR. ICA JURISDICCIÓN POLICIAL;;-12.587775;-69.19433;;;;;
A-2022-09-262;30/09/2022;18:50;ATROPELLO;-;1;0;CARRETERA PANAMERICANA SUR  KILOMETRO 205;ENTRADA AL CENTRO POBLADO SANTA ROSA;-13.49716388;-76.1402541059521;DESPEJADO;NO IDENTIFICA LA CAUSA;;;INVESTIGACION A CARGO DE LA FISCALIA 
A-2022-09-263;24/09/2022;22:30;VOLCADURA;;1;0;TROCHA CARROZABLE ANEXO 2;ANEXO 2;-11.2077176;-74.65547376935845;LLUVIOSO;IMPRUDENCIA DEL CONDUCTOR;OTRO (IMPRUDENCIA DEL CONDUCTOR);FACTOR CLIMATOLOGICO;
A-2022-09-264;26/09/2022;19:05;ATROPELLO;;1;0;AV. CARLOS PESCHIERA CUADRA 4;ALTURA DE LA FERRETERIA CANTORAL;-11.05513941;-75.32507095194653;SOLEADO;IMPRUDENCIA DEL CONDUCTOR;EXCESO DE VELOCIDAD;;
A-2022-09-265;28/09/2022;14:20;CHOQUE;VOLCADURA, DESPISTE Y CAIDA;1;2;CARRETERA MARGINAL KM 03 300;SECTOR SANTA CLARA ;-10.60323352;-75.41952227157061;SOLEADO;IMPRUDENCIA DEL CONDUCTOR;OTRO (IMPRUDENCIA DEL CONDUCTOR);INVADIR EL CARRIL CONTRARIO;
A-2022-09-266;30/09/2022;02:00;DESPISTE;DESPISTE SEGUIDO DE CHOQUE;1;0;AV. GRAU;FRENTE A LOS EDIFICIOS ROSA ARA;-18.01749142;-70.25418869431164;DESPEJADO;IMPRUDENCIA DEL CONDUCTOR;CONDUCIR EN ESTADO DE EBRIEDAD Y/O DROGADICCIÓN;;ACCIDENTE OCURRIDO EN EL MES DE SETIEMBRE Y FALLECE EL CONDUCTOR EN EL MES DE NOVIEMBRE
A-2022-09-267;18/09/2022;08:00;ATROPELLO;ATROPELLO;1;0;ANEXO TRIPARTITO;;-17.28407234;-69.71149416272321;DESPEJADO;IMPRUDENCIA DEL PEATÓN;CRUCE INDEBIDO POR LA CALZADA;;MENOR SIN SUPERVISION DE UN ADULTO
A-2022-09-268;27/09/2022;07:00;CHOQUE;CHOQUE;1;1;CARRETERA TACTA TARATA;KM. 79 300;-17.48637706;-70.03535122740591;DESPEJADO;IMPRUDENCIA DEL CONDUCTOR;EXCESO DE VELOCIDAD;;NINGUNA
A-2022-09-269;30/09/2022;00:45;CHOQUE;CHOQUE FRONTAL;1;0;CARRETERA COSTANERA SUR KM. 10;;-17.89004252;-70.97987672251102;DESPEJADO;IMPRUDENCIA DEL CONDUCTOR;EXCESO DE VELOCIDAD;;NINGUNA
A-2022-09-27;03/09/2022;11:00;CHOQUE;CHOQUE, DESPISTE -VOCADURA FATAL Y POSTERIOR IMPACTO CON OBJETO FIJO (GUARDA VIA));2;2;KM 121 600 DE LA CARRETERA AREQUIPA-PUNO;KM 121 600 AREQUIPA-PUNO;-16.0537867;-71.3401677;DESPEJADO;NO IDENTIFICA LA CAUSA;;;SIN OBSERVACIONES 
A-2022-09-270;28/09/2022;02:00;DESPISTE;EL VEHÍCULO CATG. N1, CAMIONETA PICK UP DE PLACA DE RODAJE W6W-819, SE DESPLAZABA DE OESTE A ESTE, POR LA CARRETERA DE PENETRACIÓN OYON - CAJATAMBO, AL LLEGAR AL KM 186, SE DESPISTA;3;0;CARRETERA DE PENETRACIÓN OYÓN - CAJATAMBO;KM. 186.034.50;-10.53939411;-76.9222783487711;DESPEJADO;IMPRUDENCIA DEL CONDUCTOR;FATIGA Y/O CANSANCIO;;NINGUNA
A-2022-09-273;04/09/2022;05:20;CHOQUE;SUBSECUENTE MUERTE;1;0;AV. PARTICIPACION CON CALLE AGUANOS;PARTICIPACION;-3.7865519;-73.291107;;;;;
A-2022-09-274;10/09/2022;01:20;CHOQUE;VOLCADURA FATAL;1;0;AV. TUPAC AMARU Y CALLE CENTRAL;INTERSECCIÓN;-11.88510591;-77.02328814;DESPEJADO;EN PROCESO DE INVESTIGACIÓN;NO CUENTA CON CAUSA ESPECIFICA;;
A-2022-09-28;03/09/2022;06:00;CHOQUE FUGA;-;1;1;ANTIGUA CARRETERA PANAMERICANA SUR KM. 218;-;-13.59371293;-76.1450036305988;NUBLADO;NO IDENTIFICA LA CAUSA;;;
A-2022-09-29;05/09/2022;22:50;ATROPELLO FUGA;-;1;0;AV. FERMIN TANGUIS KM. 03 ;ALTURA DEL GRIFO SERVICENTRO DOCE ;-13.71241958;-76.16259411098763;DESPEJADO;NO IDENTIFICA LA CAUSA;;;
A-2022-09-30;06/09/2022;17:00;CHOQUE;POR ALCANCE ;1;0;CARRETERA PANAMERICANA SUR KM. 275;-;-13.9324765;-75.90137908551644;DESPEJADO;NO IDENTIFICA LA CAUSA;;;
A-2022-09-31;04/09/2022;05:50;CHOQUE;CHOQUE, VOLCADURA  CAIDA Y FUGA CON SUBSECUENTE MUERTE Y DAÑOS MATERIALES;1;0;PROLONGACION FRANCISCO OLAZABAL. FRENTE ESTADIO MUNICIPAL;FRENTE AL ESTADIO MUNICIPAL RAMON CACERES;-17.175206;-71.791538;DESPEJADO;NO IDENTIFICA LA CAUSA;;;SIN OBSERVACIONES 
A-2022-09-33;02/09/2022;13:30;CHOQUE FUGA;-;1;2;AV. COSTANERA ALTURA DEL KM. 18 - SECTOR EL SILENCIO;-;-8.052723;-79.13698;DESPEJADO;IMPRUDENCIA DEL CONDUCTOR;EXCESO DE VELOCIDAD;;
A-2022-09-34;04/09/2022;20:00;CHOQUE;-;1;0;INTERSECCION DE LA CARRETERA PANAMERICANA NORTE ALTURA DEL KM. 672 CON LA CARRETERA DE PENETRACION A CHOCOFAN;-;-7.418508;-79.503362;DESPEJADO;NO IDENTIFICA LA CAUSA;;;
A-2022-09-35;04/09/2022;23:30;DESPISTE;-;1;0;INTERSECCION DE LA MZ. K Y LA MZ. I - IV ETAPA URB. VALLE DEL SOL;-;-8.061977475;-78.97489307159272;DESPEJADO;NO IDENTIFICA LA CAUSA;;;
A-2022-09-36;05/09/2022;12:45;DESPISTE;-;1;2;CARRETERA DE PENETRACION ANEXO CEPEDA. ROMA - ASCOPE;;-7.739665;-79.11756;DESPEJADO;NO IDENTIFICA LA CAUSA;;;
A-2022-09-37;06/09/2022;05:15;CHOQUE;-;1;5;CARRETERA DE CONEXION ALTURA DEL KM. 0 SECTOR SAUSACOCHA - EL PALLAR;-;-7.797149;-77.979515;DESPEJADO;IMPRUDENCIA DEL CONDUCTOR;GIRAR IMPRUDENTEMENTE;;
A-2022-09-38;06/09/2022;11:00;CHOQUE;CHOQUE DESPISTE Y VOLCADURA FATAL;1;0;KM 18 DE LA CARRETERA PANAMERICANA SUR VARIANTE DE UCHUMAYO ;KM 18 DE LA APNAMERICANA SUR ;-16.44802649;-71.6963396678696;DESPEJADO;NO IDENTIFICA LA CAUSA;;;SIN OBSERVACIONES 
A-2022-09-39;09/09/2022;06:15;DESPISTE;DESPISTE CHOQUE;1;0;KM 18 DE LA VIA DE INGRESO A AREQUIPA;KM 18 DE LA PANAMERCANA SUR ;-16.44737309;-71.6987912068164;DESPEJADO;NO IDENTIFICA LA CAUSA;;;SIN OBSERVACIONES 
A-2022-09-40;09/09/2022;08:50;ATROPELLO;ATROPELLO CON APLASTAMIENTO ;1;0;ASOC. HIDROPONICA KM 964;KM 964, SAN JOSE ;-16.643654;-71.8715585;DESPEJADO;NO IDENTIFICA LA CAUSA;;;SIN OBSERVACION 
A-2022-09-41;11/09/2022;06:50;CHOQUE;CHOQUE - DESPISTE;5;7;KM 8 300 VIA DE PENETRACION IMATA -ESPINAR ;KM 8 300 IMATA -ESPINAR ;-15.7111933;-71.0532133;DESPEJADO;NO IDENTIFICA LA CAUSA;;;SIN OBSERVACION 
A-2022-09-42;08/09/2022;11:40;CHOQUE;-;1;1;AV. MANUEL SEOANE CDRA. 4;-;-7.23794;-79.468746;DESPEJADO;NO IDENTIFICA LA CAUSA;;;
A-2022-09-43;14/09/2022;05:38;ATROPELLO;-;1;0;CARRETERA FERNANDO BELAUNDE TERRY KM 517 400;ENTRADA AL CASERIO BETANIA;-6.166125;-76.835254;DESPEJADO;IMPRUDENCIA DEL PEATÓN;OTRO (IMPRUDENCIA DEL PEATÓN);;
A-2022-09-44;08/09/2022;20:20;ATROPELLO;-;1;0;CARRETERA PANAMERICANA NORTE ALTURA DEL KM. 525.5;-;-8.361588718;-78.87269059512508;DESPEJADO;NO IDENTIFICA LA CAUSA;;;
A-2022-09-45;08/09/2022;22:30;CHOQUE;-;1;0;INTERSECCION DEL JR. SAN MARTIN Y EL JR. BOLOGNESI;-;-8.112046;-79.031226;DESPEJADO;NO IDENTIFICA LA CAUSA;;;
A-2022-09-46;04/09/2022;20:20;ATROPELLO;CON PROYECCION CON CONSECUENCIA FATL, LESIONES PERSOANLES Y DAÑOS  MATERIALES.;1;0;EN LA CARRETERA HUARAZ- CARAZ;RECREO KAY PACHA;-9.36272763;-77.5948208322117;DESPEJADO;IMPRUDENCIA DEL PEATÓN;ESTADO DE EBRIEDAD Y/O DROGADICCIÓN;;NINGUNA
A-2022-09-47;12/09/2022;20:20;ATROPELLO;-;1;0;CARRETERA PANAMERICANA NORTE ALTURA DEL KM. 588;-;-7.987828;-79.076388;DESPEJADO;NO IDENTIFICA LA CAUSA;;;
A-2022-09-48;15/09/2022;00:20;DESPISTE;-;1;0;CARRETERA PANAMERICANA NORTE ALTURA DEL KM. 577;-;-8.081512;-79.094993;DESPEJADO;IMPRUDENCIA DEL CONDUCTOR;DESACATO DE SEÑAL DE TRÁNSITO;;
A-2022-09-49;09/09/2022;22:30;CHOQUE;VOLCADURA;1;0;CARRETERA DE PENETRACION PUERTO PIZARRO. KM 0.2;ESTABLECIMIENTO INPE;-3.533107725;-80.3779871480488;DESPEJADO;IMPRUDENCIA DEL CONDUCTOR;CONDUCIR EN ESTADO DE EBRIEDAD Y/O DROGADICCIÓN;;
A-2022-09-51;04/09/2022;11:30;CHOQUE;-;1;1;CARRETERA FERNANDO BELAUNDE TERRY KM. 497;POSTA MEDICA DE PUEBLO NUEVO;-9.079752;-76.063805;SOLEADO;IMPRUDENCIA DEL CONDUCTOR;EXCESO DE VELOCIDAD;;NINGUNA
A-2022-09-53;12/09/2022;11:30;ATROPELLO FUGA;ATROPELLO FUGA Y POSTERIOR IDENTIFICACION DE VEHICULO Y CONDUCTOR PARTICIPANTE EN EL ACCIDENTE;1;0;CALLE 09 DE DICIEMBRE - CERCADO;A UNA CUADRA DEL COLEGIO INDEPENDENCIA ;-16.40609049;-71.52999839264429;DESPEJADO;NO IDENTIFICA LA CAUSA;;;SIN OBSERVACION 
A-2022-09-55;18/09/2022;06:40;CHOQUE;POR EMBISTE;2;0;CARRETERA PUNO-DESAGUADERO;KM. 1427 200;-16.1603588;-69.54606419761319;DESPEJADO;IMPRUDENCIA DEL CONDUCTOR;OTRO (IMPRUDENCIA DEL CONDUCTOR);EXCESO DE CONFIANZA SIN VALORAR LAS CONDICIONES TECNICAS DE LA VIA;
A-2022-09-56;14/09/2022;08:00;CHOQUE CON OBJETO FIJO;VEHICULO CHOCA CONTRA TECHO DE CONCRETO EN EL INTERIOR DE INMUEBLE;1;0;LA JOYA LATERAL 1 LOTE N° 33;INMUEBLE N° 33;-16.430721;-71.831583;DESPEJADO;NO IDENTIFICA LA CAUSA;;;SIN OBSERVACION 
A-2022-09-58;16/09/2022;12:50;CHOQUE;-;1;0;CARRETERA PENETRACION A CAJAMARCA ALTURA DEL KM 18 AAHH HUABAL ;-;-7.28922;-79.318503;DESPEJADO;IMPRUDENCIA DEL CONDUCTOR;NO ESTABLECER EL DERECHO DE PASO;;
A-2022-09-61;16/09/2022;19:10;ATROPELLO;EL PEATON SE DESPLAZABA DE SUR A NORTE Y EL VEHÍCULO AUTOMÓVIL SE DESPLAZA DE ESTE A OESTE;1;0;CARRETERA URUBAMBA - YUCAY;HOTEL SAN AGUSTÍN;-13.31146;-72.10569;DESPEJADO;IMPRUDENCIA DEL CONDUCTOR;CONDUCIR EN ESTADO DE EBRIEDAD Y/O DROGADICCIÓN;;
A-2022-09-62;16/09/2022;10:00;DESPISTE;-;6;0;CARRETERADE ACCESO CONSUELO NIVEL 2600 – ANEXO SOCORRO;-;-7.741712;-77.61664;DESPEJADO;INFRAESTRUCTURA Y ENTORNO VIAL;FACTOR AMBIENTAL;;
A-2022-09-63;18/09/2022;06:20;DESPISTE;-;1;0;AV. JOSÉ CARLOS MARIATEGUI CUADRA 03;EL MUNDIALITO;-9.297458;-76.007617;DESPEJADO;NO IDENTIFICA LA CAUSA;;;
A-2022-09-64;17/09/2022;22:00;DESPISTE;-;1;3;CARRETERA TARNIHUAL SECTOR LOMA DEL VIENTO ;-;-7.897976196;-78.55427114356121;DESPEJADO;NO IDENTIFICA LA CAUSA;;;
A-2022-09-65;04/09/2022;05:37;DESPISTE;EL VEHICULO DE CATEGORIA N2 SE DESPLAZABA DE SUR A OESTE;2;2;CARRETERA LINITACA-YANAOCA;YANAOCA;-14.216644;-71.438229;DESPEJADO;IMPRUDENCIA DEL CONDUCTOR;EXCESO DE VELOCIDAD;;NINGUNO
A-2022-09-66;11/09/2022;23:34;CHOQUE;CIRCUNSTANCIAS QIE SE DESPLAZABA LA UT1 EN SENTIDO SE SUR A NORTE  Y LA UT2 CIECULABA EN SENTIDO COMTRARIO;1;0;CARRETERA ESPINAR-SICUANI;DESCANSO;-14.547866;-71.297084;;;;;
A-2022-09-67;02/09/2022;11:40;DESPISTE;EL VEHÍCULO SE DESPLAZABA DE ESTE A OSTE ;2;0;CARRETERA CALCA- YANATILE;SENTRO POBLADO DE COLCA;-12.6453608;-72.3582205;DESPEJADO;IMPRUDENCIA DEL CONDUCTOR;FATIGA Y/O CANSANCIO;;NINGUNA
A-2022-09-73;19/09/2022;18:00;DESPISTE;-;3;1;CARRETERA DE ACCESO AL CASERIO EL QUIGUIR - CALIPUY;-;-8.387733;-78.30864;DESPEJADO;IMPRUDENCIA DEL CONDUCTOR;OTRO (IMPRUDENCIA DEL CONDUCTOR);DESTATENCION EN LA CONDUCCION;
A-2022-09-74;20/09/2022;09:00;DESPISTE;-;1;0;CARRETERA DE ACCESO AL PUENTE ENGOM;-;-7.796801;-78.379682;DESPEJADO;IMPRUDENCIA DEL CONDUCTOR;OTRO (IMPRUDENCIA DEL CONDUCTOR);AL CONDUCIR A UNA VELOCIDAD QUE RESULTO SER MAYOR A LA RAZONABLE Y PRUDENTE .;AL CONDUCIR A UNA VELOCIDAD QUE RESULTO SER MAYOR A LA RAZONABLE Y PRUDENTE .
A-2022-09-75;17/09/2022;23:30;CHOQUE;-;1;0;CARRETERA FERNANDO BELAUNDE TERRY;ALTURA AL GRIFO RVZ;-6.053877;-77.163105;DESPEJADO;IMPRUDENCIA DEL CONDUCTOR;OTRO (IMPRUDENCIA DEL CONDUCTOR);;
A-2022-09-76;13/09/2022;18:30;CHOQUE;FRONTAL EXCÉNTRICO IZQUIERDO;1;2;CARRETERA CENTRAL HUARAZ -CARAZ;PATY BAJO KM 612;-9.272423427;-77.65352364408837;DESPEJADO;IMPRUDENCIA DEL CONDUCTOR;ADELANTAR INDEBIDAMENTE;;EL VEHICULO AUTOMOVIL H1T-575, 
A-2022-09-78;14/09/2022;17:20;ATROPELLO;EL VEHOCULO AUTOMOVIL SE DESPLAZABA DE  OENTE A ESTE Y EL PEANTON SE DESPLAZABA  DE NORTE A SUR.;1;0;CARRETERA ANCAHUASI - ANTA;SECTOR DE INQUILPATA;-13.48538901;-72.1671185752288;DESPEJADO;IMPRUDENCIA DEL CONDUCTOR;EXCESO DE VELOCIDAD;;NINGUNA
A-2022-09-81;22/09/2022;23:00;CAÍDA DE PASAJERO;CONSECUENCIA FATAL;1;0;CARRETERA PUNO-DESAGUADERO;CENTRO POBLADO CHACA CHACA;-16.3188653;-69.2619712;DESPEJADO;NEGLIGENCIA DEL CONDUCTOR;OTRO (NEGLIGENCIA DEL CONDUCTOR);MECANISMO DE CIERRE Y APERTUR DE LAPUERTA LATERAL DERECHA INOPERATIVA;
A-2022-09-82;10/09/2022;17:56;CHOQUE;;5;0;CARRETERA CUSCO- PAUCARTAMBO;COMUNIDAD CAMPESINA DE KUCYA;-13.4165393;-71.6327733;DESPEJADO;IMPRUDENCIA DEL CONDUCTOR;FATIGA Y/O CANSANCIO;;CAMION PLATA FORMA DE PLACA DE RODAJE Z5A927 (ESTACIONADO POR FALLA MECANICA)
A-2022-09-85;24/09/2022;19:20;CHOQUE;FRONTAL EXENTRICO IZQUIERDO;1;1;CARRETERA PUNO-DESAGUADERO KM. 1417;SECTOR ANCASAYA;-16.1;-69.614;DESPEJADO;IMPRUDENCIA DEL CONDUCTOR;INVASIÓN DE CARRIL;;
A-2022-09-86;13/09/2022;13:24;CHOQUE;QUE LA UT-1 SE DESPLAZABA DE ESTE A OESTE, LA UT2- SE DESPLAZABA DE SUR A NORTE;1;0;CARRETERA PALLPATAA - ESPINAR;PALLPA;-14.880277;-71.216049;SOLEADO;IMPRUDENCIA DEL CONDUCTOR;EXCESO DE VELOCIDAD;;NINGUNA
A-2022-09-87;18/09/2022;09:30;DESPISTE;QUE EL VEHICULO MENOR SE DESPLAZABA DE NORTE A SUR;1;0;CARRETERA SICUANI - MARANGANI;COMUNIDAD  CHECTOYOC;-14.349923;-71.177755;DESPEJADO;IMPRUDENCIA DEL CONDUCTOR;CONDUCIR EN ESTADO DE EBRIEDAD Y/O DROGADICCIÓN;;
A-2022-09-88;04/09/2022;01:30;DESPISTE;EL VEHICULO SE DESPLABA DE SUR A NORTE;1;4;CARRETERA AREQUIPA - ESPINAR;SECTOR ISCAY CHOCHAPATA DEL DISTRITO DE CONDOROMA.;-15.245361;-71.151901;DESPEJADO;IMPRUDENCIA DEL CONDUCTOR;EXCESO DE VELOCIDAD;;
A-2022-09-89;17/09/2022;01:30;DESPISTE;QUE EL VEHICULO CAMION SE DESPLAZAB DE SUR A NORTE;1;1;CARRETERA ESPINAR - VELL;SECTOR YANCOPE;-14.64734665;-71.74718137447346;DESPEJADO;IMPERICIA DEL CONDUCTOR;;;
A-2022-09-90;06/09/2022;19:25;ATROPELLO;-;1;0;CARRETERA CHICLAYO POMALCA KM5 ;AL FRENTE DE LA FAP;-6.774435;-79.827557;DESPEJADO;NO IDENTIFICA LA CAUSA;;;SE INVESTIGA
A-2022-09-91;08/09/2022;04:50;ATROPELLO FUGA;-;1;0;CARRETERA PANAMERICANA NORTE KM 773   090;PUENTE REQUE;-6.8525446;-79.826536;DESPEJADO;NO IDENTIFICA LA CAUSA;;;SE INVESTIGA
A-2022-09-92;09/09/2022;18:50;ATROPELLO;-;1;1;VIA DE EVITAMIENTO KM 786 750 PP CRUZ DE LA ESPERANZA;;-6.767848;-79.872157;DESPEJADO;NO IDENTIFICA LA CAUSA;;;SE INVESTIGA
A-2022-09-93;23/09/2022;21:30;CHOQUE;CHOQUE DESPISTE ;1;5;PANAMERICANA SUR 971-600;FRENTE AL GRIFO PRIMAX;-16.516848;-71.801721;DESPEJADO;NO IDENTIFICA LA CAUSA;;;SIN OBSERVACION 
A-2022-09-94;07/09/2022;19:20;ATROPELLO;-;1;0;CARRETERA PANAMERICANA NORTE KM 64   500;-;-6.1622747;-79.6995453;DESPEJADO;NO IDENTIFICA LA CAUSA;;;SE INVESTIGA
A-2022-09-95;23/09/2022;09:15;CHOQUE;CHOQUE DESPISTE ;1;1;KM 115-200 DE LA VIA AREQUIPA PUNO;KM 115-200 DE LA VIA AREQUIPA PUNO;-16.0749634;-71.3894822;DESPEJADO;NO IDENTIFICA LA CAUSA;;;SIN OBSERVACION 
A-2022-09-96;18/09/2022;21:00;CHOQUE;-;1;0;CARRETERA ZAÑA CAYALTI KM 13 29;ALTURA DE LAS CABALLERIZAS;-6.909578;-79.5756;DESPEJADO;NO IDENTIFICA LA CAUSA;;;SE INVESTIGA
A-2022-09-97;25/09/2022;03:07;ATROPELLO;ATROPELLO COSECUENCIA FATAL, DAÑOS MATERILAES UY FUGA ;1;0;INTERSECCION DE LA AV. AVIACION CON LA VIA DE INGRESO A LA ASOCIACION LAS CANTERAS ;ALTURA DEL PUENTE AÑASHUAYCO;-16.340941;-71.587464;DESPEJADO;NO IDENTIFICA LA CAUSA;;;SIN OBSERVACION 
A-2022-10-10;09/10/2022;18:32;CHOQUE FUGA;CONSECUENCIA FATAL;1;0;AV. CIRCUNVALACION CON AV. EJERCITO;-;-16.2489088;-69.1005303;DESPEJADO;NO IDENTIFICA LA CAUSA;;;FALTA DE UN ELEMENTO ( VEHICULO)
A-2022-10-100;02/10/2022;19:00;DESPISTE;-;1;0;CURVA DEL DIABLO;-;-6.7411976;-79.7161823;DESPEJADO;NO IDENTIFICA LA CAUSA;;;
A-2022-10-101;22/10/2022;11:10;DESPISTE;-;1;1;CARRETERA OMIA - PUNTA DE CARRETERAS KM 428 680;-;-6.4135619;-77.360909;DESPEJADO;NO IDENTIFICA LA CAUSA;;;
A-2022-10-102;21/10/2022;20:00;DESPISTE;-;1;2;CALLE JOSE OLAYA MZ I;RESTAURANTE KAPRICHOS DEL PJ SAN MARTIN;-6.70663;-79.913605;DESPEJADO;NO IDENTIFICA LA CAUSA;;;
A-2022-10-103;10/10/2022;00:00;CHOQUE;-;1;4;CARRETERA CUCULI CHOTA KM ;-;-6.6899555;-79.4646875;DESPEJADO;NO IDENTIFICA LA CAUSA;;;
A-2022-10-104;14/10/2022;19:30;CHOQUE;-;1;7;CARRETERA PARANAMERICANA NORTE KM 839;-;-6.4314563;-80.1601104;DESPEJADO;NO IDENTIFICA LA CAUSA;;;
A-2022-10-106;07/10/2022;18:00;ATROPELLO;POR RETROCESO ;1;0;AV. PROCERES;CP. TARAMBA;-13.64757;-73.500326;DESPEJADO;IMPERICIA DEL CONDUCTOR;;;ACCIDENTE DE TRANSITO - ATROPELLO POR RETROCESO CON CONSECUENCIA FATAL DEL PEATÓN 
A-2022-10-107;14/10/2022;10:45;DESPISTE;ATROPELLO Y CHOQUE;1;0;AV. LOS CHANKAS - CP. LA FLORIDA. DISTRITO DE AHUAYRO;PAR AHUAYRO;-13.489784;-73.813201;DESPEJADO;IMPRUDENCIA DEL CONDUCTOR;FATIGA Y/O CANSANCIO;;
A-2022-10-108;10/10/2022;17:35;DESPISTE;-;1;1;CASERIO SAN SEBASTIAN;-;-6.5340993;-79.8511198;DESPEJADO;NO IDENTIFICA LA CAUSA;;;
A-2022-10-109;13/10/2022;19:50;CHOQUE;-;1;0;AV. RAMÓN CASTILLA CON AV. CANDRÉS AVELINO CÁCERES;-;-6.702838872;-79.9027044106271;DESPEJADO;NO IDENTIFICA LA CAUSA;;;
A-2022-10-11;06/10/2022;18:10;CHOQUE;-;1;1;CARRETERA FBT KM 455 750;ENTRADA A LA AV. LOS OLIVOS;-5.990655;-77.281353;DESPEJADO;IMPRUDENCIA DEL CONDUCTOR;OTRO (IMPRUDENCIA DEL CONDUCTOR);;
A-2022-10-110;17/10/2022;03:30;CHOQUE FUGA;-;1;3;CARRETERA PANAMERICANA NORTE ANTIGUA KM 12 DEL CASERIO PUNTO UNO;-;-6.5785914;-79.8746824;DESPEJADO;NO IDENTIFICA LA CAUSA;;;
A-2022-10-111;10/10/2022;02:00;CHOQUE;-;1;0;AV PAKAMUROS;-;-5.7047076;-78.8041574;DESPEJADO;NO IDENTIFICA LA CAUSA;;;
A-2022-10-112;10/10/2022;14:20;ATROPELLO;;1;0;AV. PERÚ CUADRA 2;;-13.15671563;-74.23178522;DESPEJADO;IMPRUDENCIA DEL CONDUCTOR;NO DAR PASO PREFERENTE AL PEATÓN;;CONDUCIR SIN LA DEBIDA PRECAUCIÓN, CONTRIBUTIVA PEATÓN CRUZA EN UN MOMENTO INOPORTUNO.
A-2022-10-116;30/10/2022;22:30;ESPECIAL;CHOQUE CON CABALLO;1;0;ANGASMAYO KM 282;C. P. ANGASMAYO ;-13.34596;-74.395226;DESPEJADO;IMPRUDENCIA DEL CONDUCTOR;OTRO (IMPRUDENCIA DEL CONDUCTOR);;
A-2022-10-117;18/10/2022;02:30;CAÍDA DE PASAJERO;;1;0;JR.TRUJILLO;ALTURA DEL COLEGIO SAN JUAN ;-11.9182403;-77.13930413;LLUVIOSO;IMPRUDENCIA DEL CONDUCTOR;EXCESO DE VELOCIDAD;;SE REMITIO A FISCALIA 
A-2022-10-119;09/10/2022;19:10;ATROPELLO;EL PEATÓN REALIZA EL CRUCE DE LA CALZADA ESTE DE LA CARRETERA PANAMERICANA NORTE, ALTURA DEL KM. 170.600, EN SENTIDO DE ESTE A OESTE, AL POSECIONARSE SOBRE PARTE DEL CARRIL IZQUIERDO, ES ATROPELLADO POR EL VEHÍCULO CATG. N1, DE PLACA AFM-780;1;0;CARRETERA PANAMERICANA NORTE. KM. 170.600;FRONTIS DE MOLINOS REDONDOS, MEDIO MUNDO;-10.94224419;-77.64774076130703;DESPEJADO;NO IDENTIFICA LA CAUSA;;;FISCALIA