COD_ACCIDE;FechaDelAccidente;HoraDelAccidente;ClaseDelAccidente;SecuenciaAccidente;CantidadDeFallecidos;CantidadDeLesionados;Direccion;LugarReferencia;y;x;CondClimatica;CausaFactorPrincipal;CausaEspecifica;OtraCausa;Observaciones
A-2022-10-12;06/10/2022;18:45;CHOQUE; DESPISTE;1;2;CARRETERA PUNO-JULIACA KM. 1343 260;COCOTEA-PAMPA;-15.7377667;-70.0565938;DESPEJADO;IMPRUDENCIA DEL CONDUCTOR;OTRO (IMPRUDENCIA DEL CONDUCTOR);EXESO DE CONFIANZA DEL CONDUCTOR;
A-2022-10-120;28/10/2022;18:00;DESPISTE;VOLCADURA;1;0;CHUPAS-CHIORA;HITO KILOMETRICO 7 280;-13.27988823;-74.20784530052758;DESPEJADO;IMPRUDENCIA DEL CONDUCTOR;FATIGA Y/O CANSANCIO;;
A-2022-10-121;12/10/2022;14:00;ATROPELLO;;1;0;AV. DOS DE MAYO CON JR. MIROQUESADA;;-12.0564581;-77.144569917;DESPEJADO;IMPRUDENCIA DEL PEATÓN;CRUCE INDEBIDO POR LA CALZADA;;INFORME REMITIDO A LA FISCALIA
A-2022-10-122;22/10/2022;21:00;ATROPELLO;;1;0;AV. NESTOR GAMBETTA KM 7.5;ALTURA DE LA EMPRES QUIMPAC -OQUENDO CALLAO;-11.9761301;-77.127638817;DESPEJADO;IMPRUDENCIA DEL PEATÓN;ESTADO DE EBRIEDAD Y/O DROGADICCIÓN;;NINGUNA
A-2022-10-123;21/10/2022;16:50;ATROPELLO;;1;0;AV. NESTOR GAMBETTA KM 14.5;;-11.9571297;-77.128831317;DESPEJADO;IMPRUDENCIA DEL CONDUCTOR;OTRO (IMPRUDENCIA DEL CONDUCTOR);DESPLAZAR SU UNIDAD SIN CUIDADO Y PREVENCION;SE REMITIO TODO A FISCALIA 
A-2022-10-124;01/10/2022;05:00;CHOQUE;;1;1;KM.07.839 PATIVILCA - CAJATAMBO;;-10.66644;-77.736418;DESPEJADO;;;;
A-2022-10-125;23/10/2022;03:00;ESPECIAL;APLASTAMIENTO;1;0;C.P VILLA LOS ANGELES - SUPE PUEBLO;;-10.77089488;-77.66253708;DESPEJADO;;;;
A-2022-10-126;31/10/2022;18:00;VOLCADURA;-;1;0;VIA EVITAMIENTO KM 4.800;ALTURA PTE. NUEVO;-12.069432;-76.972235;DESPEJADO;NO IDENTIFICA LA CAUSA;;;
A-2022-10-127;31/10/2022;22:30;CHOQUE FUGA;;1;0;CARRETERA PANAMERICANA SUR KM. 2;PTE. PEAT. NOCHETO;-12.698218;-76.641776;DESPEJADO;NO IDENTIFICA LA CAUSA;;;
A-2022-10-128;30/10/2022;21:30;CHOQUE;;1;1;AV PACHACUTEC CON AV EL SOL;;-12.194665;-76.934638;DESPEJADO;NO IDENTIFICA LA CAUSA;;;
A-2022-10-129;30/10/2022;16:30;CHOQUE FUGA;;1;1;JR LOS GERANIOS CON JR JOSE DE SAN MARTIN;MERCADO PRIMAVERA;-12.009299;-77.073535;DESPEJADO;NO IDENTIFICA LA CAUSA;;;
A-2022-10-13;01/10/2022;21:09;ATROPELLO;ATROPELLO CON SUB SECUENTE MUERTE;1;0;CALLE ESPINAR CUDRA 2 MIRAFLORES;CUADRA 2;-16.398576;-71.519627;DESPEJADO;NO IDENTIFICA LA CAUSA;;;SIN OBSERVACIONES 
A-2022-10-130;30/10/2022;07:40;CHOQUE;;1;0;CARRETERA PANAMERICANA NORTE KM 49.820;PEAJE VARIANTE;-11.745722;-77.141868;DESPEJADO;NO IDENTIFICA LA CAUSA;;;
A-2022-10-131;26/10/2022;11:27;ATROPELLO;POR COMPRESIÓN;1;0;INTERSECCIÓN DE LA AV. TODOS LOS SANTOS Y JR. FRAY AGUSTIN GURRIARESA;CPNP CHOTA;-6.55942398;-78.6460065699737;DESPEJADO;NO IDENTIFICA LA CAUSA;;;
A-2022-10-132;21/10/2022;03:50;CHOQUE;MUERTE, LESIONES Y DAÑOS MATERIALES;7;3;CARRETERA PANAMERICANA SUR KM 41.00;;-12.33233255;-76.82065955391347;DESPEJADO;NO IDENTIFICA LA CAUSA;;;
A-2022-10-133;18/10/2022;19:45;DESPISTE;VOLCADURA Y CAIDA;1;0;AV UNIVERSITARIA CDRA 26;ALTURA DE LA CALLE 1;-12.00789;-77.082345;;;;;
A-2022-10-134;15/10/2022;22:30;ATROPELLO;;1;0;CARRETERA PANAMERICANA SUR ;ALT DEL KM 39 418;-12.33011712;-76.82310101724002;DESPEJADO;NO IDENTIFICA LA CAUSA;;;
A-2022-10-135;12/10/2022;15:20;CHOQUE;;1;2;AV. GRAL SAN MARTIN  CON AV UNION ;;-12.1451181;-76.95310168313546;DESPEJADO;NO IDENTIFICA LA CAUSA;;;
A-2022-10-136;10/10/2022;10:20;ATROPELLO;;1;0;AV 28 DE JULIO CDRA 13 Y CALLE RAMON RIBEYRO CDRA 8;;-12.13052366;-77.01954063132389;DESPEJADO;NO IDENTIFICA LA CAUSA;;;
A-2022-10-137;10/10/2022;08:00;ATROPELLO;;1;0;AV PROLONGACION DE LA QUINTA AVENIDA;ALTURA DEL PARADERO NIEVERIA;-11.99690937;-76.91709093354606;SOLEADO;NO IDENTIFICA LA CAUSA;;;
A-2022-10-138;10/10/2022;13:40;ATROPELLO;;1;0;AV 2 DE OCTUBRE;ALT DE LA AV BETANCOURT;-11.94860933;-77.08060378550886;DESPEJADO;NO IDENTIFICA LA CAUSA;;;
A-2022-10-139;09/10/2022;03:00;ATROPELLO;;1;0;PANAMERICANA SUR KM 14.00;ALT DEL PUENTE PEATONAL AMERICA;-12.18412895;-76.9750320403075;DESPEJADO;NO IDENTIFICA LA CAUSA;;;
A-2022-10-14;03/10/2022;16:08;DESPISTE;DESPISTE CHOQUE Y VOLCADURA FATAL;1;0;AV. PROGRESO S/N DISTRITO DE CALLALLI;ALTURA DEL ESTADIO DE CALLALLI;-15.504957;-71.436949;DESPEJADO;NO IDENTIFICA LA CAUSA;;;SIN OBSERVACIONES 
A-2022-10-142;04/10/2022;17:30;ATROPELLO;;1;0;AV  LA MOLINA CDRA 41 CRUCE CON CALLE SAMOA CDRA 01;;-12.08593002;-76.89798830105987;DESPEJADO;NO IDENTIFICA LA CAUSA;;;
A-2022-10-143;03/10/2022;16:00;DESPISTE;VOLCADURA Y CAIDA;1;0;PANAMERICANA SUR KM 40.000;;-12.33177112;-76.8210779708697;;;;;
A-2022-10-144;03/10/2022;07:30;ATROPELLO;;1;0;AV. GUARDIA CIVIL CDRA 05;;-12.18279344;-76.99984942508037;DESPEJADO;NO IDENTIFICA LA CAUSA;;;
A-2022-10-146;01/10/2022;04:30;CHOQUE;DESPISTE;1;1;AV NUEVO TOLEDO KM 23;-;-12.12782266;-76.82059050697266;SOLEADO;NO IDENTIFICA LA CAUSA;;;
A-2022-10-147;27/10/2022;08:10;ATROPELLO;;1;0;AV CARHUAZ CON AV COORDILLERA CENTRAL;;-12.198134;-76.99227;DESPEJADO;NO IDENTIFICA LA CAUSA;;;
A-2022-10-148;24/10/2022;08:50;CHOQUE;ATROPELLO Y DESPISTE;1;0;AV RETABLO CDRA 13;INMUEBLE AV RETABLO 1364;-11.92353757;-77.05427522669308;DESPEJADO;NO IDENTIFICA LA CAUSA;;;
A-2022-10-149;13/10/2022;20:00;CHOQUE;CHOQUE POR EMBISTE, CAIDA, VOLCADURA Y FUGA ;1;1;AV. DON BOSCO - AV. PROLONGACION SULLANA ;EX CIRCUNVALACION ;-5.2005395;-80.6319879;DESPEJADO;NO IDENTIFICA LA CAUSA;;;
A-2022-10-150;22/10/2022;05:30;CHOQUE;CHOQUE MULTIPLE ;1;2;CARRETERA PANAMERICANA NORTE PIURA - CHICLAYO ;ALTURA DEL KM 955;-5.5478073;-80.5849894;DESPEJADO;;;;
A-2022-10-153;12/10/2022;18:40;ATROPELLO;;1;1;AV. LUIS MONTERO / CALLE LAS CIDRAS ;;-5.191115;-80.618108;DESPEJADO;;;;
A-2022-10-154;13/10/2022;23:00;DESPISTE;;1;0;INTERSECCION DE LA AV. FORTUNATO CHIRICHIGNO CON AV. TALLANES ;;-5.180545;-80.631048;DESPEJADO;;;;
A-2022-10-155;24/10/2022;02:30;DESPISTE;;1;0;CARRETERA PANAMERICANA NORTE PIURA SULLANA ;;-5.048571;-80.702771;DESPEJADO;;;;
A-2022-10-156;19/10/2022;22:28;CHOQUE CON OBJETO FIJO;SEGUIDO DE VOLCADURA ;1;2;CARRETERA YACANGO  S/N;TORATA ;-17.07943982;-70.84838394365939;DESPEJADO;IMPRUDENCIA DEL CONDUCTOR;EXCESO DE VELOCIDAD;;FACTOR CONTIBUTIVO: ACCION IMPRUDENTE DEL CONDUCTOR DE LA UT-1 AL PERMITIR QUE SUS OCUPANTES NO LLEVEN CASCO DE SEGURIDAD
A-2022-10-157;31/10/2022;06:40;DESPISTE;VOLCADURA;1;0;CARRETERA RANCHO PANAO;;-9.841272291;-76.04664984568397;DESPEJADO;IMPRUDENCIA DEL CONDUCTOR;EXCESO DE VELOCIDAD;;
A-2022-10-158;02/10/2022;09:30;ATROPELLO;ATROPELLO CON APLASTAMIENTO ;1;0;AV. COUNTRY CLUB CUADRA 02;AV. COUNTRY CLUB CUADRA 02;-5.18377;-80.631468;DESPEJADO;IMPRUDENCIA DEL PEATÓN;OTRO (IMPRUDENCIA DEL PEATÓN);;
A-2022-10-159;15/10/2022;18:00;CHOQUE;CHOQUE VOLCADURA Y CAIDA;1;0;CARRETERA PIURA CHULUCANAS;FRENTE AL CAMPO LOMA HUASIMAL;-5.129888;-80.120564;DESPEJADO;IMPRUDENCIA DEL CONDUCTOR;GIRAR IMPRUDENTEMENTE;;
A-2022-10-16;02/10/2022;21:30;ATROPELLO;EL PEATON SE ENCONTRABA ACOSTADO EN EL CARRIL DE CIRCULACION BAJO LA INGESTA DE BEBIDAS ALCOHOLICAS, EN CIRCUNSTANCIA QUE EL VEHICULO CIRCULABA POR EL LUGAR MATERIALIZANDOSE EL EVENTO.;1;0;CARRETERA CUSCO - QUILLABAMBA ;SECTOR MOYOMONTE KM. 219.300;-12.9563698;-72.6736112;DESPEJADO;IMPRUDENCIA DEL CONDUCTOR;EXCESO DE VELOCIDAD;;NINGUNO
A-2022-10-160;27/10/2022;19:30;CHOQUE;;1;1;CARRETERA  PIURA PAITA ;ALTURA DEL KM 01;-5.168052397;-80.69619479673428;DESPEJADO;IMPRUDENCIA DEL CONDUCTOR;CONDUCIR EN ESTADO DE EBRIEDAD Y/O DROGADICCIÓN;;
A-2022-10-161;22/10/2022;22:30;DESPISTE;DESPISTE VOLCADURA Y CAIDA ;1;0;CARRETERA CASERIO PALO BLANCO LIMON DE PORCUYA ;CASERIO PALO BLANCO LIMON PORCUYA;-5.857127;-79.651379;DESPEJADO;IMPRUDENCIA DEL CONDUCTOR;EXCESO DE VELOCIDAD;;
A-2022-10-163;20/10/2022;20:00;ATROPELLO;SUBSECUENTE MUERTE;1;0;CALLE YAVARI CUADRA 11;INTERSECCION MONITOR HUASCAR;-3.7403536;-73.2517471;DESPEJADO;IMPRUDENCIA DEL CONDUCTOR;EXCESO DE VELOCIDAD;;NINGUNA
A-2022-10-165;14/10/2022;04:00;DESPISTE;DESPISTE, VOLCADURA Y CADA FATAL, SEGUIDA DE LESIONES Y DAÑOS MATERIALES;3;2;CARRETERA DE TROCHA CARROZABLE JANJAILLO - JAUJA KM 13;;-11.755389;-75.605817;DESPEJADO;IMPRUDENCIA DEL CONDUCTOR;EXCESO DE VELOCIDAD;;NINGUNA
A-2022-10-166;23/10/2022;05:30;CHOQUE;;1;1;CARRETERA CENTRAL ALTURA DEL KM 69 100;PARCO;-11.802236;-75.528333;DESPEJADO;IMPRUDENCIA DEL CONDUCTOR;EXCESO DE VELOCIDAD;;NINGUNA
A-2022-10-167;11/10/2022;11:00;CHOQUE;;2;1;CARRETERA CENTRAL JAUJA - LA OROYA KM 42 100 - PUTIJA;C.P. PUTIJA;-11.764219;-75.711394;DESPEJADO;IMPRUDENCIA DEL CONDUCTOR;ADELANTAR INDEBIDAMENTE;;NINGUNA
A-2022-10-168;20/10/2022;18:50;CHOQUE;FRONTAL EXCENTRICO DERECHO , VOLCADURA EN TONEL Y CAIDA;1;0;AV. ETERNIDAD ;ALTURA DEL PUENTE ETERNIDAD;-12.05742;-75.272283;DESPEJADO;IMPRUDENCIA DEL CONDUCTOR;ADELANTAR INDEBIDAMENTE;;NINGUNA
A-2022-10-169;28/10/2022;16:00;DESPISTE;DESPISTE Y VOLCADURA;1;1;CARRETERA CARROZABLE QUE UNE CASERIO CASAGRANDE Y LA LAGUNA;CASERÍO LA LAGUNA ;-5.331145556;-80.7309745498571;DESPEJADO;IMPRUDENCIA DEL CONDUCTOR;CONDUCIR EN ESTADO DE EBRIEDAD Y/O DROGADICCIÓN;;
A-2022-10-17;07/10/2022;06:30;DESPISTE;DESPISTE VOLCADURA FATAL;1;0;ASOC. DE VIVIENDA ESPÍRITU SANTO - CIUDAD PERDIDA;FRONTIS DEL MERCADO QUE SE ENCUENTRA EN OBRAS;-16.342576;-72.12579;DESPEJADO;NO IDENTIFICA LA CAUSA;;;SIN OBSERVACIONES 
A-2022-10-170;28/10/2022;18:00;DESPISTE;DESPISTE VOLCADURA Y SUMERSION;1;0;CARRETERA CASERIO SANTA ROSA ;ALTURA DEL PUENTE SANCHEZ;-5.436585;-80.782746;DESPEJADO;IMPRUDENCIA DEL CONDUCTOR;CONDUCIR EN ESTADO DE EBRIEDAD Y/O DROGADICCIÓN;;
A-2022-10-171;08/10/2022;19:30;ATROPELLO;CONSECUENTE DE MUERTE;1;0;KM 41;REF CASERIO EX PETROLERO;-4.0918754;-73.4548257;DESPEJADO;IMPRUDENCIA DEL PEATÓN;ESTADO DE EBRIEDAD Y/O DROGADICCIÓN;;NINGUNA
A-2022-10-172;16/10/2022;09:20;DESPISTE;CHOQUE Y SUMERSION;1;2;CARRETER ACENTRAL KM. 136 500;;-11.599837;-76.173188;DESPEJADO;IMPRUDENCIA DEL CONDUCTOR;OTRO (IMPRUDENCIA DEL CONDUCTOR);;NINGUNO
A-2022-10-173;14/10/2022;04:40;CHOQUE;CHOQUE POR ALCANCE;2;0;CARRETERA CENTRAL KM. 06 500 - VISTA ALEGRE;MARGEN IZQUIERDA;-12.016419;-75.243433;DESPEJADO;IMPRUDENCIA DEL CONDUCTOR;CONDUCIR EN ESTADO DE EBRIEDAD Y/O DROGADICCIÓN;;NINGUNA
A-2022-10-174;09/10/2022;15:50;VOLCADURA;SEGUIDO DE ATROPELLO;1;0;CARRETERRA PUCARA MARCAVALLE KM. 15 200;;-12.18702;-75.137475363;DESPEJADO;IMPRUDENCIA DEL CONDUCTOR;CONDUCIR EN ESTADO DE EBRIEDAD Y/O DROGADICCIÓN;;NINGUNO
A-2022-10-175;01/10/2022;04:30;ATROPELLO FUGA;ATROPELLO Y FUGA;1;0;CARRETERA LA UNION SECHURA;CARRETERA LA UNION SECHURA;-5.487949564;-80.82341722911619;DESPEJADO;IMPRUDENCIA DEL PEATÓN;ESTADO DE EBRIEDAD Y/O DROGADICCIÓN;;
A-2022-10-176;02/10/2022;15:45;VOLCADURA;CHOQUE Y DESPISTE;1;1;CARRETERA CENTRAL HUANCAYO AYACUCHO KM. 142 900;;-12.2073;-75.173784;DESPEJADO;IMPRUDENCIA DEL CONDUCTOR;OTRO (IMPRUDENCIA DEL CONDUCTOR);;NINGUNO
A-2022-10-177;10/10/2022;14:00;ATROPELLO;;1;0;AV. HUANCAVELICA Y AV. JOSE CARLSO MARIATEGUI;;-12.056469;-75.223212;DESPEJADO;IMPRUDENCIA DEL PEATÓN;OTRO (IMPRUDENCIA DEL PEATÓN);;NINGUNO
A-2022-10-178;24/10/2022;05:00;DESPISTE;VOLCADURA;2;2;CARRETERA A HUACHOCOLPA  HUANCAVELICA;KM 30   300;-12.92452108;-74.92311524477275;DESPEJADO;NEGLIGENCIA DEL CONDUCTOR;CONDUCIR CON FALLAS DE NEUMÁTICOS;;
A-2022-10-179;31/10/2021;06:00;CHOQUE;CHOQUE FRONTAL CONSECUENTE DE MUERTE;1;2;CARRETERA SANTO TOMAS ;FRONTIS VILLA IPD;-3.7948419;-73.311574;DESPEJADO;IMPRUDENCIA DEL CONDUCTOR;CONDUCIR EN ESTADO DE EBRIEDAD Y/O DROGADICCIÓN;;NINGUNA
A-2022-10-18;16/10/2022;04:30;CHOQUE;EL VEHICULO AUTOMOVIL INVADE CARRIL CONTRARIO DE CIRCULACION IMPACTANDO CONTRA UN VEHICULO CAMION, MATERIALIZANDOSE EL EVENTO;1;1;RED VIAL NAZCA - AREQUIPA. TRAMO CUSCO SICUANI;SECTOR ISLA, COMUNIDAD DE MOLLEBAMBA;-13.73187929;-71.60063693181013;DESPEJADO;IMPRUDENCIA DEL CONDUCTOR;CONDUCIR EN ESTADO DE EBRIEDAD Y/O DROGADICCIÓN;;NINGUNO
A-2022-10-180;11/10/2022;22:00;CHOQUE;FATAL;1;0;CARRETERA TAMBOGRANDE LAS LOMAS;ALTURA DEL CP 3 - TAMBOGRANDE;-4.836175209;-80.29283881953421;DESPEJADO;IMPRUDENCIA DEL CONDUCTOR;INVASIÓN DE CARRIL;;INVACION DEL CARRIL DE LA N1
A-2022-10-181;14/10/2022;18:50;DESPISTE;FATAL;1;0;CARRETERA SULLANA - TALARA;ALTURA DEL KM 34 500;-4.796714912;-80.9405978393252;SOLEADO;INFRAESTRUCTURA Y ENTORNO VIAL;ABANDONO DE OBJETOS EN LA VÍA;;FALLA MECANICA
A-2022-10-182;05/10/2022;10:00;CHOQUE;FATAL;1;0;CP MONTERON;INMEDIACIONES DEL CP MONTERON;-4.877;-80.8;DESPEJADO;IMPRUDENCIA DEL CONDUCTOR;OTRO (IMPRUDENCIA DEL CONDUCTOR);IMPRUDENCIA DEL CONDUCTOR DE LA L5;S/O
A-2022-10-184;23/10/2022;21:00;DESPISTE;;1;0;CARRETERA TONDOPA AYABACA;ALTURA DE QUEBRADA SECA;-4.67034332;-79.89076984122505;DESPEJADO;IMPRUDENCIA DEL CONDUCTOR;OTRO (IMPRUDENCIA DEL CONDUCTOR);IMPRUDENCIA DEL CHOFER;S/O
A-2022-10-185;30/10/2022;22:00;DESPISTE;;1;0;CARRETERA SULLANA TAMBOGRANDE;ALTURA DEL INSTITUTO DE CIENEGUILLO;-4.919;-80.65;DESPEJADO;EN PROCESO DE INVESTIGACIÓN;NO CUENTA CON CAUSA ESPECIFICA;;SE ESPERA LA NECROPSIA DE LEY
A-2022-10-188;19/10/2022;19:10;DESPISTE;;1;4;CARRETERA PANAMERICANA SUR KM 268;-;-14.00055522;-75.76813952987881;DESPEJADO;NO IDENTIFICA LA CAUSA;;;
A-2022-10-189;22/10/2022;03:20;CHOQUE;-;1;0;AV. GENARO MEDRANO ;FRONTIS VILLA FAP;-13.724683;-76.222012;DESPEJADO;NO IDENTIFICA LA CAUSA;;;
A-2022-10-19;22/10/2022;19:40;DESPISTE;VEHICULO MENOR MOTOCICLETA SE DESPLAZABA DE SUR A NORTE, EN CIRCUNSTANCIAS QUE SUFRE EL DESLUMBRAMIENTO ´POR PARTE DE UN VEHICULO NO IDENTIFICADO, SALE DE LA PORCION CIRCULABLE, MATERIALIZANDOSE EL EVENTO.;1;0;CARRETERA YAURI - MARQUIRI ;SECTOR DENOMINADO PAMPA LENGUA, KM 00 700;-14.81369645;-71.39221523941819;DESPEJADO;NEGLIGENCIA DEL CONDUCTOR;OTRO (NEGLIGENCIA DEL CONDUCTOR);DESATENCION EN SU CONDUCCION;NINGUNO
A-2022-10-190;22/10/2022;16:40;CHOQUE;-;1;0;AV. FERMIN TANGUIS;GRIFO EL BOSQUE;-13.71259374;-76.1615861223051;DESPEJADO;NO IDENTIFICA LA CAUSA;;;
A-2022-10-191;24/10/2022;15:00;ATROPELLO;-;1;0;CARRETERA PANAMERICANA SUR KM. 381;SANTA CRUZ;-14.4954663;-75.2725431;DESPEJADO;NO IDENTIFICA LA CAUSA;;;
A-2022-10-192;26/10/2022;23:50;ATROPELLO;-;1;0;-;-;-14.852785;-74.960668;DESPEJADO;NO IDENTIFICA LA CAUSA;;;
A-2022-10-193;28/10/2022;21:30;DESPISTE;-;1;1;-;-;-14.8514547;-74.9574237;DESPEJADO;NO IDENTIFICA LA CAUSA;;;
A-2022-10-194;09/10/2022;12:30;CHOQUE FUGA;;1;0;CARRETERA INTEROCENICA SUR KM. 326 ;SECTOR NUEVA AREQUIPA;-12.908503;-69.917314;;;;;
A-2022-10-195;12/10/2022;04:00;CHOQUE;;1;0;CARRETERA ROMPE OLAS KM. 3.5;;-12.567469;-69.199298;DESPEJADO;EN PROCESO DE INVESTIGACIÓN;NO CUENTA CON CAUSA ESPECIFICA;;NINGUNA
A-2022-10-196;20/10/2022;14:42;CHOQUE;CHOQUE POSTERIOR ;1;1;CONDAMINE CUADRA 6;FRONTIS EX AGRICOBANK;-3.7437743;-73.2424293;DESPEJADO;IMPRUDENCIA DEL CONDUCTOR;INVASIÓN DE CARRIL;;NINGUNA
A-2022-10-197;04/10/2022;19:00;CHOQUE;;1;2;INTERSECCIÓN CONFORMADA POR LA AV. DOS DE MAYO CON JR. PARDO DE MIGUEL.;;-12.584593;-69.191509;;;;;
A-2022-10-198;01/10/2022;11:40;DESPISTE;VOLCADURA;3;2;CARRETERA PANAMERICANA SUR ALTURA DEL KILOMETRO 187;-;-13.42019236;-76.18764161;DESPEJADO;IMPRUDENCIA DEL CONDUCTOR;FATIGA Y/O CANSANCIO;;
A-2022-10-199;21/10/2022;05:30;CHOQUE;DESPISTE;1;0;CARRETERA DE PENETRACIÓN EL PEDREGAL;-;-13.45315334;-76.09587616;DESPEJADO;IMPRUDENCIA DEL CONDUCTOR;INVASIÓN DE CARRIL;;
A-2022-10-2;04/10/2022;22:20;ATROPELLO FUGA;FUGA;1;0;CARRETERA DESAGUADERO-MOQUEGUA;KM. 278 400;-16.56978768;-69.25715261508257;DESPEJADO;NO IDENTIFICA LA CAUSA;;;FALTA DE UN ELEMENTO ( VEHICULO)
A-2022-10-20;16/10/2022;16:07;CHOQUE;CHOQUE VOLCADURA SUB SECUENTE MUERTE LESIONES Y DAÑOS MATERIALES;1;1;KM.907.600;CARRETERA PANAMERICANA SUR;-16.426715;-72.260806;DESPEJADO;NO IDENTIFICA LA CAUSA;;;SIN OBSERVACIONES 
A-2022-10-200;01/10/2022;11:00;CHOQUE;VOLCADURA, DESPISTE;1;7;CARRETERA MARGINAL KM 71 900;SECTOR LOS MAMANTIELES ;-10.93326927;-74.86730365543939;DESPEJADO;IMPRUDENCIA DEL CONDUCTOR;EXCESO DE VELOCIDAD;;
A-2022-10-202;01/10/2022;11:40;CHOQUE;CAIDA, VOLCADURA;1;0;CARRETERA MARGINAL KM 126   18;SECTOR MIRADOR DE SATIPO;-11.26178075;-74.6378720284313;DESPEJADO;IMPRUDENCIA DEL CONDUCTOR;INVASIÓN DE CARRIL;;
A-2022-10-203;13/10/2022;21:00;VOLCADURA;;1;0;CARRETERA MARGINAL PUERTO COPA ;ATALAYA ;-11.33426467;-74.5111546913697;DESPEJADO;IMPRUDENCIA DEL CONDUCTOR;FATIGA Y/O CANSANCIO;;
A-2022-10-204;16/10/2022;01:00;CHOQUE;EMBISTE, DESPISTE Y VOLCADURA;1;1;AV PERU CUADRA 10;FRONTIS DEL LA UGEL CHANCHAMAYO;-11.06780115;-75.33676024143207;DESPEJADO;IMPRUDENCIA DEL CONDUCTOR;OTRO (IMPRUDENCIA DEL CONDUCTOR);ESTADO DE EBRIEDAD;
A-2022-10-205;20/10/2022;16:50;CHOQUE;VOLCADURA, CAIDA;1;0;CARRETERA MARGINAL KM 113 SECTOR PORTILLO;SECTOR POTILLO BAJO ALTURA DEL CIRCUITO DE MANEJO;-11.19766679;-74.66462006310384;DESPEJADO;IMPRUDENCIA DEL CONDUCTOR;INVASIÓN DE CARRIL;;
A-2022-10-206;23/10/2022;01:00;VOLCADURA;CAIDA;1;1;AV PROLONGACION TULUMAYO;ALTURA DEL SECTOR LAS MALVINAS;-11.13618087;-75.35505343335127;DESPEJADO;;;;
A-2022-10-207;27/10/2022;17:10;ESPECIAL;---------;1;0;CARRETERA CENTRAL KM 87 500;TUNEL YANANGO;-11.21106429;-75.48924918672195;DESPEJADO;IMPRUDENCIA DEL CONDUCTOR;FATIGA Y/O CANSANCIO;;
A-2022-10-208;06/10/2022;21:15;CHOQUE;MUERTE, LESIONES Y DAÑOS MATERIALES;1;0;CARRETERA FEDERICO BASADRE K.M. 29.500;CAMPO VERDE;-8.458604;-74.784945;DESPEJADO;IMPRUDENCIA DEL CONDUCTOR;CONDUCIR EN ESTADO DE EBRIEDAD Y/O DROGADICCIÓN;;CONDUCTOR DEL VEHICULO MENOR, FALLECIDO EN EL LUGHAR DEL ACCIDENTE
A-2022-10-209;15/10/2022;07:30;CHOQUE;MUERTE Y DAÑOS MATERIALES;1;0;CARRETERA NESHUYA A CURIMANA KM. 5.500;NESHUYA;-8.606224;-74.99472;DESPEJADO;IMPRUDENCIA DEL CONDUCTOR;OTRO (IMPRUDENCIA DEL CONDUCTOR);AL INTENTAR CRUZAR UNA CARRETERA DE CIRCULACION RAPIDA DE FORMA INTEMPESTIVA SIN ELIMINAR RIESGOS POSOIBLES;S/O
A-2022-10-21;16/10/2022;22:40;CHOQUE;VEHICULO CAMION SE ENCONTRABA ESTACIONADO EN CIRCUNSTACIAS SE DESGANCHA LA CAJA DE CAMBIOS RETROCIENDO IMPACTANDO AL VEHICULO AUTOMOVIL  ESTACIONADO MATERIALIZANDOSE EL EVENTO.;1;0;CARRETERA HUANCARANI - NINAMARCA ;;-13.38813221;-71.61808936915784;DESPEJADO;NEGLIGENCIA DEL CONDUCTOR;OTRO (NEGLIGENCIA DEL CONDUCTOR);ESTACIONAR EN UN LUGAR NO ADECUADO;NINGUNO
A-2022-10-210;18/10/2022;11:00;ATROPELLO;MUERTE;1;0;AV. CENTENARIO CUADRA 07 ;AL COSTADO DE LA TIENDA SOCOPUR;-8.384031;-74.54604;DESPEJADO;IMPRUDENCIA DEL PEATÓN;OTRO (IMPRUDENCIA DEL PEATÓN);AL HABERSE UBICADO EN LA PARTE POSTERIOR DEL VEHICULO INDUCIDO POR LA LABOR QUE EFECTUABA (LIMPIEZA DE ESCOMBROS);S/O
A-2022-10-211;26/10/2022;09:10;CHOQUE;MUERTE, LESIONES Y DAÑOS MATERIALES;1;0;CARRETERA FEDERICO BASADRE K.M. 40;;-8.524143;-74.865134;DESPEJADO;IMPRUDENCIA DEL CONDUCTOR;OTRO (IMPRUDENCIA DEL CONDUCTOR);INGRESO DE MANERA SUBITA A LA C.F.B. K.M. 40 DEJANDO DE LADO EL PRINCIPIO DE SEGURIDAD;LA ACCION DEL CONDUCTOR DE LA UT1 ROBERTO SHUÑA SHUÑA DESPLAZABA SU UNIDAD A UNA VELOCIDAD QUE NO KE PERMITIO ELIMINAR RIESGOS POSIBLES Y PRESENTES EN SU EJE DE MARCHA 
A-2022-10-212;08/09/2022;06:00;CHOQUE;SUBSECUENTE DE MUERTE ;1;0;KM 35;KM35;-4.246934896;-73.4936109331865;DESPEJADO;EN PROCESO DE INVESTIGACIÓN;NO CUENTA CON CAUSA ESPECIFICA;;
A-2022-10-216;07/10/2022;08:35;CHOQUE;CHOQUE POR EMBISTE ;1;0;CARRETERA CHAPAIRA - LA OBRILLA ;ALTURA DE LA EMPRESA ECOSAC ;-5.100632;-80.596911;DESPEJADO;;;;