COD_ACCIDE;FechaDelAccidente;HoraDelAccidente;ClaseDelAccidente;SecuenciaAccidente;CantidadDeFallecidos;CantidadDeLesionados;Direccion;LugarReferencia;y;x;CondClimatica;CausaFactorPrincipal;CausaEspecifica;OtraCausa;Observaciones
A-2022-10-217;09/10/2022;20:19;ATROPELLO FUGA;FATAL;1;0;AMPLIACION RAMIRO PRIALE ;PARADERO TULIPANES;-12.02245178;-76.95885835454386;DESPEJADO;EN PROCESO DE INVESTIGACIÓN;NO CUENTA CON CAUSA ESPECIFICA;;DILIGENCIA A LA FISCALIA
A-2022-10-219;02/10/2022;18:00;DESPISTE;PRECIPITACION Y VOLCADURA;1;4;CARRETERA OCCOPAMPA - YAURECCAN;KM 08 360;-12.703873;-74.436193;DESPEJADO;IMPRUDENCIA DEL CONDUCTOR;EXCESO DE VELOCIDAD;;EXCESO DE VELOCIDAD EN CURVA
A-2022-10-22;26/10/2022;22:00;CHOQUE FUGA;EL VEHICULO MENOR MOTOCICLETA SE DESPLZABA EN SENTIDO DE SUR A NORTE, EN CIRCUNSTANCIAS QUE EL SEMOVIENTE (GANADO VACUNO) SE DESPLAZABA EN SENTIDO DE  OESTE A ESTE INTERPONIENDOSE EN SU EJE DE MARCHA DEL VEHICULO MENOR MATERIALIZANDOSE EL EVENTO. ;1;0;RED VIAL DEPARTAMENTAL . TRAMO  SICUANI - JULIACA;ALTURA DEL PARADERO REAL;-14.26719047;-71.23508063147825;DESPEJADO;IMPRUDENCIA DEL CONDUCTOR;EXCESO DE VELOCIDAD;;NINGUNO
A-2022-10-24;16/10/2022;06:15;CHOQUE;ACCIDENTE DE TRANSITO HOQUE CON CONSECUENCIA MUERTE;1;1;CARRETERA FERNANDO BELAUNDE TERRY KM 470 75;-;-6.040358;-77.190356;DESPEJADO;IMPRUDENCIA DEL CONDUCTOR;OTRO (IMPRUDENCIA DEL CONDUCTOR);INVASIÓN DE CARRIL;NINGUNA
A-2022-10-26;23/10/2022;02:45;DESPISTE;ACCIDENTE DE TRANSITO DESPISTE SEGUIDO DE CHOQUE;1;0;CARRETERA FERNANDO BELAUDE TERRY;CASERIO TANGUMÍ;-6.041973;-77.132429;DESPEJADO;IMPERICIA DEL CONDUCTOR;;;
A-2022-10-27;22/10/2022;06:00;DESPISTE;DESPISTE VOLCADURA FATAL;5;0;INGRESO HACIA APLAO KM.6;CRUCE APLAO CAMANA KM.6;-16.4297463;-72.3623792;DESPEJADO;NO IDENTIFICA LA CAUSA;;;SIN OBSERVACIONES 
A-2022-10-28;24/10/2022;02:00;ATROPELLO;ATROPELLO DE CONSECUENCIA FATAL;1;0;VARIANTE DE UCHUMAYO KM.6;VARIANTE DE UCHUMAYO KM.6 CERRO COLORADO;-16.4072297;-71.6049182;DESPEJADO;NO IDENTIFICA LA CAUSA;;;SIN OBSERVACIONES 
A-2022-10-29;17/10/2022;06:30;ATROPELLO;EL VEHICULO MENOR MOTOCICLETA SE DESPLZABA DE OESTE A ESTE , EN CIRCUNSTANCIAS QUE EL PEATON HACE SU INGRESO A LA CALZADA CORRIENDO MATERIALIZANDOSE EL EVENTO.;1;1;RED VIAL NACIONAL NAZCA - AREQUIPA. TRAMO ANCAHUASI- ANTA. ;ALTURA DEL RAMAL ZURITE;-13.48943488;-72.24052265359757;DESPEJADO;IMPRUDENCIA DEL CONDUCTOR;EXCESO DE VELOCIDAD;;NINGUNO
A-2022-10-3;01/10/2022;11:20;ATROPELLO;CON MUERTE;1;0;CARRETERA PANAMERICANA SUR KM 293;ALTURA DE LA ENTRADA AL CASERIO DE CERRO PRIETO ;-14.000404;-75.76811;SOLEADO;NO IDENTIFICA LA CAUSA;;;
A-2022-10-30;16/10/2022;11:40;CHOQUE;EL VEHICULO MAYOT SE DESPLAZA DE SUR A NORTE VEHICULO MENOR MOTOCICLETA SE DESOLAZABA DE NORTE A SUR;1;1;CARRETERA CUSCO- COLLQUEMARCA;SECTOR CARCANTO;-14.284698;-72.038057;DESPEJADO;IMPRUDENCIA DEL CONDUCTOR;INVASIÓN DE CARRIL;;LA VIA EN MAL ESTADO
A-2022-10-31;24/10/2022;22:50;CHOQUE;EL VEHICULO MAYOR SE DESPLAZABA DE OESTE A ESTE Y VEHICULO MOTOCICLETA SE DESPLAZABA DE OESTE A ESTE;1;0;CARRETERA ESPINAR AREQUI'PA;COMUNIDAD HUANCANE BAJO;-14.8601;-71.275891;DESPEJADO;NO IDENTIFICA LA CAUSA;;;
A-2022-10-32;30/10/2022;00:30;DESPISTE;VEHOCULO SE DESPLAZABA DE ESTE A OESTE;1;1;CARRETERA URCOS- CUSCO;PANIFICAFICADORA DIEGUITO;-13.6024625;-71.7601825;DESPEJADO;IMPRUDENCIA DEL CONDUCTOR;EXCESO DE VELOCIDAD;;
A-2022-10-33;24/10/2022;03:00;DESPISTE;-;1;0;CARRETERA FERNANDO BELAUNDE TERRY KM 2 500;-;-5.946134;-77.288765;LLUVIOSO;NEGLIGENCIA DEL CONDUCTOR;OTRO (NEGLIGENCIA DEL CONDUCTOR);;
A-2022-10-34;22/10/2022;18:26;ATROPELLO;EL VEHICULO REMOLCADOR - SEMIREMOLQUE SE DESPLAZABA EN SENTIDO DE OESTE A ESTE Y EL PEATON SE DESPLAZABA EN SENTIDO DE SUR A NORTE, EN CIRCUNSTANCIAS QUE EL VEHICULO IMPACTA CON SU PARTE ANTERIOR AL PEATON MATERIALIZANDOSE EL, EVENTO. ;1;0;AV. 28 DE JULIO ;CUARTO PARADERO DE TTIO;-13.5330045;-71.9584463;DESPEJADO;IMPRUDENCIA DEL PEATÓN;CRUCE INDEBIDO POR LA CALZADA;;NINGUNO
A-2022-10-35;29/10/2022;19:50;CHOQUE;CHOQUE MULTIPLE CON SUB SECUENTE MUERTE, LESIONES Y DAÑOS MATERIALES;2;1;CARRETERA PANAMERICANA SUR KM. 955.800;KM. 955.800;-16.466434;-71.927508;DESPEJADO;NO IDENTIFICA LA CAUSA;;;SIN OBSERVACIONES 
A-2022-10-36;27/10/2022;18:20;CHOQUE;-;1;0;CARRETERA FERNANDO BELAUNDE TERRY KM 477 930;-;-6.037927;-77.105069;DESPEJADO;IMPRUDENCIA DEL CONDUCTOR;OTRO (IMPRUDENCIA DEL CONDUCTOR);CONDUCTOR DE LA UT2;
A-2022-10-37;31/10/2022;16:00;DESPISTE;VEHICULO AUTOMOVIL SE DETIENE DEBIDO A QUE SE APAGA EL MOTOR, EN CIRSCUNSTANCIAS DE RETROCEDE  HACIA EL ABISMO MATERIALIZANDOSE EL EVENTO. ;1;1;TROCHA CARROZABLE AGUAS CALIENTES - LAYO; COMUNIDAD  OCCOBAMBA - MARANGANI;-14.47276954;-71.065877179817;DESPEJADO;IMPRUDENCIA DEL CONDUCTOR;OTRO (IMPRUDENCIA DEL CONDUCTOR);NO ADOPTAR MEDIDAS DE SEGURIDAD;NINGUNO
A-2022-10-38;09/10/2022;17:30;DESPISTE;VEHICULO MENOR MOTOCICLETA SE DESPLAZABA POR EL CAMINO DE HERRADURA, Y AL ENCONTRARSE BAJO LOS EFECTOS DE LA INGESTA DE LAS BEDIDAS ALCOHOLICAS PIERDE EL CONTROL Y EQUILIBRIO DEL CONTROL DEL VEHICULO MATERIALZIANDOSE EL EVENTO. ;1;0;CAMINO DE HERRADURA  QUELLOUNO  - SECTOR TORRECHAYOC;SECTOR TORRECHAYOC;-12.64829345;-72.56421178579332;DESPEJADO;IMPRUDENCIA DEL CONDUCTOR;CONDUCIR EN ESTADO DE EBRIEDAD Y/O DROGADICCIÓN;;NINGUNO
A-2022-10-39;08/10/2022;15:00;CHOQUE;FRONTAL;3;0;CARRETERA CENTRAL OROYA-HUANUCO;KM 142 820;-10.62567909;-76.1754491504982;DESPEJADO;IMPRUDENCIA DEL CONDUCTOR;EXCESO DE VELOCIDAD;;
A-2022-10-4;02/10/2022;14:00;CHOQUE;CON MUERTE ;1;0;CARRETERA PANAMERICANA SUR KM. 470.200;-;-14.98713901;-74.99568299838792;SOLEADO;NO IDENTIFICA LA CAUSA;;;
A-2022-10-40;21/10/2022;03:00;CHOQUE;POR ALCANCE;1;0;CARRETERA CENTRAL HUANUCO-OROYA;KM 118 300;-10.71635672;-76.24258502249458;DESPEJADO;NO IDENTIFICA LA CAUSA;;;
A-2022-10-41;03/10/2022;15:00;CHOQUE;FRONTAL;1;1;CARRETERA CENTRAL OROYA HUANUCO;157;-10.54237386;-76.18979912470938;DESPEJADO;NO IDENTIFICA LA CAUSA;;;
A-2022-10-42;07/10/2022;20:00;CHOQUE;ARRASTRE;3;8;KM 282 956;SECTOR CARPA;-15.5734434;-70.2555246;DESPEJADO;IMPRUDENCIA DEL CONDUCTOR;EXCESO DE VELOCIDAD;;NINGUNA 
A-2022-10-43;07/10/2022;16:10;DESPISTE;-;1;4;KM 05 700;PUTINA HUANCANE ;-15.1974972;-69.8337977;DESPEJADO;IMPRUDENCIA DEL CONDUCTOR;ADELANTAR INDEBIDAMENTE;;NINGUNA
A-2022-10-44;11/10/2022;14:12;CHOQUE;-;2;1;KM 1321 70;JULIACA-PUNO;-15.5454038;-70.11054538351236;DESPEJADO;IMPRUDENCIA DEL CONDUCTOR;GIRAR IMPRUDENTEMENTE;;NINGUNA 
A-2022-10-45;17/10/2022;11:30;DESPISTE;SEGUIDO DE VOLCADURA CON CONSECUENCIA DE MUERTE;1;0;CARRETERA SUCCHA HUARI;CRUCE HUARI-  CENTRO POBLADO DE HUANTAR;-9.473790857;-77.14136172349451;DESPEJADO;IMPERICIA DEL CONDUCTOR;;;NINGUNO
A-2022-10-46;23/10/2022;20:00;CHOQUE;SEGUIDO DE DESPISTE  Y INCENDIO;2;2;CENTRO POBLADO DE CAYASBAMBA;CARRETERA HUARAZ- CARAZ;-9.142371862;-77.74714557515162;DESPEJADO;IMPRUDENCIA DEL CONDUCTOR;INVASIÓN DE CARRIL;;NINGUNA
A-2022-10-48;27/10/2022;17:30;DESPISTE;EL VEHICULO SE DESPLAZABA EN SENTIDO DE DESPLAZAMIENTO DE NOROESTE A SURESTE;1;4;CARRETERA INKAWASI - VILCABAMBA. SECTOR CCATCAPATA;CENTRO POBLADO SAN MARTIN;-13.30217691;-73.26411812450871;DESPEJADO;IMPRUDENCIA DEL CONDUCTOR;EXCESO DE VELOCIDAD;;NINGUNO
A-2022-10-49;27/10/2022;19:20;CHOQUE;EL VEHICULO AUTOMOVIL SE DESPLAZABA EN SENTIDO DE SUR A NORTE, Y LA MOTOCICLETA SE DESPLZABA DE OESTE A ESTE, EN CIRCUNSTANCIAS QUE LA MOTOCICLETA IMPACTA L AUTOMOVIL MATERIALIZANDOSE EL EVENTO.;1;0;INTERSECCCION DE LA AV. SAN MARTIN CON AV. CIRCUNVALACION ;PUENTE SAN MARTIN;-14.78601402;-71.40338392635606;DESPEJADO;IMPRUDENCIA DEL CONDUCTOR;EXCESO DE VELOCIDAD;;NINGUNO
A-2022-10-5;03/10/2022;19:20;CHOQUE;CON MUERTE ;3;4;CARRETERA VIA LOS LIBERTADORES KM. 28.600;-;-13.728955;-75.910783;DESPEJADO;NO IDENTIFICA LA CAUSA;;;
A-2022-10-50;26/10/2022;11:30;DESPISTE;SEGUIDO DE VOLCADURA CON CONSECUENCIA DE MUERTE;1;0;TROCHA CARROZABLE MINERA SHUNTUR;MINERA SHUNTUR;-9.585754483;-77.74972501555617;NUBLADO;NO IDENTIFICA LA CAUSA;;;NINGUNA
A-2022-10-54;15/10/2022;19:50;ATROPELLO FUGA;FUGA;1;0;AV. SIMON BOLIVAR CON JR. CAPITAN MORANTE;-;-15.8470735;-70.0177107;DESPEJADO;IMPRUDENCIA DEL CONDUCTOR;OTRO (IMPRUDENCIA DEL CONDUCTOR);EXCESO DE CONFIANZA DEL CONDUCTOR DE LA UT-1;
A-2022-10-55;18/10/2022;15:10;ATROPELLO;-;1;0;CARRETERA PUNO-DESAGUADERO;KM. 1390 200;-15.96115276;-69.81569065508157;DESPEJADO;IMPRUDENCIA DEL PEATÓN;CRUCE INDEBIDO POR LA CALZADA;;
A-2022-10-57;27/10/2022;20:30;CHOQUE;CONSECUENCIA FATAL;1;0;CARRETERA JAYO JAYO - ILAVE;COMUNIDAD JANCOCCOLLO;-16.0187692;-69.6207661;DESPEJADO;IMPRUDENCIA DEL CONDUCTOR;INVASIÓN DE CARRIL;;
A-2022-10-58;28/10/2022;13:20;DESPISTE;CHOQUE Y VOLCADURA;1;0;CARRETERA BINACIONAL DESAGUADERO-MOQUEGUA;DESVIO KELUYO;-16.6335463;-69.1100662;DESPEJADO;IMPRUDENCIA DEL CONDUCTOR;FATIGA Y/O CANSANCIO;;
A-2022-10-59;29/10/2022;09:00;DESPISTE;VOLCADURA;2;6;CARRETERA BINACIONAL DESAGUADERO-MOQUEGUA;KM. 199 600;-16.7533892;-69.8371142;DESPEJADO;IMPRUDENCIA DEL CONDUCTOR;EXCESO DE VELOCIDAD;;
A-2022-10-6;04/10/2022;20:30;CHOQUE;-;1;0;CARRETERA FERNANDO BELAUNDE TERRY KM 471 495;FRENTE AL GRIGO SHILCAYO RIOJA;-6.050985;-77.151191;DESPEJADO;NEGLIGENCIA DEL CONDUCTOR;OTRO (NEGLIGENCIA DEL CONDUCTOR);;
A-2022-10-60;31/10/2022;01:20;DESPISTE;CHOQUE;1;0;AV. SIMON BOLIVAR CON PASAJE GRAU;-;-15.85420185;-70.01163659856242;DESPEJADO;IMPRUDENCIA DEL CONDUCTOR;CONDUCIR EN ESTADO DE EBRIEDAD Y/O DROGADICCIÓN;;
A-2022-10-61;02/10/2022;09:50;ATROPELLO;-;1;0;CARRETERA DE PENETRACION A RAZURI - CPP MALABRIGO;-;-7.832513;-79.149217;DESPEJADO;NO IDENTIFICA LA CAUSA;;;TRANSACCION EXTRAJUDICIAL POR ACCIDENTE DE TRANSITO: DE FECHA 19OCT2022, POR EL JNOTARIA DEL DISTRITO DE CHICOPE, DONDE EL SEÑOR JURJEN DIRK POST (NATURAL DE HOLANDA) CONDUCTOR DEL VEHICULO ,  DE FORMA VOLUNTARIA EFECTUA EL ABONO DE LA SUMA DE $ 5,000.00 DOLARES A LOS AGRAVIADOS, ISABEL BEATRIZ MOSQUEIRA GUERRA, CONVIVIENTE DEL Q.E.V.F. JORGE PAUCAR CARDENAS., DESISTIENDO DE TODA DENUNCIA A NIVEL POLICIAL, CIVIL O PENAL, EN EL PRESENTE Y/O FUTURO.
A-2022-10-62;02/10/2022;19:30;CHOQUE;-;1;33;CARRETERA DE PENETRACION A LA PROV. GRAN CHIMU ALTURA DEL KM. 1.5;-;-7.832145;-79.149068;DESPEJADO;IMPRUDENCIA DEL CONDUCTOR;NO ESTABLECER EL DERECHO DE PASO;;
A-2022-10-63;09/10/2022;05:00;ATROPELLO FUGA;;2;0;CARRETERA PANAMERICANA NORTE KM.446 500;;-8.98506;-78.617104;DESPEJADO;NO IDENTIFICA LA CAUSA;;;PEATONES EN ESTADO DE EBRIEDAD
A-2022-10-64;11/10/2022;01:00;ATROPELLO FUGA;;1;0;CARRETERA PANAMERICANA NORTE KM.387;;-9.42186242;-78.36607663519267;DESPEJADO;NO IDENTIFICA LA CAUSA;;;CERCA A ENTRADA Y SALIDA DE GRIFOS
A-2022-10-65;16/10/2022;07:00;DESPISTE;VOLCADURA;3;2;CARRETERA PANAMERICANA NORTE KM.338;;-9.770923;-78.234891;DESPEJADO;NO IDENTIFICA LA CAUSA;;;PENDIENTE DE DETERMINAR LA CAUSA
A-2022-10-66;21/10/2022;19:50;ATROPELLO;;2;0;CARRETERA PANAMERICANA NORTE KM.280;;-10.180887;-78.070966;DESPEJADO;NO IDENTIFICA LA CAUSA;;;PENDIENTE DE DETERMINAR CAUSA
A-2022-10-67;22/10/2022;07:30;CHOQUE;;1;0;CARRETERA PANAMERICANA NORTE KM.423;;-9.146313;-78.511861;DESPEJADO;NO IDENTIFICA LA CAUSA;;;PENDIENTE DE DETERMINAR LA CAUSA
A-2022-10-68;03/10/2022;12:00;ATROPELLO;-;1;0;AV. LA MARINA FRENTE A LA EMPRESA DE TRANSPORTES VIRU - CHAO;OVALO LA MARINA;-8.129605;-79.021337;DESPEJADO;IMPRUDENCIA DEL PEATÓN;ESTADO DE EBRIEDAD Y/O DROGADICCIÓN;;NEGLIGENCIA DEL PEATON - CRUCE DE CALZADA EN ESTADO DE EBRIEDAD
A-2022-10-69;09/10/2022;07:10;DESPISTE;-;1;1;CARRETERA DE ACCESO AL CP COCHABAMBA - CASERIO HUALANGA - HUAMACHUCO;-;-7.819402;-77.883862;DESPEJADO;NO IDENTIFICA LA CAUSA;;;TRANSACCION EXTRAJUDICIAL: DE FECHA 10OCT2022, POR EL NOTARIO  EN LA CIUDAD DE HUAMACHUCO, DONDE EL SEÑOR SEGUNDO RUBIO MEZA CONDUCTOR DEL VEHICULO,  Y DE FORMA VOLUNTARIALE CONTRUBUIRA LOS GOSTAS GENERADOS A LA SRA GLADIS ODELIA ROBLES RUIZ, CONVIVIENTE DEL Q.E.V.F. REYNALDO TAMAYO MEZA, CON EL MONTO DE S/. 5,000.00 SOLES, ABSTENIENDOSE Y RENUNCIANDO A SEGUIR CUALQUIER PROCESO PENAL O LEGAL QUE PUDIERAN TENER.
A-2022-10-7;03/10/2022;15:40;ATROPELLO FUGA;.;1;0;CARRETERA DE PENETRACION DE ZARUMILLA A MATAPALO ;200 METROS HACIA EL OESTE DEL CENTRO EDUCATIVO MANUEL CATALINO FARIAS MORAN. ;-3.678658379;-80.19644125789904;DESPEJADO;NO IDENTIFICA LA CAUSA;;;
A-2022-10-70;11/10/2022;06:20;DESPISTE;VOLCADURA;1;0;CARRETERA PANAMERICANA NORTE ALTURA DEL KM. 454.8;-;-8.928135001;-78.63566665364824;DESPEJADO;IMPRUDENCIA DEL CONDUCTOR;EXCESO DE VELOCIDAD;;
A-2022-10-71;14/10/2022;05:20;DESPISTE;VOLCADURA;5;1;CARRETERA DE ACCESO AL SECTOR CHEPIZ - CPM LA VICTORIA -SARTIMBAMBA;-;-7.585258;-77.778588;DESPEJADO;NO IDENTIFICA LA CAUSA;;;
A-2022-10-72;16/10/2022;04:00;DESPISTE;-;1;0;CARRETERA COSTANERA A LA PLAYA 3 PALOS ALTURA DEL HITO NRO. LI 104-00;-;-7.96199573;-79.21728982673376;DESPEJADO;NO IDENTIFICA LA CAUSA;;;
A-2022-10-73;16/10/2022;22:30;DESPISTE;-;1;0;CARRETERA INDUSTRIAL ALTURA DEL KM. 3.5;-;-8.105556922;-78.99334986361261;DESPEJADO;IMPRUDENCIA DEL CONDUCTOR;DESACATO DE SEÑAL DE TRÁNSITO;;
A-2022-10-74;16/10/2022;19:25;ATROPELLO;-;1;0;CARRETERA PANAMERICANA NORTE ALTURA DEL KM. 504;-;-8.508694;-78.687557;DESPEJADO;IMPRUDENCIA DEL PEATÓN;CRUCE INDEBIDO POR LA CALZADA;;
A-2022-10-75;16/10/2022;23:30;DESPISTE;-;1;0;AV. QUIÑIGON S/N;-;-8.033388;-78.535377;DESPEJADO;NO IDENTIFICA LA CAUSA;;;SOBRE DILIGENCIAS EFECTUADAS POR EL PRESUNTO ACCIDENTE DE TRANSITO - DESPISTE, DEVUELVE ACTUADOS A FISCALIA PROVINCIAL MIXTA DE OTUZCO A FIN DE QUE AHONDE EN LOS HECHOS FEACIENTEMENTE, A FIN DE QUE SE FORMULE EL INFORME CORRESPONDIENTE.
A-2022-10-76;23/10/2022;12:00;CHOQUE;-;1;0;KM 46 900;ARAPA CAMINACA;-15.2809077;-70.0833549;DESPEJADO;IMPRUDENCIA DEL CONDUCTOR;EXCESO DE VELOCIDAD;;NINGUNA 
A-2022-10-77;28/10/2022;19:30;DESPISTE;VOLCADURA ;1;0;KM 05 AL 06;CCAPAC ORCCO;-14.163988;-69.691694;DESPEJADO;IMPRUDENCIA DEL CONDUCTOR;EXCESO DE VELOCIDAD;;NINGUNA 
A-2022-10-78;16/10/2022;16:00;VOLCADURA;-;1;5;CARRETERA AL SECTOR HUAYLULO;-;-8.482038934;-78.41339012786472;DESPEJADO;NO IDENTIFICA LA CAUSA;;;
A-2022-10-79;18/10/2022;05:20;DESPISTE;-;2;1;CARRETERA DE ACCESO AL SECTOR SITABAMBA - COCHORCO;-;-7.778838;-77.76138;DESPEJADO;IMPRUDENCIA DEL CONDUCTOR;INVASIÓN DE CARRIL;;
A-2022-10-8;03/10/2022;21:40;CHOQUE;VOLCADURA;1;0;CARRETERA PANAMERICANA NORTE KM. 241.8;RESTAURANTE GABINO;-3.609503954;-80.50651960329908;DESPEJADO;IMPRUDENCIA DEL CONDUCTOR;CONDUCIR EN ESTADO DE EBRIEDAD Y/O DROGADICCIÓN;;
A-2022-10-80;20/10/2022;03:00;DESPISTE;-;1;0;AV. NICOLAS DE PIEROLA CDRA. 16;-;-8.084082904;-79.04408476444254;DESPEJADO;NO IDENTIFICA LA CAUSA;;;
A-2022-10-81;21/10/2022;19:45;CHOQUE;-;1;0;CARRETERA DE PENETRACION A LA PROVINCIA DE GRAN CHIMU ALTURA DEL KM. 41;-;-7.634195853;-78.93936596008311;DESPEJADO;IMPRUDENCIA DEL CONDUCTOR;OTRO (IMPRUDENCIA DEL CONDUCTOR);EXCESO DE CONFIANZA EN LA CONDUCCION;EXCESO DE CONFIANZA EN LA CONDUCCION
A-2022-10-82;22/10/2022;16:15;ATROPELLO;-;1;0;CALLE MARIA ANTONIA DE PARDO CDRA. 02;-;-8.08570574;-79.01043913015172;DESPEJADO;IMPRUDENCIA DEL CONDUCTOR;CONDUCIR EN ESTADO DE EBRIEDAD Y/O DROGADICCIÓN;;
A-2022-10-83;23/10/2022;15:40;DESPISTE;-;3;8;CARRETERA PANAMERICANA NORTE ALTURA DEL KM. 469.7;-;-8.787714;-78.640269;DESPEJADO;NEGLIGENCIA DEL CONDUCTOR;CONDUCIR CON FALLAS DE NEUMÁTICOS;;
A-2022-10-84;24/10/2022;05:30;ATROPELLO FUGA;-;1;0;CARRETERA DE ACCESO AL CAMPO ESQUEN - N1 BLOQUE 20;-;-7.772012;-79.16684;DESPEJADO;NO IDENTIFICA LA CAUSA;;;
A-2022-10-85;24/10/2022;05:30;CHOQUE;-;1;0;CARRETERA PANAMERICANA NORTE ALTURA DEL KM. 710;-;-7.190537923;-79.43022090778861;DESPEJADO;NO IDENTIFICA LA CAUSA;;;
A-2022-10-86;29/10/2022;18:30;ATROPELLO FUGA;-;1;0;CARRETERA DE ACCESO AL SECTOR ROBERTO - PROGRESO BUENA VISTA;-;-8.49331583;-78.61949106563041;DESPEJADO;NO IDENTIFICA LA CAUSA;;;
A-2022-10-87;29/10/2022;22:15;CHOQUE;-;1;0;CARRETERA PANAMERICANA NORTE ALTURA DEL KM. 518.7;-;-8.424366;-78.781794;DESPEJADO;NO IDENTIFICA LA CAUSA;;;
A-2022-10-88;26/10/2022;00:10;CHOQUE;-;1;13;CARRETERA PANAMERICANA NORTE KM 801;CARRETERA LAMBAYEQUE MORROPE;-6.673352;-79.9135;DESPEJADO;NO IDENTIFICA LA CAUSA;;;
A-2022-10-89;28/10/2022;18:40;CHOQUE;-;1;0;CARRETERA PANAMERICANA NORTE ANTIGUA KM 39;CRUCE LA VIÑA ;-6.366941;-79.789168;DESPEJADO;NO IDENTIFICA LA CAUSA;;;
A-2022-10-9;08/10/2022;20:00;ATROPELLO;SUBSECUENTE MUERTE;1;0;CARRETERA PUNO-ACORA;FRENTE DE LA PLAZA DE GANADO;-15.97023;-69.799618;DESPEJADO;IMPRUDENCIA DEL PEATÓN;CRUCE INDEBIDO POR LA CALZADA;;
A-2022-10-90;23/10/2022;23:10;ATROPELLO;-;1;0;CARRETERA PANAMERICANA NORTE KM 812 800;-;-6.5912381;-79.9794219;DESPEJADO;NO IDENTIFICA LA CAUSA;;;
A-2022-10-91;11/10/2022;07:00;CHOQUE;CHOQUE POR ALCANCE;1;0;CARRETERA AMPLIACIÓN PROTER KM 2 180;;-17.7910127;-70.517441;DESPEJADO;IMPRUDENCIA DEL CONDUCTOR;OTRO (IMPRUDENCIA DEL CONDUCTOR);DESATENCION EN LA CONDUCCION;
A-2022-10-92;15/10/2022;07:00;CHOQUE;CHOQUE, SEGUIDO DE ATROPELLO Y VOLCADURA;3;1;AV. CELESTINO VARGAS C/ CALLE HNOS REYNOSO;;-17.995516;-70.221094;SOLEADO;IMPRUDENCIA DEL CONDUCTOR;OTRO (IMPRUDENCIA DEL CONDUCTOR);ABUSO DEL SISTEMA DE FRENOS;
A-2022-10-93;30/10/2022;06:30;DESPISTE;DESPISTE Y VOLCADURA;1;0;CARRETERA COSTANERA SUR KM 27.790;;-18.1706661;-70.4890929;DESPEJADO;NEGLIGENCIA DEL CONDUCTOR;CONDUCIR CON FALLAS DE NEUMÁTICOS;;
A-2022-10-94;08/10/2022;06:30;DESPISTE;;1;0;CARRETERA TACNA-TARATA KM. 60 100;DESPISTE, CHOQUE Y VOLCADURA;-17.624558;-70.063216;DESPEJADO;IMPRUDENCIA DEL CONDUCTOR;OTRO (IMPRUDENCIA DEL CONDUCTOR);FALTA DE ATENCION EN LA CONDUCCION;
A-2022-10-95;10/10/2022;18:50;ATROPELLO;ATROPELLO CON PROYECCIÓN;1;0;AV. TARATA ASOC. SAN PEDRO - SAN PABLO;;-17.988221;-70.249818;DESPEJADO;IMPRUDENCIA DEL CONDUCTOR;OTRO (IMPRUDENCIA DEL CONDUCTOR);FALTA DE ATENCION EN LA CONDUCCION;
A-2022-10-96;24/10/2022;13:50;DESPISTE;DESPISTE Y VOLCADURA;3;0;AV. GREGORIO ALBARRACIN - ASOC. MARISCAL NIETO;;-17.984444;-70.244534;DESPEJADO;IMPRUDENCIA DEL CONDUCTOR;CONDUCIR EN ESTADO DE EBRIEDAD Y/O DROGADICCIÓN;;
A-2022-10-97;16/10/2022;15:30;DESPISTE;DESPISTE CON CONSECUENCIA FATAL;1;0;KM. 308 030;SECTOR SIETE VUELTAS-COTARUSE;-14.5016662;-73.2561679933871;;;;;
A-2022-10-98;25/10/2022;22:40;DESPISTE;DESPISTE CON CONSECUENCIA FATAL;1;1;SECTOR PACCAYPATA;KM. 1 CARRETERA- CACHORA PACCAYPATA;-13.50169844;-72.80350696107206;;;;;
A-2022-10-99;24/10/2022;04:10;CHOQUE CON OBJETO FIJO;VOLCADURA ;1;0;AVENIDA PANAMERICANA NORTE KM 251.6;AL FRENTE DE LA EMPRESA BACKUS;-3.555000881;-80.43687968382321;DESPEJADO;IMPRUDENCIA DEL CONDUCTOR;CONDUCIR EN ESTADO DE EBRIEDAD Y/O DROGADICCIÓN;;
A-2022-11-10;19/11/2022;20:15;ATROPELLO;-;1;0;ANTIGUA CARRETERA PANAMERICANA SUR KM. 230.500;FRENTE AL CAMPO DEPORTIVO MARACANAZO;-13.71586561;-76.15407544571597;DESPEJADO;NO IDENTIFICA LA CAUSA;;;
A-2022-11-100;01/11/2022;22:30;DESPISTE;VOLCADURA;5;0;CARRETERA  SECTOR PUNYAPAMPA - QUEROPUQUIO - PAMPAROMAS;KILÓMETRO 78 DE CARRETERA DE PENETRACIÓN A PAMPAROMAS;-9.080981735;-77.98471795211343;DESPEJADO;NO IDENTIFICA LA CAUSA;;;EL ACCIDENTE OCURRIÓ DÍAS ANTES DE SER ENCONTRADOS POR LO QUE LAS CONDICIONES CLIMÁTICAS NO SE PUEDEN ESPECIFICAR
A-2022-11-101;14/11/2022;15:40;CHOQUE;;1;0;CARRETERA PANAMERICANA NORTE KM.421 600;;-9.154906857;-78.50250768004118;DESPEJADO;NO IDENTIFICA LA CAUSA;;;