COD_ACCIDE;FechaDelAccidente;HoraDelAccidente;ClaseDelAccidente;SecuenciaAccidente;CantidadDeFallecidos;CantidadDeLesionados;Direccion;LugarReferencia;y;x;CondClimatica;CausaFactorPrincipal;CausaEspecifica;OtraCausa;Observaciones
A-2022-11-102;18/11/2022;06:50;DESPISTE;VOLCADURA;1;0;CARRETERA PANAMERICANA NORTE KM.355 700;;-9.63401683;-78.25794921682309;DESPEJADO;NO IDENTIFICA LA CAUSA;;;
A-2022-11-103;24/11/2022;02:30;DESPISTE;VOLCADURA;3;0;CARRETERA PANAMERICANA NORTE KM.380;;-9.464706714;-78.32151757369546;DESPEJADO;NO IDENTIFICA LA CAUSA;;;
A-2022-11-104;10/11/2022;19:05;DESPISTE;-;1;0;CARRETERA DE PENETRACIÓN CALUPE RINCONAZO;ALTURA DEL CENTRO POBLADO LA GRANJA;-6.800794;-79.685664;DESPEJADO;NO IDENTIFICA LA CAUSA;;;
A-2022-11-108;24/11/2022;14:30;DESPISTE;VOLCADURA ;1;0;SECTOR DENOMINADO CHAQUICCOCHA. COMUNIDAD DE PAMPAMARCA - HUANCARAY ;;-13.744167;-73.526402;DESPEJADO;IMPERICIA DEL CONDUCTOR;;;
A-2022-11-109;27/11/2022;03:14;ATROPELLO FUGA;;1;0;AV. CONFRATERNIDAD ;ALTURA DE CHATARRERÍAS ;-13.659486;-73.397883;DESPEJADO;IMPRUDENCIA DEL CONDUCTOR;CONDUCIR EN ESTADO DE EBRIEDAD Y/O DROGADICCIÓN;;
A-2022-11-11;19/11/2022;21:45;CHOQUE;POR ALCANCE;1;7;CARRETERA PANAMERICANA SUR KM.229;FRONTIS DE ACEROS AREQUIPA;-13.78880228;-76.16369918469702;DESPEJADO;NO IDENTIFICA LA CAUSA;;;
A-2022-11-110;26/11/2022;22:00;CHOQUE;DESPISTE ;1;3;KM 295 966;-;-15.5057408;-70.1625425;NUBLADO;IMPRUDENCIA DEL CONDUCTOR;EXCESO DE VELOCIDAD;;NINGUNA 
A-2022-11-111;29/11/2022;02:00;DESPISTE;VOLCADURA;1;1;KM 09 600;-;-15.4414788;-70.198891;DESPEJADO;IMPRUDENCIA DEL CONDUCTOR;EXCESO DE VELOCIDAD;;NINGUNA 
A-2022-11-112;24/11/2022;19:20;CHOQUE FUGA;-;1;0;KM 08 113;-;-15.2347754;-70.2225144;DESPEJADO;IMPRUDENCIA DEL CONDUCTOR;OTRO (IMPRUDENCIA DEL CONDUCTOR);FUGADO;NINGUNA 
A-2022-11-113;27/11/2022;15:30;CHOQUE;-;1;0;AV CIRCUNVALACION CON JR MARIANO MELGAR ;-;-15.48469977;-70.12472922649498;DESPEJADO;IMPRUDENCIA DEL CONDUCTOR;EXCESO DE VELOCIDAD;;NINGUNA 
A-2022-11-114;30/11/2022;07:00;CAÍDA DE PASAJERO;-;1;0;KM 15 418 CARRETERA CARROZABLE LAMBAYEQUE FERREÑAFE;-;-6.6893309;-79.9004973;DESPEJADO;NO IDENTIFICA LA CAUSA;;;
A-2022-11-115;11/11/2022;14:30;CHOQUE;-;1;0;CARRETERA JAEN CHAMAYA KM 13;-;-5.7514041;-78.790566;DESPEJADO;NO IDENTIFICA LA CAUSA;;;
A-2022-11-119;08/11/2022;16:00;CHOQUE;;1;0;AV. NESTOR GAMBETTA;ALTURA DEL TERMINAL PESQUERO;-11.989341;-77.1259525195;DESPEJADO;NO IDENTIFICA LA CAUSA;;;SE REMITIO A FISCALIA 
A-2022-11-12;06/11/2022;21:15;CHOQUE;CHOQUE Y VOLCADURA CON DAÑOS MATERIALES;1;0;CARRETERA AREQUIPA-JULIACA KM.173.400;KM.173.400;-15.782378;-71.03263;DESPEJADO;NO IDENTIFICA LA CAUSA;;;SIN OBSERVACIONES 
A-2022-11-122;27/11/2022;10:10;ATROPELLO;;1;1;CALLE S/N CARRETERA A PLYA LOS DELFINES-VENTANILLA-CALLAO;;-11.8613885;-77.150159717;DESPEJADO;IMPRUDENCIA DEL CONDUCTOR;OTRO (IMPRUDENCIA DEL CONDUCTOR);OPERATIVO DEL CONDUCTOR DE LA UT-1, AL DESPLAZAR LA UNIDAD , NO ENCONTRANDOSE HABILITADA PARA ELLO;CONDUCTOR NO PRESENTA LICENCIA 
A-2022-11-123;16/11/2022;05:40;DESPISTE;VOLCADURA;1;0;AV. LAURIMA CDRA 1 - BARRANCA;;-10.74845161;-77.75889143;DESPEJADO;;;;
A-2022-11-124;06/11/2022;15:30;CHOQUE; EXCENTRICO IZQUIERDO;1;12;KM. 179 450 CARRETERA FERNANDO BELAUNDE TERRY;CRPNP CHAMAYA;-5.84315;-78.76675;DESPEJADO;NO IDENTIFICA LA CAUSA;;;
A-2022-11-125;11/11/2022;12:45;CHOQUE;EXCÉNTRICO IZQUIERDO ;1;0;KM. 78 885 DE LA CARETERA CIUDAD DE DIOS CAJAMARCA . C.P. EL SALITRE ;CRPNP EL SALITRE;-7.20511167;-78.93261833;DESPEJADO;IMPRUDENCIA DEL CONDUCTOR;CONDUCIR EN ESTADO DE EBRIEDAD Y/O DROGADICCIÓN;;"LA ACTITUD IMPRUDENTE DEL SR. MAYCOL OMAR DE LA CRUZ FERNANDEZ AL CONDUCIR SU UNIDAD BAJO LA INFLUENCIA DE BEBIDAS ALCOHÓLICAS EN UNA PROPORCIÓN DE 1.61 G/L, QUE LE CONLLEVA A CIRCULAR A UNA VELOCIDAD QUE LLEGÓ A SUPERAR LA VELOCIDAD CRÍTICA DE LA CURVA; LLEGANDO A INVADIR EL CARRIL CONTRARIO A SU CIRCULACIÓN; MATERIALIZANDO EL ACCIDENTE DE TRÁNSITO"
A-2022-11-126;16/11/2022;07:40;VOLCADURA;CON SUBSECUENTE CHOQUE;1;6;KM 1157 900 DE LA CARRETERA CAJABAMBA. CAJAMARCA. ALTURA DEL CASERIO CHIRIMOYO;CSPNP - CAJABAMBA;-7.666417;-78.189319;SOLEADO;IMPRUDENCIA DEL CONDUCTOR;EXCESO DE VELOCIDAD;;LA ACTITUD IMPRUDENTE DEL CONDUCTOR DE LA UT, AL HACER SU INGRESO A UNA CURVA EN “U” A LA DERECHA CON PENDIENTE EN BAJADA, A UNA VELOCIDAD NO RAZONABLE Y PRUDENTE PARA LA CONFIGURACIÓN DE LA VÍA, NO CONSIDERANDO LOS RIESGOS Y PELIGROS PRESENTES Y POSIBLES, NI VALORANDO LA SEÑAL VERTICAL PREVENTIVA (P-5-2A) QUE ENFRENTO CON ANTELACIÓN, VELOCIDAD QUE CONLLEVÓ A LA MATERIALIZACIÓN DEL ACCIDENTE DE TRÁNSITO. 
A-2022-11-127;20/11/2022;11:30;DESPISTE;DESPISTE PARCIAL;1;0;KM. 98 200 DE LA CARRETRA FERNANDO BELAUNDE TERRY;CRPNP-POMAHUACA;-5.94338333;-79.24861833;DESPEJADO;IMPRUDENCIA DEL CONDUCTOR;EXCESO DE VELOCIDAD;;"EL EXCESO DE CONFIANZA POR PARTE DEL CONDUCTOR DE LA UT, QUE LE CONLLEVA A INGRESAR A LA CURVA A LA IZQUIERDA SIN REDUCIR SU VELOCIDAD; MOTIVO POR EL CUAL, SUPERA LA VELOCIDAD CRÍTICA DE LA MISMA, SUFRIENDO EL DESPISTE HACIA LA CUNETA, MATERIALIZANDO EL ACCIDENTE DE TRÁNSITO."
A-2022-11-128;20/11/2022;21:30;DESPISTE;CHOQUE FRONTAL;1;0;KM. 6 750 CARRETERA QUE CONDUCE DE BAMBAMARCA A EL TAMBO;CRPNP LLAUCAN;-6.758354449;-78.4879594833264;DESPEJADO;NO IDENTIFICA LA CAUSA;;;
A-2022-11-129;21/11/2022;04:09;CHOQUE CON OBJETO FIJO;SUBSECUENTE VOLCADURA EN TONEL DERECHO 1/2;1;0;KM.1173 50 CARRETERA CAJAMARCA - CAJABAMBA.;PAR EL HUAYO;-7.534292;-78.150196;DESPEJADO;NO IDENTIFICA LA CAUSA;;;
A-2022-11-13;06/11/2022;16:45;CHOQUE;CHOQUE FRONTAL CON SUB SECUENTE MUERTE Y DAÑOS MATERIALES;1;0;AV. INDEPENDENCIA S/N CENTRO POBLADO EL ARENAL;AV. INDEPENDENCIA;-17.1277704;-71.8043096;DESPEJADO;NO IDENTIFICA LA CAUSA;;;SIN OBSERVACIONES 
A-2022-11-130;26/11/2022;16:00;ATROPELLO;ATROPELLO POR PROYECCIÓN ;1;0;KM. 2 680 CARRETERA CUTERVO - C.P. SINCHIMACHE ;CPNP CUTERVO ;-6.382676;-78.835499;DESPEJADO;IMPRUDENCIA DEL CONDUCTOR;EXCESO DE VELOCIDAD;;FACTOR PREDOMINANTE: LA FALTA DE PERICIA EN LA CONDUCCIÓN DE LA CONDUCTORA DE LA UT-1 (MOTOCICLETA), AL CONTINUAR CON SU DESPLAZAMIENTO SIN ADOPTAR SUS MEDIDAS DE SEGURIDAD Y A UNA VELOCIDAD NO RAZONABLE NI PRUDENTE, MOTIVO POR EL CUAL ANTE LA PRESENCIA DE LA UT-2 (PEATÓN) NO PUDO REALIZAR UNA MANIOBRA EVASIVA EFICAZ A FIN DE EVITAR EL ACCIDENTE DE TRÁNSITO
A-2022-11-131;27/11/2022;11:00;DESPISTE;VOLCADURA EN TONEL IZQUIERDO;2;0;KM 2 400 CARRETERA ROJASPAMPA - LA LUCUMA;CPNP CHOTA;-6.562401;-78.589006;SOLEADO;NO IDENTIFICA LA CAUSA;;;
A-2022-11-133;08/11/2022;08:30;ATROPELLO;;1;0;AV.NESTOR GAMBETTA KM 6.8;;-11.9421195;-77.131295821;DESPEJADO;NO IDENTIFICA LA CAUSA;;;NO PERMITE ESTABLECER DE FORMA FEHACIENTE E  INDUBITABLE, EL FACTOR PREDOMINANTE ASI COMO LOS FACTORES CONTRIBUTIVOS.
A-2022-11-134;03/11/2022;00:30;CHOQUE CON OBJETO FIJO;VOLCADURA Y CAÍDA;1;1;AV. COSTANERA CDRA. 11 CIRCUITO DE PLAYAS;;-12.08680602;-77.09402020708224;DESPEJADO;NO IDENTIFICA LA CAUSA;;;
A-2022-11-135;05/11/2022;22:30;ATROPELLO;;1;0;CARRETERA PANAMERICANA NORTE KM30 197;PARADERO TOTTUS;-11.8662825;-77.0735316127;DESPEJADO;NO IDENTIFICA LA CAUSA;;;
A-2022-11-136;07/11/2022;05:45;DESPISTE;VOLCADURA Y CAÍDA FATAL;1;0;CARRETERA PANAMERICANA NORTE KM 11.143;ALTURA PUENTE CONTROL;-12.0333318;-77.0534675;DESPEJADO;NO IDENTIFICA LA CAUSA;;;
A-2022-11-137;07/11/2022;22:00;ATROPELLO FUGA;;1;0;AV. PASEO DE LA REPÚBLICA;ALTURA DE ESTACIÓN ESTADIO NACIONAL DEL METROPOLITANO;-12.07042383;-77.0312295190279;DESPEJADO;NO IDENTIFICA LA CAUSA;;;
A-2022-11-138;08/11/2022;16:00;CHOQUE;VOLCADURA, CAÍDA Y FUGA;1;0;AV. CARAPONGO CDRA. 8;ALTURA DEL PARADERO TULIPANES;-12.00756633;-76.88740436673737;DESPEJADO;NO IDENTIFICA LA CAUSA;;;EN INVESTIGACIÓN
A-2022-11-139;12/11/2022;05:30;CHOQUE;Y ATROPELLO;1;0;AUXILIAR DE LA AV. LA MARINA CDRA 28;;-12.0770287;-77.0938125;DESPEJADO;NO IDENTIFICA LA CAUSA;;;
A-2022-11-14;07/11/2022;12:30;ATROPELLO FUGA;ATROPELLO Y FUGA CON SUB SECUENTE MUERTE;1;0;AV. 3 DE OCTUBRE/CALLE ALAMEDA VITOR;VITOR;-16.362741;-72.189565;DESPEJADO;NO IDENTIFICA LA CAUSA;;;SIN OBSERVACIONES 
A-2022-11-140;10/11/2022;19:30;ATROPELLO FUGA;MUERTE;1;0;JR. HUÁNUCO / AV. 28 DE JULIO;;-12.0613138;-77.01557143153546;DESPEJADO;NO IDENTIFICA LA CAUSA;;;
A-2022-11-141;12/11/2022;20:10;CHOQUE;;1;1;AUTOPISTA RAMIRO PRIALÉ KM 5.500;ALTURA DEL JR. JUAN VELASCO ALVARADO;-12.02084103;-76.92263775270905;DESPEJADO;NO IDENTIFICA LA CAUSA;;;
A-2022-11-142;13/11/2022;23:15;DESPISTE;CHOQUE CON OBJETO FIJO, VOLCADURA Y CAÍDA;1;0;AV. A;CERCA AL CRUCE DE CALLE ATENAS CON CALLE 12A;-11.9632331;-77.07862223;DESPEJADO;NO IDENTIFICA LA CAUSA;;;
A-2022-11-143;15/11/2022;12:30;ATROPELLO;;1;0;CARRETERA PANAMERICANA NORTE KM 38.924;PARADERO VILLA ESTELA;-11.813834;-77.128701;DESPEJADO;NO IDENTIFICA LA CAUSA;;;
A-2022-11-144;15/11/2022;23:00;ATROPELLO;;1;0;CARRETERA PANAMERICANA NORTE KM 13.800;KM 13.800;-12.00976;-77.060729;DESPEJADO;NO IDENTIFICA LA CAUSA;;;
A-2022-11-145;16/11/2022;05:30;CHOQUE;;1;1;CARRETERA PANAMERICANA NORTE KM 17.968;ALTURA DE UNIVERSIDAD CONTINENTAL;-11.974377;-77.066469;DESPEJADO;NO IDENTIFICA LA CAUSA;;;
A-2022-11-146;16/11/2022;20:15;ATROPELLO;;1;1;AV. BRASI 711;ALTURA CC. LA RAMBLA;-12.06794779;-77.04804799852288;DESPEJADO;NO IDENTIFICA LA CAUSA;;;
A-2022-11-147;18/11/2022;18:00;ATROPELLO;;1;0;AV. ALFREDO MENDIOLA Y AV. CARLOS IZAGUIRRE;;-11.9897315;-77.06459178954998;DESPEJADO;NO IDENTIFICA LA CAUSA;;;
A-2022-11-148;19/11/2022;05:40;CHOQUE;DESPISTE Y ATROPELLO;1;0;AV. LA GLORIA CON CARRETERA CENTRAL 14.800;;-12.00690422;-76.85291753105753;DESPEJADO;NO IDENTIFICA LA CAUSA;;;
A-2022-11-149;21/11/2022;04:00;DESPISTE;CHOQUE, VOLCADURA Y CAÍDA;1;0;AV. FERROCARRIL CDRA. 09;;-12.03543719;-76.99949913423981;DESPEJADO;NO IDENTIFICA LA CAUSA;;;
A-2022-11-15;12/11/2022;19:00;ATROPELLO;ATROPELLO FATAL;1;0;CARRETERA COSTANERA KM. 159.800;ALTURA DEL PEAJE DE LA PUNTA DE BOMBON;-17.221262;-71.649945;DESPEJADO;NO IDENTIFICA LA CAUSA;;;SIN OBSERVACIONES 
A-2022-11-150;23/11/2022;18:50;ATROPELLO;;1;0;CARRETERA PANAMERICANA NORTE KM 35.487;;-11.836296;-77.110072;DESPEJADO;NO IDENTIFICA LA CAUSA;;;
A-2022-11-151;25/11/2022;11:45;CAÍDA DE PASAJERO;FUGA;1;0;AV. LIMA / AV. UNIVERSITARIA;PARQUE SAN CARLOS;-11.905014;-77.041267;DESPEJADO;NO IDENTIFICA LA CAUSA;;;
A-2022-11-152;27/11/2022;15:00;DESPISTE;VOLCADURA Y CAÍDA;1;0;AV. ANGAMOS ESTE CDRA. 26;ALTURA DE LA CALLE JOSÉ ÁLVAREZ CALDERÓN;-12.11200865;-77.00674996368099;DESPEJADO;NO IDENTIFICA LA CAUSA;;;
A-2022-11-153;27/11/2022;05:52;DESPISTE;VOLCADURA ;1;0;CALLE CAOBA / CALLE 12 DE OCTUBRE;INTERSECCIÓN;-11.765667;-77.153833;DESPEJADO;NO IDENTIFICA LA CAUSA;;;
A-2022-11-154;28/11/2022;05:30;DESPISTE;CHOQUE CON OBJETO FIJO (GUARDAVÍAS METÁLICO), CAÍDA  Y VOLCADURA;1;0;CARRETERA PANAMERICANA NORTE KM 13.345;ALTURA DEL INSTITUTO BRITÁNICO;-12.015476;-77.060042;DESPEJADO;NO IDENTIFICA LA CAUSA;;;EN EL LUGAR NO SE ENCONTRÓ AL VEHÍCULO,  SIENDO POSIBLEMENTE SUSTRAÍDO POR PERSONAS INESCRUPULOSAS.
A-2022-11-155;01/11/2022;06:55;DESPISTE;CHOQUE;1;3;CARRETERA PANAMERICANA SUR KM 57 90;ALTURA DEL GRIFO PETRO AMÉRICA;-12.4592599;-76.75292140903727;DESPEJADO;NO IDENTIFICA LA CAUSA;;;
A-2022-11-156;01/11/2022;07:35;ATROPELLO;;1;0;AV. CANTA CALLAO;MZ. A LOT. 11 URB. BRISAS DE SANTA ROSA;-11.98323349;-77.09830779960501;DESPEJADO;NO IDENTIFICA LA CAUSA;;;
A-2022-11-157;07/11/2022;05:30;CHOQUE;;1;3;JR. LIMA S/N;LUGAR APROXIMADO;-12.23063589;-76.86010973710609;DESPEJADO;NO IDENTIFICA LA CAUSA;;;
A-2022-11-158;10/11/2022;07:20;ATROPELLO;PROYECCIÓN;1;1;AV. FERNANDO WIESSE CDRA. 38;;-11.96852061;-76.99352112113033;DESPEJADO;NO IDENTIFICA LA CAUSA;;;
A-2022-11-159;06/11/2022;03:50;CHOQUE;;1;1;JR DOS DE MAYO CUADRA O2;FRONTIS KARAOKE VENECIA;-9.939625;-76.248523;DESPEJADO;IMPRUDENCIA DEL CONDUCTOR;EXCESO DE VELOCIDAD;;
A-2022-11-16;13/11/2022;17:00;VOLCADURA;VOLCADURA CON SUB SECUENTE MUERTE;1;0;URB. MI BUEN PASTOR LT-8 MZ.G EL TRIUNFO;EL TRIUNFO;-16.498478;-71.846176;DESPEJADO;NO IDENTIFICA LA CAUSA;;;SIN OBSERVACIONES 
A-2022-11-160;11/11/2022;17:20;DESPISTE;VOLCADURA, Y CHOQUE CON OBJETO FIJO;1;3;CARRETERA PANAMERICANA SUR ;ALTURA DEL KM 30;-12.27587043;-76.89007762093257;DESPEJADO;NO IDENTIFICA LA CAUSA;;;
A-2022-11-161;11/11/2022;14:40;ATROPELLO;VOLCADURA Y FUGA;1;0;AV. BOLIVAS CON AV. MICAELA BASTIDAS;;-12.21868577;-76.94013918025463;DESPEJADO;NO IDENTIFICA LA CAUSA;;;
A-2022-11-162;14/11/2022;00:30;ATROPELLO FUGA;;1;0;CALLE INDEPENDENCIA CON AV. ANDRÉS AVELINO CÁCERES;;-11.93877405;-76.71391904540896;DESPEJADO;NO IDENTIFICA LA CAUSA;;;CIRCUNSTANCIAS MATERIA DE INVESTIGACIÓN SOBREPASA AL PEATÓN QUE SE ENCONTRABA TENDIDO EN LA PARTE MEDIA DE LA CALZADA DE LA VÍA EN MENCIÓN, CONTINUÓ SU CAMINO DÁNDOSE A LA FUGA
A-2022-11-163;25/11/2022;15:50;ATROPELLO;;1;0;CA.2 DE MAYO CON JR. CÉSAR VALLEJO;;-12.15095121;-76.95079139854161;DESPEJADO;NO IDENTIFICA LA CAUSA;;;
A-2022-11-165;06/11/2022;14:00;DESPISTE;DESPISTE CON SUBSECUENTE VOLCADURA;1;10;CARRETERA  HUARMACA  CASEWRIO PLATANAL ;ALTURA DEL CEMENTERIO EL PLATANAL;-5.681699;-79.657792;DESPEJADO;IMPRUDENCIA DEL CONDUCTOR;EXCESO DE VELOCIDAD;;
A-2022-11-166;16/11/2022;18:15;DESPISTE;VOLCADURA ;1;0;KM 208;CARRETERA AREQUIPA JULIACA ;-15.6931733;-70.8136945;DESPEJADO;IMPRUDENCIA DEL CONDUCTOR;EXCESO DE VELOCIDAD;;NINGUNA 
A-2022-11-167;19/11/2022;18:15;DESPISTE;FATAL;1;0;CARRETERA CENTRAL OOYA HUANUCO;KM 128 700;-10.6938493;-76.23033818124274;DESPEJADO;IMPRUDENCIA DEL CONDUCTOR;EXCESO DE VELOCIDAD;;
A-2022-11-168;14/11/2022;16:30;DESPISTE;SEGUIDO DE ATROPELLO, CHOQUE Y VOLCADURA;2;5;CARRETERA CENTRAL LA OROYA - JAUJA KM. 52 600;;-11.763505;-75.713138;DESPEJADO;IMPRUDENCIA DEL CONDUCTOR;FATIGA Y/O CANSANCIO;;NINGUNA
A-2022-11-169;09/11/2022;15:00;ESPECIAL;FATAL;1;0;ESTANCIA CHAQUICOCHA COOPERATIVA YANAMATE;TINYAHUARCO;-10.72358825;-76.25115200296258;DESPEJADO;IMPRUDENCIA DEL CONDUCTOR;VEHÍCULO MAL ESTACIONADO;;
A-2022-11-17;22/11/2022;17:00;ATROPELLO FUGA;-;1;0;AVENIDA SIETE - PARCONA ;ALTURA DEL PP.JJ. LOS FLORALES MZA. K;-14.063521;-75.72083;DESPEJADO;NO IDENTIFICA LA CAUSA;;;
A-2022-11-170;23/11/2022;06:45;CHOQUE;CHOQUE, VOLCADURA , CAIDA Y SUBSECUENTE FUGA;1;1;CARRETERA LA UNION- VILLA MONTEREDONDO;CARRETERA LA UNION- VILLA MONTEREDONDO;-5.406607764;-80.72459931546086;DESPEJADO;IMPRUDENCIA DEL CONDUCTOR;EXCESO DE VELOCIDAD;;
A-2022-11-171;11/11/2022;14:45;DESPISTE;DESPISTE Y VOLCADURA ;1;1;CARRETERA ;PARACHIQUE ;-5.840359;-80.850268;DESPEJADO;IMPRUDENCIA DEL CONDUCTOR;EXCESO DE VELOCIDAD;;
A-2022-11-172;01/11/2022;15:45;ESPECIAL;CON CONSECUENCIA FATAL;1;1;CARRETERA CHUPACA - HUAYAO;;-12.040495;-75.325979;LLUVIOSO;NO IDENTIFICA LA CAUSA;;;AL PRODUCIRSE EL INICIO DE LA CADENA DE EVENTOS POR UNA FUERZA AJENA A LA ACCION DEL CONDUCTOR., PROVENIENTE DE LA NATURALEZA, EL EVENTO DE TRANSITO EN INVESTIGACION REVISTE LAS CARACTERISTICAS DE UN ACCIDENTE ESPECIAL
A-2022-11-173;27/11/2022;05:00;DESPISTE;DESPISTE VOLCADURA Y CAIDA ;1;0;CARRETERA QUE UNE EL CASERIO RIO SECO ALTO Y LAS PAMPAS;;-5.003433089;-80.14457688802644;DESPEJADO;IMPRUDENCIA DEL CONDUCTOR;CONDUCIR EN ESTADO DE EBRIEDAD Y/O DROGADICCIÓN;;
A-2022-11-174;27/11/2022;06:10;ATROPELLO;ATROPELLO POR COMPRESIÓN SEGUIDO DE CHOQUE;1;1;AVENIDA GRAYU CUADRA09;ALTURA E LA AVENIDA HIPOLITO UNANUE ;-5.207741404;-80.62243398708206;DESPEJADO;IMPRUDENCIA DEL CONDUCTOR;CONDUCIR EN ESTADO DE EBRIEDAD Y/O DROGADICCIÓN;;
A-2022-11-175;11/11/2022;23:40;ATROPELLO FUGA;;1;0;CARRETERA CENTRAL MARGEN DERECHA KM. 113;;-12.032325;-75.264093;DESPEJADO;IMPRUDENCIA DEL CONDUCTOR;OTRO (IMPRUDENCIA DEL CONDUCTOR);DESPLAZAR SU UNIDAD CPON UN EXCESO DE CONFIANZA Y DESANTENCION;NINGUNA
A-2022-11-176;20/11/2022;22:00;ATROPELLO FUGA;;1;0;KM 14 DE LA CARRETERA CENTRAL MARGEN IZQUIERDA;ALTURA DELL PARADERO LAS FLORES - SAN JERONIMO;-11.945276;-75.293872;DESPEJADO;NO IDENTIFICA LA CAUSA;;;NO SE DETERMINA LA CAUSA A FALTA DE UN ELEMENTO
A-2022-11-177;24/11/2022;17:45;CHOQUE CON OBJETO FIJO;;1;1;JR. BOLOGNESI ;;-12.007957;-75.351871;DESPEJADO;IMPRUDENCIA DEL CONDUCTOR;OTRO (IMPRUDENCIA DEL CONDUCTOR);GUIAR SU UNIDAD CON UN MARCADO EXCESO DE CONFIANZA Y DESATENCION NO VALORANDO LOS RIESGOS GENERALES DE LA CIRCULACION, CONVIRTIENDOSE EN UN RIESGO INNECESARIO Y A UNA VELOCIDAD QUE RESULTO MAYOR QUE LA RAZONABLE Y PRUDENTE;NINGUNO
A-2022-11-178;06/11/2022;00:45;CHOQUE;POR ALCANCE, CAIDA DE OCUPANTE Y VOLCADURA;1;0;CARRETERA CENTRAL MARGEN IZQUIERDA KM. 07;;-12.0198684;-75.2418035;DESPEJADO;IMPRUDENCIA DEL CONDUCTOR;OTRO (IMPRUDENCIA DEL CONDUCTOR);DESPLAZAR SU VEHICULO SIN RECONOCER APROPIADAMENTE LOS RIESGOS EXISTENTES Y SIN EL DEBIDO CUIDADO;NINGUNO
A-2022-11-179;05/11/2022;08:00;ATROPELLO;;1;0;CARRETERA CENTRAL MARGEN DERECHJA ALTURA KM. 83;;-11.820896;-75.451566;DESPEJADO;IMPRUDENCIA DEL CONDUCTOR;OTRO (IMPRUDENCIA DEL CONDUCTOR);DESPLAZAR SU UNIDAD A UNA VELOCIDAD QUE SUPERO EL LIMITE PERMITIDO PARA EL LUGAR;NINGUNO
A-2022-11-18;05/11/2022;16:45;ATROPELLO;EL VEHICULO CAMIONETA SE DESPLAZABA EN SENTIDO DE SUR A NORTE Y EL PEATON SE DESPLAZABA DE OESTE A ESTE, EN CIRCUNSTANCIAS QUE LA MENOR INGRES REPENTINAMENTE  A LA CALZADA MATERIALIZANDOSE EL EVENTO ;1;0;AVENIDA MANUEL PRADO ;ALTURA DE LA CALLE SOLDADO DESCONOCIDO ;-14.78688634;-71.40646845800093;DESPEJADO;IMPRUDENCIA DEL PEATÓN;CRUCE INDEBIDO POR LA CALZADA;;NINGUNO
A-2022-11-180;03/11/2022;05:30;DESPISTE;VOLCADURA;2;3;PARAJE YANAHUASCA - CHICCHE ;;-11.766582;-75.225867;LLUVIOSO;IMPRUDENCIA DEL CONDUCTOR;OTRO (IMPRUDENCIA DEL CONDUCTOR);DESPLAZAR SU UNIDAD SIN ADOPTAR SUS MEDIDAS DE PREVENCION;NINGUNO
A-2022-11-181;20/11/2022;07:00;DESPISTE;CON SUBSECUENTE SUMERSION;1;0;INTERSECCION CONFORMADA POR LA CARRETERA DEL BORDE DEL CANAL CON ACCESO HACIA LA UNP;ESPALDAS DE LA UNIVERSIDAD NACIONAL DE PIURA;-5.173202653;-80.61267076251592;DESPEJADO;IMPRUDENCIA DEL CONDUCTOR;OTRO (IMPRUDENCIA DEL CONDUCTOR);FALTA DE CUIDADO DEL CONDUCTOR;
A-2022-11-182;21/11/2022;05:20;CHOQUE;CHOQUE CON SUBSECUENTE VOLCADURA;1;0;AV DONBOSCO ;IE AMGHOULDEN ;-5.203584964;-80.6281659176734;DESPEJADO;IMPRUDENCIA DEL CONDUCTOR;EXCESO DE VELOCIDAD;;
A-2022-11-183;07/11/2022;20:00;CHOQUE;CHOQUE FRONTAL CONSECUENCIA DE MUERTE ;1;1;KM 31.77;CARRETERA IQUITOS NAUTA ;-4.027043946;-73.4341585537898;DESPEJADO;IMPRUDENCIA DEL CONDUCTOR;CONDUCIR EN ESTADO DE EBRIEDAD Y/O DROGADICCIÓN;;NINGUNA
A-2022-11-184;30/11/2022;22:00;CHOQUE FUGA;CONSSECUENCIA FATAL, LESIONES Y DAÑOS MATERIALES;2;1;CARRETERA LA OROYA - CERRO DE PASCO KM. 74 800;;-10.98545058;-76.03603285812332;DESPEJADO;IMPRUDENCIA DEL CONDUCTOR;EXCESO DE VELOCIDAD;;NINGUNA
A-2022-11-185;05/11/2022;17:30;DESPISTE;PRECIPITACION Y VOLCADURA;2;1;HUAYCHAHUACCANA;VILCASHUAMAN;-13.63658239;-73.84532099784538;DESPEJADO;NEGLIGENCIA DEL CONDUCTOR;CONDUCIR CON FALLAS DE FRENOS;;FACTOR CONTIBUTIVO CONFIGURACION DE LA VIA
A-2022-11-187;14/11/2022;16:30;CHOQUE;;1;0;CARRETERA INTEROCEÁNICA SUR KM. 386 300 .;SECTOR FLORIDA BAJA;-12.753833;-69.554536;;;;;
A-2022-11-188;16/11/2022;20:35;DESPISTE;DESPISTE VOLCADURA CAIDA DE CONDUCTOR Y OCUPANTE;1;0;CARRETERA CASERÍO ALTO UTCUBAMBA - CAJARURO;SECTOR DENOMINADO 7 CURVAS;-5.76693263;-78.1896960691936;DESPEJADO;EN PROCESO DE INVESTIGACIÓN;NO CUENTA CON CAUSA ESPECIFICA;;NO SE CUENTA CON RESULTADO DEL DOSAJE ETÍLICO Y PERITAJE DE DAÑOS PARA DETERMINAR LAS 