COD_ACCIDE;FechaDelAccidente;HoraDelAccidente;ClaseDelAccidente;SecuenciaAccidente;CantidadDeFallecidos;CantidadDeLesionados;Direccion;LugarReferencia;y;x;CondClimatica;CausaFactorPrincipal;CausaEspecifica;OtraCausa;Observaciones
A-2022-11-189;07/11/2022;12:10;CHOQUE FUGA;CHOQUE VOLCADURA Y CAIDA DEL CONDUCTOR;1;0;CARRETERA BAGUA -SARAMERIZA KM 141 41;;-4.978891168;-78.22605997323991;DESPEJADO;EN PROCESO DE INVESTIGACIÓN;NO CUENTA CON CAUSA ESPECIFICA;;FALTA PERICIAS COMO EJEMPLO DOSAJE ETÍLICO Y CONSTATACIÓN DE DAÑOS PARA EL PRONUNCIAMIENTO DEL PERITO Y DETERMINAR LAS CAUSAS
A-2022-11-19;13/11/2022;04:40;ATROPELLO FUGA;ATROPELLO Y FUGA FATAL;1;0;AV. COLONIZADORES/ALTURA DEL OVALO DEL TERMINAL;OVALO DEL TERMINAL-EL PEDREGAL;-16.3472;-72.188856;DESPEJADO;NO IDENTIFICA LA CAUSA;;;SIN OBSERVACIONES 
A-2022-11-190;21/11/2022;05:20;CHOQUE;CHOQUE VOLCADURA CAIDA DE CONDUCTOR;1;2;CARRETERA BAGUA -  CASUAL KM 15 40.62;;-5.595394875;-78.55226755142213;DESPEJADO;EN PROCESO DE INVESTIGACIÓN;NO CUENTA CON CAUSA ESPECIFICA;;NO SE CUENTA CON RESULTADO DE DOSAJE ETÍLICO Y PERITAJE DE DAÑOS
A-2022-11-191;13/11/2022;07:35;CHOQUE;;1;1;INTERSECCIÓN DEL JR. PUNO CON JR. GONZÁLES PRADA - PUERTO MALDONADO.;-;-12.596005;-69.180265;;;;;
A-2022-11-192;27/11/2022;04:30;CHOQUE CON OBJETO FIJO;DESPISTE SEGUIDO VOLCADURA;1;0;AVENIDA LUIS GALVEZ CHIPOCO;-;-13.4119542;-76.13161634;DESPEJADO;IMPRUDENCIA DEL CONDUCTOR;FATIGA Y/O CANSANCIO;;
A-2022-11-193;01/11/2022;11:20;CHOQUE;VOLCADURA Y DESPISTE ;1;0;CARRETERA MARGINAL SATIPO MAZAMARI;INGRESO AL RECREO BONA VISTA;-11.23214856;-74.63073844269753;DESPEJADO;IMPRUDENCIA DEL CONDUCTOR;DESACATO DE SEÑAL DE TRÁNSITO;;
A-2022-11-194;27/11/2022;04:50;DESPISTE;----------;1;0;CARRETERA MARGINAL MAZAMARI;MAZAMARI CON DIRECCION A PANGOA;-11.33542182;-74.52830982076205;DESPEJADO;IMPRUDENCIA DEL CONDUCTOR;EXCESO DE VELOCIDAD;;
A-2022-11-196;30/11/2022;08:30;CHOQUE;CAIDA, DESPISTE ;1;4;AV MARGINAL CUADRA 8 URBANIZACION EL MILAGRO;----;-11.24471841;-74.6359741146946;DESPEJADO;IMPRUDENCIA DEL CONDUCTOR;FATIGA Y/O CANSANCIO;;
A-2022-11-197;30/11/2022;13:15;VOLCADURA;VOLCADURA CAIDA Y ATROPELLO;1;0;AV MARISCAL CACERES ;CUADRA 13 REF. CALLE SOLEDAD ;-3.7494781;-73.2569224;DESPEJADO;IMPRUDENCIA DEL CONDUCTOR;INVASIÓN DE CARRIL;;NINGUNA
A-2022-11-198;01/11/2022;12:41;CHOQUE;CONSECUENTE DE MUERTE;1;4;AV. ABELARDOO QUIÑONES ;CUADRA 40;-3.77498;-73.2909048;DESPEJADO;IMPRUDENCIA DEL CONDUCTOR;CONDUCIR EN ESTADO DE EBRIEDAD Y/O DROGADICCIÓN;;NINGUNA
A-2022-11-199;08/11/2022;22:00;CHOQUE;FATAL;1;0;CARRETERA SULLANA - PUENTE INTERNACIONAL LA TINA;ALTURA DEL KM 1093 100;-4.482080425;-79.98689501037242;DESPEJADO;IMPRUDENCIA DEL CONDUCTOR;INVASIÓN DE CARRIL;;S/O
A-2022-11-2;01/11/2022;06:50;DESPISTE;DESPISTE SEGUIDO DE VOLCADURA;1;0;CARRETERA FERNANDO BELAUNDE TERRY KM 462 900;CASERIO LAS DELICIAS;-6.022477;-77.223255;DESPEJADO;IMPRUDENCIA DEL CONDUCTOR;OTRO (IMPRUDENCIA DEL CONDUCTOR);;
A-2022-11-20;03/11/2022;16:00;DESPISTE;VEHICULO MOTOCICLETA LINEAL SIN PLACA DE RODAJE SE DESPLAZABA EN SENTIDO DE ESTE A OESTE, MANTENIENDI UNA VELOCIDAD EN CONSTANTE ACELERACION SALE DE LA PORCION DE CURVA MATERIALIZANDOSE EL EVENTO;2;1;CARRETERA VELILLE - SANTO TOMAS. SECTOR QQUESCAÑUMA;AL COSTADO DE LA ANTENA DE INTERNET ;-14.5659058;-71.92223637130661;DESPEJADO;IMPRUDENCIA DEL CONDUCTOR;EXCESO DE VELOCIDAD;;NINGUNA
A-2022-11-200;12/11/2022;20:00;CHOQUE;FATAL;1;0;CARRETERA LANCONES ALAMAOR;ALTURA DEL KM 42 500;-4.619906975;-80.53929613734319;DESPEJADO;NO IDENTIFICA LA CAUSA;;;S/O
A-2022-11-201;23/11/2022;20:00;CHOQUE FUGA;FATAL;1;0;CARRETERA SULLANA PAITA;FRENTE AL ASILO DE ANCIANOS;-4.90553251;-80.72164338951703;DESPEJADO;NO IDENTIFICA LA CAUSA;;;S/O
A-2022-11-202;24/11/2022;23:00;DESPISTE;FATAL;1;0;CARRETERA SULLANA TALARA;KM 30 500;-4.745630168;-80.99869404834216;DESPEJADO;NO IDENTIFICA LA CAUSA;;;S/O
A-2022-11-21;07/11/2022;06:30;CHOQUE;"EL VEHICULO CAMIONETA PICK SE DESPLAZABA EN SENTIDO DE SUR A NORTE Y EL VEHICULO MOTOCICLETA SE DESPLZABA EN SENTIDO OESTE A ESTE; LA CAMIONETA SE DESPLAZBA POR LA VIA PRINCIPAL A UNA VELCOIDAD CONSTANTE ACELERACION EN CIRCUNSTANCIAS QUE HACE SU INGRESO LA MOTOCICLETA LINEAL INTERPONIENDOSE EN SU EJ";1;1;CARRETERA SANTO TOMAS - COLQUEMARCA. ALRURA DE LA URB. JUAN VELASCO ;RUEDO DE TOROS ;-14.29370835;-72.03822521959923;DESPEJADO;IMPRUDENCIA DEL CONDUCTOR;EXCESO DE VELOCIDAD;;NINGUNO
A-2022-11-22;19/11/2022;02:30;ATROPELLO FUGA;;1;0;CARRETERA LONGITUDINAL DE LA SIERRA SUR. TRAMO ANTA  -  ABANCAY. ALTURA DEL SECTOR HOSPITAL PAMPA. KM 27;;-13.47444571;-72.15729923800652;DESPEJADO;NO IDENTIFICA LA CAUSA;;;NINGUNO
A-2022-11-23;15/11/2022;06:00;VOLCADURA;VOLCADURA FATAL;1;0;CARRETERA A HUAMBO;ASOC. AA.HH. EL BORONE - EL PEDREGAL;-16.309005;-72.173148;DESPEJADO;NO IDENTIFICA LA CAUSA;;;SIN OBSERVACIONES 
A-2022-11-231;07/11/2022;21:50;ATROPELLO;FATAL;1;0;AV. MANUEL PRADO CDRA. 02;;-11.87439302;-77.01407097;DESPEJADO;EN PROCESO DE INVESTIGACIÓN;NO CUENTA CON CAUSA ESPECIFICA;;DILIGENCIA EN FISCALIA
A-2022-11-232;24/11/2022;19:40;ATROPELLO;FATAL;1;0;JR. MARAÑON CON JR. CASTAÑETAS;;-12.04188508;-77.02257282;DESPEJADO;IMPRUDENCIA DEL PASAJERO/OCUPANTE;OTRO (IMPRUDENCIA DEL PASAJERO/OCUPANTE);NEGLIGENCIA DEL CONDUCTOR;
A-2022-11-233;13/11/2022;18:50;CHOQUE;FATAL;1;0;AV. CARLOS IZAGUIRRE CDRA. 20. SMP;;-11.99096941;-77.08949531896536;DESPEJADO;IMPRUDENCIA DEL CONDUCTOR;EXCESO DE VELOCIDAD;;
A-2022-11-234;26/11/2022;07:50;DESPISTE;CHOQUE Y CAÍDA FATAL;1;0;INTERSECCION DE LA AV. UNIVERSITARIA ALTURA DE LA AV. ROSA DE AMERICA;;-11.96189743;-77.06334927825871;DESPEJADO;IMPRUDENCIA DEL CONDUCTOR;OTRO (IMPRUDENCIA DEL CONDUCTOR);NO INDICA ESPECÍFICA;
A-2022-11-235;06/11/2022;01:30;ATROPELLO FUGA;;1;0;CARRETERA PANAMERICANA SUR KM. 26 200;ALTURA PUENTE PEATONAL CONCHAN;-12.257543;-76.919539;DESPEJADO;NO IDENTIFICA LA CAUSA;;;NINGUNA
A-2022-11-236;22/11/2022;19:45;ATROPELLO;;1;0;AV. REVOLUCION CON AV. CESAR VALLEJO;;-12.21334091;-76.93672424;DESPEJADO;IMPRUDENCIA DEL CONDUCTOR;OTRO (IMPRUDENCIA DEL CONDUCTOR);;NINGUNA
A-2022-11-237;30/11/2022;03:30;DESPISTE;VOLCADURA, CAÍDA;1;0;VIA DE EVITAMIENTO KM. 4.500;;-12.09583;-76.980239;DESPEJADO;IMPRUDENCIA DEL CONDUCTOR;OTRO (IMPRUDENCIA DEL CONDUCTOR);DETERMINANTE IMPRUDENCIA DEL CONDUCTOR;
A-2022-11-238;06/11/2022;19:30;ATROPELLO FUGA;FATAL;1;0;AV. LIMA CDRA. 19;;-12.22315198;-76.90811696;DESPEJADO;IMPRUDENCIA DEL PEATÓN;OTRO (IMPRUDENCIA DEL PEATÓN);CONTRIBUTIVA IMPRUDENCIA DEL CONDUCTOR;
A-2022-11-239;06/11/2022;05:30;ATROPELLO FUGA;ATROPELLO CON PROYECCIÓN;1;0;KM. 31 DE LA CARRETERA PANAMERICANA SUR ;REF. ALT. PUENTE SAN PEDRO;-12.2833156;-76.87833662;DESPEJADO;NO IDENTIFICA LA CAUSA;;;
A-2022-11-24;20/11/2022;06:20;CHOQUE;CHOQUE Y VOLCADURA CON SUB SECUENTE MUERTE;1;0;CARRETERA DE PENETRACION MATARANI KM.30;KM.30;-16.853712;-72.019081;DESPEJADO;NO IDENTIFICA LA CAUSA;;;SIN OBSERVACIONES 
A-2022-11-240;28/11/2022;17:00;DESPISTE;VOLCADURA;1;1;CARRETERA CANGALLO - ALCAMENCA;KM.11 220;-13.65187419;-74.1347276771314;DESPEJADO;IMPRUDENCIA DEL CONDUCTOR;CONDUCIR EN ESTADO DE EBRIEDAD Y/O DROGADICCIÓN;;CAUSA DE MUERTE TRAUMA CERVICAL POR SUCESO DE TRANSITO
A-2022-11-241;19/11/2022;17:00;CHOQUE;;1;0;AV. BRASIL CDRA 22;;-12.08011166;-77.05790207;DESPEJADO;NO IDENTIFICA LA CAUSA;;;NINGUNA
A-2022-11-242;18/11/2022;06:00;CHOQUE;;1;2;CARRETERA AYACUCHO ANDAHUAYLAS ;;-13.30830702;-74.22658492;DESPEJADO;IMPRUDENCIA DEL CONDUCTOR;INVASIÓN DE CARRIL;;SIN OBSERVACIONES
A-2022-11-243;20/11/2022;13:30;CHOQUE;MUERTE Y LESIONES;1;1;CARRETERA VIA LOS LIBERTADORES;KM 279;-13.34094779;-74.4440927122932;DESPEJADO;IMPRUDENCIA DEL CONDUCTOR;INVASIÓN DE CARRIL;;SIN OBSERVACIONES
A-2022-11-244;17/11/2022;17:00;CHOQUE;;1;0;AV. BRASIL CDRA. 22;;-12.07970834;-77.05771670267451;DESPEJADO;EN PROCESO DE INVESTIGACIÓN;NO CUENTA CON CAUSA ESPECIFICA;;NINGUNA
A-2022-11-25;21/11/2022;19:00;DESPISTE;DESPISTE CHOQUE  VOLCADURA FATAL;1;0;AV. FUNDADORES CON LATERAL 6 - SANTA RITA DE SIGUAS;LATERAL 6;-16.484106;-72.109608;DESPEJADO;NO IDENTIFICA LA CAUSA;;;SIN OBSERVACIONES 
A-2022-11-26;25/11/2022;16:00;CHOQUE;CHOQUE LATERAL ;1;0;CARRETERA AREQUIPA-JULIACA KM.118.100;KM.118.100;-16.06676;-71.367636;NUBLADO;NO IDENTIFICA LA CAUSA;;;SIN OBSERVACIONES 
A-2022-11-27;26/11/2022;15:20;DESPISTE;DESPISTE CHOQUE FATAL;1;0;CALLE PROLONGACION MUNICIPAL BOSQUE DE GETZEMANI Z-A MZ-G LT-8;LT-8;-16.3328122;-71.5518908;DESPEJADO;NO IDENTIFICA LA CAUSA;;;SIN OBSERVACIONES 
A-2022-11-28;27/11/2022;08:00;CHOQUE;CHOQUE FATAL;1;0;AV. CHARCANI S/N ;PLANTA DE AGUA SEDAPAR;-16.321264;-71.531346;DESPEJADO;NO IDENTIFICA LA CAUSA;;;SIN OBSERVACIONES 
A-2022-11-3;05/11/2022;10:50;CHOQUE;VOLCADURA - CAIDA Y ATROPELLO;1;0;CARRETERA PANAMERICANA SUR KM. 316;FRONTIS DE LA COMISARIA PNP SANTIAGO ;-14.184147;-75.714582;SOLEADO;NO IDENTIFICA LA CAUSA;;;
A-2022-11-31;17/11/2022;05:50;ATROPELLO;EL VEHICULO MICROBUS SE DESPLZABA EN SENTIDO DE ESTE A OESTE  Y EL PEATON DE NORTE A SUR, EN EL MOMENTO DEL EVENTO SE ENCONTRABA UN VEHICULO NO IDENTIFICADO ESTACIONADO EN EL MISMOS SENTIDO DEL MICROBUS EN DONDE EL PEATON SALE POR DELANTE DEL VEHICULO NO IDENTIFICADO  MATERIALIZANDOSE EL EVENTO.;1;0;INTERCESION DE LA AVENIDA SAN MARTIN CON LA CALLE ANTAPACHA;FRONTIS DE LA TIENDA DE ABARROTES ANGY;-13.32354439;-72.08126416001991;DESPEJADO;IMPRUDENCIA DEL CONDUCTOR;EXCESO DE VELOCIDAD;;NINGUNO
A-2022-11-32;01/11/2022;18:00;DESPISTE;EL VEHICULO L5 SE DESPLAZABA EN SENTIDO DE NOROESTE A SURESTE, EL CONDUCTOR DEL VEHICULO AL ENCONTRARSE BAJO LOS EFECTOS DEL ALCOHOL PIERDE EL CONTROL DEL VEHICULO MATERIALIZANDO EL EVENTO.;1;1;CARRETERA COMUNIDAD DE TTIOMAYO - ANDAHUAYLILLAS. SECTOR ROSASPATA;;-13.68048751;-71.69185818637231;DESPEJADO;IMPRUDENCIA DEL CONDUCTOR;CONDUCIR EN ESTADO DE EBRIEDAD Y/O DROGADICCIÓN;;NINGUNO
A-2022-11-34;02/11/2022;14:36;ATROPELLO;EL VEHICULO OMNIBUS  SE DESPLAZABA EN SENTIDO OESTE A ESTE Y EL PEATON INGRESA A LA CALZADA EN SENTIDO DE SUR A NORTE,  EL MISMO QUE SE ENCONTRABA EN ESTADO DE EBRIEDAD  INGRESO A LA CALZADA  EN CIRCUNSTANCIA QUE EL VEHICULO OMNIBUS SE DESPLAZABA A UNA VELOCIDAD  CONSTANTE MATERIALIZANDO EL EVENTO;1;0;AVENIDA DE LA CULTURA. INTERSECCION CON LA CALLE BOLIVAR. ;ALTURA DEL 2DO PARADERO ;-13.52929266;-71.93610288078885;DESPEJADO;IMPRUDENCIA DEL CONDUCTOR;EXCESO DE VELOCIDAD;;NINGUNA
A-2022-11-35;26/11/2022;19:20;ATROPELLO;EL VEHICULO AUTOMPVIL SE DESPLAZABA EN SENTIDO DE OESTE A ESTE Y EL PEATON SE DESPLAZABA OESTE A ESTE, EN CIRCUNSTANCIAS QUE EL PEATON SE DESPLAZABA EN COMPAÑA DE SU ESPOSA POR EL CARRIL SUR DE LA CALZADA (CURVA) DONDE EL CONDUCTOR NO PERCIBE LA PRESENCIA DEL PEATON MATERIALIZANDOSE EL EVENTO ;1;0;CARRETERA PISAC- COLQUEPATA. SECTOR HUAMANPATA DE LA COMUNIDAD CUYO CHICO;KM 5 260;-13.40734171;-71.83019314248222;DESPEJADO;IMPRUDENCIA DEL PEATÓN;ESTADO DE EBRIEDAD Y/O DROGADICCIÓN;;NINGUNO
A-2022-11-36;07/11/2022;12:40;ATROPELLO;EL VEHICULO CAMIONETA SE DESPLZABA EN SUR A NORTE  Y PEATON INGRESA A LA CALZADA DE ESTE A OESTE, EN CIRCUSNTANCIAS QUE EL PEATON ES IMAPCTANDO MATERIALIZANDO EL EVENTO;1;0;CARRETERA LONGITUDINAL SIERRA SUR. TRAMO CUSCO- SICUANI. . SECTOR JUSQQUETUNCO;GRIFO SAN PABLO;-14.2069359;-71.3050337;DESPEJADO;IMPRUDENCIA DEL CONDUCTOR;EXCESO DE VELOCIDAD;;NINGUNO
A-2022-11-37;07/11/2022;14:40;CHOQUE;;1;1;CARRETERA LONGITUDINAL SIERRA SUR. TRAMO CUSCO - SICUANI ;COMUNIDAD CAMPESINA TTIO;-13.77505768;-71.57359153206748;DESPEJADO;IMPRUDENCIA DEL CONDUCTOR;EXCESO DE VELOCIDAD;;NINGUNO
A-2022-11-38;02/11/2022;10:55;CHOQUE;;4;0;CARRETERA LONGITUDINAL SIERRA  SUR. TRAMO SICUANI - JULIACA;ALTURA DE LA COMUNIDAD SENCCA CHECTUYO;-14.30905408;-71.20804508980757;DESPEJADO;IMPRUDENCIA DEL CONDUCTOR;EXCESO DE VELOCIDAD;;NINGUNO
A-2022-11-39;24/11/2022;13:30;DESPISTE;VOLCADURA CON CONSECUENCIA FATAL;1;7;CARRETERA SIHUAS- CASHAPAMPA KM 91 52;LUGAR DENOMINADO KIROGA;-8.554136304;-77.6367799003079;DESPEJADO;IMPRUDENCIA DEL CONDUCTOR;EXCESO DE VELOCIDAD;;NINGUNA
A-2022-11-4;10/11/2022;02:15;CHOQUE;POR ALCANCE;3;1;CARRETERA PANAMERICANA SUR KM. 297;FRENTE AL GRIFO PRIMAX;-14.03376348;-75.75632772796854;DESPEJADO;NO IDENTIFICA LA CAUSA;;;
A-2022-11-40;11/11/2022;01:30;ATROPELLO;FUGA CONCONSECUENCIA DE MUERTE;1;0;CARETERA CENTRAL HUARAZ- CARAZ;DISTRITO DE TINCO;-9.270052555;-77.67497629401554;DESPEJADO;NO IDENTIFICA LA CAUSA;;;NINGUNA
A-2022-11-41;30/11/2022;10:00;ATROPELLO;EL VEHICULO REALIZABA EL OPERATIVO DE RETROCESO EN SENTIDO DE OESTE - ESTE Y EL PEATON  SE DESPLAZABA EN SENTIDO OESTE A ESTE, EN CIRUNSTANCIAS QUE  EL VEHICULO IMPACTA AL PEATON MATERIALIZANDOSE EL EVENTO;1;0;CALLE MARQUEZ S/N;;-13.45579556;-72.25418596413121;SOLEADO;IMPRUDENCIA DEL CONDUCTOR;OTRO (IMPRUDENCIA DEL CONDUCTOR);REALIZAR EL OPERATIVO DE RETROCESO SIN EXTREMAR SUS MEDIDAS DE SEGURIDAD;NINGUNO
A-2022-11-43;02/11/2022;19:00;ATROPELLO;CON CONSECUENCIA FATAL;1;1;CARRETERA TROCHA CARROZABLE CARHUAZ;AUQUIPAMPA;-9.282806434;-77.64802974004212;LLUVIOSO;NO IDENTIFICA LA CAUSA;;;NINGUNA
A-2022-11-44;16/11/2022;13:00;DESPISTE;SEGUIDO DE VOLCADURA CON CONSECUENCIA FATAL;2;0;CARRETERA DE PENETRACION HUALLANCA;LA UNION KM 147 600;-9.898938118;-76.94136645151447;DESPEJADO;NO IDENTIFICA LA CAUSA;;;NINGUNO
A-2022-11-45;13/11/2022;22:05;CHOQUE;CON CONSECUENCIA FATAL;1;2;CARRETERA HUARAZ CARAZ;RECREO YANET-MARCARA;-9.322360094;-77.60572180915618;DESPEJADO;IMPRUDENCIA DEL CONDUCTOR;INVASIÓN DE CARRIL;;NINGUNO
A-2022-11-46;19/11/2022;04:00;DESPISTE;DE VOLCADURA CON CONSECUENCIA DE MUERTE;1;0;CARRETERA DISTRITO DE PONTO;CENTRO POBLADO PONTO;-9.327396358;-77.00286239987815;DESPEJADO;NO IDENTIFICA LA CAUSA;;;NINGUNA
A-2022-11-47;10/11/2022;18:50;DESPISTE;SEGUIDO DE VOLCADURA CON CONSECUENCIA FATAL ;1;1;CASERIO DE MARQUI DISTRITO DE CORIS;;-9.820680408;-77.72040312285344;DESPEJADO;NO IDENTIFICA LA CAUSA;;;NINGUNA
A-2022-11-48;04/11/2022;13:30;CHOQUE;DESPISTE;1;26;CARRETERA PUNO-DESAGUADERO;KM. 1375 400;-15.886;-69.902;DESPEJADO;IMPRUDENCIA DEL CONDUCTOR;GIRAR IMPRUDENTEMENTE;;
A-2022-11-49;07/11/2022;10:40;CHOQUE;POR EMBISTE;1;0;CARRETERA ILAVE-MAZOCRUZ;KM. 08 500;-16.15599463;-69.64763955560258;DESPEJADO;IMPRUDENCIA DEL CONDUCTOR;GIRAR IMPRUDENTEMENTE;;
A-2022-11-5;12/11/2022;17:40;ATROPELLO;MUERTE DEL PEATON;1;0;CARRETERA PANAMERICANA SUR KM. 319;-;-14.20654449;-75.71407415451067;SOLEADO;NO IDENTIFICA LA CAUSA;;;
A-2022-11-50;10/11/2022;04:30;DESPISTE;CHOQUE;1;4;CARRETERA PUNO-DESAGUADERO;KM. 143 900;-16.2107485;-69.44360923499507;DESPEJADO;IMPRUDENCIA DEL CONDUCTOR;EXCESO DE VELOCIDAD;;
A-2022-11-51;11/11/2022;08:40;ATROPELLO;FATAL;1;0;COMUNIDAD DE ACOMARCA-PIZACOMA ;KM. 45;-16.93746787;-69.38600035749663;DESPEJADO;IMPRUDENCIA DEL CONDUCTOR;INVASIÓN DE CARRIL;;
A-2022-11-52;13/11/2022;20:00;DESPISTE;CHOQUE Y VOLCADURA;2;1;CARRETERA JAJANRACAPANO-CAPACHICA;;-15.65301844;-69.84491587173731;DESPEJADO;IMPRUDENCIA DEL CONDUCTOR;CONDUCIR EN ESTADO DE EBRIEDAD Y/O DROGADICCIÓN;;
A-2022-11-53;15/11/2022;21:31;CHOQUE;-;1;0;AV. BOLOGNESI-JULI;;-16.2195585;-69.4758524;DESPEJADO;IMPRUDENCIA DEL CONDUCTOR;OTRO (IMPRUDENCIA DEL CONDUCTOR);REALIZAR MANIOBRAS TEMERARIAS BAJO LA INGESTA DE BEBIDAS ALCOHOLICAS;
A-2022-11-54;17/11/2022;18:30;CHOQUE;;2;0;CARRETERA CHIPANA-CACHIPUCARA;-;-16.060408;-69.481173;DESPEJADO;IMPRUDENCIA DEL CONDUCTOR;GIRAR IMPRUDENTEMENTE;;
A-2022-11-55;20/11/2022;02:20;DESPISTE;-;1;0;CARRETERA PANAMERICANA SUR CON AV. A QUIROGA-JULI;-;-16.210565;-69.443086;DESPEJADO;IMPRUDENCIA DEL CONDUCTOR;OTRO (IMPRUDENCIA DEL CONDUCTOR);EXCESO DE CONFIANZA DEL CONDUCTOR, AUNADO A ELLO LA VELOCIDAD;
A-2022-11-56;22/11/2022;22:11;DESPISTE;;1;0;CARRETERA PUNO-DESAGUADERO;KM. 1459 600;-16.25860703;-69.31235783197457;DESPEJADO;IMPRUDENCIA DEL CONDUCTOR;EXCESO DE VELOCIDAD;;
A-2022-11-57;23/11/2022;08:00;ATROPELLO FUGA;CONSECUENCIA FATAL;1;0;COMUNIDAD MULLACANI-PILCUYO;-;-16.06022654;-69.48100453574796;DESPEJADO;NO IDENTIFICA LA CAUSA;;;FALTA DE UN ELEMENTO ( VEHICULO)
A-2022-11-58;27/11/2022;19:30;ATROPELLO FUGA;FUGA;1;1;CARRETERA YUNGUYO-COPANI;KM. 16;-16.402753;-69.044535;DESPEJADO;NO IDENTIFICA LA CAUSA;;;FALTA DE UN ELEMENTO ( VEHICULO)
A-2022-11-59;09/11/2022;00:30;DESPISTE;SEGUIDO DE CHOQUE CON LCONSECUENCI FATAL;1;3;CARRETERA PATIVILCA HUARAZ;LUGAR DENOMINADO ACO;-9.542851145;-77.53317436122363;DESPEJADO;IMPRUDENCIA DEL CONDUCTOR;EXCESO DE VELOCIDAD;;NINGUNA
A-2022-11-6;13/11/2022;03:00;ATROPELLO;-;1;0;CARRETERA PANAMERICANA SUR KM. 239;-;-13.874253;-76.125205;DESPEJADO;NO IDENTIFICA LA CAUSA;;;
A-2022-11-60;29/11/2022;11:20;CHOQUE;FATAL;1;1;CARRETERA PANAMERICANA SUR PUNO-JULIACA;KM. 1352 500;-15.79571107;-70.03609831460312;DESPEJADO;IMPRUDENCIA DEL CONDUCTOR;INVASIÓN DE CARRIL;;
A-2022-11-61;07/11/2022;14:30;ATROPELLO;APLASTAMIENTO ;2;0;KM 118 57;SAN ANTON MACUSANI;-14.47164;-70.2516024;DESPEJADO;IMPRUDENCIA DEL CONDUCTOR;EXCESO DE VELOCIDAD;;NINGUNA 
A-2022-11-62;10/11/2022;14:30;CHOQUE;-;1;0;KM 18 200;PURINA;-14.88385826;-70.42597586154052;DESPEJADO;IMPRUDENCIA DEL CONDUCTOR;CONDUCIR EN ESTADO DE EBRIEDAD Y/O DROGADICCIÓN;;NINGUNA 
A-2022-11-63;10/11/2022;12:10;ATROPELLO;APLASTAMIENTO;1;0;JIRON LA COLMENA ;-;-15.47232314;-70.11054039442485;DESPEJADO;IMPRUDENCIA DEL PEATÓN;CRUCE INDEBIDO POR LA CALZADA;;NINGUNA 
A-2022-11-64;20/11/2022;07:40;ATROPELLO;-;1;0;INTERIOR DEL DOMICILIO ;-;-14.61461039;-70.78769618987438;DESPEJADO;IMPRUDENCIA DEL PEATÓN;OTRO (IMPRUDENCIA DEL PEATÓN);AL DESPLAZARSE POR DETRAS DE LA UT-1;NINGUNA 
A-2022-11-65;22/11/2022;03:10;DESPISTE;VOLCADURA ;2;1;KM 229 630;AREQUIPA JULIACA ;-15.6652879;-70.6545816;DESPEJADO;IMPRUDENCIA DEL CONDUCTOR;INVASIÓN DE CARRIL;;NINGUNA 
A-2022-11-66;27/11/2022;23:50;ATROPELLO;-;1;0;CARRETERA PANAMERICANA NORTE KM 811 330;-;-6.59945;-79.9742;DESPEJADO;NO IDENTIFICA LA CAUSA;;;
A-2022-11-67;24/11/2022;16:30;CHOQUE;-;1;0;CARRETERA FERREÑAFE PITIPO;KM 19 RECREO BOBADILLA;-6.59833;-79.78725;DESPEJADO;NO IDENTIFICA LA CAUSA;;;
A-2022-11-68;28/11/2022;19:00;CHOQUE;-;1;1;CARRETERA FERNANDO BELAUNDE TERRY KM 14 460;-;-6.557046;-79.868481;DESPEJADO;NO IDENTIFICA LA CAUSA;;;
A-2022-11-69;30/11/2022;18:20;ATROPELLO FUGA;VEHICULO MENOR  MOTOCICLETA SE DIRIGIA DE ANTA - CACHIMAYO, AL LLEGAR A ALTURA DE LA COMUNIDAD DE HUHUAYCHAY IMPACTA AL PEATON, SEGUIDO SE ORIGINA LA VOLCADURA EN TONEL IZQUIERDO IMPACTANDO CONTRA UN PUENTE ALCANTARILLA, PARA LUEGO SU CONDUCTOR DARSE A LA FUGA;1;0;LONGITUDINAL SIERRA SUR. TRAMO ANTA - CACHIMAYO;ALTURA DEL PUENTE SUARAY;-13.4730593;-72.1321214;DESPEJADO;IMPRUDENCIA DEL CONDUCTOR;EXCESO DE VELOCIDAD;;NINGUNA
A-2022-11-7;17/11/2022;05:00;ATROPELLO FUGA;-;1;0;ANTIGUA CARRETERA PANAMERICANA SUR KM.228;FRONTIS DEL GRIFO PETRO PERU ;-13.692376;-76.15555;DESPEJADO;NO IDENTIFICA LA CAUSA;;;
A-2022-11-71;04/11/2022;20:00;CHOQUE;CHOQUE FRONTAL;1;1;CARRETERA LONGITUDINAL SELVA NORTE  KM 502;SANTO DOMINGO DE ANDA;-9.062008;-76.075449;DESPEJADO;IMPRUDENCIA DEL CONDUCTOR;CONDUCIR EN ESTADO DE EBRIEDAD Y/O DROGADICCIÓN;;NINGUNA
A-2022-11-72;12/11/2022;20:20;ATROPELLO FUGA;CON PROYECCIÓN;1;0;CARRETERA TRANSVERSAL RUTA PE 18A KM. 134;CENTRO TURISTICO VILLA HIDALGO;-9.212693095;-75.98727095164786;DESPEJADO;NO IDENTIFICA LA CAUSA;;;NINGUNA
A-2022-11-73;01/11/2022;04:12;ATROPELLO FUGA;ATROPELLO Y FUGA;1;0;AV. EMANCIPACIÓN ;;-17.983423;-70.240262;DESPEJADO;NO IDENTIFICA LA CAUSA;;;