COD_ACCIDE;FechaDelAccidente;HoraDelAccidente;ClaseDelAccidente;SecuenciaAccidente;CantidadDeFallecidos;CantidadDeLesionados;Direccion;LugarReferencia;y;x;CondClimatica;CausaFactorPrincipal;CausaEspecifica;OtraCausa;Observaciones
A-2022-11-74;06/11/2022;06:30;DESPISTE;DESPISTE Y VOLCADURA;1;0;CARRETERA TACNA-TARATA KM. ;;-17.636026;-70.067803;DESPEJADO;IMPRUDENCIA DEL CONDUCTOR;OTRO (IMPRUDENCIA DEL CONDUCTOR);SOMNOLENCIA, CANSANCIO;
A-2022-11-75;09/11/2022;20:10;ATROPELLO FUGA;ATROPELLO Y FUGA;1;0;AV. EL SOL C/ CALLE MARIA PARADO DE BELLIDO;;-17.986016;-70.233182;DESPEJADO;NO IDENTIFICA LA CAUSA;;;
A-2022-11-76;11/11/2022;18:30;CHOQUE;CHOQUE;1;0;AV. HEROES DE LA GUERRA DEL PACÍFICO - ANEXO MIRAFLORES ;;-17.858745;-70.555653;DESPEJADO;IMPRUDENCIA DEL CONDUCTOR;CONDUCIR EN ESTADO DE EBRIEDAD Y/O DROGADICCIÓN;;
A-2022-11-77;11/11/2022;15:23;ATROPELLO;ATROPELLO CON PROYECCION;1;0;AV. HIPOLITO UNANUE ;FRONTIS DEL TERMINAL TERRESTRE DE TACNA;-18.003813;-70.258094;DESPEJADO;IMPRUDENCIA DEL CONDUCTOR;OTRO (IMPRUDENCIA DEL CONDUCTOR);DESATENCION EN LA CONDUCCIÓN;
A-2022-11-78;26/11/2022;19:35;ATROPELLO FUGA;ATROPELLO Y FUGA;1;0;CARRETERA PANAMERICANA SUR KM 1333 800;;-18.292291;-70.316267;DESPEJADO;IMPRUDENCIA DEL CONDUCTOR;EXCESO DE VELOCIDAD;;VEHICULO EN PROCESO DE IDENTIFICACIÓN
A-2022-11-79;06/11/2022;20:55;ATROPELLO FUGA;-;1;0;CARRETERA PANAMERICANA NORTE ALTURA DEL KM. 567;-;-8.149811;-79.041772;DESPEJADO;NO IDENTIFICA LA CAUSA;;;
A-2022-11-8;19/11/2022;07:30;CHOQUE;POR ALCANCE;1;0;CARRETERA PANAMERICANA SUR KM.249;-;-13.9049924;-76.0526704;DESPEJADO;NO IDENTIFICA LA CAUSA;;;
A-2022-11-80;10/11/2022;19:00;CHOQUE;-;1;0;CARRETERA DE ACCESO AL CP CEBRUNA;-;-7.370709592;-79.46864077007683;DESPEJADO;IMPRUDENCIA DEL CONDUCTOR;ADELANTAR INDEBIDAMENTE;;
A-2022-11-81;11/11/2022;07:00;CHOQUE;-;1;0;INTERSECCION DE LA AV. TAHUANTISUYO CON CALLE. MARIANO MORENO;-;-8.074238;-79.047902;DESPEJADO;IMPRUDENCIA DEL CONDUCTOR;NO ESTABLECER EL DERECHO DE PASO;;
A-2022-11-82;13/11/2022;04:30;CHOQUE;-;2;0;CARRETERA PANAMERICANA NORTE ALTURA DEL KM. 574.9;OVALO HUANCHACO;-8.088236;-79.096604;DESPEJADO;IMPRUDENCIA DEL CONDUCTOR;CONDUCIR EN ESTADO DE EBRIEDAD Y/O DROGADICCIÓN;;
A-2022-11-83;13/11/2022;03:00;DESPISTE;-;1;1;CARRETERA DE ACCESO AL DISTRITO DE PATAZ CON DIRECCION AL ANEXO DEL PUEBLO NUEVA REF. A LA ALTURA DE LA QUINTA;-;-7.778377;-77.592619;DESPEJADO;IMPRUDENCIA DEL CONDUCTOR;OTRO (IMPRUDENCIA DEL CONDUCTOR);EXCESO DE CONFIANZA EN LA CONDUCCION ;EXCESO DE CONFIANZA EN LA CONDUCCION
A-2022-11-84;16/11/2022;05:30;ATROPELLO FUGA;-;1;0;CARRETERA PANAMERICANA NORTE ALTURA DEL KM. 718;-;-7.152814765;-79.44806478639671;DESPEJADO;IMPRUDENCIA DEL PEATÓN;CRUCE INDEBIDO POR LA CALZADA;;
A-2022-11-85;18/11/2022;09:10;DESPISTE;-;11;16;CARRETERA PANAMERICANA NORTE ALTURA DEL KM. 668;-;-7.453194;-79.490454;DESPEJADO;IMPRUDENCIA DEL CONDUCTOR;FATIGA Y/O CANSANCIO;;
A-2022-11-86;19/11/2022;19:30;CHOQUE;-;2;0;AUTOPISTA SALAVERRY ALTURA DEL KM. 2.5;-;-8.187631489;-78.99450323406467;DESPEJADO;IMPRUDENCIA DEL CONDUCTOR;NO ESTABLECER EL DERECHO DE PASO;;
A-2022-11-87;19/11/2022;21:50;CHOQUE;-;1;0;CARRETERA PANAMERICANA NORTE ALTURA DEL KM. 566;-;-8.152316035;-79.0352888893091;DESPEJADO;IMPRUDENCIA DEL CONDUCTOR;ADELANTAR INDEBIDAMENTE;;
A-2022-11-88;04/11/2022;12:50;ATROPELLO;.;1;0;CARRETERA PANAMERICANA NORTE KM 1278.1;CRUCE PUERTO PIZARRO;-3.534922805;-80.37709149983799;SOLEADO;IMPRUDENCIA DEL CONDUCTOR;NO DAR PASO PREFERENTE AL PEATÓN;;
A-2022-11-89;14/11/2022;19:20;DESPISTE;DESPISTE Y VOLCADURA CON CONSECUENCIA FATAL;1;0;SECTOR CCOCHA PUMARANCA;TAMBURCO;-13.59327662;-72.85784924896922;;;;;
A-2022-11-9;20/11/2022;04:05;ATROPELLO FUGA;-;1;0;CARRETERA PANAMERICANA SUR KM. 260 ;-;-13.93039454;-75.94484165252497;DESPEJADO;NO IDENTIFICA LA CAUSA;;;
A-2022-11-90;07/11/2022;23:59;DESPISTE;DESPISTE Y VOLCADURA;1;1;SECTOR LLAUQUI;COMUNIDAD PITUHUANCA;-13.84066768;-72.57725216737086;;;;;
A-2022-11-91;19/11/2022;21:30;DESPISTE;DESPISTE Y VOLCADURA;2;1;VIA PANAMERICANA CUSCO NAZCA 848 500;SECTOR CCELLOCCACCA;-13.64173298;-72.59979738921055;;;;;
A-2022-11-92;18/11/2022;06:30;CHOQUE;-;1;0;AV. FEDERICO VILLARREAL ALTURA DE LA CANCHA SINTETICA - VILLA BOLIVARIANA;-;-8.091836;-79.034714;DESPEJADO;IMPRUDENCIA DEL CONDUCTOR;INVASIÓN DE CARRIL;;
A-2022-11-93;22/11/2022;18:20;ATROPELLO;-;1;0;AV. TAHUANTISUYO CDRA. 11;-;-8.083166;-79.042984;DESPEJADO;IMPRUDENCIA DEL CONDUCTOR;NO DAR PASO PREFERENTE AL PEATÓN;;
A-2022-11-94;24/11/2022;19:00;CHOQUE;-;1;2;CARRETERA DE PENETRACION AL CPM EL CARMELO;-;-8.466761;-78.859104;DESPEJADO;NO IDENTIFICA LA CAUSA;;;
A-2022-11-95;24/11/2022;14:09;ATROPELLO;-;1;1;INTERSECCION DEL JR. JUNIN CON JR. INDEPENDENCIA;-;-8.10851;-79.026671;DESPEJADO;IMPRUDENCIA DEL CONDUCTOR;GIRAR IMPRUDENTEMENTE;;
A-2022-11-96;26/11/2022;11:40;CHOQUE;-;1;1;CARRETERA DE PENETRACION A LA SIERRA LIBERTEÑA ALTURA DEL KM. 8;-;-8.098803;-78.95821;DESPEJADO;NO IDENTIFICA LA CAUSA;;;
A-2022-11-97;27/11/2022;05:25;CHOQUE;-;1;2;CARRETERA DE PENETRACION A LA SIERRA LIBERTELA ALTURA DEL KM. 12.7;-;-8.088592;-78.914284;DESPEJADO;IMPRUDENCIA DEL CONDUCTOR;CONDUCIR EN ESTADO DE EBRIEDAD Y/O DROGADICCIÓN;;
A-2022-11-98;21/11/2022;21:20;ATROPELLO FUGA;.;1;0;CARRETERA PANAMERICANA NORTE KM 240.5;FRONTIS DE LA EMPRESA MARINASOL ;-3.613267651;-80.5126616962128;DESPEJADO;IMPRUDENCIA DEL CONDUCTOR;NO DAR PASO PREFERENTE AL PEATÓN;;
A-2022-11-99;25/11/2022;20:00;VOLCADURA;.;1;0;CARRETERA DE PENETRACION DE ZORRITOS A CAÑAVERAL  ;ALTURA DEL CRUCE DE CAP. HOYLE. ;-3.91571366;-80.62706879064115;DESPEJADO;IMPRUDENCIA DEL CONDUCTOR;OTRO (IMPRUDENCIA DEL CONDUCTOR);AL NO CIRCULAR CON CIUDADO Y PREVENCION ;
A-2022-12-100;07/12/2022;20:30;ATROPELLO;DAÑOS MATERIALES Y CONSECUENCIA FATAL;1;0;CARRETERA FERNANDO BELAUNDE TERRY KM 262 800;CONTROL DEL PASE VEHÍCULAR BAGUA GRANDE - PEDRO RUÍZ;-5.883872402;-78.20081233978273;DESPEJADO;NO IDENTIFICA LA CAUSA;;;LA UPIAT AMAZONAS NO CUENTA CON PERITOS DE CONSTATACIÓN DE DAÑOS
A-2022-12-101;02/12/2022;07:40;CHOQUE;-;1;3;KM 243 300;-;-15.68114249;-70.5560874746419;DESPEJADO;IMPRUDENCIA DEL CONDUCTOR;EXCESO DE VELOCIDAD;;NINGUNA 
A-2022-12-102;08/12/2022;23:20;DESPISTE;VOLCADURA ;1;0;KM 29 500;-;-15.29900908;-69.98580957023911;DESPEJADO;IMPRUDENCIA DEL CONDUCTOR;EXCESO DE VELOCIDAD;;NINGUNA 
A-2022-12-103;06/12/2022;04:00;ATROPELLO FUGA;;1;0;DISTRITO DE AHUAYRO;;-13.500488;-73.808641;DESPEJADO;IMPRUDENCIA DEL CONDUCTOR;OTRO (IMPRUDENCIA DEL CONDUCTOR);SE INVESTIGA;"POR ENCONTRARSE EN ALERTA ABOSLUTA POR LA COYUNTURA NACIONAL, PERSONAL PNP UPIAT NO FUE AL LUGAR DE LOS HECHOS; ASIMISMO SE PONE DE CONOCIMIENTO QUE TODOS LOS ACTUADOS REALIZADOS POR PERSONAL PNP DE CIA CHINCHEROS SE PERDIERON POR LA QUEMA DE LA COMISARIA  "
A-2022-12-104;04/12/2022;23:30;ATROPELLO FUGA;-;1;0;KM 22 41;-;-15.13057464;-70.21605306603558;DESPEJADO;INFRAESTRUCTURA Y ENTORNO VIAL;FACTOR AMBIENTAL;;NINGUNA 
A-2022-12-106;02/12/2022;19:20;CHOQUE;-;1;1;SECTOR LA PAZ - BATANGRANDE;-;-6.4737448;-79.6349695;DESPEJADO;NO IDENTIFICA LA CAUSA;;;
A-2022-12-107;03/12/2022;16:40;CHOQUE;-;1;1;CARRETERA PANAMERICANA NORTE ANTIGUA KM 27 800 DEL CASERÍO PUENTE MACHUCA;PUENTE MACHUCA;-6.4390482;-79.8487323;DESPEJADO;NO IDENTIFICA LA CAUSA;;;
A-2022-12-108;17/12/2022;20:02;DESPISTE;-;1;0;AV PERU;IE OCTAVIO CAMPOS OTOLEAS;-6.7710257;-79.7874357;DESPEJADO;NO IDENTIFICA LA CAUSA;;;
A-2022-12-109;06/12/2022;06:50;CHOQUE;-;1;3;CARRETERA PANAMERICANA SUR KM 774;ALTURA DEL CENTRO DE ESPARCIMIENTO EL MIRADOR;-6.8444147;-79.8293059;DESPEJADO;NO IDENTIFICA LA CAUSA;;;
A-2022-12-11;02/12/2022;10:00;DESPISTE;SEGUIDO  DE VOLCADURA CON CONSECUENCIA FATAL,  LESIONES PERSONALES Y DAÑOS MATERIALES.;1;1;CARRETERA YUNGAY KM1 044;CASERIO IRISH;-9.142778615;-77.74702647393447;DESPEJADO;IMPRUDENCIA DEL CONDUCTOR;FATIGA Y/O CANSANCIO;;NINGUNO
A-2022-12-110;04/12/2022;19:45;ATROPELLO;;1;0;AV. ELMER FAUCETT;ALTURA DEL PARADERO 1ERO DE MAYO;-12.0414112;-77.101385617;DESPEJADO;IMPRUDENCIA DEL CONDUCTOR;CONDUCIR EN ESTADO DE EBRIEDAD Y/O DROGADICCIÓN;;SE REMITIO A LA FISCALIA
A-2022-12-112;31/12/2021;17:30;CHOQUE;ACCIDENTE DE TRÁNSITO MIXTO - CHOQUE FRONTAL EXCÉNTRICO IZQUIERDO, SEGUIDO DE VOLCADURA EN TONEL 1/3, LADO IZQUIERDO,  CON CONSECUENCIA DE MUERTE Y LESIONES GRAVES.;1;1;CARRETERA DE PENETRACIÓN SAYÁN - CHURÍN. KM. 68.823.25;PIEDRA PINTADA;-11.0398077;-77.11205005274367;DESPEJADO;IMPRUDENCIA DEL CONDUCTOR;INVASIÓN DE CARRIL;;NINGUNA
A-2022-12-113;30/12/2022;04:20;ATROPELLO;-;1;0;KM 90 600;-;-14.67406873;-70.3663212984862;DESPEJADO;IMPRUDENCIA DEL PEATÓN;CRUCE INDEBIDO POR LA CALZADA;;NINGUNA 
A-2022-12-114;12/12/2022;00:30;DESPISTE;"ACCIDENTE DE TRÁNSITO SIMPLE – DESPISTE TOTAL, SEGUIDO DE CHOQUE, CON CONSECUENCIA DE LESIONES GRAVES, LESIONES LEVES, MUERTE Y DAÑOS MATERIALES; CON LA PARTICIPACIÓN DEL VEHÍCULO CATG. M1, AUTOMÓVIL, CARROCERÍA SEDA DE PLACA DE RODAJE ATO-473";1;2;AV. PERALVILLO CDRA. 33 - SANTA MARÍA;;-11.07588227;-77.59806092770323;DESPEJADO;IMPRUDENCIA DEL CONDUCTOR;EXCESO DE VELOCIDAD;;NINGUNA
A-2022-12-115;31/12/2022;04:40;ATROPELLO;-;1;0;KM 293 300;-;-15.51956645;-70.17767871292796;DESPEJADO;IMPRUDENCIA DEL PEATÓN;CRUCE INDEBIDO POR LA CALZADA;;NINGUNA 
A-2022-12-116;05/12/2022;17:12;CHOQUE;ACCIDENTE DE TRÁNSITO MIXTO, EN LA MODALIDAD DE DESPISTE PARCIAL, CHOQUE, SEGUIDO DE ATROPELLO CON SUBSECUENTE CHOQUE, CON CONSECUENCIA DE MUERTE, LESIONES TRAUMÁTICAS   GRAVES Y DAÑOS MATERIALES;1;1;CARRETERA PANAMERICANA NORTE. KM. 165.760.80;CENTRO POBLADO MAR DORADO;-10.98525573;-77.64325434119341;DESPEJADO;IMPRUDENCIA DEL CONDUCTOR;OTRO (IMPRUDENCIA DEL CONDUCTOR);FALTA DE ATENCIÓN EN SU EJE DE MARCHA;NINGUNA
A-2022-12-117;03/12/2022;10:00;CHOQUE CON OBJETO FIJO;ATROPELLO POR PROYECCIÓN CON SUBSECUENTE CHOQUE FRONTAL;1;0;CARRETERA BAMBAMARCA - CASERIO FRUTILLO BAJO (REF. PLAZA PECUARIA);CPNP BAMBAMARCA;-6.693225247;-78.5324613771701;SOLEADO;IMPRUDENCIA DEL PEATÓN;OTRO (IMPRUDENCIA DEL PEATÓN);;LA ACTITUD NEGLIGENTE DE NESTOR PEREZ RODRIGUEZ Y MERCEDES PEREZ RODRIGUEZ, HIJOS DE LA UT-2 (PEATÓN), POR EL DESCUIDO Y DESATENCIÓN A SU PADRE, QUIEN ERA UNA  PERSONA ANCIANA QUE NO SE ENCONTRABA EN COMPLETO USO DE SUS FACULTADES MENTALES, ADEMÁS DE PRESENTAR DISCAPACIDAD AUDITIVA (SORDERA), POR LO CUAL NECESITABA DEL APOYO DE UNA PERSONA APTA PARA QUE LO AYUDE A DESPLAZARSE EN LA VÍA PUBLICA.
A-2022-12-119;08/12/2022;14:00;DESPISTE;VOLCADURA;1;1;KM128 DE LA CARRETERA CHOTA - COCHABAMBA;CPNP COCHABAMBA;-6.49894333;-78.82061;DESPEJADO;NO IDENTIFICA LA CAUSA;;;
A-2022-12-120;08/12/2022;01:30;DESPISTE;VOLCADURA EN TONEL IZQUIERDO;1;6;KM.04 200 DE LA CARRETERA QUE CONDUCE DE COCHABAMBA AL C.P SOGOS;CRPNP-POMAHUACA;-6.49356833;-78.87548333;DESPEJADO;NEGLIGENCIA DEL CONDUCTOR;OTRO (NEGLIGENCIA DEL CONDUCTOR);"LA FALLA MECÁNICA EN EL SISTEMA DE DIRECCIÓN DE LA UT, AL MOMENTO QUE EL CONDUCTOR REALIZA EL GIRO DE SU VOLANTE HACIA SU LADO DERECHO CON LA FINALIDAD DE INGRESAR A LA CURVA DEL MISMO SENTIDO, LO QUE GENERA QUE LA UNIDAD VEHICULAR CONTINUE SU DESPLAZAMIENTO SIN MODIFICAR SU DIRECCIONALIDAD; LLEGANDO A DESPISTARSE A LA FAJA DE TIERRA LADO NORTE Y POSTERIORMENTE SUFRIR LA VOLCADURA POR EL ABISMO, MATERIALIZANDO EL ACCIDENTE DE TRÁNSITO";
A-2022-12-121;21/12/2022;16:00;DESPISTE;VOLCADURA EN TONEL DERECHO;1;0;KM 53 130 CARRETERA  C.P. SINCHIMACHE - QUEROCOTILLO;CPNP SINCHIMACHE;-6.293152629;-78.983828722132;DESPEJADO;IMPRUDENCIA DEL CONDUCTOR;EXCESO DE VELOCIDAD;;LA ACTITUD IMPRUDENTE POR PARTE DEL CONDUCTOR DE LA UT, AL CONDUCIR CON EXCESO DE CONFIANZA, DISTRACCIÓN AUNADA A UNA VELOCIDAD QUE RESULTÓ MAYOR QUE LA RAZONABLE PARA EL TIPO DE CAMINO SINUOSO (CURVA Y CONTRA CURVA A LA IZQUIERDA).
A-2022-12-122;27/12/2022;05:50;CHOQUE;---;2;3;KM.124 DE LA CARRETERA DE PENETRACIÓN CIUDAD DE DIOS CAJAMARCA;CRPNP MAGDALENA;-7.27770333;-78.59512833;SOLEADO;NO IDENTIFICA LA CAUSA;;;
A-2022-12-123;13/12/2022;22:00;DESPISTE;SUBSECUENTE VOLCADURA EN TONEL DERECHO;1;0;KM.105 960 CARRETERA CHEPEN - SAN GREGORIO.;CPNP SAN GREGORIO;-7.053935;-79.093381;NUBLADO;NO IDENTIFICA LA CAUSA;;;
A-2022-12-125;30/12/2022;00:30;CHOQUE;-;1;0;KM 32 964;-;-15.2934527;-69.9602214;DESPEJADO;IMPRUDENCIA DEL CONDUCTOR;EXCESO DE VELOCIDAD;;NINGUNA
A-2022-12-127;31/12/2022;03:30;CHOQUE;-;1;0;CARRETERA PANAMERICANA NORTE ANTIGUA KM 108 500;-;-5.8471795;-79.8080689;DESPEJADO;NO IDENTIFICA LA CAUSA;;;SE INVESTIGA
A-2022-12-129;05/12/2022;08:30;DESPISTE;SUBSECUENTE ATROPELLO POR PROYECCI{ON SEHUIDO DE CHOQUE ANTERIOR;1;1;INTERSECCIÓN DEL JR. PROLONGACIÓN SIMÓN BOLÍVAR Y JR. 07 DE JUNIO;COMISARIA DE BAMBAMARCA;-7.157707304;-78.50901717978292;SOLEADO;NO IDENTIFICA LA CAUSA;;;
A-2022-12-13;08/12/2022;22:40;CHOQUE;DESPISTE Y ATROPELLO;3;6;CARRETERA PUNO-MOQUEGUA ;KM. 68;-16.19722115;-70.13273287750263;LLUVIOSO;IMPRUDENCIA DEL CONDUCTOR;VEHÍCULO MAL ESTACIONADO;;
A-2022-12-131;26/12/2022;15:56;CHOQUE;;1;0;AV. NESTOR GAMBETTA KM 12;ALTURA EMPRESA TASA;-11.9439428;-77.1315501;DESPEJADO;NO IDENTIFICA LA CAUSA;;;NO ES ATRIBUIBLE A UNA ACCION U OMISION IMPUTABLE AL ELEMENTO HOMBRE EN SU CONDICION DE CONDUCTOR DE LA UT-1, ADEMAS EN SU CONDICION DE UN ADULT, VENIA PADECIENDO UNA ENFERMEDAD (EPILEPSIA). Y SEGUN EL CERTIFICADO DE NECROPSIA N° 453-2022CUYO DIAGNOSTICO ARROJO INFARTO RECIENTE DE MIOCARDIO.
A-2022-12-132;13/12/2022;05:00;ATROPELLO FUGA;ATROPELLO  Y  FUGA ;1;0;CARRETERA PIURA - CHULUCANAS ;ALTURA DEL ATLANTIS CLUB - CASTILLA ;-5.182648241;-80.57897714696101;DESPEJADO;;;;
A-2022-12-133;10/12/2022;14:00;CHOQUE CON OBJETO FIJO;;1;0;AV. MORALES DUAREZ;FRENTE A LA PUERTA DE INGRESO A SUPERPAC;-12.03861532;-77.099686344007;DESPEJADO;IMPRUDENCIA DEL CONDUCTOR;OTRO (IMPRUDENCIA DEL CONDUCTOR);DESPLAZAR SU UNIDAD A UNA VELOCIDAD QUE RESULTO NO RAZONABLE NI PRUDENTE PARA LAS CIRCUNSTANCIAS DEL MOMENTO Y LUGAR.;NINGUNA
A-2022-12-134;23/12/2022;16:40;ATROPELLO FUGA;;1;0;AV. SANTA ROSA Y ALAMEDA;;-12.0425695;-77.118363617;DESPEJADO;NO IDENTIFICA LA CAUSA;;;AL NO SER POSIBLE  EFECTUAR EL ESTUDIO DE TODOS LOS ELEMENTOS DE TRANSITO QUE PARTICIPARON EN EL EVENTO, LA INVESTIGACION TECNICA NO PUEDE SER CONCLUIDA.
A-2022-12-135;02/12/2022;22:55;DESPISTE;VOLCADURA, CAÍDA;1;0;AV. LIMA SUR 1702 (CARRETERA CENTRAL KM 32 560);ALTURA ENTRADA LA CANTUTA;-11.9447862;-76.7097334987167;DESPEJADO;NO IDENTIFICA LA CAUSA;;;
A-2022-12-136;03/12/2022;07:00;ATROPELLO;;1;0;AV. TUPAC AMARU CON AV. MANUEL PRADO (CARRETERA PE-20A KM 20.320);;-11.87342;-77.01557;DESPEJADO;NO IDENTIFICA LA CAUSA;;;
A-2022-12-137;03/12/2022;12:00;ATROPELLO;;1;0;ANTIGUA PANAMERICANA SUR KM 34;;-12.25298749;-76.89355283461006;DESPEJADO;NO IDENTIFICA LA CAUSA;;;EL VEHÍCULO SE DESPLAZABA EN SENTIDO CONTRARIO AL TRÁNSITO VEHICULAR
A-2022-12-138;05/12/2022;18:00;DESPISTE;VOLCADURA Y CAÍDA;1;0;AV. CENTRAL BERNARDO BALAGVER ;URBANIZACCIÓN EL PINO;-11.97631213;-76.78678259760014;DESPEJADO;NO IDENTIFICA LA CAUSA;;;
A-2022-12-139;05/12/2022;23:30;DESPISTE;VOLCADURA Y CAÍDA;1;0;AV. ROSARIO DEL NORTE;ALTURA DE LA MZ. F DE LA ASOCIACIÓN SEÑOR DE LOS MILAGROS;-11.985932;-77.086157;DESPEJADO;NO IDENTIFICA LA CAUSA;;;
A-2022-12-14;09/12/2022;20:10;ATROPELLO;FATAL;1;0;CARRETERA BINACIONAL;KM. 268 600;-16.5830728;-69.2295886;DESPEJADO;IMPRUDENCIA DEL PEATÓN;CRUCE INDEBIDO POR LA CALZADA;;
A-2022-12-140;06/12/2022;10:00;DESPISTE;VOLCADURA Y CAÍDA ;1;0;CIRCUITO DE PLAYA ;ALTURA DE LA PLAYA PAMPILLA;-12.12439504;-77.04037845797377;DESPEJADO;NO IDENTIFICA LA CAUSA;;;
A-2022-12-141;08/12/2022;04:50;DESPISTE;VOLCADURA, CAÍDA;1;0;AV. PROLONGACIÓN DEFENSORES DEL MORRO N°458;;-12.19618476;-77.00054599573585;DESPEJADO;NO IDENTIFICA LA CAUSA;;;
A-2022-12-142;10/12/2022;10:30;DESPISTE;ATROPELLO;1;1;JR. ASCOPE CDRA. 04 ;FRENTE A CC. NICOLLINI;-12.04457617;-77.0457080251964;DESPEJADO;NO IDENTIFICA LA CAUSA;;;
A-2022-12-143;11/12/2022;00:15;ATROPELLO;;1;0;CARRETERA CENTRAL KM30.450;;-11.951577;-76.726837;DESPEJADO;NO IDENTIFICA LA CAUSA;;;
A-2022-12-144;11/12/2022;12:50;ATROPELLO;;1;0;CARRETERA PANAMERICANA NORTE KM 23.500;DISTRIBUIDORA BACKUB;-11.9249839;-77.07292633774752;DESPEJADO;NO IDENTIFICA LA CAUSA;;;
A-2022-12-146;06/12/2022;20:40;ATROPELLO;CON PROYECCIÓN CON CONSECUENCIA FATAL Y DAÑOS MATERIALES ;1;0;AVENIDA CIRCUNVALACION SIN NUMERO PROYECTO PASTO GRANDE;CARRETERA RURAL;-17.19350855;-70.91759698233433;;;;;
A-2022-12-147;02/12/2022;08:30;CHOQUE;DESPISTE Y ATROPELLO;1;1;AV. LAS TORRES;(ALTURA DEL ZOOLÓGICO DE HUACHIPA) CALZADA NORTE CARRIL IZQUIERDO;-12.01503277;-76.90017695554093;DESPEJADO;NO IDENTIFICA LA CAUSA;;;
A-2022-12-148;04/12/2022;02:10;DESPISTE;CHOQUE Y CAÍDA;1;1;AV. CIRCUITO DE PLAYAS ALTURA DE LA PLAYA LA PAMPILLA;;-12.12482674;-77.03950830798374;DESPEJADO;NO IDENTIFICA LA CAUSA;;;
A-2022-12-149;05/12/2022;20:30;ATROPELLO;;1;0;AV. VÍCTOR MALÁSQUEZ S/N;FRENTE AL ARCO RETAMAL DISTRITO DE PACHACAMAC;-12.14939844;-76.87106961727629;DESPEJADO;NO IDENTIFICA LA CAUSA;;;
A-2022-12-15;09/12/2022;20:20;ATROPELLO FUGA;-;1;0;CARRETERA FERNANDO BELAUNDE TERRY KM 430 970;-;-5.80581;-77.39851;DESPEJADO;NO IDENTIFICA LA CAUSA;;;NO SE CUENTA CON TODOS LOS ELEMENTOS PARTICIPANTES DEL ACCIDENTE DE TRANSITO
A-2022-12-150;06/12/2022;11:20;ATROPELLO;POR APLASTAMIENTO Y CHOQUE;1;0;AV. GUARDIA CIVIL CDRA. 02;;-12.09114926;-77.00845235698405;DESPEJADO;NO IDENTIFICA LA CAUSA;;;
A-2022-12-151;10/12/2022;23:30;ATROPELLO FUGA;;1;0;CARRETERA PANAMERICANA SUR KM 14.500;ALTURA PUENTE AMÉRICA;-12.18360255;-76.97522781345661;DESPEJADO;NO IDENTIFICA LA CAUSA;;;
A-2022-12-152;12/12/2022;18:15;ATROPELLO;;1;0;AV. EDUARDO DE HABICH CDRA. 07;RESTAURANTE LA CASITA DEL DESAYUNO;-12.02988392;-77.06106400049627;DESPEJADO;NO IDENTIFICA LA CAUSA;;;
A-2022-12-153;13/12/2022;13:00;ATROPELLO;;1;0;AV. CARLOS IZAGUIRRE CON AV. ALEJANDRO BERTELLO;;-11.9879312;-77.1144248;DESPEJADO;NO IDENTIFICA LA CAUSA;;;
A-2022-12-154;13/12/2022;21:10;ATROPELLO FUGA;;1;0;AV. PRÓCERES DE HUANDOY CDRA. 50 ALTURA DE LA MZ M2 LOTE 28;MERCADO HUANDOY;-11.975885;-77.083015;DESPEJADO;NO IDENTIFICA LA CAUSA;;;
A-2022-12-155;18/12/2022;03:00;ATROPELLO FUGA;;1;0;CARRETERA PANAMERICANA SUR KM 24.680;;-12.25000636;-76.93125838153544;DESPEJADO;NO IDENTIFICA LA CAUSA;;;
A-2022-12-156;19/12/2022;02:00;DESPISTE;CHOQUE, VOLCADURA, CAÍDA DE PASAJERO.;1;1;CARRETERA PANAMERICANA NORTE KM 31.875;ALTURA DEL HOSPITAL PUENTE PIEDA;-11.8627248;-77.0772256;DESPEJADO;NO IDENTIFICA LA CAUSA;;;
A-2022-12-157;19/12/2022;09:25;VOLCADURA;CAÍDA, ATROPELLO, CHOQUE;1;0;CARRETERA PANAMERICANA NORTE KM 26 387;;-11.900399;-77.067679;DESPEJADO;NO IDENTIFICA LA CAUSA;;;LA MOTOCICLETA AL CIRCULAR POR EL CARRIL IZQUIERDO SE VUELCA Y EL CONDUCTOR CAE EN SU MISMO CARRIL DE CIRCULACIÓN MIENTRAS QUE SU OCUPANTE JUNTO CON LA MOTOCICLETA QUEDAN INTERPUESTOS A LOS EJES DEL LADO IZQUIERDO DEL SEMIRREMOLQUE
A-2022-12-158;19/12/2022;22:00;ATROPELLO;;1;0;AV. UNIVERSITARIA Y AV. LOS OLIVOS;;-11.9886123;-77.08101323;DESPEJADO;NO IDENTIFICA LA CAUSA;;;
A-2022-12-159;19/12/2022;23:45;ATROPELLO FUGA;;1;0;AV. CARAPONGO;ALTURA DE PUENTE PEATONAL CARAPONGO;-12.005509;-76.864542;DESPEJADO;NO IDENTIFICA LA CAUSA;;;
A-2022-12-16;10/12/2022;01:00;CHOQUE CON OBJETO FIJO;-;1;0;CARRETERA FERNANDO BELAUNDE TERRY;-;-6.115332;-77.094342;DESPEJADO;NO IDENTIFICA LA CAUSA;;;