COD_ACCIDE;FechaDelAccidente;HoraDelAccidente;ClaseDelAccidente;SecuenciaAccidente;CantidadDeFallecidos;CantidadDeLesionados;Direccion;LugarReferencia;y;x;CondClimatica;CausaFactorPrincipal;CausaEspecifica;OtraCausa;Observaciones
A-2022-12-160;20/12/2022;11:15;ATROPELLO FUGA;;1;0;AV. TUPAC AMARU KM 23 865;ALTURA DE URB TORRE BLANCA;-11.85319563;-77.00321274235941;DESPEJADO;NO IDENTIFICA LA CAUSA;;;
A-2022-12-161;20/12/2022;14:15;ATROPELLO;;1;0;CARRETERA PANAMERICANA SUR 56   170;;-12.450924;-76.75534;DESPEJADO;NO IDENTIFICA LA CAUSA;;;
A-2022-12-162;20/12/2022;06:30;VOLCADURA;CAIDA;1;0;VIA EVITAMIENTO ALTURA PUENTE SANTA ROSA;CARRETERA PE-1N  KM 8  770 ;-12.0410299;-77.03330573589118;DESPEJADO;NO IDENTIFICA LA CAUSA;;;
A-2022-12-163;21/12/2022;07:30;ATROPELLO;APLASTAMIENTO;1;0;AV. PERSHING CDRA. 5;;-12.08942875;-77.05854595639885;DESPEJADO;NO IDENTIFICA LA CAUSA;;;
A-2022-12-164;21/12/2022;19:40;ATROPELLO FUGA;;1;0;CARRETERA PANAMERICANA NORTE 35 600;ALTURA DEL INTERCAMBIO VIAL;-11.835598;-77.111331;DESPEJADO;NO IDENTIFICA LA CAUSA;;;
A-2022-12-165;21/12/2022;22:30;CHOQUE;;1;0;CARRETERA PANAMERICANA SUR KM 26 636;ALTURA DEL PUENTE SAN LUIS;-12.249877;-76.931362;DESPEJADO;NO IDENTIFICA LA CAUSA;;;
A-2022-12-166;23/12/2022;23:00;ATROPELLO;;1;0;AV. UNIVERSITARIA CON KR. LAS VIOLETAS ;ALTURA CDRA  95 DE AV UNIVERSITARIA;-11.91214405;-77.04594553809683;DESPEJADO;NO IDENTIFICA LA CAUSA;;;
A-2022-12-167;22/12/2022;13:30;DESPISTE;CHOQUE, CAÍDA;2;5;AV. NUEVA ESPERANZA;ALTURA DEL PENAL BARBADILLO;-12.04223657;-76.91083070181811;DESPEJADO;NO IDENTIFICA LA CAUSA;;;
A-2022-12-168;25/12/2022;16:30;CHOQUE;VOLCADURA, CAÍDA;1;0;AV. ALFONSO UGARTE CDRA. 03;ALTURA DE LA INTERSECCIÓN DE ALFONSO UGARTE CON GUILLERMO DANSEY;-12.04499495;-77.04283697391459;DESPEJADO;NO IDENTIFICA LA CAUSA;;;
A-2022-12-169;25/12/2022;02:45;ATROPELLO FUGA;;1;0;CARRETERA PANAMERICANA SUR KM 10.040;ALTURA DE PUENTE TOTTUS;-12.14481936;-76.98190654884502;DESPEJADO;NO IDENTIFICA LA CAUSA;;;
A-2022-12-17;02/12/2022;21:15;ATROPELLO FUGA;ATROPELLO Y FUGA CON SUB SECUENTE MUERTE;1;0;AV. SIMÓN BOLÍVAR CDRA. 10;FRONTIS FISCALIA MARIANO MELGAR;-16.40271983;-71.5083360504874;DESPEJADO;NO IDENTIFICA LA CAUSA;;;SIN OBSERVACIONES 
A-2022-12-170;25/12/2022;07:30;DESPISTE;CHOQUE VOLCADURA Y CAÍDA;1;0;INTERCAMBIO A DESNIVEL DE LA SUBIDA ARMENDARIZ;ALTURA DE LA PLAYA LA ESTRELLA;-12.13912899;-77.02745275937706;DESPEJADO;NO IDENTIFICA LA CAUSA;;;
A-2022-12-171;26/12/2022;14:30;ATROPELLO;;1;0;AV PROCERES DE LA INDEPENDENCIA CDRA 1;ALTURA DE LA ESTACION CAJA DE AGUA;-12.02939402;-77.01166679892997;DESPEJADO;NO IDENTIFICA LA CAUSA;;;
A-2022-12-172;29/12/2022;09:40;ATROPELLO FUGA;;1;0;CARRETERA PANAMERICANA NORTE 10 600;ALTURA DEL PUENTE POCITOS;-12.03542145;-77.04759117506946;DESPEJADO;NO IDENTIFICA LA CAUSA;;;
A-2022-12-173;06/12/2022;08:20;DESPISTE;VOLCADURA Y CAIDA DE CONDUCTOR;1;0;CARRETERA PANAO- CHAGLLA ;;-9.891855748;-75.97310896254768;DESPEJADO;IMPRUDENCIA DEL CONDUCTOR;FATIGA Y/O CANSANCIO;;
A-2022-12-174;27/12/2022;18:50;CHOQUE;CHOQUE LATERAL POSITIVO SEGUIDO DE FUGA DE LA UT-1, MIENTRAS LA UT-2 SE INTERPONE EN EL EJE DE MARCHA DE LA UT-3;1;0;CARRETERA NAZCA - AREQUIPA. TRAMO ENTRE COMBAPATA - CHECACUPE;KM. 1030 300;-14.046643;-71.447767;LLUVIOSO;IMPRUDENCIA DEL CONDUCTOR;EXCESO DE VELOCIDAD;;INTERVENCION DE LA UNIDAD ESPECIALIZADA  SE REALIZA DESPUES DE 56 DIAS DE HABER OCURRIDO EL EVENTO
A-2022-12-175;12/12/2022;10:20;DESPISTE;FATAL;1;0;KM 008 700;-;-10.47727167;-76.35200326989789;LLUVIOSO;NEGLIGENCIA DEL CONDUCTOR;OTRO (NEGLIGENCIA DEL CONDUCTOR);FACTOR CLIMATOLOGICO;
A-2022-12-176;15/12/2022;20:00;CHOQUE;FATAL;3;0;KM 107 700 CARRETERA CENTRAL LA OROYA HUANUCO.;;-10.84217755;-76.26215447471071;DESPEJADO;IMPRUDENCIA DEL CONDUCTOR;EXCESO DE VELOCIDAD;;
A-2022-12-177;03/12/2022;14:30;CHOQUE;FATAL;1;0;CARRETERA CENTRAL;121 900;-10.69571005;-76.23564348831137;DESPEJADO;IMPRUDENCIA DEL CONDUCTOR;EXCESO DE VELOCIDAD;;
A-2022-12-178;24/12/2022;17:00;CHOQUE;EL VEHÍCULO CATG. M1, DE PLACA DE RODAJE D0Q-561, SE DESPLAZABA EN SENTIDO DE NORTE A SUR, AL LLEGAR A LA ZONA DEL EVENTO, SE DETIENE PARCIALMENTE, TODA VEZ QUE HABÍA UN MONTICULO DE BASURA EN LA CALZADA,  EN ESAS CIRCUNSTANCIAS ES CHOCADO POR ALCANCE POR EL VEHÍCULO CATG. N1, DE PLACA C3O-721;1;1;CARRETERA PANAMERICANA NORTE;KM. 144.687;-11.18402;-77.57669;DESPEJADO;IMPRUDENCIA DEL CONDUCTOR;EXCESO DE VELOCIDAD;;NINGUNA
A-2022-12-179;11/12/2022;05:00;ATROPELLO;;1;0;AV. 24 DE JUNIO CDRA. 06;;-12.054954;-75.283905;DESPEJADO;IMPRUDENCIA DEL CONDUCTOR;CONDUCIR EN ESTADO DE EBRIEDAD Y/O DROGADICCIÓN;;NINGUNA
A-2022-12-18;04/12/2022;06:00;DESPISTE;DESPISTE, CHOQUE Y VOLCADURA FATAL;1;0;CARRETERA PANAMERICANA SUR KM.928;PRIMERA CURVA DE INGRESO A LA LOCALIDAD DE TAMBILLO;-16.370604;-72.137765;DESPEJADO;NO IDENTIFICA LA CAUSA;;;SIN OBSERVACIONES 
A-2022-12-180;11/12/2022;16:50;CHOQUE;POR EMBISTE Y VOLCADURA;1;0;INTERSECCION AV. 9 DE DICIEMBRE Y JR. 28 DE JULIO ;;-12.083191;-75.203209;DESPEJADO;IMPRUDENCIA DEL CONDUCTOR;OTRO (IMPRUDENCIA DEL CONDUCTOR);INGRESAR A LA INTERSECCION SIN REDUCIR LA VELOCIDAD NI ELIMINAR LOS RIESGOS QUE OFRECIA LA VIA;NINGUNA
A-2022-12-181;21/12/2022;21:30;CHOQUE;EL VEHÍCULO AUTOMOTOR MENOR ARTESANAL, SE DESPLAZABA POR EL CARRIL SUR DE LA CARRETERA DE PENETRACIÓN HUAURA - SAYÁN EN SENTIDO DE OESTE A ESTE, AL LLEGAR A LA ZONA DEL ACCIDENTE, ES IMPACTADO POR EL VEHÍCULO DE PLACA B8Z-754;1;2;CARRETERA DE PENETRACIÓN HUAURA - SAYÁN;KM. 12;-11.06219;-77.55213;DESPEJADO;IMPRUDENCIA DEL CONDUCTOR;CONDUCIR EN ESTADO DE EBRIEDAD Y/O DROGADICCIÓN;;NINGUNA
A-2022-12-182;28/12/2022;21:00;ATROPELLO FUGA;;1;0;CARRETERA CENTRAL LA OROYA -AYACUCHO KM. 152 100;;-12.2696677;-75.1242455;LLUVIOSO;NO IDENTIFICA LA CAUSA;;;FALTA DE UN ELEMENTO 
A-2022-12-183;15/12/2022;19:30;VOLCADURA;CAIDA DE CONDUCTOR Y OCUPANTES;1;2;CARRETERA JAUJA-TARMA KM. 15 573;;-11.6706701;-75.57409;LLUVIOSO;IMPRUDENCIA DEL CONDUCTOR;CONDUCIR EN ESTADO DE EBRIEDAD Y/O DROGADICCIÓN;;NINGUNA
A-2022-12-184;11/12/2022;21:10;ATROPELLO;ATROPELLO;1;0;CARRETERA PIURA OLMOS ;ALTURA DEL KM 201 500;-5.164178993;-80.14089228164413;DESPEJADO;IMPRUDENCIA DEL PEATÓN;ESTADO DE EBRIEDAD Y/O DROGADICCIÓN;;
A-2022-12-185;25/12/2022;22:30;ATROPELLO;ATROPELLO POR APLASTAMIENTO ;1;0;INTERIOR DEL TERMINAL GECHISA ;TERMINAL GECHISA ;-5.182306321;-80.65152538203908;DESPEJADO;IMPRUDENCIA DEL PEATÓN;ESTADO DE EBRIEDAD Y/O DROGADICCIÓN;;
A-2022-12-186;27/12/2022;04:00;CHOQUE;LATERAL POSITIVO;2;4;CARRETERA CENTRAL KM. 73 700;;-11.825113;-75.499218;DESPEJADO;IMPRUDENCIA DEL CONDUCTOR;INVASIÓN DE CARRIL;;NINGUNO
A-2022-12-187;12/12/2022;17:30;ATROPELLO;SEGUIDO DE CHOQUE;1;0;CALLE REAL ALT. FRONTIS DEL CENTRO RECREACIONAL LA COLOMBINA;CENTRO RECREACIONAL LA COLOMBINA;-12.116658;-75.180572;LLUVIOSO;IMPRUDENCIA DEL CONDUCTOR;NO DAR PASO PREFERENTE AL PEATÓN;;
A-2022-12-188;13/12/2022;17:31;ATROPELLO;;1;0;AV. OCOPILLA Y AV. CIRCNVALACION;;-12.07296804;-75.19755815694708;LLUVIOSO;IMPRUDENCIA DEL CONDUCTOR;EXCESO DE VELOCIDAD;;NINGUNA
A-2022-12-189;19/12/2022;20:30;ATROPELLO;ATROPELLO CHOQUE VOLCADURA Y FUGA ;1;2;CARRETERA INTEROCEANICA PIURA PAITA ;KM 16 930;-5.127405;-80.834232;DESPEJADO;NO IDENTIFICA LA CAUSA;;;
A-2022-12-19;03/12/2022;19:30;ATROPELLO FUGA;VEHICULO SE DESPLAZABA PROCEDENTE DE LA CONVENCION CON DESTINO A CUSCO Y AL LLEGAR A LA ALTURA DEL CAMPAMENTO COPESCO LLEGA A IMAPCTAR AL PEATON CON SU TERCIO ANTERIOR DERECHO AL FLANCO DERECHO DEL PEATON;1;0;CARRETERA  HUAROCONDO - OLLANTAYTAMBO. ALTURA DEL CAMPAMENTO DE  COPESCO;KM 1 120;-13.41007984;-72.2072404863384;DESPEJADO;IMPRUDENCIA DEL CONDUCTOR;EXCESO DE VELOCIDAD;;NINGUNA
A-2022-12-190;23/12/2022;21:30;CHOQUE;CHOQUE DESPISTE Y VOLCADURA;1;1;CARRETERA PANAMERICANA NORTE;KM957;-5.528242;-80.589899;SOLEADO;IMPRUDENCIA DEL CONDUCTOR;EXCESO DE VELOCIDAD;;
A-2022-12-192;21/12/2022;08:00;ATROPELLO;;1;0;CARRETERA CENTRAL MARGEN DERECHA KM. 116;;-12.044905;-75.252199;DESPEJADO;IMPRUDENCIA DEL PEATÓN;OTRO (IMPRUDENCIA DEL PEATÓN);INGRESARA ALA CALZADA EN FORMA DESORDENADA ;NINGUNO
A-2022-12-193;19/12/2022;11:30;ATROPELLO;POR APLASTAMIENTO;1;0;AV. INDEPENDENCIA CDRA 06 ;;-12.053305;-75.233278;SOLEADO;IMPRUDENCIA DEL PEATÓN;OTRO (IMPRUDENCIA DEL PEATÓN);CRUZA LA CALZADA INTERPONIENDOSE EN LA LINEA DE MARCHA DEL VEHICULO;NINGUNO
A-2022-12-194;11/12/2022;23:25;DESPISTE;VOLCADURA;2;4;CARRETERA PIURA - PAITA;KM 15;-5.1307716;-80.8296016;DESPEJADO;;;;
A-2022-12-195;17/12/2022;04:00;DESPISTE;DESPISTE CON SUB SECUENTE CHOQUE Y VOLCADURA;1;0;AV RAUL MATTA DE LA CRUZ JIRON 2;UPIS VILLA MIRANDA;-5.164195021;-80.64683133915902;DESPEJADO;IMPRUDENCIA DEL CONDUCTOR;CONDUCIR EN ESTADO DE EBRIEDAD Y/O DROGADICCIÓN;;
A-2022-12-196;25/12/2022;08:15;CHOQUE;CHOQUE POR ALCANCE ;1;1;CARRETERA PIURA CATACAOS ;CARRETERA PIURA CATACAOS ;-5.233518;-80.645968;DESPEJADO;IMPRUDENCIA DEL CONDUCTOR;EXCESO DE VELOCIDAD;;
A-2022-12-197;01/12/2022;20:30;CHOQUE;CHOQUE POR ALCANCE ;1;1;CARRETERALA MATANZA MORROPON ;CENTRO POBLADO LAYNAS;-5.230776;-80.049811;DESPEJADO;IMPRUDENCIA DEL CONDUCTOR;CONDUCIR EN ESTADO DE EBRIEDAD Y/O DROGADICCIÓN;;
A-2022-12-198;24/12/2022;04:50;ATROPELLO;ATROPELLO;1;0;AV GUARDIA CIVIL ;ALTURA DE LAS BEGONIAS ;-5.190967274;-80.6055176561906;DESPEJADO;IMPRUDENCIA DEL CONDUCTOR;EXCESO DE VELOCIDAD;;
A-2022-12-199;11/12/2022;09:50;ATROPELLO FUGA;ATROPELLO YFUGA;1;0;INTERSECCION CALLE LOS ANGELES JR CORDOVA;---;-5.183082788;-79.97179906624112;DESPEJADO;NO IDENTIFICA LA CAUSA;;;
A-2022-12-20;06/12/2022;19:20;CHOQUE;EL VEHICULO MENOR MOTOCICLETA SE DIRIGIA DE SUR A NORTE INVADIENDO LA CALZADA OESTE Y LA CAMIONETA SE DESPLAZABA DE NORTE A SUR HACIENDO USO OLCRRECTO DE SU CALZADA, LA MOTOCICLETA IMPACTA FRONTALMENTE A LA CAMIONETA MATERILIOZANDOSE EL EVENTO;1;0;AVENIDA PICHIGUA ;FRENTE AL HOSPITAL NUEVO DE ESPINAR;-14.783971;-71.4111533;NUBLADO;IMPRUDENCIA DEL CONDUCTOR;EXCESO DE VELOCIDAD;;NINGUNO
A-2022-12-200;10/12/2022;11:05;DESPISTE;DESPISTE CHOQUE Y CAIDA DEL CONDUCTOR;1;0;CARRETERA CAJARURO - NARANJOS ALTO KM 7 502.85;LUGAR DENOMINADO LA CURVA;-5.76165;-78.4021;SOLEADO;NO IDENTIFICA LA CAUSA;;;SE ENCUENTRA EN INVESTIGACIÓN POR FALTA DEL PERITAJE DE DAÑOS DEL VEHÍCULO
A-2022-12-201;30/12/2022;07:30;CHOQUE;SEGUIDO DE VOLCADURA Y CAIDA;1;1;CARRETERA CENTRAN MARGEN DERECHA KM. 82;DISTRITO DE MUQUI;-11.82719;-75.445205;DESPEJADO;IMPRUDENCIA DEL CONDUCTOR;EXCESO DE VELOCIDAD;;NINGUNA
A-2022-12-202;05/12/2022;12:30;CHOQUE;DESPISTE;1;0;CARRETERA INTEROCEÁNICA SUR KM. 373 SECTOR FLORIDA ALTA; (TRAMO PUERTO MALDONADO - LABERINTO);-12.644865;-69.277755;SOLEADO;IMPRUDENCIA DEL CONDUCTOR;OTRO (IMPRUDENCIA DEL CONDUCTOR);REMOLCAR OTRO VEHICULO;NINGUNA
A-2022-12-203;21/12/2022;18:30;DESPISTE;VOLCADURA;1;0;CARRETERA INTEROCEÁNICA SUR KM. 455 900 SECTOR SUDADERO ;(TRAMO PUERTO MALDONADO - PLANCHÓN);-12.359385;-69.153991;DESPEJADO;;;;NINGUNA
A-2022-12-204;23/12/2022;20:00;CHOQUE;VOLCADURA;1;0;CARRETERA INTEROCEÁNICA SUR KM. 531 ;SECTOR VILLA ROCIO (TRAMO PUERTO MALDONADO - IBERIA);-11.79268405;-69.1849551896851;;;;;
A-2022-12-206;10/12/2022;03:40;CHOQUE;DESPISTE;2;1;CARRETERA CENTRAL LA OROYA - JAUJA ;;-11.788858;-75.668149;DESPEJADO;IMPRUDENCIA DEL CONDUCTOR;INVASIÓN DE CARRIL;;LA INVASION DEL CARRIL ES POR PARTE DEL VEHICULO DE PLACA DE RODAJE BHY-423
A-2022-12-207;25/12/2022;06:10;DESPISTE;SEGUIDO DE CHOQUE;2;0;CARRETERA CENTRAL KM. 52 100;;-11.81465825;-75.62874008771473;DESPEJADO;IMPRUDENCIA DEL CONDUCTOR;OTRO (IMPRUDENCIA DEL CONDUCTOR);;NINGUNO
A-2022-12-208;20/12/2022;07:00;DESPISTE;CHOQUE, VOLCADURA ;2;0;CARRETERA CENTRAL LA OROYA - HUANCAYO 29 500;;-11.522878;-75.896354;DESPEJADO;IMPRUDENCIA DEL CONDUCTOR;EXCESO DE VELOCIDAD;;
A-2022-12-21;13/12/2022;14:45;VOLCADURA;VOLCADURA FATAL Y DAÑOS MATERIALES;1;0;AV. PROGRESO-POZO NEGRO;ASOCIACIÓN PRO VIVIENDA EL TRIUNFO;-16.4217923;-71.4842916;LLUVIOSO;NO IDENTIFICA LA CAUSA;;;SIN OBSERVACIONES 
A-2022-12-210;27/12/2022;04:40;DESPISTE;;1;1;CARRETERA INTEROCEÁNICA SUR KM. 486 500 SECTOR PAMPA HERMOSA ;-;-12.175021;-69.114092;;;;;
A-2022-12-211;06/12/2022;07:05;CHOQUE;DESPISTE Y VOLCADURA;1;1;CARRETERA PANAMERICANA SUR KILOMETRO 197;-;-13.50844825;-76.18486274;DESPEJADO;IMPRUDENCIA DEL CONDUCTOR;OTRO (IMPRUDENCIA DEL CONDUCTOR);REALIZAR LA MANIOBRA DE CAMBIO DE CARRIL, SIN ANTES  HABER VERIFICADO LA EXISTENCIA DE OTRO VEHICULO;
A-2022-12-212;21/12/2022;17:40;CHOQUE;-------;1;2;CARRETERA MARGINAL INTERSECCION CON LA AV PANGOA ;----;-11.32243514;-74.53659806109265;DESPEJADO;IMPRUDENCIA DEL CONDUCTOR;EXCESO DE PASAJEROS O CARGA;;
A-2022-12-213;25/12/2022;21:00;CHOQUE;VOLCADURA ;2;0;CALLE TARMA CUADRA 3;------;-11.25577248;-75.82256735949572;DESPEJADO;IMPRUDENCIA DEL CONDUCTOR;EXCESO DE VELOCIDAD;;
A-2022-12-214;28/12/2022;08:30;CHOQUE;DESPISTE VOLCADURA ;1;0;CARRETERA MARGINAL CENTRAL KM 98 200;SECTOR CURVA DEL DIABLO ;-11.11006266;-75.3426289488776;DESPEJADO;IMPRUDENCIA DEL CONDUCTOR;INVASIÓN DE CARRIL;;
A-2022-12-215;31/12/2022;23:15;ATROPELLO FUGA;-;1;0;PANAMERICANA NORTE KM 43 ;-;-11.7849027;-77.1545913;;;;;
A-2022-12-217;12/12/2022;02:10;DESPISTE;----------;1;0;CARRETERA MARGINAL SECTOR ENTRADA VILLA MARIA ;CARRETERA MARGINAL SECTOR ENTRADA VILLA MARIA ;-10.95555858;-75.22837130424345;DESPEJADO;IMPRUDENCIA DEL CONDUCTOR;EXCESO DE VELOCIDAD;;
A-2022-12-218;01/12/2022;09:50;CHOQUE;;1;0;CARRETERA MARGINAL KM 84 ;CENTRO POLBLADO AMAUTA;-10.92473357;-74.87667399210798;LLUVIOSO;;;;
A-2022-12-22;05/12/2022;15:30;DESPISTE;EL VEHICULO STATION WAGON SE DESPLAZABA EN SENTIDO DE  SURESTE A NOROESTE, INVADIENDO EL CARRIL CONTRARIO SALIENDO DE LA CALZADA MATERIALIZANDOSE EL EVENTO ;1;0;CARRETERA ESPINAR - SICUANI. TRAMO DESCANSO - ESPINAR. SECTOR DENOMINADO LAURAYANI DE LA COMUNIDAD PUCACANCHA;31 960;-14.61397281;-71.28630941514878;NUBLADO;IMPRUDENCIA DEL CONDUCTOR;FATIGA Y/O CANSANCIO;;NINGUNO
A-2022-12-220;16/12/2022;11:30;ATROPELLO;FATAL;1;0;CALLE RUIZ DE FUENTE CON INTERSECCION CARRETERA SULLANA TAMBOGRANDE;FRONTIS DEL LIPICO;-4.915;-80.691;DESPEJADO;IMPRUDENCIA DEL PEATÓN;OTRO (IMPRUDENCIA DEL PEATÓN);IMPRUDENCIA DEL PEATON;S/O
A-2022-12-221;30/12/2022;11:30;CHOQUE CON OBJETO FIJO;FATAL;1;0;CARRETERA NO ASFALTADA CIENEGUILLO A HUANGALA;SIN KILOMETRAJE;-4.907168007;-80.63694425970394;DESPEJADO;IMPRUDENCIA DEL CONDUCTOR;OTRO (IMPRUDENCIA DEL CONDUCTOR);EXCESO DE CONFIANZA;S/O
A-2022-12-222;19/12/2022;15:30;ATROPELLO FUGA;POR DETERMINAR;1;0;CARRETERA SULLANA TAMBOGRANDE ;ALTURA DE HUACA GRANDE;-4.903164773;-80.34626822118075;DESPEJADO;NO IDENTIFICA LA CAUSA;;;SE INVESTIGA SI ES UN ACCIDENTE DE TRANSITO
A-2022-12-223;31/12/2022;23:00;ATROPELLO FUGA;FATAL;1;0;INTERSECCION CALLE EL ALTO CON SAN MIGUEL;AL FRONTIS DEL RESTAURANTE MORALES;-4.904666657;-80.70136042978902;DESPEJADO;NO IDENTIFICA LA CAUSA;;;SE INVESTIGA 
A-2022-12-225;31/12/2022;16:00;ATROPELLO;ATROPELLO APLASTAMIENTO;1;0;AV. LA MARINA CUADRA 20;FRONTIS PUERTO HENRY ;-3.7229428;-73.2412068;DESPEJADO;IMPRUDENCIA DEL PEATÓN;ESTADO DE EBRIEDAD Y/O DROGADICCIÓN;;NINGUNA
A-2022-12-226;18/11/2022;01:25;DESPISTE;SUBSECUENTE DE MUERTE ;1;0;KM1;FRONTIS DEL INGRESO DEL AEROPUERTO;-3.784963273;-73.2997994964073;DESPEJADO;IMPRUDENCIA DEL CONDUCTOR;CONDUCIR EN ESTADO DE EBRIEDAD Y/O DROGADICCIÓN;;NINGUNA
A-2022-12-227;17/12/2022;02:09;DESPISTE;CONSECUENTE DE MUERTE ;1;0;AV.PARTICIPACION CDRA 25;CUADRA 25;-3.7791599;-73.279583;DESPEJADO;IMPRUDENCIA DEL CONDUCTOR;EXCESO DE VELOCIDAD;;NINGUNO
A-2022-12-229;31/12/2022;23:15;ATROPELLO FUGA;;1;0;CARRET. PANAM. NORTE KM. 43.200;;-11.783896;-77.155454;DESPEJADO;NO IDENTIFICA LA CAUSA;;;FALTA DE UN ELEMENTO FUGA
A-2022-12-23;18/12/2022;14:00;CHOQUE;CHOQUE, DESPISTE Y VOLCADURA FATAL CON DAÑOS MATERIALES;1;0;CARRETERA AREQUIPA JULIACA KM.52.400;KM. 52.400;-16.29621;-71.642363;DESPEJADO;NO IDENTIFICA LA CAUSA;;;SIN OBSERVACIONES 
A-2022-12-230;15/12/2022;21:50;ATROPELLO;FATAL;1;0;AV. MIGUEL GARU-AÑO NUEVO CDRA. 09;;-11.92179259;-77.03542497;DESPEJADO;EN PROCESO DE INVESTIGACIÓN;NO CUENTA CON CAUSA ESPECIFICA;;DILIGENCIA EN FISCALIA
A-2022-12-231;18/12/2022;07:50;ESPECIAL;FATAL;1;0;INTERIOR DEL INMUEBLE SITO EN LA AUTOPISTA RAMIRO PRIALÉ MZ. L LT. 38 ;ALTURA DEL KM. 13;-12.00738268;-76.87868439810828;DESPEJADO;NO IDENTIFICA LA CAUSA;;;
A-2022-12-232;30/12/2022;02:38;CHOQUE;;1;0;VIA DE EVITAMIENTO PANAMERICANA SUR KM. 01;;-12.067143;-76.971589;DESPEJADO;EN PROCESO DE INVESTIGACIÓN;NO CUENTA CON CAUSA ESPECIFICA;;
A-2022-12-233;04/12/2022;13:00;DESPISTE;PRECIPITACION Y VOLCADURA;1;0;CARRETERA DE PENETRACIÓN ROSASPATA - PUTACCA;KM 2 460;-13.37225986;-74.3378963266827;DESPEJADO;IMPRUDENCIA DEL CONDUCTOR;FATIGA Y/O CANSANCIO;;VIAJE PROLONGADO DESDE LA CIUDAD DE LIMA
A-2022-12-234;08/12/2022;09:30;ESPECIAL;MUERTE Y DAÑOS MATERIALES;1;0;CARRETERA INTEROCEANICA ABANCAY PUQUIO;181 350;-14.64194;-74.047936;DESPEJADO;INFRAESTRUCTURA Y ENTORNO VIAL;OTRO (INFRAESTRUCTURA Y ENTORNO VIAL);CABLEADO TELEFONICO A BAJA ALTURA;EL COMBINADO VEHICULAR SE ENCGANCHÓ CON EL CABLEADO LO QUE PRODUCIÓ LA CAIDA DEL POSTE QUE HIRIO DE MUERTE AL OCCISO
A-2022-12-235;17/12/2022;10:15;DESPISTE;VOLCADURA;1;2;CARRETERA QUEROBAMBA HUAMANGA;MOLLECHAYOC;-13.986602;-73.850651;DESPEJADO;IMPRUDENCIA DEL CONDUCTOR;OTRO (IMPRUDENCIA DEL CONDUCTOR);EXCESO DE CONFIANZA CEL CONDUCTOR;FALTA DE PRECAUCION DEL CONDUCTOR
A-2022-12-24;03/12/2022;19:31;DESPISTE;EL VEHICULO CAMION SE DESPLAZABA EN SENTIDO DE ESTE A OESTE , EN CIRCUSNTANCIAS QUE EL CONDUCTOR QUIEN SE ENCONTRABA EN APARANTE ESTADO DE EBRIEDAD PIERDE EL CONTROL DE SU VEHCIULO MATERIALIZANDO E EL EVENTO ;1;0;LONGITUDINAL SIERRA SUR. TRAMO CUSCO - SICUANI;PUENTE  DE COMBAPATA;-14.09640767;-71.43777373554188;SOLEADO;IMPRUDENCIA DEL CONDUCTOR;CONDUCIR EN ESTADO DE EBRIEDAD Y/O DROGADICCIÓN;;NINGUNO
A-2022-12-25;03/12/2022;10:30;CAÍDA DE PASAJERO;;1;0;CARRETERA ANEXO  MISQUIANA - ACOPIA;SECTOR CONDOROMA MOCCO;-14.0626276;-71.48901467400691;DESPEJADO;IMPRUDENCIA DEL PASAJERO/OCUPANTE;OTRO (IMPRUDENCIA DEL PASAJERO/OCUPANTE);VIAJAR EN LA TOLVA DE FORMA INSEGURA;NINGUNO
A-2022-12-26;06/12/2022;16:40;CHOQUE;EL VEHICULO NO IDENTIFICADO REALIZA LA MIONABRA DE ADELANTAMIENTO INVADIENDO EL CARRIL CONTRARIO, GENERANDO EL DESPISTE DE LA UT-1 EL MISMO QUE IMPACTA LATERALMENTE CON LA UT-2 Y UT-3;1;3;CARRETERA NAZCA - AREQUIPA KM. 993 500 TRAMO COMPRENDIDO  ENTRE OROPESA Y TIPON ;POSTE DE ALUMBRADO PUBLICO UBICADO ZONA TIERRA SUR;-13.59573907;-71.78046881939404;DESPEJADO;IMPRUDENCIA DEL CONDUCTOR;OTRO (IMPRUDENCIA DEL CONDUCTOR);ADELANTAMIENTO DE LA UT-X ;NINGUNO
A-2022-12-27;16/12/2022;03:30;DESPISTE;EL VEHICULO  CAMIONETA SE DESPLZABA EN SENTIDO DE OESTE A ESTE,  AL PASAR POR EL TRARECTO E INGRESAR A LA CURVA MATERIALIZANDOSE EL EVENTO;1;0;TROCHA CARROZABLE  COMUNIDAD KRUTY - ANANSAYA  KM 13 80;SECTOR  KISWARANI, COMUNIDAD CHULLUNQUIANI;-14.47897462;-71.53463365004313;DESPEJADO;IMPRUDENCIA DEL CONDUCTOR;EXCESO DE VELOCIDAD;;NINGUNO
A-2022-12-28;09/12/2022;16:00;DESPISTE;EL VEHICULO CAMIONETA PICK UP SE DESPLAZABA EN SENTIDO DE SUR A NORTE,  SALE DE LA VIA  HACIA EL LADO DERECHO DISMINUIDO SU REACION FISICA DEBIDO A SU ESTADO DE CANSANCION Y SOMNOLENCIA MATERILIZANDO EL EVENTO;1;1;CARRETERA ANABI - COLLANA- QUIÑOTA. SECTOR IQUINACHA;KM 12 060;-14.34690851;-72.16547963483764;DESPEJADO;IMPRUDENCIA DEL CONDUCTOR;FATIGA Y/O CANSANCIO;;NINGUNO