COD_ACCIDE;FechaDelAccidente;HoraDelAccidente;ClaseDelAccidente;SecuenciaAccidente;CantidadDeFallecidos;CantidadDeLesionados;Direccion;LugarReferencia;y;x;CondClimatica;CausaFactorPrincipal;CausaEspecifica;OtraCausa;Observaciones
A-2022-12-29;21/12/2022;05:30;CHOQUE;FATAL;1;0;CARRETERA PANAMERICANA SUR-PUNO-DESAGUADERO;KM. 1378 800;-15.9001341;-69.88882902488676;DESPEJADO;INFRAESTRUCTURA Y ENTORNO VIAL;OTRO (INFRAESTRUCTURA Y ENTORNO VIAL);LA EXISTENCIA DE PIEDRAS SOBRE LA CALZADA, LAS MISMAS QUE FUERON COLOCADAS POR LOS HUELGUISTAS DEL PARO INDEFINIDO;
A-2022-12-30;19/12/2022;05:30;VOLCADURA;EL VEHÍCULO CIRCULABA DE CUSCO HACIA LIVITACA (CHUMVIVILCAS) , EFECTUANDO SERVICIO DE TRANSPORTE DE PASAJEROS, POR  UNA TROCHA CARROZABLE, EN SU RECORRIDO SE DESPISTA HACIA SU DERECHA Y VUELCA HACIA LA ZONA DE DEPRESIÓN APROX. 90 M.  ;7;25;TROCHA CARROZABLE TOTORA ALTA. SECTOR PARCOBAMBA. KM. 38 280;COMUNIDAD CAMPESINA DE TOTOTA;-14.179242;-71.595118;DESPEJADO;IMPRUDENCIA DEL CONDUCTOR;FATIGA Y/O CANSANCIO;;NINGUNO
A-2022-12-31;09/12/2022;01:00;DESPISTE;VOLCADURA;1;0;CARRETERA PANAMERICANA SUR ;KM. 263;-13.931783;-75.914188;DESPEJADO;NO IDENTIFICA LA CAUSA;;;
A-2022-12-32;21/12/2022;11:00;CAÍDA DE PASAJERO;CAIDA DE PASAJERO FATAL;1;0;AV. SALAVERRY 301 CERCADO AREQUIPA;FRONTIS DEL INSTITUTO DEL SUR;-16.405651;-71.540207;SOLEADO;NO IDENTIFICA LA CAUSA;;;SIN OBSERVACIONES 
A-2022-12-33;14/12/2022;22:40;VOLCADURA;EL VEHICULO MENOR MOTOCICLETA LINEAL SE DESPLAZABA EN SENTIDO DE SURESTE A NOROESTE , EN DONDE SE ENCUENTRA CON PIEDRAS QUE SE ENCONTRABA EN LA CARPETA ASFALTICA EN SU CARRILO DE CIRCULACION, A DONDE IMPACTA CON UNA DE LAS PIEDRAS, MATERIALIZANDOSE EL EVENTO ;1;0;CARRETERA NAZCA - AREQUIPA. SECTOR CAYLLAPAMPA DE LA COMUNIDAD DE CANGALLI;KM 1066 200, ;-14.012664;-71.457956;DESPEJADO;IMPRUDENCIA DEL CONDUCTOR;EXCESO DE VELOCIDAD;;NINGUNO
A-2022-12-34;16/12/2022;07:45;ESPECIAL;VEHICULO COMBINADO CONFORMADO POR REMOLCADOR Y CAMABAJA QUE TRASLADABA TRACTO SOBRE ORUGA EN SENTIDO DE ESTE A OESTE  POR LA CURVA SINUOSA, DECIDEN DESCARGAR  Y POR LA INCLINACION DE LA CAMABAJA SUFRE LA CAIDA Y VUELCO HACIA EL ABISMO OCASIONADO APLASTAMIENTO AL OPERADOR;1;0;CARRETERA CHAULLAY - VILCABAMBA. KM 16. SECTOR PALTAYBAMBA;PUENTE ALCANTARILLA;-13.03897722;-72.81404612229271;NUBLADO;IMPRUDENCIA DEL CONDUCTOR;OTRO (IMPRUDENCIA DEL CONDUCTOR);;NINGUNO
A-2022-12-35;07/12/2022;15:33;VOLCADURA;SEGUIDO DE DESPUSTE CON CONSECUENCIA FATAL, LESIONES PERSONALES Y DAÑOS MATERIALES.;1;2;CARRETERA CASMA - HUARAZ KM 140 100 CHUA ALT;ALTURA DEL GRIFO ELIZABETH;-9.52820297;-77.54444130242483;DESPEJADO;NO IDENTIFICA LA CAUSA;;;NINGUNO
A-2022-12-36;22/12/2022;10:00;ATROPELLO;-;1;1;CARRETERA PANAMERICANA SUR KM. 316.5;PLAZA DE SANTIAGO;-14.1853908;-75.7144103;DESPEJADO;NO IDENTIFICA LA CAUSA;;;
A-2022-12-37;24/12/2022;08:15;ATROPELLO;-;1;0;CARRETERA VIA LOS LIBERTADORES KM. 19.5;GRIFO CANAN ;-13.709045;-75.9864218;DESPEJADO;NO IDENTIFICA LA CAUSA;;;
A-2022-12-38;25/12/2022;08:41;ATROPELLO;-;1;0;CURVA AV. LAS AMERICAS ;-;-13.71781184;-76.1953913975266;DESPEJADO;NO IDENTIFICA LA CAUSA;;;
A-2022-12-39;24/12/2022;20:02;CHOQUE FUGA;VOLCADURA;1;0;CARRETERA DESAGUADERO-MOQUEGUA;KM. 291;-16.618889;-69.149559;DESPEJADO;NO IDENTIFICA LA CAUSA;;;FALTA DE UN ELEMENTO ( VEHICULO)
A-2022-12-4;02/12/2022;16:00;DESPISTE;VOLCADURA Y APLASTAMIENTO;1;0;CARRETERA MAÑAZO-CHARAMAYO;SECTOR SIHUILLANI;-15.80226651;-70.36272155974484;DESPEJADO;IMPRUDENCIA DEL CONDUCTOR;INVASIÓN DE CARRIL;;
A-2022-12-40;22/12/2022;20:30;ATROPELLO FUGA;ATROPELLO Y FUGA FATAL;1;0;VIA AREQUIPA - LA JOYA;FRENTE ASOC. PERUARBO SECTOR PERU 1 MZ-B-Y LT-4;-16.346203;-71.606285;DESPEJADO;NO IDENTIFICA LA CAUSA;;;SIN OBSERVACIONES 
A-2022-12-41;26/12/2022;22:00;CHOQUE;CHOQUE VOLCADURA Y APLASTAMIENTO;1;1;CARRETERA PANAMERICANA SUR KM.980;KM.980;-16.5619253;-71.8240875;DESPEJADO;NO IDENTIFICA LA CAUSA;;;SIN OBSERVACIONES 
A-2022-12-42;08/12/2022;13:00;VOLCADURA;EL VEHICULO CAMIONETA CERRADA SE DESPLAZABA EN SENTIDO DE SUR A NORTE EN CIRCUNSTANCIAS QUE UN VEHICULO MENOR NO IDENTIFICADO SE INTERPONE EN SU EJE DE MARCHA, MOTIVANDO EL DESPISTE Y POSTERIOR VOLCADURA;2;2;CARRETERA CUSCO- LA CONVENCION. ALTURA KM 140 SECTOR DE PANTICALLE;;-13.1245998;-72.33221523548895;DESPEJADO;NO IDENTIFICA LA CAUSA;;;NINGUNO
A-2022-12-43;29/12/2022;01:40;ATROPELLO FUGA;;1;0;LONGITUDINAL DE LA SIERRA SUR. TRAMO CUSCO - ANTA . COMUNIDAD HUCHANCAY ;;-13.47583906;-72.12783103066586;DESPEJADO;NO IDENTIFICA LA CAUSA;;;NINGUNO
A-2022-12-44;15/12/2022;19:30;VOLCADURA;EL VEHICULO MENOR MOTOCICLETA SE DESPLZABA EN SENTIDO DE ESTE A OESTE,  EN CIRCUNSRTANCIAS QUE UN  JEBE SE ENREDA EN EL ARO POSTERIOR DEL VEHICULO DONDE EL PIERDE EL EQUILIBRIO Y CONTROL MATERIALIZANDO EL EVENTO.;1;0;CARRETERA ESPINAR- AREQUIPA. KM 0094;OCORURO;-15.0379146;-71.1376333;LLUVIOSO;NO IDENTIFICA LA CAUSA;;;NINGUNO
A-2022-12-45;25/12/2022;23:37;DESPISTE;DESPISTE, VOLCADURA FATAL;1;0;CARRETERA DE ACCESO AL DISTRITO DE TAPAY;INGRESO AL DISTRITO DE TAPAY;-16.353223;-72.149276;DESPEJADO;NO IDENTIFICA LA CAUSA;;;SIN OBSERVACIONES 
A-2022-12-46;28/12/2022;19:00;CHOQUE FUGA;VEHICULO AUTOMOVIL SE DESPLZABA EN SENTIDO OESTE A ESTE IMPACTA POR LA PARTE POSTERIOR DE LA CUATRIMOTO, SIENDO PROYECTADO HACIA LA ZONA SUR, MATERIALIZANDOSE EL EVENTO. ;1;0;LONGITUDINAL DE LA SIERRA SUR NAZCA- CUSCO- AREQUIPA TRAMO PUENTE CUNYAC LIMATAMBO;ALTURA DEL KM 882 800, SECTOR SANTO TOMAS, COMUNIDAD SAUCEDA BAJA- LIMATAMBO;-13.50200235;-72.4952346239632;LLUVIOSO;IMPRUDENCIA DEL CONDUCTOR;EXCESO DE VELOCIDAD;;NINGUNO
A-2022-12-47;23/12/2022;12:25;ATROPELLO;EL VEHICULO CAMION SE DESPLAZABA EN SENTIDO DE OESTE A ESTE, EN CIRNSCUNSTANCIA QUE EL PEATON SUFRE UN TROPIEZO, QUEDANDO EXPUESTO A LOS NEUMATICOS  POSTERIORES DERECHO MATERILIZANDO EL EVENTO;1;0;CALLE GAMITANA;FRONTIS DEL INMUEBLE S/N DE PROPIEDAD GLADYS MAMANI;-12.83354928;-71.37055755146186;DESPEJADO;IMPRUDENCIA DEL CONDUCTOR;OTRO (IMPRUDENCIA DEL CONDUCTOR);EXCESO DE CONFIANZA DEL CONDUCTOR ;NINGUNO
A-2022-12-48;23/12/2022;22:30;DESPISTE;EL VEHICULO AUTOMOVIL SE DESPLAZABA EN SENTIDO DE NORESTE A SUROESTE, A UNA VELOCIDAD INAPROPIADA PERDIENDO EL CONTROL DESPISTANDOSE HACIA LA ZONA SURESTE, MATERIALIZANDOSE EL EVENTO.;1;1;CARRETERA SICUANI- ESPINAR.  SECTOR SAN GENARO DE LA COMUNIDAD CCOLLANA;;-14.7367389;-71.3256878;DESPEJADO;IMPRUDENCIA DEL CONDUCTOR;EXCESO DE VELOCIDAD;;NINGUNO
A-2022-12-49;24/12/2022;07:00;VOLCADURA;EL VEHICULO REMOLCADOR SE DESPLZABA EN SENTIDO SURESTE A NOROESTE, ;1;1;CARRETERA ESPINAR -AREQUIPA. TRAMO OSCOLLO - CONDOROMA. SECTOR NORMA ;;-15.3191984;-71.1253199;DESPEJADO;IMPRUDENCIA DEL CONDUCTOR;EXCESO DE VELOCIDAD;;NINGUNO
A-2022-12-5;03/12/2022;00:12;VOLCADURA;-;1;0;CARRETERA DESAGUADERO-MOQUEGUA;-;-16.55742162;-69.04112213057007;DESPEJADO;IMPRUDENCIA DEL CONDUCTOR;CONDUCIR EN ESTADO DE EBRIEDAD Y/O DROGADICCIÓN;;
A-2022-12-50;05/12/2022;12:30;DESPISTE;SEGUIDO DE VOLCADURA CON CONCECUENCIA FATAL;3;0;KM DE LA VIA TROCHA CARROZABLE 0027 77 PAMPAS CHICO;ICHOCA;-10.1562629;-77.43815053603346;DESPEJADO;NO IDENTIFICA LA CAUSA;;;NINGUNO
A-2022-12-51;17/12/2022;08:30;DESPISTE;SEGUIDO  DE CHOQUE CON CONSECUENCIA FATAL, LESIONES PERSONALES Y DAÑOS MATERAILES.;1;1;CARRETERA LONGITUDINAL KM140;CATAC;-9.946212456;-77.3817788327808;LLUVIOSO;NO IDENTIFICA LA CAUSA;;;NINGUNO
A-2022-12-52;11/12/2022;07:00;DESPISTE;DESPISTE Y VOLCADURA;2;0;CARRETERA TACNA-COLLPA-LA PAZ KM. 54 650;;-17.7816758;-69.960725;DESPEJADO;IMPRUDENCIA DEL CONDUCTOR;FATIGA Y/O CANSANCIO;;
A-2022-12-53;27/12/2022;23:00;CHOQUE;CHOQUE POSTERIOR EN CADENA;2;0;CARRETERA COSTANERA SUR KM 51 500;;-18.127199;-70.708028;DESPEJADO;IMPRUDENCIA DEL CONDUCTOR;OTRO (IMPRUDENCIA DEL CONDUCTOR);DESATENCION EN LA CONDUCCIÓN;
A-2022-12-54;31/12/2022;01:50;ATROPELLO FUGA;FUGA;1;0;CARRETERA PUNO-DESAGUADERO KM. 1504 400;ALTURA COMUNIDAD CUMI;-16.54640204;-69.05188392863842;DESPEJADO;IMPRUDENCIA DEL CONDUCTOR;EXCESO DE VELOCIDAD;;FALTA DE UN ELEMENTO ( VEHICULO)
A-2022-12-55;01/12/2022;06:20;DESPISTE;CHOQUE SEGUIDO DE ATROPELLO;1;1;CARRETERA LONGITUDINAL SELVA NORTE KM 483;SECTOR PEREGRINO;-9.168768;-75.965217;DESPEJADO;IMPRUDENCIA DEL CONDUCTOR;EXCESO DE VELOCIDAD;;NINGUNA
A-2022-12-56;28/12/2022;21:15;CHOQUE;-;4;1;CARRETERA PANAMERICANA SUR KM. 232;GRIFO PRIMAX;-13.80584372;-76.1534953254719;DESPEJADO;NO IDENTIFICA LA CAUSA;;;
A-2022-12-57;29/12/2022;06:40;CHOQUE;-;2;2;CARRETERA VIA LOS LIBERTADORES KM. 31;-;-13.72278528;-75.88518324361718;DESPEJADO;NO IDENTIFICA LA CAUSA;;;
A-2022-12-58;29/12/2022;04:40;VOLCADURA;VOLCADURA CON CONSECUENCIA FATAL;1;1;SECTOR LUCMUS;DISTRITO CURAHUASI;-13.63932875;-72.60660738232684;;;;;
A-2022-12-59;01/12/2022;01:20;DESPISTE;-;1;4;CARRETERA DE ACCESO AL CP PUERTO RICO S/N - ALTURA DEL PUENTE LA PAUCA;-;-7.522421;-77.730014;DESPEJADO;NO IDENTIFICA LA CAUSA;;;
A-2022-12-6;04/12/2022;23:20;DESPISTE;VOLCADURA;1;0;CARRETERA CHATUMA-YUNGUYO;KM. 08;-16.27029692;-69.19996259369469;DESPEJADO;IMPRUDENCIA DEL CONDUCTOR;EXCESO DE VELOCIDAD;;
A-2022-12-60;03/12/2022;09:50;CHOQUE;-;1;0;INTERSECCION DE LA AV. MIGUEL GRAU Y LA AV. INDEPENDENCIA;-;-8.040526629;-79.05930692022208;DESPEJADO;IMPRUDENCIA DEL CONDUCTOR;GIRAR IMPRUDENTEMENTE;;
A-2022-12-61;20/12/2022;03:20;CHOQUE;CHOQUE;1;0;CARRETERA VIA LOS LIBERTADORES;C.P 8 DE DICIEMBRE;-13.262814;-74.313207;DESPEJADO;IMPRUDENCIA DEL CONDUCTOR;CONDUCIR EN ESTADO DE EBRIEDAD Y/O DROGADICCIÓN;;
A-2022-12-62;03/12/2022;20:00;ATROPELLO;-;1;0;CALLE S/N ALTURA DE LA IGLESIA DIOS ES AMOR - BARRIO VILLA HERMOSA;-;-8.049076;-78.989966;DESPEJADO;NO IDENTIFICA LA CAUSA;;;
A-2022-12-63;05/12/2022;01:15;CHOQUE;-;1;0;CARRETERA PANAMERICANA NORTE ALTURA DEL KM. 706;-;-7.248407;-79.476552;DESPEJADO;IMPRUDENCIA DEL CONDUCTOR;CONDUCIR EN ESTADO DE EBRIEDAD Y/O DROGADICCIÓN;;
A-2022-12-64;07/12/2022;08:10;DESPISTE;CHOQUE CONTRA UN IMNUEBLE;1;0;CARRETERA DE PENETRACION A LA SIERRA LIBERTEÑA ALTURA DEL KM. 61;-;-7.961210169;-78.636891555716;DESPEJADO;NEGLIGENCIA DEL CONDUCTOR;CONDUCIR CON FALLAS DE FRENOS;;
A-2022-12-65;11/12/2022;22:15;DESPISTE;-;1;0;CARRETERA DE ACCESO AL AA.HH. SANTA MARIA;-;-7.134118339;-79.57560070186892;DESPEJADO;IMPRUDENCIA DEL CONDUCTOR;CONDUCIR EN ESTADO DE EBRIEDAD Y/O DROGADICCIÓN;;
A-2022-12-66;14/12/2022;16:30;CHOQUE;-;1;0;CARRETERA DE PENETRACION A LA SIERRA LIBERTEÑA ALTURA DEL KM. 26.5;-;-8.013975;-78.832225;DESPEJADO;IMPRUDENCIA DEL CONDUCTOR;OTRO (IMPRUDENCIA DEL CONDUCTOR);REALIZAR SU DESPLAZAMIENTO CON CONFIANZA;
A-2022-12-67;14/12/2022;23:10;ATROPELLO FUGA;-;1;0;CARRETERA PANAMERICANA NORTE ALTURA DEL KM. 521;-;-8.412123662;-78.8008278148734;DESPEJADO;NO IDENTIFICA LA CAUSA;;;
A-2022-12-68;15/12/2022;15:20;DESPISTE;CHOQUE CONTRA INMUEBLE ;1;0;CARRETERA PANAMERICANA NORTE ALTURA DEL KM. 551;AV. SANJOSE NRO. 499 -ALTO MOCHE;-8.178108;-78.992894;DESPEJADO;IMPRUDENCIA DEL CONDUCTOR;ADELANTAR INDEBIDAMENTE;;
A-2022-12-69;16/12/2022;00:35;CHOQUE;-;1;0;CARRETERA PANAMERICANA NORTE ALTURA DEL KM. 722;-;-7.1187;-79.48835;DESPEJADO;IMPRUDENCIA DEL CONDUCTOR;CONDUCIR EN ESTADO DE EBRIEDAD Y/O DROGADICCIÓN;;
A-2022-12-7;07/12/2022;05:00;CHOQUE;MUERTE ;1;0;AVENIDA SINCHI ROCA ;C.P. YAURILLA - LOS AQUIJES ;-14.067722;-75.683214;DESPEJADO;NO IDENTIFICA LA CAUSA;;;
A-2022-12-70;16/12/2022;19:30;DESPISTE;-;1;0;CARRETERA DE PENETRACION A LA SIERRA LIBERTEÑA ALTURA DEL KM. 44;-;-7.594535021;-78.88960892189267;DESPEJADO;IMPRUDENCIA DEL CONDUCTOR;OTRO (IMPRUDENCIA DEL CONDUCTOR);DESATENCION EN LA CONDUCCION;
A-2022-12-71;20/12/2022;15:15;CHOQUE;-;1;0;CARRETERA PANAMERICANA NORTE ALTURA DEL KM. 695.3;-;-7.311197;-79.480883;DESPEJADO;NO IDENTIFICA LA CAUSA;;;
A-2022-12-72;21/12/2022;23:30;ATROPELLO;-;1;0;AV. JOSE GABRIEL CONDORCANQUI ALTURA DE LA CDRA. 18;-;-8.0735967;-79.0487591;DESPEJADO;IMPRUDENCIA DEL PEATÓN;CRUCE INDEBIDO POR LA CALZADA;;
A-2022-12-73;23/12/2022;05:00;CHOQUE;-;2;1;CARRETERA PANAMERICANA NORTE ALTURA DEL KM. 714;-;-7.178833728;-79.4373320667413;DESPEJADO;IMPRUDENCIA DEL CONDUCTOR;CONDUCIR EN ESTADO DE EBRIEDAD Y/O DROGADICCIÓN;;
A-2022-12-74;28/12/2022;06:20;CHOQUE;-;1;1;CARRETERA PANAMERICANA NORTE ALTURA DEL KM. 560.3;-;-8.133712;-79.064233;DESPEJADO;IMPRUDENCIA DEL CONDUCTOR;EXCESO DE VELOCIDAD;;
A-2022-12-75;29/12/2022;16:30;DESPISTE;-;1;0;CARRETERA DE ACCESO A LA PLAYA LA BOCANA;CERRO LOS BATANES;-7.203805584;-79.6643699865567;DESPEJADO;NO IDENTIFICA LA CAUSA;;;
A-2022-12-76;31/12/2022;17:30;DESPISTE;-;1;0;CARRETERA PANAMERICANA NORTE ALTURA DEL KM. 550;-;-8.179401;-78.991284;DESPEJADO;NO IDENTIFICA LA CAUSA;;;
A-2022-12-77;31/12/2022;21:50;ATROPELLO;-;1;0;CARRETERA PANAMERICANA NORTE ALTURA DEL KM. 603;-;-7.868086;-79.135907;DESPEJADO;IMPRUDENCIA DEL CONDUCTOR;OTRO (IMPRUDENCIA DEL CONDUCTOR);DESATENCION EN LA CONDUCCION;
A-2022-12-78;04/12/2022;13:08;ESPECIAL;.;1;0;TROCHA CAROZABLE ;ALTURA DEL PVF UÑA DE GATO ;-3.527121685;-80.21257093344128;DESPEJADO;NO IDENTIFICA LA CAUSA;;;
A-2022-12-79;19/12/2022;02:20;CHOQUE;VOLCADURA ;1;2;CARRETERA DE PENETRACION DE PAPAYAL A MATAPALO ;KM 022.9;-3.627679843;-80.1971590481813;DESPEJADO;IMPRUDENCIA DEL CONDUCTOR;INVASIÓN DE CARRIL;;
A-2022-12-8;05/12/2022;12:20;DESPISTE;VOLCADURA;1;0;CARRETERA PUNO-DESAGUADERO;KM. 1456;-16.25442013;-69.34710849877888;DESPEJADO;IMPERICIA DEL CONDUCTOR;;EL CONDUCTOR AL SUFRIR UN INFARTO AGUDO DE MIOCARDIO;
A-2022-12-81;02/12/2022;17:57;CHOQUE;POR EMBISTE;1;0;CARRETERA PANAMERICANA NORTE KM.444;;-9.007369858;-78.61861512295174;DESPEJADO;IMPRUDENCIA DEL CONDUCTOR;CONDUCIR EN ESTADO DE EBRIEDAD Y/O DROGADICCIÓN;;NO INDICA
A-2022-12-82;04/12/2022;13:40;CHOQUE;FRONTAL;1;2;CARRETERA DE INGRESO AL BALNEARIO DE BESIQUE KM.01 100;;-9.195805106;-78.47421644463167;DESPEJADO;IMPRUDENCIA DEL CONDUCTOR;INVASIÓN DE CARRIL;;IMPRUDENCIA DEL VEHÍCULO 1 HYUNDAI SANTA FE
A-2022-12-83;06/12/2022;16:40;CHOQUE;FRONTAL;1;0;AV. BRASIL CON AV. COUNTRY 2A;FRENTE A LA URB. LOS ALAMOS MZ. A FRONTIS DEL COUNTRY CLUB - EL HUERTO;-9.118276868;-78.52968191;DESPEJADO;NO IDENTIFICA LA CAUSA;;;
A-2022-12-84;10/12/2022;22:30;DESPISTE;VOLCADURA;1;0;CARRETERA PENENTRACIÓN HUARMEY - AIJA KM. 14;;-10.01960875;-78.06741046248136;DESPEJADO;NO IDENTIFICA LA CAUSA;;;
A-2022-12-85;11/12/2022;15:00;DESPISTE;VOLCADURA;1;0;CARRETERA PENENTRACIÓN TUACA CABANA KM.07 200 ;CASERIO ALAYPAMPA;-8.424965608;-78.01537559310515;DESPEJADO;NO IDENTIFICA LA CAUSA;;;
A-2022-12-86;22/12/2022;05:20;CHOQUE;FRONTAL;2;2;CARRETERA PANAMERICANA NORTE KM.383 850;;-9.445646;-78.350371;DESPEJADO;NO IDENTIFICA LA CAUSA;;;
A-2022-12-87;23/12/2022;04:00;CHOQUE;;4;0;CARRETERA PANAMERICANA NORTE KM.426;CRUCE CON AV. ANCHOVETA;-9.131875997;-78.52748606;DESPEJADO;IMPRUDENCIA DEL CONDUCTOR;INVASIÓN DE CARRIL;;IMPRUDENCIA DEL CONDUCTOR DEL MINIBÚS
A-2022-12-88;19/12/2022;15:50;DESPISTE;-;1;1;CARRETERA PENETRACIÓN CHICLAYO PIMENTEL KM 1 96;COLEGIO MARIANO MANUEL GONZALES PRADO;-6.835819;-79.927081;DESPEJADO;NO IDENTIFICA LA CAUSA;;;
A-2022-12-89;02/12/2022;05:45;ATROPELLO;-;1;0;CARRETERA PANAMERICANA NORTE KM 42 800;-;-6.337246;-79.765726;DESPEJADO;NO IDENTIFICA LA CAUSA;;;SE INVESTIGA
A-2022-12-9;07/12/2022;19:00;DESPISTE;CHOQUE;1;0;CARRETERA KELUYO-C.P. TOTOROMA;SECTOR CHIHUANUMA;-16.758;-69.325;DESPEJADO;IMPRUDENCIA DEL CONDUCTOR;EXCESO DE VELOCIDAD;;
A-2022-12-90;15/12/2022;01:05;ATROPELLO FUGA;-;1;0;CARRETERA PANAMERICANA NORTE ANTIGUA KM 01 173;-;-6.673127;-79.90011;DESPEJADO;NO IDENTIFICA LA CAUSA;;;
A-2022-12-91;16/12/2022;20:45;CHOQUE;-;1;0;CARRETERA PENETRACIÓN A CHOTE KM 58 400;-;-6.6572423;-79.4276372;DESPEJADO;NO IDENTIFICA LA CAUSA;;;
A-2022-12-92;30/12/2022;20:40;ATROPELLO;-;1;0;AV. JOSE MARIA ESCRIBA DE BALAGUER CDRA 5;-;-6.7644239;-79.8592299;DESPEJADO;NO IDENTIFICA LA CAUSA;;;
A-2022-12-93;24/12/2022;08:45;ATROPELLO;-;1;0;CARRETERA PANAMERICANA NORTE ANTIGUA KM 56;-;-6.2305182;-79.7133815;DESPEJADO;NO IDENTIFICA LA CAUSA;;;
A-2022-12-94;07/12/2022;13:35;CHOQUE;-;2;0;CARRETERA PANAMERICANA NORTE KM 897;-;-6.0892981;-80.5001784;DESPEJADO;NO IDENTIFICA LA CAUSA;;;
A-2022-12-95;16/12/2022;10:30;CHOQUE;-;2;4;PANAMERICANA NORTE ANTIGUA CASERIO PUNTO 9;-;-6.6365542;-79.8906636;DESPEJADO;NO IDENTIFICA LA CAUSA;;;
A-2022-12-96;23/12/2022;00:30;CHOQUE FUGA;-;1;2;CARRETERA FERREÑAFE - CHICLAYO KM 5;ALTURA DEL MOLINO ANGIE;-6.7378566;-79.7915933;DESPEJADO;NO IDENTIFICA LA CAUSA;;;
A-2022-12-97;02/12/2022;02:15;DESPISTE;Y VOLCADURA;1;1;CARRETERA PALLCAPAMPA - SANTA BARBARA HUACHOCOLPA;KM. 16 900;-13.032612;-74.957484;DESPEJADO;NO IDENTIFICA LA CAUSA;;;FALTA DE DILIGENCIAS
A-2022-12-98;05/12/2022;15:00;DESPISTE;VOLCADURA;1;0;CARRETERA C.P. CAPSARO-C.P. CORICOCHA-VILCA;KM. 0 600;-12.556023;-75.205258;DESPEJADO;NO IDENTIFICA LA CAUSA;;;FALTA DE DILIGENCIAS 
A-2023-01-1;02/01/2023;05:30;CHOQUE FUGA;;1;0;CARRETERA LONGITUDINAL SELVA NORTE KM. 519 800;POSTA MEDICA CASERÍO NUEVO PROGRESO;-8.908303;-76.093992;DESPEJADO;NO IDENTIFICA LA CAUSA;;;NINGUNA
A-2023-01-10;08/01/2023;07:10;CHOQUE;FATAL;1;0;JR. VELASCO ASTETE CON JR. JOSE GALVEZ;PUNO;-15.8463798;-70.0233266;DESPEJADO;IMPRUDENCIA DEL CONDUCTOR;OTRO (IMPRUDENCIA DEL CONDUCTOR);"INGRESAR A UNA INTERSECCION ""T"", SIN ELIMINAR LOS RIESGOS QUE SE PRESENTAN EN EL LUGAR";
A-2023-01-100;29/01/2023;16:00;DESPISTE;-;1;1;CARRETERA FERREÑAFE PITIPO;-;-6.5958054;-79.7866521;DESPEJADO;NO IDENTIFICA LA CAUSA;;;
A-2023-01-101;10/01/2023;08:00;DESPISTE;SEGUIDO DE VOLCADURA Y CHOQUE;1;3;CARRETERA CENTRAL LIMA - LA OROYA KM. 147   100;;-11.59057032;-76.0732114912677;DESPEJADO;;;;NINGUNA
A-2023-01-102;23/01/2023;06:30;ATROPELLO FUGA;;1;0;CARRETERA CENTRAL JAUJA-HUANCAYO MARGEN IZQUIERDA KM. 80;;-11.78752;-75.47391;DESPEJADO;;;;
A-2023-01-103;28/01/2023;23:18;ATROPELLO;;1;0;AV. LAS AMERICAS INTERSECCION CON LA AV. FRANCISCO BOLOGNESI;;-12.0463081;-75.2508535;DESPEJADO;;;;NINGUNA
A-2023-01-107;24/01/2023;21:00;CHOQUE;CHOQUE FRONTAL, SEGUIDO DE VOLCADURA;2;0;CPN 443 055;COISHCO;-9.018497;-78.617341;DESPEJADO;IMPRUDENCIA DEL CONDUCTOR;INVASIÓN DE CARRIL;;NINGUNA
A-2023-01-108;25/01/2023;16:50;ESPECIAL;ESPECIAL;1;0;CARRETERA DE PENETRACCION TANGAY KM 3.5;SECTOR TANGAY BAJO;-9.082625;-78.523315;DESPEJADO;NO IDENTIFICA LA CAUSA;;;NINGUNA
A-2023-01-109;01/01/2023;07:10;DESPISTE;SEGUIDO DE CHOQUE Y VOLCADURA CON RESULTADO FATAL Y DAÑOS MATERIALES;1;0;CARRETERA COSTANERA NORTE KM. 227;DISTRITO DE CIUDAD NUEVA ILO;-17.54765;-71.361506;DESPEJADO;IMPRUDENCIA DEL CONDUCTOR;FATIGA Y/O CANSANCIO;;
A-2023-01-110;27/01/2023;08:00;DESPISTE;SEGUIDO DE VOLCADURA  CON RESULTADO FATAL Y DAÑOS MATERIALES ;1;2;CARRETERA INTEROCEÁNICA ;DISTRITO DE CIUDAD NUEVA ILO;-16.71032952;-70.44683063026633;DESPEJADO;IMPRUDENCIA DEL CONDUCTOR;FATIGA Y/O CANSANCIO;;
A-2023-01-111;12/01/2023;17:00;ATROPELLO;PROYECCION;1;0;CARRETERA CENTRAL PARADERO 12 1/2 ;;-9.944877833;-76.24018227990604;DESPEJADO;IMPRUDENCIA DEL CONDUCTOR;EXCESO DE VELOCIDAD;;
A-2023-01-112;13/01/2023;19:45;ATROPELLO;ATROPELLO POR PROYECCION Y APLASTAMIENTO;1;0;CARRETERA CENTRAL CHAYANA KM 72 500;;-9.630918;-76.06591;DESPEJADO;IMPRUDENCIA DEL CONDUCTOR;EXCESO DE VELOCIDAD;;