COD_ACCIDE;FechaDelAccidente;HoraDelAccidente;ClaseDelAccidente;SecuenciaAccidente;CantidadDeFallecidos;CantidadDeLesionados;Direccion;LugarReferencia;y;x;CondClimatica;CausaFactorPrincipal;CausaEspecifica;OtraCausa;Observaciones
A-2023-01-114;30/01/2023;20:20;CHOQUE;;1;1;AV. CONTRA ALMIRANTE MORA ;FRONTIS DE LA MZ E1 LT 8A ASENT. H PUERTO NUEVO;-12.0447968;-77.138117617;DESPEJADO;IMPRUDENCIA DEL CONDUCTOR;OTRO (IMPRUDENCIA DEL CONDUCTOR);DESPLAZAR SU UNIDAD SIN CUIDADO Y PREVENCION AL NO HABER ADOPTADO LAS DE MEDIDAS DE PRECAUCION.;SIN OBSERVACIONES 
A-2023-01-115;04/01/2023;11:30;CAÍDA DE PASAJERO;CAÍDA DE  OCUPANTE ;1;0;CARRETERA PUENTE MOCHE-CASAGRANDE;ALTURA DEL MOLINO LA PEÑA.;-5.3148116;-80.713105;DESPEJADO;IMPRUDENCIA DEL CONDUCTOR;OTRO (IMPRUDENCIA DEL CONDUCTOR);TRANPORTAR PERSONAS EN LA CARROCERIA ;
A-2023-01-116;04/01/2023;21:10;DESPISTE;DESPISTE CHOQUE VOLCADURA CAIDA;1;0;AVENIDA VICE CALLE 06;URBANIZACION IGNACIO MERINO;-5.181645;-80.640006;DESPEJADO;IMPRUDENCIA DEL CONDUCTOR;CONDUCIR EN ESTADO DE EBRIEDAD Y/O DROGADICCIÓN;;
A-2023-01-117;15/01/2023;02:57;DESPISTE;DESPISTE- VOLCADURA Y CAIDA;1;0;CARRETERA PIURA SULLANA KM 1018;TRAMO PIURA SULLANA;-5.0411083;-80.701613;DESPEJADO;IMPRUDENCIA DEL CONDUCTOR;EXCESO DE VELOCIDAD;;
A-2023-01-118;19/01/2023;01:15;CHOQUE;CHOQUE POR EMBISTE;1;1;INTERSECCIÓN DE LA AVENIDA VICE  CON AVENIDA CACERES ;ALTURA DEL CEMENTERIO METROPOLITANO;-5.182126;-80.640035;DESPEJADO;IMPRUDENCIA DEL CONDUCTOR;DESACATO DE SEÑAL DE TRÁNSITO;;
A-2023-01-119;07/01/2023;06:15;ATROPELLO;ATROPELLO;1;0;CARRETERA PIURA CATACAOS;CARRETERA PIURA CATACAOS;-5.243447;-80.649673;DESPEJADO;IMPRUDENCIA DEL CONDUCTOR;INVASIÓN DE CARRIL;;
A-2023-01-12;01/01/2023;04:00;DESPISTE;SEGUIDO DE VOLCADURA CON CONSECUENCIA FATAL , LESIONES PERSOPANLES Y DAÑOS MATERIALES.;1;7;CARRETERA DE PENETRACION DE PALCA A CENTRO POBLADO DE VICHON.;;-9.341630502;-77.0352685109;DESPEJADO;NO IDENTIFICA LA CAUSA;;;NINGUNA
A-2023-01-120;01/01/2023;22:58;CHOQUE;ACCIDENTE DE TRANSITO MULTIPLE EN LA MODALIDAD DE CHOQUE FRONTAL;1;0;CARRETERA PANAMERICANA NORTE KM 443;RESTAURANT ANTOJITO;-9.019175;-78.616854;DESPEJADO;IMPRUDENCIA DEL CONDUCTOR;INVASIÓN DE CARRIL;;NINGUNA
A-2023-01-121;23/01/2023;02:30;DESPISTE;DESPISTE CHOQUE VOLCADURA;1;0;CARRETERA  PIURA SULLANA KM 1009;CARRETERA CARRETERA PIURA SULLANA KM 1009;-5.129106;-80.700489;DESPEJADO;IMPRUDENCIA DEL CONDUCTOR;CONDUCIR EN ESTADO DE EBRIEDAD Y/O DROGADICCIÓN;;
A-2023-01-123;22/01/2023;22:30;CHOQUE;VOLCADURA;1;3;CARRETERA RIO VIEJO - VICHAYAL;ALTURA DEL POZO DE AGUA - LA ARENA;-5.31418;-80.724356;DESPEJADO;IMPRUDENCIA DEL CONDUCTOR;CONDUCIR EN ESTADO DE EBRIEDAD Y/O DROGADICCIÓN;;MIMHGUNA
A-2023-01-124;12/01/2023;22:30;CHOQUE;FRONTAL SEGUIDO DE ATROPELLO, CHOQUE, INCENDIO Y FUGA;4;5;CARRETERA PIURA - CHICLAYO;ALTURA DEL KM. 966 - TABANCO;-5.454041335;-80.6067177147605;DESPEJADO;IMPRUDENCIA DEL CONDUCTOR;EXCESO DE VELOCIDAD;;
A-2023-01-125;12/01/2023;15:15;ATROPELLO;POR PROYECCIÓN ;1;0;AVENIDA 13 DE OCTUBRE CON JIRON 23 DE MAYO;-;-13.407661;-76.131825;DESPEJADO;IMPRUDENCIA DEL CONDUCTOR;NO ESTABLECER EL DERECHO DE PASO;;
A-2023-01-126;16/01/2023;15:45;CHOQUE;VOLCADURA;1;0;CARRERA INTEROCEÁNICA SUR KM. 418 900 TRAMO PUERTO MALDONADO - LABERINTO;SECTOR LAS CASTAÑAS;-12.636616;-69.259765;;;;;
A-2023-01-127;18/01/2023;21:00;CHOQUE;;1;0;KM. 384 900 DE LA CARRETERA INTEROCEÁNICA SUR - SECTOR FLORIDA BAJA (TRAMO PUERTO MALDONADO - LABERINTO);;-12.747705;-69.550746;;;;;
A-2023-01-128;18/01/2023;14:50;DESPISTE;VOLCADURA;1;1;KM. 338 300 DE LA CARRETERA INTEROCEÁNICA SUR (TRAMO PUERTO MALDONADO - PLANCHON);;-12.520654;-69.135652;;;;;
A-2023-01-129;30/01/2023;19:20;CHOQUE;;1;1;KM. 509 100 DE LA CARRETERA INTEROCEÁNICA SUR - SECTOR MAVILA (TRAMO ALEGRIA - MAVILA);;-11.95189;-69.130112;;;;;
A-2023-01-13;15/01/2023;12:15;CHOQUE;-;1;0;CARRETERA FERNANDO BELAUNDE TERRY KM 485 500;A 100 METROS DEL PUENTE INDOCHE-MOYOBAMBA;-6.049138;-77.040499;DESPEJADO;NO IDENTIFICA LA CAUSA;;;
A-2023-01-130;01/01/2023;04:30;CHOQUE;VOLCADURA Y CAIDA FATAL;1;0;AUTOPISTA RAMIRO PRIALE KM. 7.1;;-12.02115428;-76.92843602;DESPEJADO;IMPRUDENCIA DEL CONDUCTOR;CONDUCIR EN ESTADO DE EBRIEDAD Y/O DROGADICCIÓN;;
A-2023-01-131;01/01/2023;10:50;CHOQUE;VOLCADURA FATAL, LESIONES Y DAÑOS MATERIALES;1;1;AV. VISTA ALEGRE CON CLLE RICARDO PALMA;;-12.18744311;-76.995348;DESPEJADO;IMPRUDENCIA DEL CONDUCTOR;OTRO (IMPRUDENCIA DEL CONDUCTOR);;CAUSA ESPECIFICA IMPRUDENCIA DEL CONDUCTOR
A-2023-01-132;02/01/2023;03:30;ATROPELLO;FATAL;1;0;CARRET. PANAM. SUR KM 12.026; REF ALT PTE PEAT AMAUTA;-12.162271;-76.981829;DESPEJADO;IMPRUDENCIA DEL PEATÓN;CRUCE INDEBIDO POR LA CALZADA;;CAUSA CONTRIBUTIVA IMPRUDENCIA DEL CONDUCTOR
A-2023-01-133;03/01/2023;11:00;ATROPELLO;FATAL;1;0;JR. ENRIQUE PALLARDELE CDRA 03;;-11.93560076;-77.05045653;DESPEJADO;IMPRUDENCIA DEL PEATÓN;OTRO (IMPRUDENCIA DEL PEATÓN);OTROS(CONDICIÓN DE INFANTE);
A-2023-01-134;04/01/2023;04:30;CHOQUE;VOLCADURA Y CAIDA FATAL;1;0;CARRET. PANAM. SUR KM. 8.500 ;ALT. PTE BENAVIDES;-12.131482;-76.978481;DESPEJADO;IMPRUDENCIA DEL CONDUCTOR;OTRO (IMPRUDENCIA DEL CONDUCTOR);ACCION DEL CONDUCTOR DEL OTRO VEHICULO;
A-2023-01-135;08/01/2023;10:00;ATROPELLO;FATAL;1;1;AV. CIENEGUILLA ALT DEL INMUEBLE MZ BLT 16;;-12.08735903;-76.86337844;DESPEJADO;EN PROCESO DE INVESTIGACIÓN;NO CUENTA CON CAUSA ESPECIFICA;;
A-2023-01-136;02/01/2023;04:10;CHOQUE;CHOQUE POR ALCANCE;1;0;CARRET. PANAM. NORTE KM. 36.000;;-11.856181;-77.085165;DESPEJADO;IMPRUDENCIA DEL CONDUCTOR;OTRO (IMPRUDENCIA DEL CONDUCTOR);IMPRUDENCIA DEL CONDUCTOR UT1;
A-2023-01-137;12/01/2023;04:45;CHOQUE;CHOQUE POR ALCANCE;1;0;AV PETIT THOUARS CON AV MANUEL SEGURA ;;-12.07950923;-77.03402284;DESPEJADO;NEGLIGENCIA DEL CONDUCTOR;OTRO (NEGLIGENCIA DEL CONDUCTOR);NO INDICA;
A-2023-01-138;14/01/2023;01:15;DESPISTE;VOLCADURA Y CAÍDA ;1;0;AV. TUPAC AMARU CDRA 53;(ALT PARADERO TOYOTA);-11.91191856;-77.03862173;DESPEJADO;IMPRUDENCIA DEL CONDUCTOR;CONDUCIR EN ESTADO DE EBRIEDAD Y/O DROGADICCIÓN;;
A-2023-01-139;17/01/2023;17:10;CAÍDA DE PASAJERO;FATAL;1;0;CARRETERA PANAMERICANA NORTE KM 34.800 ;(REF. GRIFO VUPISA);-11.840191;-77.105128;DESPEJADO;IMPRUDENCIA DEL PEATÓN;OTRO (IMPRUDENCIA DEL PEATÓN);IMPRUDENCIA DEL CONDUCTOR;
A-2023-01-14;08/01/2023;15:05;VOLCADURA;VOLCADURA CON SUB SECUENTE MUERTE;1;0;CARRETERA DE PENETRACION AREQUIPA - MOLLENDO KM. 46.920;KM. 46.920;-16.963416;-72.056223;DESPEJADO;NO IDENTIFICA LA CAUSA;;;SIN OBSERVACIONES 
A-2023-01-140;17/01/2023;23:00;CHOQUE;VOLCADURA Y CAÍDA;1;0;INTERSECCIÓN CALLE1 CON LA CALLE B. URB VIRGEN DEL ROSARIO;;-11.7820838;-77.16173524;DESPEJADO;IMPRUDENCIA DEL CONDUCTOR;EXCESO DE VELOCIDAD;;
A-2023-01-141;18/01/2023;06:00;ATROPELLO FUGA;FATAL;1;0;INTERSECCIÓN DE AV ALFREDO MENDIOLA CON AV BARTOLOMÉ DE LAS CASAS ;;-12.01553487;-77.0595959;DESPEJADO;NO IDENTIFICA LA CAUSA;;;FALTA UN ELEMENTO (FUGA)
A-2023-01-142;19/01/2023;06:20;ATROPELLO;FATAL;1;0;INTERSECCIÓN FORMADA POR AV. MICAELA BASTIDAS CON AV 03 OCTUBRE;;-12.22112427;-76.93862437;DESPEJADO;IMPRUDENCIA DEL CONDUCTOR;OTRO (IMPRUDENCIA DEL CONDUCTOR);IMPRUDENCIA DEL PEATÓN;
A-2023-01-143;18/01/2023;23:30;ATROPELLO FUGA;FATAL;1;0;AV. UNIVERSITARIA CDRA 82;;-11.92809536;-77.05262142;DESPEJADO;EN PROCESO DE INVESTIGACIÓN;NO CUENTA CON CAUSA ESPECIFICA;;
A-2023-01-144;19/01/2023;05:45;ATROPELLO;CHOQUE FATAL;2;0;CARRET. PANAMER. SUR ;ALT. PTE BENAVIDES;-12.13080149;-76.97813265;DESPEJADO;IMPRUDENCIA DEL CONDUCTOR;OTRO (IMPRUDENCIA DEL CONDUCTOR);NO INDICA EL TIPO DE IMPRUDENCIA;
A-2023-01-145;21/01/2023;06:20;CHOQUE;FATAL;1;0;AV. DEFENSORES DEL MORRO ;REF. ALT. AV. LOS HORIZONTES;-12.19732583;-76.99933498;DESPEJADO;IMPRUDENCIA DEL CONDUCTOR;OTRO (IMPRUDENCIA DEL CONDUCTOR);NO INDICA ESPECIFICA;
A-2023-01-146;21/01/2023;02:30;DESPISTE;CHOQUE Y FUGA;1;4;CARRETERA PANAMERICANA SUR KM 10.900;;-12.152397;-76.983898;DESPEJADO;NEGLIGENCIA DEL CONDUCTOR;OTRO (NEGLIGENCIA DEL CONDUCTOR);NO INDICA LA ESPECIFICA;
A-2023-01-147;21/01/2023;01:10;DESPISTE;CHOQUE;1;0;AUTOPISTA RAMIRO PRIALE KM. 8.000;;-12.02089;-76.921351;DESPEJADO;IMPRUDENCIA DEL CONDUCTOR;CONDUCIR EN ESTADO DE EBRIEDAD Y/O DROGADICCIÓN;;
A-2023-01-148;21/01/2023;19:20;CAÍDA DE PASAJERO;FATAL;1;0;CALLE CARHUAZ FRONTIS DE INMUEBLE MZ NLT3 ;URB JARDINES NARANJAL;-11.97926081;-77.09554158;DESPEJADO;IMPRUDENCIA DEL CONDUCTOR;OTRO (IMPRUDENCIA DEL CONDUCTOR);NO INDICA ESPECÍFICA;
A-2023-01-149;22/01/2023;06:00;ATROPELLO;FATAL;1;0;CARRETERA PANAMERICANA NORTE KM 47;(REF. PEAJE VARIANTE FRENMTE A GARITA SUTRAN) ;-11.75082036;-77.14656204;DESPEJADO;IMPRUDENCIA DEL CONDUCTOR;EXCESO DE VELOCIDAD;;IMPRUDENCIA DEL PEATÓN AL CRUZAR
A-2023-01-15;17/01/2023;14:45;DESPISTE;DESPISTE, CHOQUE Y VOLCADURA;1;0;AV. JLBYRIVERO PUEBLO VIEJO DE VITOR FRONTIS MZ-I . LT-2;VITOR;-16.471201;-71.939116;DESPEJADO;NO IDENTIFICA LA CAUSA;;;SIN OBSERVACIONES 
A-2023-01-150;23/01/2023;01:10;DESPISTE;CHOQUE, VOLCADURA, Y CAÍDA;1;0;JR. ARANGURI CDRA 04. ALT AV 22 DE AGOSTO;;-11.94507449;-77.06271568;DESPEJADO;IMPRUDENCIA DEL CONDUCTOR;CONDUCIR EN ESTADO DE EBRIEDAD Y/O DROGADICCIÓN;;
A-2023-01-151;22/01/2023;22:30;ATROPELLO;FATAL;1;0;AV. UNIVERSITARIA CDRA 96;;-11.9105404;-77.04529613;DESPEJADO;IMPRUDENCIA DEL CONDUCTOR;OTRO (IMPRUDENCIA DEL CONDUCTOR);IMPRUDENCIA DEL PEATÓN Y CONDICIÓN DE LA VÍA;
A-2023-01-152;25/01/2023;07:30;ATROPELLO;FATAL;1;0;AV AREQUIPA CDRA 226 CON AV PERCY GIBSON;;-12.0906929;-77.03348002968819;DESPEJADO;IMPRUDENCIA DEL CONDUCTOR;OTRO (IMPRUDENCIA DEL CONDUCTOR);NEGLIGENCIA DEL PEATÓN;
A-2023-01-153;25/01/2023;12:50;ATROPELLO;DESPISTE CHOQUE;1;9;AV. CANEVARO INTERSECCIÓN CON EL JR ALMIRANTE MARTIN GUISSE;;-12.0841464;-77.03898862;DESPEJADO;IMPRUDENCIA DEL CONDUCTOR;OTRO (IMPRUDENCIA DEL CONDUCTOR);NO INDICA LA ESPECÍFICA;
A-2023-01-154;25/01/2023;12:50;ATROPELLO;FATAL;1;0;AV. LIMA CDRA 15;( REF ALT INTERSECCIÓNM CON CALLE RICARDO PALMA);-12.22012369;-76.90753429258767;DESPEJADO;IMPRUDENCIA DEL PEATÓN;OTRO (IMPRUDENCIA DEL PEATÓN);NO INDICA ESPECIFICA, INDICA IMPRUDENCIA DEL CONDUCTOR;
A-2023-01-155;26/01/2023;07:30;ATROPELLO FUGA;FATAL;1;0;CARRET PANAM .NORTE KM. 34.500 ;ALT. OVALO ZAPALLAL;-11.836209;-77.11015;DESPEJADO;NO IDENTIFICA LA CAUSA;;;
A-2023-01-156;28/01/2023;00:40;ATROPELLO;FATAL;1;0;CARRET. LIMA CANTA KM. 36;;-11.755908;-76.974774;DESPEJADO;IMPRUDENCIA DEL PEATÓN;OTRO (IMPRUDENCIA DEL PEATÓN);INDICA IMPRUDENCIA DEL CONDUCTOR;
A-2023-01-157;02/01/2023;00:50;ATROPELLO FUGA;FATAL;1;0;ALTURA DEL PUENTE SANTA ROSA;;-12.040883;-77.03392535182245;DESPEJADO;IMPRUDENCIA DEL CONDUCTOR;OTRO (IMPRUDENCIA DEL CONDUCTOR);IMPRUDENCIA DEL PEATÓN;
A-2023-01-158;29/01/2023;08:24;ATROPELLO FUGA;FATAL;1;0;AV. MANUEL VALLE CON PARAD. LA CABAÑA;PARAD. LA CABAÑA;-12.24223259;-76.86837913;DESPEJADO;IMPRUDENCIA DEL CONDUCTOR;OTRO (IMPRUDENCIA DEL CONDUCTOR);IMPRUDENCIA DEL PEATON;
A-2023-01-159;29/01/2023;15:30;ATROPELLO;FATAL;1;0;AV. TUPAC AMARU CON AV. PUNO;;-11.95293236;-77.05133771;DESPEJADO;EN PROCESO DE INVESTIGACIÓN;NO CUENTA CON CAUSA ESPECIFICA;;
A-2023-01-16;14/01/2023;05:00;DESPISTE;PRECIPITACIÓN Y VOLCADURA;1;0;CARRETERA PUNO-LARAQUERI;KM. 03 200 SALIDA LARAQUERI;-15.87885136;-70.00608987179244;DESPEJADO;IMPRUDENCIA DEL CONDUCTOR;OTRO (IMPRUDENCIA DEL CONDUCTOR);EXCESO DE CONFIANZA;
A-2023-01-160;30/01/2023;01:10;ATROPELLO FUGA;FATAL;1;0;PANAMERICANA SUR KM. 20 400 - LURÍN;;-12.23132747;-76.96538686033865;DESPEJADO;IMPRUDENCIA DEL CONDUCTOR;EXCESO DE VELOCIDAD;;INDICA IMPRUDENCIA DEL PEATÓN PERO VELOCIDAD NO RAZONABLE DEL VEHÍCULO NO IDENTIFICADO
A-2023-01-161;28/01/2023;06:17;ATROPELLO;FATAL;1;0;CARRETERA CENTRAL  INTERSECCIÓN AV. NN 1 ALTURA DEL KM. 11.500;;-12.01389364;-76.88334248;DESPEJADO;IMPRUDENCIA DEL PEATÓN;OTRO (IMPRUDENCIA DEL PEATÓN);NEGLIGENCIA DEL CONDUCTOR;
A-2023-01-162;31/01/2023;02:00;CHOQUE;VOLCADURA;1;0;AV. ANDRÉS AVELINO CÁCERES CON AV. LOS INCAS;ALTURA PARADERO ESTABLO;-12.0061412;-76.82987693056809;DESPEJADO;IMPRUDENCIA DEL CONDUCTOR;NO ESTABLECER EL DERECHO DE PASO;;NINGUNA.
A-2023-01-17;15/01/2023;04:00;DESPISTE;DESPISTE SEGUIDO DE CHOQUE;1;0;CARRETERA BAÑOS TERMALES KM 1 100;A 100 MTS DE LA UNIVERSIDAD CESAR VALLEJO;-6.05784;-76.97303;DESPEJADO;IMPRUDENCIA DEL CONDUCTOR;OTRO (IMPRUDENCIA DEL CONDUCTOR);;
A-2023-01-18;04/01/2023;19:00;DESPISTE;TOTAL Y VOLCADURA;1;0;CARRETERA  DEL C.P. CARHUAPATA Y EL C.P. LICAPA;KM. 12;-13.03394536;-74.7998877037061;DESPEJADO;NO IDENTIFICA LA CAUSA;;;FALTA DE DILIGENCIAS  
A-2023-01-19;12/01/2023;04:45;DESPISTE;VOLCADURA, CHOQUE Y CAIDA DE OCUPANTE;2;1;CARRETERA LONGITUDINAL SELVA NORTE KM. 524 700;CASERÍO LA VICTORÍA;-8.861548183;-76.1040314029657;DESPEJADO;NO IDENTIFICA LA CAUSA;;;NINGUNA
A-2023-01-2;02/01/2023;14:30;CHOQUE;LATERAL, VOLCADURA Y CAIDA DE CONDUCTOR;1;0;CARRETERA TRANSVERSAL RUTA 12A KM. 283 200;SECTOR TRONCO;-8.611078754;-76.62656868189325;DESPEJADO;NO IDENTIFICA LA CAUSA;;;NINGUNA
A-2023-01-20;01/01/2023;06:00;DESPISTE;VOLCADURA;1;0;CASERIO CALLEJON DE ROMERO;CAMINO A LOS MOLINOS ;-13.945351;-75.680238;DESPEJADO;NO IDENTIFICA LA CAUSA;;;SE ENCUENTRA EN INVESTIGACION, A LA ESPERA DEL TOXICOLOGICO
A-2023-01-21;15/01/2023;19:30;DESPISTE;VOLCADURA CON CONSECUENCIA DE MUERTE, LESIONES PERSOANLES Y DAÑOS MATERAILES.;1;6;POTACA DISTRITO DE HUARI;KM 66;-9.134542356;-77.5390918631431;LLUVIOSO;NO IDENTIFICA LA CAUSA;;;NINGUNO
A-2023-01-24;23/01/2023;09:00;CHOQUE;SEGUIDO DE DESPISTE CON CONSECUENCIA FATAL, LESIONES PERSONALES Y DAÑOS MATERIALES.;1;0;LUGAR DENOMINADO TUYA;CENTRO POBLADO DE VISCAS, DISTRITO DE PAUCAS.;-9.14565728;-76.8414759980629;DESPEJADO;NO IDENTIFICA LA CAUSA;;;NINGUNA
A-2023-01-26;01/01/2023;05:30;DESPISTE;-;2;4;CARRETERA DE ACCESO AL DISTRITO DE MARMOT ALTURA DEL SECTOR MESITA;-;-7.695499597;-78.6316271126678;DESPEJADO;IMPRUDENCIA DEL CONDUCTOR;OTRO (IMPRUDENCIA DEL CONDUCTOR);AL DESPLAZAR SU UNIDAD DE MANERA CONFIADA A UNA VELOCIDAD QUE RESULTO SER NO RAZONABLE PARA LA CONDICIONAL DE LA VIA (PRESENCIA DE LLUVIAS Y NEBLINAS);
A-2023-01-27;01/01/2023;10:10;CHOQUE;-;1;0;CARRETERA PANAMERICANA NORTE ALTURA DEL KM. 681.6;-;-7.392707922;-79.55616788912027;DESPEJADO;NO IDENTIFICA LA CAUSA;;;
A-2023-01-28;01/01/2023;13:00;CHOQUE FUGA;-;1;0;OVALO HUANCHACO;-;-8.086548613;-79.09628712208378;DESPEJADO;NO IDENTIFICA LA CAUSA;;;
A-2023-01-29;03/01/2023;05:30;ATROPELLO;-;1;0;INTERIOR DEL PARQUE MINERO - CARBONERA;-;-8.009822;-79.048239;DESPEJADO;IMPRUDENCIA DEL CONDUCTOR;OTRO (IMPRUDENCIA DEL CONDUCTOR);CONDUCCION SIN EL DEBIDO CUIDADO;
A-2023-01-3;02/01/2023;14:10;CHOQUE;FRONTAL EXCENTRICO DERECHO;1;0;INTERSECCIÓN JR. CALLAO CON AV. 28 DE JULIO;ESPALDAS DEL HOSPITAL DE TINGO MARÍA;-9.303110794;-76.00091655326621;DESPEJADO;IMPRUDENCIA DEL CONDUCTOR;OTRO (IMPRUDENCIA DEL CONDUCTOR);;NINGUNO
A-2023-01-30;02/01/2023;19:20;CHOQUE;CHOQUE, ATROPELLO, VOLCADURA, FUGA.;1;1;PROLONG. SAN MARTÍN - CARRETERA HUYCAY - HUAYLLABAMBA;FUNDO VILCANOTA;-13.32980504;-72.07244714749359;DESPEJADO;IMPRUDENCIA DEL CONDUCTOR;OTRO (IMPRUDENCIA DEL CONDUCTOR);CIRCULAR PEGADO A LA ZONA DE BERMA;INVESTIGACIÓN EN PROCESO DE INVESTIGACION
A-2023-01-31;22/01/2023;20:45;CHOQUE;CHOQUE, DESPISTE FATAL;1;0;CARRETERA PANAMERICANA SUR KM.16.500;KM. 16.500;-16.4599736;-71.6905902;DESPEJADO;NO IDENTIFICA LA CAUSA;;;SIN OBSERVACIONES 
A-2023-01-32;01/01/2023;14:50;ATROPELLO;EL VEHÍCULO ERA DESPLAZADO DE LIMATAMBO HACIA ANTA, LA PEATÓN CRUZABA LA CALZADA EN SENTIDO DE  SUR A NORTE (DE DERECHO A IZQUIERDA RESPECTO AL SENTIDO DE DESPLAZAMIENTO DEL VEHÍCULO), EL VEHÍCULO IMPACTA A LA PEATÓN CON SU ESTRUCTGURA FRONTAL TERCIO DERECHO ;1;0;CARRETERA CUSC - ABANCAY KM. 938 500 ;C.C. YUNGAQUI ;-13.48595261;-72.16745477434834;DESPEJADO;IMPRUDENCIA DEL CONDUCTOR;EXCESO DE VELOCIDAD;;NINGUNA
A-2023-01-33;25/01/2023;16:40;ATROPELLO;VEHÍCULO ERA DESPLAZADO DE URUBAMBA HACIA OLLANTAYTAMBO (ESTE A OESTE), EL PEATÓN CRUZABA LA CALZADA DE NORTE A SUR (DERECHA A IZQUIERDA RESPECTO AL SENTIDO DE DESPLAZAMIENTO DLE PETAÓN);1;1;AV. FERROCARRIL ;HOTEL TAMBO DEL INCA;-13.3081738;-72.1185755933679;DESPEJADO;IMPRUDENCIA DEL CONDUCTOR;OTRO (IMPRUDENCIA DEL CONDUCTOR);EBRIEDAD DEL CONDUCTOR;EBRIEDAD DEL PEATÓN
A-2023-01-34;07/01/2023;14:00;DESPISTE;SEGUIDO DE VOLCADURA Y CAIDA DE VEHICULO, CON CONSECUENCIA FATAL. LESIONES PERSOANLES Y DAÑOS MATERIALES.;7;3;KM 95 HUAROCHIRI- MARAÑON;SECTOR CHASQUI RUTA 12-A;-8.555527568;-77.63024466024649;DESPEJADO;NO IDENTIFICA LA CAUSA;;;NINGUNO
A-2023-01-346;17/01/2023;12:35;CHOQUE;;1;1;AV. PASTOR SEVILLA CON CESAR VALLEJO;;-12.21847264;-76.94555299522678;DESPEJADO;IMPRUDENCIA DEL CONDUCTOR;OTRO (IMPRUDENCIA DEL CONDUCTOR);;NINGUNA
A-2023-01-347;07/01/2023;04:40;ATROPELLO;FATAL;1;0;AV. TUPAC AMARU CON EL JR. JOSE GALVEZ KM. 17 CARABAYLLO;;-11.89564768;-77.02957181;DESPEJADO;IMPRUDENCIA DEL CONDUCTOR;OTRO (IMPRUDENCIA DEL CONDUCTOR);CONTRIBUTIVA IMPRUDENCIA DEL PEATÓN;
A-2023-01-348;13/01/2023;06:00;CHOQUE;DESPISTE, VOLCADURA Y CAIDA FATAL;1;0;INTERSECCION DE LA AV. UNIVERSITARIA Y AV. LOS ALISOS;;-11.98325181;-77.07839425;DESPEJADO;IMPRUDENCIA DEL CONDUCTOR;OTRO (IMPRUDENCIA DEL CONDUCTOR);IMPRUDENCIA DE AMBOS CONDUCTORES;
A-2023-01-349;26/01/2023;20:40;ATROPELLO;FATAL;1;0;AV. CARLOS IZAGUIRRE CDRA. 17;;-11.99113097;-77.08501239;DESPEJADO;IMPRUDENCIA DEL CONDUCTOR;OTRO (IMPRUDENCIA DEL CONDUCTOR);CONTRIBUTIVA INDICA IMPRUDENCIA DEL PEATÓN;
A-2023-01-35;25/01/2023;17:20;ATROPELLO FUGA;ATROPELLO Y FUGA CON SUB SECUENTE MUERTE;1;0;AV. TUPAC AMARU 6TA CUADRA;6TA CUADRA;-17.024754;-72.007649;DESPEJADO;NO IDENTIFICA LA CAUSA;;;SIN OBSERVACIONES 
A-2023-01-350;24/01/2023;03:30;DESPISTE;VOLCADURA;1;2;CARRETERA UCHUYPAMPA;KM 06 25;-13.20189689;-74.1725307810872;DESPEJADO;INFRAESTRUCTURA Y ENTORNO VIAL;SUPERFICIE DETERIORADA;;VIA EN MAL ESTADO
A-2023-01-353;06/01/2023;07:30;ATROPELLO;;1;0;CARRETERA PANAMERICANA NORTE KM. 191.565;;-10.77952196;-77.7184361835695;DESPEJADO;IMPRUDENCIA DEL CONDUCTOR;OTRO (IMPRUDENCIA DEL CONDUCTOR);;EL ACCIDENTE SE PRODUJO AL CONDUCIR POR FALTA DE CUIDADO Y PREVISION SIN HABER VALORADO LAS CONDICONES CLIMATICAS
A-2023-01-354;10/01/2023;06:30;DESPISTE;DESPISTE;1;2;CARRETERA MARGINA KM 31 900 SECTOR BAJO TOTTERANI;CARRETERA MARGINA KM 31 900 SECTOR BAJO TOTTERANI;-10.9322422;-75.1413398635242;;;;;
A-2023-01-355;28/01/2023;01:20;CHOQUE;EMBISTE;3;0;KM 11.950 CARRETERA SUPE PUEBLO HACIA EN CENTRO POBLADO PURMACANA;ALTURA INGRESO AL CENTRO POBLADO SANTA MARTA;-10.738853;-77.60962;DESPEJADO;IMPRUDENCIA DEL CONDUCTOR;GIRAR IMPRUDENTEMENTE;;
A-2023-01-356;28/01/2023;09:20;DESPISTE;DESPISTE ;1;4;CARRETERA DE PENETRACION PALCA Y YAROCA - PALCA;CARRETERA DE PENETRACION PALCA Y YAROCA - PALCA;-11.37376828;-75.56094453457678;DESPEJADO;;;;
A-2023-01-36;29/01/2023;11:10;DESPISTE;DESPSITE Y VOLCADURA FATAL;2;0;CARRETERA AREQUIPA - JULIACA KM.83.900;KM. 83.900;-16.104889;-71.618319;DESPEJADO;NO IDENTIFICA LA CAUSA;;;SIN OBSERVACIONES 
A-2023-01-37;26/01/2023;12:40;CHOQUE FUGA;-;1;0;CARRETERA FBT KM 495 270;FRONTIS AL HOSPEDAJE CASA BLANCA;-6.045455;-76.958378;DESPEJADO;IMPRUDENCIA DEL CONDUCTOR;OTRO (IMPRUDENCIA DEL CONDUCTOR);;SE INVESTIGA
A-2023-01-38;08/01/2023;10:50;CHOQUE;-;1;0;INTERSECCION CONFORMADA POR LA AV. ELMER FAUCETT Y LA AV. LA MARINA;-;-7.412962231;-79.56325653905785;DESPEJADO;IMPRUDENCIA DEL CONDUCTOR;EXCESO DE VELOCIDAD;;