COD_ACCIDE;FechaDelAccidente;HoraDelAccidente;ClaseDelAccidente;SecuenciaAccidente;CantidadDeFallecidos;CantidadDeLesionados;Direccion;LugarReferencia;y;x;CondClimatica;CausaFactorPrincipal;CausaEspecifica;OtraCausa;Observaciones
A-2023-01-39;22/01/2023;04:00;CHOQUE FUGA;CHOQUE, DESPISTE, VOLCADURA, CAIDA DE CONDUCTOR Y FUGA;1;3;CARRETERA FERNANDO BELAUNDE TERRY KM 225   656.59;GRIFO ANDY;-5.745;-78.453929;DESPEJADO;NO IDENTIFICA LA CAUSA;;;SE ENCUENTRA EN INVESTIGACIÓN PARA DETERMINAR LA CAUSA
A-2023-01-4;04/01/2023;17:30;ATROPELLO;CON PROYECCIÓN;1;0;CARRETERA LONGITUDINAL SELVA NORTE KM. 486 500;ENTRADA A VENENILLO;-9.089441172;-76.0609985078864;DESPEJADO;NO IDENTIFICA LA CAUSA;;;DESPUES DE 6 HORAS APROX., DE PRODUCIDO EL ACCIDENTE DE TRÁNSITO, FALLECE EL MENOR, POSTERIORMENTE LA UPIAT TOMA CONOCIMIENTO DEL HECHO 
A-2023-01-40;08/01/2023;18:00;DESPISTE;-;1;5;CARRETERA PANAMERICANA NORTE ALTURA DEL KM. 618;-;-7.7883674;-79.2343937;DESPEJADO;NO IDENTIFICA LA CAUSA;;;
A-2023-01-41;11/01/2023;02:30;DESPISTE;-;1;0;AV. VIRU ALTURA DE LA CDRA. 13;-;-8.421435;-78.77558;DESPEJADO;IMPRUDENCIA DEL CONDUCTOR;OTRO (IMPRUDENCIA DEL CONDUCTOR);AL CONDUCIR A UNA VELOCIDAD CON PRESENCIA DE IRREGULARIDADES EN LA CALAZADA, LA CUAL NO VALORO EN SU DESPLAZAMIENTO INGRESANDO A LA INTERSECCION SIN CONSIDERAR EL DESNIVEL DESCENDENTE QUE PRESENTABA;AL CONDUCIR A UNA VELOCIDAD CON PRESENCIA DE IRREGULARIDADES EN LA CALAZADA, LA CUAL NO VALORO EN SU DESPLAZAMIENTO INGRESANDO A LA INTERSECCION SIN CONSIDERAR EL DESNIVEL DESCENDENTE QUE PRESENTABA
A-2023-01-42;15/01/2023;20:30;ATROPELLO FUGA;-;1;0;AV. 02 DE MAYO ALTURA DEL FRONTIS DE LA COMISARIA PNP BUENOS AIRES;COMISARIA PNP BUENOS AIRES;-8.1408261;-79.0522763;DESPEJADO;NO IDENTIFICA LA CAUSA;;;
A-2023-01-43;16/01/2023;22:30;ATROPELLO FUGA;-;1;0;CARRETERA DE PENETRACION A LA SIERRA LIBERTEÑA ALTURA DEL KM. 09;-;-8.099256;-78.957468;DESPEJADO;IMPRUDENCIA DEL CONDUCTOR;OTRO (IMPRUDENCIA DEL CONDUCTOR);UNA VELOCIDAD QUE RESULTO SER NO RAZONABLE NI PRUDENTE;
A-2023-01-44;20/01/2023;08:45;ATROPELLO;-;1;0;INTERSECCION CONFORMADA POR LA AV. COSTA RICA Y LA AV. SANTA TERESA DE JESUS;-;-8.124145;-79.029696;DESPEJADO;IMPRUDENCIA DEL CONDUCTOR;GIRAR IMPRUDENTEMENTE;;
A-2023-01-45;19/01/2023;21:20;CHOQUE;-;1;0;CARRETERA PANAMERICANA NORTE ALTURA DEL KM. 706;-;-7.235858;-79.455789;DESPEJADO;IMPRUDENCIA DEL CONDUCTOR;CONDUCIR EN ESTADO DE EBRIEDAD Y/O DROGADICCIÓN;;
A-2023-01-46;24/01/2023;12:30;CAÍDA DE PASAJERO;CAIDA DE PASAJERO Y FUGA;1;0;CARRETERA PANAMERICANA NORTE ALTURA DEL KM. 604;-;-7.889695;-79.125187;DESPEJADO;NO IDENTIFICA LA CAUSA;;;
A-2023-01-47;27/01/2023;22:30;DESPISTE;-;1;2;CARRETERA PANAMERICANA NORTE ALTURA DEL KM. 450.8;-;-8.954251;-78.629556;DESPEJADO;IMPRUDENCIA DEL CONDUCTOR;FRENAR INTEMPESTIVAMENTE;;
A-2023-01-48;29/01/2023;23:30;DESPISTE;-;1;0;CARRETERA PANAMERICANA NORTE ALTURA DEL KM. 512;-;-8.45586056;-78.728059441547;DESPEJADO;IMPRUDENCIA DEL CONDUCTOR;OTRO (IMPRUDENCIA DEL CONDUCTOR);AL DESPLAZARSE DE MANERA CONFIADA A UNA VELOCIDAD CONSTANTE;
A-2023-01-49;30/01/2023;05:50;CHOQUE FUGA;-;1;0;CARRETERA DE ACCESO AL CP. FACALÁ;-;-7.72928231;-79.16461584631057;DESPEJADO;NO IDENTIFICA LA CAUSA;;;-NO SE CUENTA CON LOS ELEMENTOS DE APOYO PARA EL ESCLARECIMIENTO DEL EVENTO DE TRANSITO
A-2023-01-5;02/01/2023;12:30;CHOQUE;CHOQUE CON CONSECUENCIA FATAL;1;0;CARRETERA COSTANERA SUR KM 11 900;;-18.118923;-70.375177;DESPEJADO;IMPRUDENCIA DEL CONDUCTOR;CONDUCIR EN ESTADO DE EBRIEDAD Y/O DROGADICCIÓN;;
A-2023-01-50;16/01/2023;04:00;DESPISTE;DESPISTE Y VOLCADURA;3;5;CARRETERA PANAMERICANA SUR KM 1326;PARADERO DESVIO A LOS PALOS;-18.226601;-70.324208;DESPEJADO;IMPRUDENCIA DEL CONDUCTOR;CONDUCIR EN ESTADO DE EBRIEDAD Y/O DROGADICCIÓN;;EN EL ACCIDENTE DE TRANSITO VIAJABA UNA GESTANTE DE 20 SEMANAS Y MURIERON TANTO ELLA COMO EL FETO.
A-2023-01-51;21/01/2023;20:30;ATROPELLO;ATROPELLO CON PROYECCION;1;0;AV. MUNICIPAL ;PARADERO DE LA 101;-18.087781;-70.277099;DESPEJADO;IMPRUDENCIA DEL PEATÓN;ESTADO DE EBRIEDAD Y/O DROGADICCIÓN;;LA ZONA CARECE DE ALUMBRADO PUBLICO.
A-2023-01-52;30/01/2023;09:54;CHOQUE;SEGUIDO DE VOLCADURA  Y CAIDA DE PASAJERO CON SUBSCUENTE FATAL, LESIONES PERSONALES Y DAÑOS MATERAILES.;1;6;CARRETERA PATIVILCA HUARAZ;KM 188 ALTURA DEL PUENTE MASHUAN.;-9.627298018;-77.4987975439949;DESPEJADO;IMPRUDENCIA DEL CONDUCTOR;INVASIÓN DE CARRIL;;NINGUNO
A-2023-01-53;27/01/2023;11:40;DESPISTE;.;1;0;CARRETERA DE PENETRACION DE PAPAYAL A MATAPALO ;.;-3.611740826;-80.19617247899224;SOLEADO;IMPRUDENCIA DEL CONDUCTOR;OTRO (IMPRUDENCIA DEL CONDUCTOR);AL NO TENER CUIDADO Y PREVENCION ;
A-2023-01-54;25/01/2023;22:10;CHOQUE;CHOQUE CON CONSECUENCIA FATAL;1;1;JR. JUNIN 3RA. CUADRA;INTERSECCIÓN CON JR. APURIAC;-13.63506437;-72.87860144731098;;;;;
A-2023-01-55;11/01/2023;01:50;ATROPELLO FUGA;SUBSECUENTE MUERTE;1;0;VIA AREQUIPA PUNO ALTURA PÚENTE AÑASHUAYCO;PUENTE AÑASHUAYCO;-16.3402078;-71.58874609128446;DESPEJADO;NO IDENTIFICA LA CAUSA;;;S/O
A-2023-01-56;30/01/2023;19:30;CHOQUE CON OBJETO FIJO;EN CIRCUNSTANCIAS QUE EL VEHÍCULO MENOR MOTOCICLETA LINEAL ERA DESPLAZADO POR LA VÍA EN SENTIDO DE OESTE A ESTE IMPACTA FRONTALMENTE CON OBJETO FIJO (ROCA) QUE SE ENCONTRABA EN SU CARRIL DE CIRCULACIÓN.;1;1;CARRETERA HUACARPAY - QUILLABAMBA. TRAYECTORIA URUBAMBA - OLLANTAYTAMBO. CENTRO POBLADO YANAHUARA - 5° PARADERO ;5° PARADERO DEL CENTRO POBLADO DE YANAHUARA;-13.278097;-72.187868;DESPEJADO;NEGLIGENCIA DEL CONDUCTOR;OTRO (NEGLIGENCIA DEL CONDUCTOR);;NINGUNA
A-2023-01-57;31/01/2023;09:20;DESPISTE;SEGUIDO DE VOLCADURA;1;1;CARRETERA CENTRAL HUANCAYO - PAMPAS. ALTURA DEL KM. 146;;-12.211415;-75.174176;DESPEJADO;IMPRUDENCIA DEL CONDUCTOR;EXCESO DE VELOCIDAD;;NINGUNA
A-2023-01-58;14/01/2023;05:30;CHOQUE;SUBSECUENTE MUERTE;1;0;VIA DE EVITAMIENTO FRENTE A MERCADO SEÑOR DE LSO MILAGROS;FRENTE AL SEÑOR DE LOS MILAGROS;-16.346681;-71.581686;DESPEJADO;NO IDENTIFICA LA CAUSA;;;S/O
A-2023-01-6;01/01/2023;22:09;CHOQUE;FATAL;1;3;CARRETERA NUEVA PUNO - JULICA;KM 01;-15.755179;-70.051617;DESPEJADO;IMPRUDENCIA DEL CONDUCTOR;CONDUCIR EN ESTADO DE EBRIEDAD Y/O DROGADICCIÓN;;
A-2023-01-61;05/01/2023;20:44;ATROPELLO FUGA;;1;0;CARRETERA CENTRAL LA OROYA-HUANCAYO MARGEN IZQUIERDA ALTURA DE LA AV. DANIEL TURIN ;ALTURA DE LA AV. DANIEL TURIN (A 100 MTS APROX., AL SUR);-11.96927;-75.269729;DESPEJADO;IMPRUDENCIA DEL PEATÓN;ESTADO DE EBRIEDAD Y/O DROGADICCIÓN;;NINGUNA
A-2023-01-62;30/01/2023;09:00;DESPISTE;SEGUIDA DE VOLCADURA;1;1;SECTOR PLANTA CHINA;MINERIA - PLANTA CHINA, DISTRITO DE JOSE MARIA ARGUEDAS ;-13.872184;-73.398548;DESPEJADO;IMPRUDENCIA DEL CONDUCTOR;OTRO (IMPRUDENCIA DEL CONDUCTOR);SE INVESTIGA;DESPUES DE 30 DIAS A LA FECHA DE ACCIDENTE, TOMO CONOCIMIENTO PERSONAL DE LA UPIAT Y POR LA COYUNRUA NACIONAL FUE IMPOSIBLE CONSTITUIR EN EL LUGAR DEL EVENTO DEL ACCIDENTE 
A-2023-01-63;21/01/2023;18:50;ATROPELLO FUGA;ATROPELLO Y FUGA CON SUBSECUENTE MUERTE;1;0;AV. LA CULTURA CON AV. SOLDADO QUITERIO GALLARDO;;-18.07664868;-70.25494390302107;DESPEJADO;IMPRUDENCIA DEL PEATÓN;CRUCE INDEBIDO POR LA CALZADA;;EL PEATON FALLECIDO DE 4 AÑOS SE DESPLAZABA JUNTO A SU PROGENITOR, QUIEN REALIZABA UN CRUCE INDEBIDO POR LA CALZADA 
A-2023-01-64;22/01/2023;18:35;ATROPELLO;;1;0;KM. 463   400 DE LA CPS;;-14.927497;-74.987946;DESPEJADO;NO IDENTIFICA LA CAUSA;;;
A-2023-01-65;27/01/2023;10:30;DESPISTE;;1;0;KM. 356   800;;-14.3520459;-75.6435243;DESPEJADO;NO IDENTIFICA LA CAUSA;;;SE ENCUENTRA EN INVESTIGACION 
A-2023-01-66;28/01/2023;04:40;CHOQUE;;1;5;KM. 470   300 DE LA CPS;;-14.987353;-74.995931;DESPEJADO;NO IDENTIFICA LA CAUSA;;;SE INVESTIGA EL ACCIDENTE
A-2023-01-67;11/01/2023;19:00;CHOQUE;CHOQUE SEGUIDO DE VOLCADURA;1;1;COMUNIDAD PATRIA BARRIOS ALTO ;GRIFO MOSCOSO;-12.97808;-71.46652;DESPEJADO;IMPRUDENCIA DEL CONDUCTOR;CONDUCIR EN ESTADO DE EBRIEDAD Y/O DROGADICCIÓN;;NINGUNO
A-2023-01-68;22/01/2023;21:30;VOLCADURA;CHOQUE Y VOLCADURA;1;0;CARRETERA CALCA - URUBAMBA ;SILLACANCHA;-13.31730381;-72.03439457263616;DESPEJADO;IMPRUDENCIA DEL CONDUCTOR;EXCESO DE VELOCIDAD;;NINGUNO
A-2023-01-69;02/01/2023;19:00;CHOQUE;CHOQUE SEGUIDO DESPISTE;1;3;CARRETERA LONGITUDINAL SIERRA SUR. TRAMOS SICUANI - SANTA ROSA;AGUAS CALIENTES;-14.45243;-71.07294;DESPEJADO;IMPRUDENCIA DEL CONDUCTOR;EXCESO DE VELOCIDAD;;NINGUNO
A-2023-01-7;01/01/2023;18:30;DESPISTE;VOLCADURA;1;1;CARRETERA DESAGUADERO-KELUYO;SECTOR ANCOCCOLLO;-16.640263;-69.105227;DESPEJADO;IMPRUDENCIA DEL CONDUCTOR;CONDUCIR EN ESTADO DE EBRIEDAD Y/O DROGADICCIÓN;;
A-2023-01-70;14/01/2023;01:40;ATROPELLO;EL PEATÓN QVF. FAUSTINO BLAS BAUTISTA, INGRESA Y CRUZA LA CARRETERA PANAMERICANA NORTE, EN SENTIDO DE OESTE A ESTE, AL POSICIONARSE SOBRE EL CARRIL DERECHO, ES IMPACTADO POR EL M3, DE PLACA B7E-961;1;0;CARRETERA PANAMERICANA NORTE. KM. 164.700;ALTURA DEL CENTRO POBLADO MIRAMAR;-11.00132;-77.61942;DESPEJADO;IMPRUDENCIA DEL PEATÓN;CRUCE INDEBIDO POR LA CALZADA;;NINGUNA
A-2023-01-71;15/01/2023;20:00;ATROPELLO;EL PEATÓN CONDUCTOR, SE ENCONTRABA CONVERSANDO POR CELULAR CON UNA PERSONA QUE LE TRAERÍA COMBUSTIBLE PARA LA UNIDAD QUE CONDUCÍA MOMENTOS PREVIOS, LOGRANDO CRUZAR LA CALZADA EN SENTIDO DE ESTE A OESTE, SIENDO IMPACTADO POR EL M3, DE PLACA B3M-734;1;0;CARRETERA PANAMERICANA NORTE. KM 150.447.90;ALTURA DEL CENTRO POBLADO LOS OLIVOS DE AVISPÁN;-11.07643;-77.5829;DESPEJADO;IMPRUDENCIA DEL PEATÓN;CRUCE INDEBIDO POR LA CALZADA;;NINGUNA
A-2023-01-72;28/01/2023;16:30;DESPISTE;DESPISTE SEGUIDO DE VOLCADURA;1;4;CARRETERA CUSCO - QUILLABAMBA. ALTURA SECTOR LAS FLORES. ALFAMAYO;SECTOR LAS FLORES, ALFAMAYO;-13.075151;-72.398731;LLUVIOSO;IMPRUDENCIA DEL CONDUCTOR;FATIGA Y/O CANSANCIO;;NINGUNO
A-2023-01-74;12/01/2023;17:30;DESPISTE;;1;0;CARRETERA SAN JOSE DE QUERO - PACHACAYO;LUGAR DENOMINADO BOCA DE SAPO;-12.108402;-75.630951;NUBLADO;NEGLIGENCIA DEL CONDUCTOR;OTRO (NEGLIGENCIA DEL CONDUCTOR);;NINGUNA
A-2023-01-75;30/01/2023;09:30;CAÍDA DE PASAJERO;---;1;0;INTERSECCIÓN DEL JR. UNIÓN Y JR. JUAN VILLANUEVA;CPNP CENTRAL;-7.15731667;-78.52361;DESPEJADO;NO IDENTIFICA LA CAUSA;;;
A-2023-01-76;07/01/2023;20:00;CHOQUE;POR EMBISTE ANTERIOR DERECHO;1;0;CARRETERA NAMORA - CAJAMARCA ALTURA DEL LUGAR DENOMINADO EL MIRADOR;CPNP BAÑOS DEL INCA;-7.207936;-78.393538;DESPEJADO;NO IDENTIFICA LA CAUSA;;;
A-2023-01-77;06/01/2023;20:00;CHOQUE CON OBJETO FIJO;SEGUIDO DE DESPISTE PARCIAL CON SUBSECUENTE CHOQUE ;1;2;AV. MARIANO MELGAR CRA. 1. 2.3.4 Y 5 ;CPNP SAN IGNACIO;-5.14076333;-78.999626167;SOLEADO;NEGLIGENCIA DEL CONDUCTOR;CONDUCIR CON FALLAS DE FRENOS;;
A-2023-01-78;13/01/2023;19:40;CHOQUE;FRONTAL;1;2;KM. 12 CERRETERA A JESÚS - LA COLPA;CPNP JESÚS;-7.211734;-78.440499;DESPEJADO;NO IDENTIFICA LA CAUSA;;;
A-2023-01-79;15/01/2023;05:00;DESPISTE;SEGUIDO DE VOLCADURA CON SUBSECUENTE CHOQUE ;1;0;CASERÍO LA CORDILLERA ;CPNP SAN IGNACIO;-5.11145;-79.02149167;LLUVIOSO;NEGLIGENCIA DEL CONDUCTOR;OTRO (NEGLIGENCIA DEL CONDUCTOR);FACTOR DETERMINANTE: LA DESATENCIÓN EN LA CONDUCCIÓN POR PARTE DEL CONDUCTOR DE LA UT-1, AUNADO A SU VELOCIDAD QUE RESULTÓ SER NO RAZONABLE NI PRUDENTE, LO QUE OCASIONÓ QUE, AL ENCONTRARSE AL INICIO DE LA CURVA A LA IZQUIERDA, CONTINUARA EN LÍNEA RECTA, PERDIENDO LA DIRECCIONALIDAD DE LA CURVA, LLEGANDO A DESPISTARSE HACIA EL LADO DERECHO DE LA CARRETERA, MATERIALIZÁNDOSE EL ACCIDENTE DE TRÁNSITO;
A-2023-01-8;01/01/2023;19:35;DESPISTE;VOLCADURA;1;0;CARRETERA YUNGUYO-YANAPATA;C.P. COPAPUJO;-16.28830931;-69.0744135791099;DESPEJADO;IMPRUDENCIA DEL CONDUCTOR;OTRO (IMPRUDENCIA DEL CONDUCTOR);REALIZAR SU DESPLAZAMIENTO POR LA VIA EN ESTUDIO, CON EVIDENTE APEGO AL PRINCIPIO DE CONFIANZA;
A-2023-01-80;15/01/2023;01:00;DESPISTE;CON SUBSECUENTE CHOQUE;1;0;CARRETERA DISTRITO SANTO TOMAS- C.P. SAN LUIS - CUTERVO;CPNP SANTO TOMAS;-7.053936;-79.093398;SOLEADO;IMPRUDENCIA DEL CONDUCTOR;EXCESO DE VELOCIDAD;;LA FALTA DE CONCENTRACIÓN EN LA CONDUCCIÓN DEL CONDUCTOR DE LA UT AL CONDUCIR A UNA VELOCIDAD QUE RESULTÓ NO RAZONABLE Y PRUDENTE, BAJO LAS CONDICIONES DE TRANSITABILIDAD EXISTENTES EN LA VÍA, NO CONSIDERANDO LOS RIESGOS Y PELIGROS PRESENTES, POR LO LLEGA A PERDER LA ATENCIÓN EN SU LÍNEA DE MARCHA, NO REACCIONANDO OPORTUNAMENTE PARA REALIZAR MANIOBRA DE VIRAJE O FRENADO AUNADO A LA IMPERICIA PARCIAL POR PARTE DEL CONDUCTOR DE LA UT, MISMO QUE CARECE DE LOS CONOCIMIENTOS DE LAS TÉCNICAS DEL MANEJO A DEFENSIVA, EXPONIENDO SU VIDA Y LA DE LA DEMÁS ANTE EL PELIGRO INMINENTE EN LA VÍA PÚBLICA
A-2023-01-81;18/01/2023;19:30;DESPISTE;VOLCADURA EN TONEL DERECHO;1;0;CALLE MARISCAL URETA CDRA. 22. URB. MONTERRICO - JAEN;CPNP JAEN;-5.710252;-78.816984;DESPEJADO;IMPRUDENCIA DEL CONDUCTOR;OTRO (IMPRUDENCIA DEL CONDUCTOR);EL EXCESO DE CONFIANZA POR PARTE DEL CONDUCTOR DE LA UT, AL APROXIMARSE AL BORDE DERECHO DEL PUENTE SIN EXTREMAR SUS MEDIDAS DE SEGURIDAD ANTE LA APROXIMACIÓN DE REDUCCIÓN DEL PUENTE, MATERIALIZANDO EL ACCIDENTE DE TRÁNSITO.;
A-2023-01-83;31/01/2023;17:00;DESPISTE;SEGUIDO DE VOLCADURA CON SUBSECUENTE CHOQUE ;1;0;CARRETERA CAJAMARCA - NAMORA A LA ALTURA DE LA ARETSANÍA ;CPNP NAMORA;-7.19434;-78.346385;DESPEJADO;IMPRUDENCIA DEL CONDUCTOR;EXCESO DE VELOCIDAD;;LA ACTITUD IMPRUDENTE DEL CONDUCTOR DE LA UT. AL CIRCULAR A UNA VELOCIDAD QUE RESULTÓ SER NO RAZONABLE NI PRUDENTE, LO QUE OCASIONÓ QUE PERDIERA EL CONTROL DE SU UNIDAD VEHICULAR AL PASAR POR UN REDUCTOR DE VELOCIDAD TIPO RESALTO, MATERIALIZÁNDOSE EL ACCIDENTE DE TRÁNSITO. 
A-2023-01-84;30/01/2023;10:00;DESPISTE;VOLCADURA EN CAMPANA ANTERIOR;2;2;KM 21 600 CARRETERA CASERIO EL TOMATE HACIA EL CASERÍO EL LIMON;CPNP SICHIMACHE;-6.1451333;-79.01643833;DESPEJADO;IMPRUDENCIA DEL CONDUCTOR;EXCESO DE VELOCIDAD;;
A-2023-01-85;29/01/2023;21:30;CHOQUE FUGA;VOLCADURA EN TONEL DERECHO;1;0;KM.11 150 DE LA CARRETERA QUE CONDUCE DE BELLAVISTA AL RÍO MARAÑON;CPNP BELLAVISTA;-5.66332;-78.65324833;DESPEJADO;NO IDENTIFICA LA CAUSA;;;
A-2023-01-86;31/01/2023;23:00;ATROPELLO;;1;0;CARRETERA CAJAMARCA - CHOTA. COMUNIDDA REJOPAMPA;CPNP CHOTA;-6.606444;-78.623498;DESPEJADO;NO IDENTIFICA LA CAUSA;;;
A-2023-01-87;18/01/2023;19:20;CHOQUE;CON CONSECUENCIA FATAL Y DAÑOS MATERILAES ;1;0;CARRETERA CENTRAL LA OROYA - JAUJA KM. 159   800;SECTOR DE CURIPATA;-11.613197;-75.980424;DESPEJADO;;;;
A-2023-01-88;10/01/2023;07:30;CHOQUE;;1;0;CARRETERA DE PENETRACIÓN EL TRIUNFO - RINCONAZO;-;-6.7847904;-79.6857552;DESPEJADO;NO IDENTIFICA LA CAUSA;;;
A-2023-01-89;15/01/2023;03:20;DESPISTE;-;1;1;SECTOR MONTEGRANDE;-;-6.837588;-79.7952347;DESPEJADO;NO IDENTIFICA LA CAUSA;;;
A-2023-01-9;01/01/2023;19:00;ATROPELLO FUGA;FUGA;1;0;C.P. SANTA ROSA;SECTOR MIRAFLORES;-16.30571842;-69.07482239581564;DESPEJADO;IMPRUDENCIA DEL CONDUCTOR;OTRO (IMPRUDENCIA DEL CONDUCTOR);REALIZAR SU DESPLAZAMIENTO POR LA VIA EN ESTUDIO, CON EVIDENTE APEGO AL PRINCIPIO DE CONFIANZA;FALTA DE UN ELEMENTO ( VEHICULO)
A-2023-01-90;14/01/2023;06:20;CHOQUE;-;1;0;AV. PROLONGACIÓN BOLOGNESI;FRONTIS A LA SUITE MONTERRICO E INTERSECCIÓN CON LA VÍA DE EVITAMIENTO;-6.7879366;-79.870403;SOLEADO;NO IDENTIFICA LA CAUSA;;;
A-2023-01-92;13/01/2023;05:30;ATROPELLO;-;1;0;EMPRESA AGROINDUSTRIAL BETA OLMOS;-;-5.9871619;-79.7457048;DESPEJADO;NO IDENTIFICA LA CAUSA;;;
A-2023-01-93;11/01/2023;20:00;CHOQUE;-;1;2;CARRETERA JAEN SAN IGNACIO;-;-5.549596365;-78.810569156061;DESPEJADO;NO IDENTIFICA LA CAUSA;;;
A-2023-01-94;20/01/2023;10:50;ATROPELLO;-;1;0;AV MANUEL SOANE CON VIA DE EVITAMIENTO                                                                                                                                                                                                                                                                      ;-;-6.7999111;-79.8323033;DESPEJADO;NO IDENTIFICA LA CAUSA;;;
A-2023-01-95;21/01/2023;02:20;CHOQUE;-;1;0;CARRETERA PANAMERICANA NORTE ANTIGUA KM 45;-;-6.3191066;-79.7610646;DESPEJADO;NO IDENTIFICA LA CAUSA;;;
A-2023-01-96;22/01/2023;16:35;DESPISTE;-;1;1;CARRETERA FERREÑAFE PUNTO CUATRO ;CASERÍO LAS LOMAS;-6.5943648;-79.8784604;DESPEJADO;NO IDENTIFICA LA CAUSA;;;
A-2023-01-97;22/01/2023;20:55;ATROPELLO;-;1;0;CARRETERA CAYALTI NUEVA ARICA;CP LA AVIACIÓN KM 19;-6.901633;-79.5490827;DESPEJADO;NO IDENTIFICA LA CAUSA;;;
A-2023-01-98;26/01/2023;08:20;DESPISTE;-;1;10;CARRETERA CHICLAYO SALTUR;ALTURA PUENTE HERCULES;-6.8101689;-79.6729012;LLUVIOSO;NO IDENTIFICA LA CAUSA;;;
A-2023-01-99;29/01/2023;19:45;CHOQUE;-;1;0;CARRETERA PENETRACIÓN HUACA RAJADA PUCALA;-;-6.7743365;-79.6101911;DESPEJADO;NO IDENTIFICA LA CAUSA;;;
A-2023-02-1;01/02/2023;06:00;ATROPELLO FUGA;.;1;0;CARRETERA PANAMERICANA NORTE KM . 241.8;FRENTE AL RESTAURANTE EL RUSTICO. ;-3.608802609;-80.50536626830808;DESPEJADO;IMPRUDENCIA DEL CONDUCTOR;NO DAR PASO PREFERENTE AL PEATÓN;;
A-2023-02-10;05/02/2023;16:45;CHOQUE;FATAL Y DAÑOS MATERIALES;1;0;KM 988 529 DE LA CARRETERA PANAMERICANA SUR;HITO 0;-16.62429;-71.87165;DESPEJADO;NO IDENTIFICA LA CAUSA;;;S/O
A-2023-02-100;04/02/2023;19:50;ATROPELLO FUGA;;1;0;CARRETERA CENTRAL HUANCAYO - JAUJA  MARGEN IZQUIERDA KM. 81   600 ;PARADERO PRINCIPAL DE VISCAP;-11.792625;-75.462974;LLUVIOSO;;;;SIN OBSERVACIONES
A-2023-02-101;26/02/2023;06:30;CHOQUE;DESPISTE;1;0;KM 269 920;-;-13.33609069;-70.33358221300524;DESPEJADO;IMPRUDENCIA DEL CONDUCTOR;ADELANTAR INDEBIDAMENTE;;NINGUNA
A-2023-02-102;09/02/2023;04:40;DESPISTE;;1;6;CARRETERA CENTRAL LA OROYA - CERRO DE PASCO KM. 43 700;;-11.23254005;-75.9393639449429;DESPEJADO;IMPRUDENCIA DEL CONDUCTOR;OTRO (IMPRUDENCIA DEL CONDUCTOR);DESATENCION EN SU LINEA DE DESPLAZAMIENTO;NINGUNA
A-2023-02-103;09/02/2023;09:30;ATROPELLO FUGA;;1;0;CARRETERA CENTRAL LA OROYA - HUANCAYO MARGEN DERECHA KM. 82;MUQUIYAUYO;-11.817768;-75.456077;DESPEJADO;NO IDENTIFICA LA CAUSA;;;FALTA DE UN ELEMENTO NO PERMITE DETERMINAR FEHACIENTEMENTE LAS CAUSAS
A-2023-02-104;15/02/2023;01:00;ATROPELLO FUGA;;1;0;CARRETERA CENTRAL MARGEN IZQUIERDO KM. 104 300;;-11.933564;-75.314174;LLUVIOSO;NO IDENTIFICA LA CAUSA;;;LA FALTA DE UNO DE LOS ELEMENTOS DE TRANSITO NO PERMITE DETERMINAR FEHACIENTEMENTE LAS CAUSAS
A-2023-02-105;18/02/2023;19:00;DESPISTE;SEGUIDO DE CHOQUE;1;0;CARRETERA CENTRAL LIMA - LA OROYA;;-11.589779;-76.069946;LLUVIOSO;IMPRUDENCIA DEL CONDUCTOR;CONDUCIR EN ESTADO DE EBRIEDAD Y/O DROGADICCIÓN;;NINGUNA
A-2023-02-107;19/02/2023;13:40;CHOQUE;;1;3;CARRETERA CENTRAL LA OTROYA - HUANCAYO KM. 76 300;;-11.814635;-75.492336;DESPEJADO;IMPRUDENCIA DEL CONDUCTOR;INVASIÓN DE CARRIL;;NINGUNA
A-2023-02-108;03/02/2023;22:00;VOLCADURA;VOLCADURA CON CONSECUENCIA FATAL;2;0;RUEDO DE TOROS COMUNIDAD DE POCCOHUANCA;DISTRITO DE POCCOHUANCA;-14.21909923;-73.08585079290788;;;;;
A-2023-02-109;12/02/2023;20:00;ATROPELLO;ATROPELLO CON CONSECUENCIA FATAL;1;0;CALLE APURIMAC;DISTRITO DE ANTABAMBA;-14.36539635;-72.87687602872857;;;;;
A-2023-02-11;06/02/2023;19:30;CHOQUE;-;1;0;CARRETERA PANAMERICANA NORTE ALTURA DEL KM. 703;-;-7.237837;-79.458427;DESPEJADO;IMPRUDENCIA DEL CONDUCTOR;NO ESTABLECER EL DERECHO DE PASO;;
A-2023-02-110;13/02/2023;15:00;VOLCADURA;VOLCADURA CON CONSECUENCIAS FATALES;1;0;COMUNIDAD DE TARIBAMBA ;PACCAYPATA PALPACACHI;-13.84172503;-72.57831755202824;;;;;
A-2023-02-111;19/02/2023;22:50;DESPISTE;;1;1;CARRETERA CENTRAL KM. 41 900;;-11.763482;-75.713338;DESPEJADO;IMPRUDENCIA DEL CONDUCTOR;CONDUCIR EN ESTADO DE EBRIEDAD Y/O DROGADICCIÓN;;NINGUNA