COD_ACCIDE;FechaDelAccidente;HoraDelAccidente;ClaseDelAccidente;SecuenciaAccidente;CantidadDeFallecidos;CantidadDeLesionados;Direccion;LugarReferencia;y;x;CondClimatica;CausaFactorPrincipal;CausaEspecifica;OtraCausa;Observaciones
A-2023-02-112;20/02/2023;01:12;ATROPELLO FUGA;;1;0;CARRETERA CENTRAL LA OROYA - HUANCAYO MARGEN DERECHA KM. 115;;-12.04074;-75.256145;DESPEJADO;NO IDENTIFICA LA CAUSA;;;LA FALTA DE UN ELEMENTO DE TRANSITO NO PERMITE DETERMINAR FEHACIENTEMENTE LAS CAUSAS QUE MOTIVARON LA PRODUCCION DEL SUCESO.
A-2023-02-113;21/02/2023;15:05;ATROPELLO;;1;0;CARRETERA CENTRAL LA OROYA - HUANCAYO MARGEN DERECHA KM. 111;;-12.021569;-75.272421;LLUVIOSO;IMPRUDENCIA DEL CONDUCTOR;OTRO (IMPRUDENCIA DEL CONDUCTOR);CONDUCIR POR LA VIA SIN EXPRESAR UN RECONOCIMIENTO PREVENTIVO, PESE HABER TENIDO PERCEPCION POSIBLE DE LA PRESENCIA DEL PEATON ;NINGUNA
A-2023-02-114;11/02/2023;18:30;ATROPELLO;-;1;0;JOSE BEDOYA ;AL FRENTE DE LA VIVIENDA MZ.G-LTE.AB;-15.46916425;-70.14080638570546;DESPEJADO;NEGLIGENCIA DEL CONDUCTOR;OTRO (NEGLIGENCIA DEL CONDUCTOR);NEGLIGENCIA DE LOS PADRES ;NINGUNA 
A-2023-02-115;24/02/2023;04:30;CHOQUE;-;1;0;KM 100 53;SAN ANTON ;-14.5817911;-70.320926;DESPEJADO;IMPRUDENCIA DEL CONDUCTOR;CONDUCIR EN ESTADO DE EBRIEDAD Y/O DROGADICCIÓN;;NINGUNA
A-2023-02-118;17/02/2023;19:00;CHOQUE FUGA;CHOQUE, SEGUIDO DE VOLCADURA Y CAIDA DE MOTOCICLISTA;1;0;CARRETERA COLQUEMARCA - SANTO TOMAS ALTURA DEL GRIFO CAS PETROL.;ALTURA DEL GRIFO CAS PETROL;-14.307131;-72.035791;DESPEJADO;IMPRUDENCIA DEL CONDUCTOR;GIRAR IMPRUDENTEMENTE;;NINGUNO
A-2023-02-119;27/02/2023;19:10;CHOQUE;CHOQUE POR ALCANCE, SEGUIDO DE CHOQUE POR EMBISTE;2;2;VIA LONGITUDINAL SIERRA SUR LA OROYA - PUENTE INTERNACIONAL DESAGUADERO TRAMO IZCUCHACA - DESVIO POROY;FRONTIS  RESTAURANTE TIO CHARLY;-13.47976123;-72.08823867847434;DESPEJADO;IMPRUDENCIA DEL CONDUCTOR;EXCESO DE VELOCIDAD;;NINGUNO
A-2023-02-12;10/02/2023;11:00;CHOQUE;-;1;0;CARRETERA DE PENETRACION A LA SIERRA LIBERTEÑA ALTURA DEL CASERIO CHUPAY;-;-7.704554;-78.020546;DESPEJADO;IMPRUDENCIA DEL CONDUCTOR;OTRO (IMPRUDENCIA DEL CONDUCTOR);AL REALIZAR SU DESPLAZAMIENTO CON CONFIANZA PROXIMO AL CENTRO DE LA CALZADA POR LA PRESENCIA DE BACHES DE FORMA INDISTINTA EN UN TRAMO PROLONGADO EN SU CARRIL DE CIRCULACION;AL REALIZAR SU DESPLAZAMIENTO CON CONFIANZA PROXIMO AL CENTRO DE LA CALZADA POR LA PRESENCIA DE BACHES DE FORMA INDISTINTA EN UN TRAMO PROLONGADO EN SU CARRIL DE CIRCULACION
A-2023-02-120;23/02/2023;06:30;CHOQUE;;1;0;AV. NESTOR GAMBETA KM KM. 13;;-11.84931487;-77.1215267256503;DESPEJADO;NO IDENTIFICA LA CAUSA;;;HASTA LA FECHA, NO PERMITE ESTABLECER DE FORMA FEHACIENTE E INDUBITABLE EL FACTOR PREDOMINANTE ASI COMO LOS FACTORES CONTRIBUTIVOS.
A-2023-02-121;12/02/2023;01:30;DESPISTE;DESPISTE CHOQUE VOLCADURA ;1;0;CARRETERA PACHAS TAMBOGRANDE;CARRETERA PACHAS TAMBOGRANDE ;-5.00297;-80.22238;DESPEJADO;NO IDENTIFICA LA CAUSA;;;
A-2023-02-122;17/02/2023;01:00;DESPISTE;VOLCADURA;1;0;SECTOR TAMBO HUAYCCO; KM 599 - VIA NACIONAL AYACUCHO - ANDAHUAYLAS;-13.65197;-73.525866;DESPEJADO;IMPRUDENCIA DEL CONDUCTOR;CONDUCIR EN ESTADO DE EBRIEDAD Y/O DROGADICCIÓN;;
A-2023-02-123;05/02/2023;17:38;DESPISTE;CHOQUE, CON SUBSECUECENTE VOLCADURA Y SUMERSION;1;0;CARRETERA MEDIO PIURA - CURUMUY;ALTURA DEL CASERIO LAS MERCEDES;-5.1876936;-80.626569;DESPEJADO;IMPRUDENCIA DEL CONDUCTOR;CONDUCIR EN ESTADO DE EBRIEDAD Y/O DROGADICCIÓN;;
A-2023-02-124;07/02/2023;08:30;DESPISTE;VOLCADURA;1;2;CARRETERA INTEREOCEANICA NORTE TRAMO PIURA - OLMOS;ALTURA DEL KM 180-500;-5.336733;-80.073728;DESPEJADO;IMPRUDENCIA DEL CONDUCTOR;EXCESO DE VELOCIDAD;;NINGUNA
A-2023-02-125;25/02/2023;13:15;DESPISTE;VOLCADURA;1;1;CARRETERA INTEROCEANICA NORTE - TRAMO PIURA - PAITA;---;-5.144486;-80.8013583;DESPEJADO;IMPRUDENCIA DEL CONDUCTOR;EXCESO DE VELOCIDAD;;NINGUNA
A-2023-02-126;08/02/2023;18:50;DESPISTE;DESPISTE CON SUBSECUENTE VOLCADURA ;1;1;AVENIDA BRASIL- SECHURA -VIA EVITAMIENTO ;;-5.576148;-80.821413;DESPEJADO;IMPRUDENCIA DEL CONDUCTOR;EXCESO DE VELOCIDAD;;
A-2023-02-128;10/02/2023;15:00;CHOQUE;DESPISTE VOLCADURA Y FUGA DEL CONDUCTOR ;2;2;CARRETERA PANAMERICANA SUR ALTURA DEL KILOMETRO 202;-;-13.5531479;-76.1808916;DESPEJADO;NEGLIGENCIA DEL CONDUCTOR;OTRO (NEGLIGENCIA DEL CONDUCTOR);CONDUCCIÓN BASADO EN UN EXCESO DE CONFIANZA TODA VEZ QUE NO CONSERVO SU DISTANCIA DEBIDA ;
A-2023-02-129;12/02/2023;22:15;ATROPELLO;POR VOLTEO;1;0;CARRETERA LARAN ;ENTRE LA PRIMERA Y SEGUNDA ENTRADA A LA UPIS SAN AGUSTIN;-13.413549;-76.119516;DESPEJADO;IMPRUDENCIA DEL PEATÓN;ESTADO DE EBRIEDAD Y/O DROGADICCIÓN;;
A-2023-02-13;06/02/2023;12:30;DESPISTE;CHOQUE VOLCADURA;1;1;KM 144 CARRETERA LA COSTANERA;HITO 144;-17.1690929;-71.7867987;DESPEJADO;NO IDENTIFICA LA CAUSA;;;S/O
A-2023-02-130;20/02/2023;16:05;ATROPELLO;;1;0;AV. NESTOR GAMBETTA CON LA AV. MORALES DUAREZ;;-12.03810072;-77.1270561033516;DESPEJADO;IMPRUDENCIA DEL CONDUCTOR;OTRO (IMPRUDENCIA DEL CONDUCTOR);DESPLAZAR SU UNIDAD SIN CUIDADO Y PREVENCION, SIN EXPRESAR UNA ESTRATEGIA PREVENTIVA.;SIN OBSERVACIONES
A-2023-02-131;24/02/2023;20:00;ATROPELLO;;1;0;CARRETERA CENTRAL HUAMCAYO - JAUJA MARGEN IZQUIERDA KM. 113;;-11.98156597;-75.26283319727084;DESPEJADO;IMPRUDENCIA DEL PEATÓN;ESTADO DE EBRIEDAD Y/O DROGADICCIÓN;;NINGUNO
A-2023-02-132;25/02/2023;14:00;DESPISTE;SEGUIDO DE VOLCADURA;2;0;CARRETERA CENTRAL LA OROYA- HUNACAYO KM. 30 300;;-11.69242458;-75.76872460034205;DESPEJADO;IMPRUDENCIA DEL CONDUCTOR;OTRO (IMPRUDENCIA DEL CONDUCTOR);;NINGUNO
A-2023-02-133;02/02/2023;17:20;CHOQUE;FATAL;1;0;AV. PACHACUTEC CON AV. UNIVERSITARIA;;-12.22761005;-76.91558296;DESPEJADO;IMPRUDENCIA DEL CONDUCTOR;CONDUCIR EN ESTADO DE EBRIEDAD Y/O DROGADICCIÓN;;NINGUNA
A-2023-02-134;07/02/2023;09:30;CHOQUE;VOLCADURA;1;0;CARRETERA PANAMERICANA NORTE KM 33;ALTURA PUENTE SAN PEDRO;-11.850768;-77.091932;DESPEJADO;NO IDENTIFICA LA CAUSA;;;NO SE IDENTIFICA LA CAUSA POR VEHÍCULO FUGADO
A-2023-02-135;07/02/2023;20:40;ATROPELLO;FATAL;1;0;CARRETERA PANAMERICANA NORTE KM. 35;ALTURA INTERCAMBIO VIAL VENTANILLA;-11.835905;-77.110451;DESPEJADO;IMPRUDENCIA DEL PEATÓN;OTRO (IMPRUDENCIA DEL PEATÓN);;NINGUNA
A-2023-02-136;07/02/2023;20:45;ATROPELLO;FATAL;1;0;CARRETERA PANAMERICANA SUR;ALTURA KM. 57.000;-12.458473;-76.753223;DESPEJADO;IMPRUDENCIA DEL PEATÓN;OTRO (IMPRUDENCIA DEL PEATÓN);;NINGUNA
A-2023-02-137;07/02/2023;21:15;ATROPELLO;FATAL;1;0;VIA DE EVITAMIENTO;ALTURA PUENTE NOGALES;-12.05368073;-76.97535993996986;DESPEJADO;IMPRUDENCIA DEL PEATÓN;OTRO (IMPRUDENCIA DEL PEATÓN);;NINGUNA
A-2023-02-138;08/02/2023;15:10;CHOQUE;;1;1;AV. MATEO PUMACAHUA ;ALTURA MZ B LT 12 COOPERAATIVA VIRGEN DE COCHARCAS;-12.19332227;-76.96688369;DESPEJADO;EN PROCESO DE INVESTIGACIÓN;NO CUENTA CON CAUSA ESPECIFICA;;NINGUNA
A-2023-02-139;14/02/2023;13:00;DESPISTE;SEGUIDO POR CHOQUE;1;2;CALLE VIRGO CON CALLE LA CHIRA;;-12.19771641;-77.02461312;DESPEJADO;IMPRUDENCIA DEL CONDUCTOR;OTRO (IMPRUDENCIA DEL CONDUCTOR);;NINGUNA
A-2023-02-14;07/02/2023;04:00;DESPISTE;SEGUIDO DE CHOQUE CON CONSECUENCIA FATAL, LESIONES PERSONALES Y DAÑOS MATERIALES.;1;4;CARRETERA DE CATAC-CHAVIN KM 51;KM51 0;-9.664292745;-77.1989777849882;DESPEJADO;IMPRUDENCIA DEL CONDUCTOR;EXCESO DE VELOCIDAD;;NINGUNO
A-2023-02-140;14/02/2023;23:50;CHOQUE;FATAL;1;0;CARRETERA PANAMERICANA SUR KM 26.500;ALTURA REFINERIA PETROPERU;-12.259001;-76.917202;DESPEJADO;IMPRUDENCIA DEL CONDUCTOR;OTRO (IMPRUDENCIA DEL CONDUCTOR);;NINGUNA
A-2023-02-141;15/02/2023;19:00;ATROPELLO;VOLCADURA;1;0;AV. LAS PALMERAS CDRA. 45;;-11.9815313;-77.0722466886651;DESPEJADO;IMPRUDENCIA DEL CONDUCTOR;OTRO (IMPRUDENCIA DEL CONDUCTOR);;NINGUNA
A-2023-02-142;16/02/2023;11:40;ATROPELLO;;1;2;JR. HUANUCO CDRA. 4;;-12.0484562;-77.01967504;DESPEJADO;IMPRUDENCIA DEL CONDUCTOR;GIRAR IMPRUDENTEMENTE;;NINGUNA
A-2023-02-143;17/02/2023;06:20;CHOQUE;VOLCADURA;1;0;AV. MALECON CHECA CDRA. 18;;-12.02551833;-76.98389413;DESPEJADO;IMPRUDENCIA DEL CONDUCTOR;OTRO (IMPRUDENCIA DEL CONDUCTOR);;NINGUNA
A-2023-02-144;18/02/2023;06:00;CHOQUE;VOLCADURA;1;0;AV. UNIVERSITARIA CON AV. JAMAICA;;-11.92580306;-77.0520857;DESPEJADO;EN PROCESO DE INVESTIGACIÓN;NO CUENTA CON CAUSA ESPECIFICA;;NINGUNA
A-2023-02-145;20/02/2023;19:12;ATROPELLO FUGA;;1;0;AV. BRASIL CDRA. 21 CON AV. SAN FELIPE CDRA 1;;-12.08060291;-77.05837579;DESPEJADO;IMPRUDENCIA DEL PEATÓN;DESACATO DE SEÑAL DE TRÁNSITO;;NINGUNA
A-2023-02-146;22/02/2023;10:50;ATROPELLO;;1;0;AV. AVIACION CON AV. CANADA;;-12.0840789;-77.00415585;DESPEJADO;NEGLIGENCIA DEL CONDUCTOR;OTRO (NEGLIGENCIA DEL CONDUCTOR);;NINGUNA
A-2023-02-147;22/02/2023;21:41;CHOQUE;VOLCADURA, CAIDA Y ATROPELLO;1;0;VIA DE EVITAMIENTO KM. 8.500;ALTURA PUENTE PEATONAL RAYITO DE SOL;-12.04125616;-77.03300977;DESPEJADO;IMPRUDENCIA DEL CONDUCTOR;OTRO (IMPRUDENCIA DEL CONDUCTOR);;NINGUNA
A-2023-02-148;23/02/2023;15:30;ATROPELLO FUGA;;1;0;AV. PALERMO CDRA. 1;;-12.07501746;-77.02320907;DESPEJADO;IMPRUDENCIA DEL PEATÓN;OTRO (IMPRUDENCIA DEL PEATÓN);;NINGUNA
A-2023-02-149;20/02/2023;05:15;ATROPELLO;FATAL;1;0;AV. TUPAC AMARU CDRA. 19.500 ;FRENTE HOSPITAL PROGRESO;-11.87538044;-77.01680986;DESPEJADO;EN PROCESO DE INVESTIGACIÓN;NO CUENTA CON CAUSA ESPECIFICA;;DILIGENCIA EN FISCALIA
A-2023-02-15;11/02/2023;19:05;CHOQUE;CHOQUE CON DAÑOS MATERIALES;1;0;KM 146 100 DE LA CARRETERA COSTANERA SUR;HITO 146;-17.17519227;-71.7683892;DESPEJADO;NO IDENTIFICA LA CAUSA;;;S/O
A-2023-02-150;23/02/2023;19:00;DESPISTE;;1;0;AV. ARMENDARIZ;ALTURA INGRESO DE VIA EXPRESA;-12.13446522;-77.0203962;DESPEJADO;IMPRUDENCIA DEL CONDUCTOR;CONDUCIR EN ESTADO DE EBRIEDAD Y/O DROGADICCIÓN;;NINGUNA
A-2023-02-151;26/02/2023;17:15;CHOQUE;;2;0;AV. SAMUEL ALCAZAR CDRA. 04 CON CALLE ANTON SANCHEZ;;-12.03020755;-77.02961566;DESPEJADO;IMPRUDENCIA DEL CONDUCTOR;EXCESO DE VELOCIDAD;;NINGUNA
A-2023-02-152;11/02/2023;11:20;ATROPELLO;FATAL;1;0;AV. UNIVERSITARIA CDRA. 49;;-11.97889144;-77.07699822;DESPEJADO;EN PROCESO DE INVESTIGACIÓN;NO CUENTA CON CAUSA ESPECIFICA;;
A-2023-02-153;20/02/2023;07:00;ATROPELLO;;1;0;CARRETERA PANAMERICANA SUR KM. 10.400;;-12.148067;-76.982726;DESPEJADO;IMPRUDENCIA DEL PEATÓN;OTRO (IMPRUDENCIA DEL PEATÓN);;NINGUNA
A-2023-02-154;16/02/2023;04:30;CHOQUE;CHOQUE FRONTAL CENTRICO;1;1;AV. ARBORIZACION CON JR. JOSE BALTA;;-8.3805422;-74.569043;DESPEJADO;IMPRUDENCIA DEL CONDUCTOR;CONDUCIR EN SENTIDO CONTRARIO;;S/O
A-2023-02-155;24/02/2023;10:40;CHOQUE;CHOQUE POR EMBISTE EXCENTRICO LATERAL DERECHO POSTERIOR;4;0;VIA DE ACCESO DE PUERTO INCA A PUERTO SUNGARO ;ALTURA DEL PUENTE PONTON DEL SITRITO Y PROVINCIA DE PUERTO INCA;-9.39639;-75.007674;DESPEJADO;IMPERICIA DEL CONDUCTOR;;;S/O
A-2023-02-156;28/02/2023;13:00;DESPISTE;VOLCADURA;1;3;CARRETERA HACIA LA COMUNIDAD DE SAN JUAN DE RAYAN;HUAYCHAUCUMCA;-13.2641253;-74.0015747;DESPEJADO;INFRAESTRUCTURA Y ENTORNO VIAL;OTRO (INFRAESTRUCTURA Y ENTORNO VIAL);DESLISAMIENTO DE LA VIA;CARRETERA CON DESNIVELES EN MAL ESTADO DE CONSERVACION
A-2023-02-157;19/02/2023;16:50;CHOQUE;;1;1;INTERSECCION DE LA AV. LORETO CON LA CALLE CAJAMARCA ;;-5.190447;-80.627932;DESPEJADO;;;;
A-2023-02-158;04/02/2023;20:00;ATROPELLO FUGA;;1;0;KM. 16 CARRETERA CAJAMARCA - CAJABAMBA;;-7.207210633;-78.3870052610324;DESPEJADO;NO IDENTIFICA LA CAUSA;;;
A-2023-02-159;28/02/2023;23:30;CHOQUE;POR ALCANCE;1;0;KM. 28 DE LA CARRETERA QUE CONDUCE DE JAÈN A SAN IGNACIO;;-5.65303167;-78.74728667;DESPEJADO;IMPRUDENCIA DEL CONDUCTOR;INVASIÓN DE CARRIL;;
A-2023-02-16;13/02/2023;13:00;ESPECIAL;ATROPELLO PORN DESENGANCHE;1;0;AV VIÑA DEL MAR CON AV BRASIL;CALLE PANAMA;-16.4435945;-71.5556462;DESPEJADO;NO IDENTIFICA LA CAUSA;;;S/O
A-2023-02-160;27/02/2023;22:50;DESPISTE;VOLCADURA;1;0;AV. LA CONVENCION;;-12.6144928;-73.794253;DESPEJADO;IMPRUDENCIA DEL CONDUCTOR;CONDUCIR EN ESTADO DE EBRIEDAD Y/O DROGADICCIÓN;;CONDUCTOR EN ESTADO DE EBRIEDAD
A-2023-02-161;12/02/2023;04:00;CHOQUE FUGA;CHOQUE POR ALCANCE Y FUGA ;1;0;AV. GULMAN PIURA - LA LEGUA ;ALTURA DE LA TIENDA AMAYA ;-5.215316;-80.653421;DESPEJADO;;;;
A-2023-02-162;25/02/2023;14:40;DESPISTE;SEGUIDO DE VOLCADURA EN TONEL;2;5;KM 236.372.100 CARRETERA PANAMERICANA NORTE;;-10.468939;-77.915878;DESPEJADO;NEGLIGENCIA DEL CONDUCTOR;OTRO (NEGLIGENCIA DEL CONDUCTOR);FALTA DE CUIDADO Y PREVISION;SIN 
A-2023-02-163;05/02/2023;07:45;CHOQUE;SIMPLE;1;1;VIA DEL CIRCUITO DE PLAYAS - EL COLORADO - BARRANCA;ALTURA DEL CERRO CRISTO REDENTOR;-10.769341;-77.76097;;;;;
A-2023-02-164;08/02/2023;14:40;CHOQUE;CHOQUE ;1;0;COMUNIDAD NATIVA BAJO HUACAMAYO;COMUNIDAD NATIVA BAJO HUACAMAYO;-10.87233663;-74.9187544055246;;;;;
A-2023-02-165;11/02/2023;23:40;CHOQUE;CHOQUE ;1;1;JIRON BOLIVAR CUADRA N°3 - OXAPAMPA ;JIRON BOLIVAR CUADRA N°3 - OXAPAMPA ;-10.58347563;-75.40106932509597;;;;;
A-2023-02-166;18/02/2023;21:30;CHOQUE;CHOQUE ;1;0;CARRETERA MARGINAL KM 1 SATIPO MAZAMARI;CARRETERA MARGINAL KM 1 SATIPO MAZAMARI;-11.26431134;-74.6507902733359;;;;;
A-2023-02-167;27/02/2023;09:40;DESPISTE;DESPISTE;1;0;TROCHA CARROZABLE PUERTO IPOKI;TROCHA CARROZABLE PUERTO IPOKI;-11.08358939;-74.76679618043659;;;;;
A-2023-02-17;14/02/2023;00:15;DESPISTE;CHOQUE VOLCADURA;1;0;SECTOR DENOMINADO LA COLINA;ALAMEDA LA COLINA;-16.3431233;-72.175876;DESPEJADO;NO IDENTIFICA LA CAUSA;;;S/O
A-2023-02-18;14/02/2023;19:30;CHOQUE;FATAL Y DAÑOS MATERIALES;1;0;KM 11.500 DE LA CARRETERA DE PENETRACIÓN A MATARANI;HITO 11;-16.710369;-71.93324;DESPEJADO;NO IDENTIFICA LA CAUSA;;;S/O
A-2023-02-19;11/02/2023;11:00;CAÍDA DE PASAJERO;-;1;0;CARRETERA PANAMERICANA NORTE ALTURA DEL KM. 725.789;-;-7.107442;-79.502711;DESPEJADO;IMPRUDENCIA DEL PEATÓN;OTRO (IMPRUDENCIA DEL PEATÓN);AL DESCENDER (BAJARSE) POR EL ESPACIO QUE ESXISTE DETRÁS DE LA CABINA DEL TRACTO MIENTRAS DICHO VEHICULO REALIZO UNA MANIOBRA DE CAMBIO DE DIRECCION GIRO HACIA LA DERECHA;-AL DESCENDER (BAJARSE) POR EL ESPACIO QUE ESXISTE DETRÁS DE LA CABINA DEL TRACTO MIENTRAS DICHO VEHICULO REALIZO UNA MANIOBRA DE CAMBIO DE DIRECCION GIRO HACIA LA DERECHA
A-2023-02-2;04/02/2023;17:45;CHOQUE;-;1;0;CARRETERA FBT KM 474 350;A 2 KM DEL PUENTE TONCHIMA;-6.041167;-77.134194;DESPEJADO;IMPRUDENCIA DEL CONDUCTOR;OTRO (IMPRUDENCIA DEL CONDUCTOR);;
A-2023-02-20;12/02/2023;06:00;ATROPELLO;-;1;0;CARRETERA PANAMERICANA NORTE ALTURA DEL KM. 677.7;-;-7.418904;-79.508174;DESPEJADO;IMPRUDENCIA DEL CONDUCTOR;CONDUCIR EN ESTADO DE EBRIEDAD Y/O DROGADICCIÓN;;
A-2023-02-21;12/02/2023;06:00;ATROPELLO FUGA;-;1;0;INTERSECCION DE LA AV. LAS MAGNOLIAS Y LA CA. 12 DE NOVIEMBRE;-;-8.071887;-79.021005;DESPEJADO;NO IDENTIFICA LA CAUSA;;;
A-2023-02-22;13/02/2023;23:30;ATROPELLO FUGA;-;1;0;CALLE PROGRESO ALTURA DE LA CDRA. 16;-;-7.231204;-79.422057;DESPEJADO;NO IDENTIFICA LA CAUSA;;;
A-2023-02-23;14/02/2023;18:00;CHOQUE;-;1;1;CARRETERA PANAMERICANA NORTE ALTURA DEL KM. 555;-;-8.180820935;-78.98939246653913;DESPEJADO;IMPRUDENCIA DEL CONDUCTOR;INVASIÓN DE CARRIL;;
A-2023-02-24;15/02/2023;11:55;DESPISTE;-;1;0;INTERSECCION DE LA CA. AGUA DE LOS PAJARITOS CON PSJE. SAN MARCOS;-;-7.8202042;-78.0389994;DESPEJADO;NO IDENTIFICA LA CAUSA;;;
A-2023-02-25;17/02/2023;11:00;DESPISTE;-;1;1;AUTOPISTA SALAVERRY SALTURA DEL KM. 03;-;-8.197440354;-78.98890430124881;DESPEJADO;NEGLIGENCIA DEL CONDUCTOR;OTRO (NEGLIGENCIA DEL CONDUCTOR);AL CONDUCIR SIN CONSIDERAR LOS RIESGOS PRESENTES Y POSIBLES EN UNA VIA;
A-2023-02-26;18/02/2023;09:00;ATROPELLO;-;1;0;CARRETERA DE PENETRACION A CAJAMARCA ALTURA DEL KM. 13;-;-7.320516;-79.368589;DESPEJADO;NO IDENTIFICA LA CAUSA;;;
A-2023-02-27;18/02/2023;16:00;CHOQUE;-;1;1;CARRETERA PANAMERICANA NORTE ALTURA DEL KM. 454.497;-;-8.916976;-78.638052;DESPEJADO;IMPRUDENCIA DEL CONDUCTOR;CONDUCIR EN ESTADO DE EBRIEDAD Y/O DROGADICCIÓN;;
A-2023-02-28;20/02/2023;11:55;DESPISTE;-;1;0;CARRETERA DE ACCESO AL CP CARABAMBA;-;-7.739456399;-78.0679460241053;DESPEJADO;NO IDENTIFICA LA CAUSA;;;
A-2023-02-29;22/02/2023;18:30;ATROPELLO;-;1;0;AV. LA VICTORIA S/N SECTOR NUEVO CHAO;-;-8.55003084;-78.67263452194135;DESPEJADO;NO IDENTIFICA LA CAUSA;;;
A-2023-02-3;06/02/2023;01:15;CHOQUE;-;1;0;CARRETERA FERNANDO BELAUNDE TERRY  KM 453;ENTRADA AL DISTRITO DE NUEVA CAJAMARCA;-5.970251;-77.292919;DESPEJADO;IMPRUDENCIA DEL CONDUCTOR;OTRO (IMPRUDENCIA DEL CONDUCTOR);;
A-2023-02-30;23/02/2023;13:00;DESPISTE;-;1;2;CARRETERA DE ACCESO AL CASERIO PAMPA HERMOSA BAJA ;PUENTE LA LEONERA;-7.716705224;-78.44608420360805;DESPEJADO;NO IDENTIFICA LA CAUSA;;;
A-2023-02-31;24/02/2023;03:45;DESPISTE;-;1;1;AV. JESUS DE NAZARETH ALTURA DEL CENTRO COMERCIAL MALL AVENTURA PLAZA;-;-8.104099;-79.049505;DESPEJADO;IMPRUDENCIA DEL CONDUCTOR;CONDUCIR EN ESTADO DE EBRIEDAD Y/O DROGADICCIÓN;;
A-2023-02-32;25/02/2023;07:30;ATROPELLO;-;1;0;CARRETERA DE PENETRACION SANTA ELVIRA - CP BUENAVISTA;-;-8.482096836;-78.61718267737533;DESPEJADO;NO IDENTIFICA LA CAUSA;;;
A-2023-02-34;19/02/2023;05:40;CHOQUE;CHOQUE FATAL;2;0;KM 985.500 CARRETERA PANAMERICANA SUR;HITO 985;-16.60300121;-71.856422323722;DESPEJADO;NO IDENTIFICA LA CAUSA;;;S/O
A-2023-02-35;23/02/2023;15:30;CHOQUE;CHOQUE FATAL;2;5;KM 137.100 DE LA CARRETERA AREQUIPA - PUNO;HITO 137;-15.9852395;-71.2534252;DESPEJADO;NO IDENTIFICA LA CAUSA;;;S/O
A-2023-02-36;25/02/2023;18:10;ATROPELLO;SUBSECUENTE MUERTE;1;0;AV LOS INCAS ;ALTURA TIENDA CODIMARK;-16.42119777;-71.5410749;DESPEJADO;NO IDENTIFICA LA CAUSA;;;S/O
A-2023-02-37;26/02/2023;14:30;DESPISTE;-;1;4;CARRETERA DE PENETRACION A LA SIERRA LIBERTEÑA ALTURA DEL KM. 114.2;-;-8.013234287;-78.32692440865974;DESPEJADO;NO IDENTIFICA LA CAUSA;;;
A-2023-02-38;25/02/2023;23:15;ATROPELLO;SUBSECUENTE MUERTE;1;0;KM 938.500 DE LA CARRETERA PANAMERICANA SUR;HITO 938;-16.410143;-72.055948;DESPEJADO;NO IDENTIFICA LA CAUSA;;;S/O
A-2023-02-39;26/02/2023;21:00;CHOQUE;VOLCADURA;2;0;KM 936.500 DE LA CARRETERA PANAMERICANA SUR;HITO 936;-16.402085;-72.074322;DESPEJADO;NO IDENTIFICA LA CAUSA;;;S/O
A-2023-02-4;13/02/2023;19:00;ATROPELLO;DESPISTE, VOLCADURA Y CAIDA DE OCUPANTES;1;4;CARRETERA LONGITUDINAL SELVA NORTE ;PUCAYACU;-8.799882;-76.124235;DESPEJADO;NO IDENTIFICA LA CAUSA;;;SIN OBSERVACIONES
A-2023-02-40;28/02/2023;06:50;DESPISTE;VOLCADURA;1;1;KM 111 CARRETERA AREQUIPA PUNO;SECTOR PAMPAS CAÑAHUAS;-16.208137;-71.652492;DESPEJADO;NO IDENTIFICA LA CAUSA;;;S/O
A-2023-02-41;20/02/2023;08:30;DESPISTE;SEGUIDO DE VOLCADURA CON CONSCUENCIA FATAL,Y DAÑOS MATERIALES;1;1;CARRETERA OCROS-  LLIPA;;-10.38783836;-77.21910708346016;LLUVIOSO;IMPERICIA DEL CONDUCTOR;;FALTA DE TECNICAS DE MANEJO;NINGUNO
A-2023-02-42;11/02/2023;11:00;ATROPELLO;MENOR (04) SE ENCONTRABA EN LA CALZADA JUGANDO, MOMENTOS EN QUE SE APROXIMA EL VEHICULO Y LO ATROPELLA, DEBIDO QUE NO LOGRA OBSERVAR AL PEATON.;1;0;AV. CONDORCANQUI;PLAZA DE ARMAS;-14.51048625;-71.8846521955976;;;;;
A-2023-02-43;11/02/2023;20:10;ATROPELLO;;1;0;CASERIO DE ACO;;-9.559331325;-77.5391381909354;NUBLADO;NO IDENTIFICA LA CAUSA;;;NINGUNO
A-2023-02-44;24/02/2023;20:10;CHOQUE;CON CONSECUENCIA FATAL Y DAÑOS MATERIALES;1;0;KM 120 CARRETERA HUARAZ PATIVILCA;;-10.135261;-77.301813;SOLEADO;IMPRUDENCIA DEL CONDUCTOR;INVASIÓN DE CARRIL;;NINGUNO
A-2023-02-47;10/02/2023;10:45;CAÍDA DE PASAJERO;-;1;0;VIA EVITAMIENTO;FRENTE AL MERCADO DE PRODUCTORES HITO KM 328 DE LINEA FERREA;-13.549953;-71.891092;DESPEJADO;IMPRUDENCIA DEL PASAJERO/OCUPANTE;OTRO (IMPRUDENCIA DEL PASAJERO/OCUPANTE);LA PASAJERO ABRIO LA PUERTA MIENTRAS EL VEHICULO SE ENCONTRABA EN MOVIMIENTO;NINGUNO
A-2023-02-48;16/02/2023;12:00;ATROPELLO;ATROPELLO;1;0;AV. LA CULTURA;FRONTIS DE LA CMAC CUZCO;-18.046956;-70.256301;DESPEJADO;IMPRUDENCIA DEL CONDUCTOR;NO DAR PASO PREFERENTE AL PEATÓN;;FALTA DE ADECUADA SEÑALIZACION VERTICAL PARA PEATONES POR SER ZONA COMERCIAL.