COD_ACCIDE;FechaDelAccidente;HoraDelAccidente;ClaseDelAccidente;SecuenciaAccidente;CantidadDeFallecidos;CantidadDeLesionados;Direccion;LugarReferencia;y;x;CondClimatica;CausaFactorPrincipal;CausaEspecifica;OtraCausa;Observaciones
A-2023-02-49;26/02/2023;23:30;ATROPELLO FUGA;VEHICULO SE RETIRO DEL LUGAR DESPUES DEL EVENTO;1;0;VIA INTEROCEANICA SUR;GRIFO PETROCENTRO;-13.234963;-70.761281;DESPEJADO;IMPRUDENCIA DEL PEATÓN;ESTADO DE EBRIEDAD Y/O DROGADICCIÓN;;NINGUNO
A-2023-02-5;16/02/2023;21:00;VOLCADURA;VOLCADURA;1;0;CARRETERA PUNO-LARAQUERI;KM. 10;-15.90734134;-70.0292319138402;DESPEJADO;INFRAESTRUCTURA Y ENTORNO VIAL;ABANDONO DE OBJETOS EN LA VÍA;;
A-2023-02-50;20/02/2023;21:25;VOLCADURA;DESPISTE SEHUIDO DE VOLCADURA;1;2;CARRETERA COLQUEMARCA- AHUICHANTA. C.C. CURPIRI UNUPULLA;SECTOR AYNACCORO;-14.29041;-72.037758;DESPEJADO;NO IDENTIFICA LA CAUSA;;;NINGUNO
A-2023-02-51;28/02/2023;17:30;ATROPELLO;EL VEHÍCULO CATG. L3, DE PLACA 9306-CC, SE DESPLAZABA EN SENTIDO DE NORTE A SUR, POR LA ZONA DE BERMA, EN CIRCUNSTANCIAS QUE ATROPELLA AL PEATÓN, QUIEN ES IMPULSADO, CAYENDO ENTRE EL SEGUNDO Y TERCER EJE DEL VEHÍCULO CATG.N3, DE PLACA AZN-978, QUIEN SE ENCONTRABA CIRCULANDO POR LA CALZADA ;1;0;CARRETERA PANAMERICANA NORTE KM. 159-512 - VEGUETA;CALZADA OESTE, ALTURA DEL CRUCE A NIVEL CON EL CAMINO VECINAL CON CRUCE AL CENTRO POBLADO “TIROLER Y SANTA ROSA”;-11.02054;-77.59848;DESPEJADO;IMPRUDENCIA DEL CONDUCTOR;ADELANTAR INDEBIDAMENTE;;NINGUNA
A-2023-02-52;19/02/2023;16:30;DESPISTE;VOLCADURA;1;1;KM. 67 DE LA CARRETERA MARISCAL CÁCERES - ACOBAMBA;ICHUPAMPA;-12.721039;-74.65324223969996;DESPEJADO;IMPRUDENCIA DEL CONDUCTOR;FATIGA Y/O CANSANCIO;;
A-2023-02-53;03/02/2023;04:50;CHOQUE CON OBJETO FIJO;EL CONDUCTOR DEL VEHÍCULO CTG. L3, DE PLACA 4885-WA, SE DESPLAZABA EN SENTIDO DE ESTE A OESTE, AL LLEGAR A LA ZONA DEL ACCIDENTE EL CUAL PRESENTA UNA CURVA PRONUNCIADA, SE DESPISTA, IMPACTANDO CON UN ARBOL;1;0;CARRETERA DE PENETRACIÓN EL PARAISO - IRRIGACIÓN SANTA ROSA - SAYÁN.;SECTOR LAS PIEDRAS;-11.23685;-77.39496;DESPEJADO;IMPRUDENCIA DEL CONDUCTOR;OTRO (IMPRUDENCIA DEL CONDUCTOR);SE INVESTIGA, POSIBLE EBRIEDAD DEL CONDUCTOR;DOSAJE PENDIENTE
A-2023-02-54;05/02/2023;22:44;DESPISTE;DESPISTE SEGUIDO DE VOLCADURA;1;0;CARRETERA PISAC- CUSCO;SECTOR MIRADOR 26 600;-13.425327;-71.861593;DESPEJADO;IMPRUDENCIA DEL CONDUCTOR;EXCESO DE VELOCIDAD;;NINGUNO
A-2023-02-55;25/02/2023;22:30;ATROPELLO FUGA;CONDUCTOR SE DIO A LA FUGA ;1;0;CARRETERA URCOS SICUANI. CENTRO POBLADO DE MOLLEBAMBA. COMUNIDAD CAMPESINA PAMPACHULLA;PUENTE MOLLEBAMBA;-13.726514;-71.601007;DESPEJADO;IMPRUDENCIA DEL CONDUCTOR;EXCESO DE VELOCIDAD;;NINGUNO
A-2023-02-56;20/02/2023;04:30;CHOQUE CON OBJETO FIJO;CHOQUE CON OBJETO FIJO, SEGUIDO DESPISTE Y FINALMENTE VOLCADURA;1;0;CARRETERA PALLPATA - ESPINAR. ;ALTURA DEL GRIFO SAN JOSE;-15.06195116;-71.12463943903795;DESPEJADO;IMPRUDENCIA DEL CONDUCTOR;CONDUCIR EN ESTADO DE EBRIEDAD Y/O DROGADICCIÓN;;NINGUNO
A-2023-02-57;05/02/2023;19:30;ATROPELLO;ATROPELLO ;1;0;TRAMO CUSCO - HUAMBUTIO. ALTURA DEL RAMAL HUAMBUTIO;RAMAL HUAMBUTIO;-13.60580187;-71.72711387009552;DESPEJADO;IMPRUDENCIA DEL CONDUCTOR;EXCESO DE VELOCIDAD;;NINGUNO
A-2023-02-58;27/02/2023;19:15;VOLCADURA;VOLCADURA EN TONEL IZQUIERDO;1;0;CARRETERA LONGITUDINAL SIERRA SUR. TRAMO COMBAPATA- SICUANI. ALTURA DE LA COMUNIDAD PAMPA ANSA;BARRIO CRUZ CUNCA;-14.24541398;-71.25646413711475;DESPEJADO;IMPRUDENCIA DEL CONDUCTOR;EXCESO DE VELOCIDAD;;NINGUNO
A-2023-02-59;25/02/2023;19:00;DESPISTE;DESPISTE SEGUIDO VOLCADURA;1;0;COMUNIDAD CAMPESINA MARCACHEA HACIA EL CENTRO POBLADO DE KCCALLACANCHA;SECTOR DENOMINADO CCOLLPA;-13.53501445;-71.4493087886827;DESPEJADO;IMPRUDENCIA DEL CONDUCTOR;CONDUCIR EN ESTADO DE EBRIEDAD Y/O DROGADICCIÓN;;NINGUNO
A-2023-02-6;14/02/2023;09:45;DESPISTE;CHOQUE ;1;0;CARRETERA  PANAMERICANA NORTE. KM 215.900;.;-3.685920524;-80.69030458774681;SOLEADO;IMPRUDENCIA DEL CONDUCTOR;OTRO (IMPRUDENCIA DEL CONDUCTOR);FALTA DE CUIDADO Y PREVENCION ;
A-2023-02-60;28/02/2023;09:20;VOLCADURA;VOLCADURA EN TONEL IZQUIERDO ;1;28;CARRETERA LONGITUDINAL  DE LA SIERRA SUR. TRAMO URCOS - SICUANI;ESTADIO MUNICIPAL CUSIPATA1052;-13.912691;-71.501857;SOLEADO;IMPRUDENCIA DEL CONDUCTOR;EXCESO DE VELOCIDAD;;NINGUNO
A-2023-02-61;11/02/2023;05:00;CHOQUE CON OBJETO FIJO; ;1;1;SECTOR CHILCAPATA - CP. TOTORABAMBA ;DESVIÓ RAMAL DE RANRACANCHA  ;-13.546849;-73.652318;NUBLADO;INFRAESTRUCTURA Y ENTORNO VIAL;ABANDONO DE OBJETOS EN LA VÍA;;SOBRE LA CALZADA SE ENCONTRARON ROCAS POR BLOQUEO DE VIAS POR LA COYUNTURA  NACIONAL 
A-2023-02-62;17/02/2023;17:00;CHOQUE FUGA;LA UT-1 Y CONDUCTOR SE DIERON  A LA  FUGA ;1;0;CARRETERA LONGITUDINAL DE LA SIERRA SUR. TRAMO SICUANI - MARANGANI;COMUNIDAD CHUMO;-14.28866;-71.22268;DESPEJADO;IMPRUDENCIA DEL CONDUCTOR;CONDUCIR EN ESTADO DE EBRIEDAD Y/O DROGADICCIÓN;;NINGUNO
A-2023-02-64;04/02/2023;05:40;DESPISTE;CHOQUE LATERAL DERECHO;1;5;KM. 121 DE LA CARRETERA CHOTA-CHICLAYO;CPNP COCHABAMBA;-6.48030333;-78.87960333;DESPEJADO;NO IDENTIFICA LA CAUSA;;;
A-2023-02-65;05/02/2023;02:20;ATROPELLO FUGA;----;1;0;KM 2 SAN IGNACIO - DISTRITO DE NAMBALLE;;-5.01839741;-79.0873508050405;DESPEJADO;NO IDENTIFICA LA CAUSA;;;
A-2023-02-66;07/02/2023;14:40;CHOQUE;FRONTAL;1;0;JR. MIGUEL IGLESIAS Y JR. HUANCAVELICA;CIA SAN JOSE;-7.147758111;-78.5183507407451;SOLEADO;NO IDENTIFICA LA CAUSA;;;
A-2023-02-67;20/02/2023;19:00;DESPISTE;SUBSECUENTE VOLCADURA;1;1;KM. 7 160 CARRETERA CUMBIL - SANTA CRUZ;CPNP LLAMA;-7.277752;-78.595073;DESPEJADO;NO IDENTIFICA LA CAUSA;;;
A-2023-02-68;26/02/2023;14:40;VOLCADURA;CHOQUE;1;0;KM. 169 500 DE LA CARRETERA DE PENETRACIÓN CHICLAYO - CHOTA;CRPNP HUAMBOS ;-6.466382;-78.932785;DESPEJADO;NO IDENTIFICA LA CAUSA;;;
A-2023-02-69;11/02/2023;05:35;CAÍDA DE PASAJERO;CAIDA;1;0;VIA DE EVITAMIENTO SUR CDRA.11;CPNP CETRAL A;-7.1684481;-78.5000551295241;DESPEJADO;NO IDENTIFICA LA CAUSA;;;
A-2023-02-7;02/02/2023;05:20;ATROPELLO FUGA;-;1;0;CARRETERA DE PENETRACION A LA SIERRA LIBERTEÑA ALTURA DEL KM. 26.5;-;-8.020921;-78.838109;DESPEJADO;NO IDENTIFICA LA CAUSA;;;
A-2023-02-70;01/02/2023;05:50;ATROPELLO;-;1;0;CARRETERA PANAMERICANA SUR KM. 212;-;-13.555881;-76.133432;DESPEJADO;NO IDENTIFICA LA CAUSA;;;
A-2023-02-71;17/02/2023;20:30;ATROPELLO;-;1;0;VIA DE ACCESO A PLAYA CARHUAS (COMATRANA);KM 6;-14.07184129;-75.79445475939943;DESPEJADO;NO IDENTIFICA LA CAUSA;;;
A-2023-02-72;23/02/2023;21:20;ATROPELLO FUGA;-;1;0;CARRETERA PANAMERICANA SUR KM. 225;SECTOR CINCO;-13.6721;-76.156093;DESPEJADO;NO IDENTIFICA LA CAUSA;;;SE ENCUENTRA EN INVESTIGACION
A-2023-02-73;26/02/2023;13:30;CHOQUE;-;1;5;CARRETERA DE ACCESO A PARACAS KM16;-;-13.770627;-76.23561;DESPEJADO;NO IDENTIFICA LA CAUSA;;;SE ENCUENTRA EN INVESTIGACION 
A-2023-02-74;05/02/2023;10:40;DESPISTE;-;1;2;CARRETERA CHICLAYO POSOPE ALTO KM 29;-;-6.7396095;-79.6405712;DESPEJADO;NO IDENTIFICA LA CAUSA;;;
A-2023-02-75;10/02/2023;11:30;CHOQUE;-;1;0;CARRETERA PANAMERICANA NORTE ANTIGUA KM 121;SECTOR CERRO FALLA;-5.7528335;-79.8637888;DESPEJADO;NO IDENTIFICA LA CAUSA;;;
A-2023-02-76;12/02/2023;04:45;ATROPELLO FUGA;-;1;0;CARRETERA PANAMERICANA NORTE KM 808   300;-;-6.6232301;-79.9594697;DESPEJADO;NO IDENTIFICA LA CAUSA;;;
A-2023-02-77;17/02/2023;07:50;CHOQUE;-;1;4;CARRETERA PANAMERICANA NORTE KM 755   400;-;-6.9501631;-79.7050193;DESPEJADO;NO IDENTIFICA LA CAUSA;;;
A-2023-02-78;21/02/2023;16:30;ATROPELLO;-;1;0;CALLE PARAGUAY CUADRA 8;-;-6.7537453;-79.8420787;DESPEJADO;NO IDENTIFICA LA CAUSA;;;
A-2023-02-79;24/02/2023;04:10;DESPISTE;-;2;0;CARRETERA PANAMERICANA NORTE KM 766 600;-;-6.8957082;-79.7925815;DESPEJADO;NO IDENTIFICA LA CAUSA;;;
A-2023-02-8;05/02/2023;19:45;ATROPELLO;-;1;0;CARRETERA PANAMERICANA NORTE ALTURA DEL KM. 586.5;-;-8.003237;-79.071385;DESPEJADO;IMPRUDENCIA DEL PEATÓN;CRUCE INDEBIDO POR LA CALZADA;;
A-2023-02-80;26/02/2023;18:00;CHOQUE;-;1;0;VIA DE EVITAMIENTO CON CALLE EL TUMI;-;-6.8025881;-79.8443795;DESPEJADO;NO IDENTIFICA LA CAUSA;;;
A-2023-02-81;28/02/2023;09:30;CHOQUE;-;1;0;CARRETERA A MONSEFU;-;-6.8137662;-79.8531549;DESPEJADO;NO IDENTIFICA LA CAUSA;;;
A-2023-02-83;02/02/2023;17:45;CHOQUE;;1;1;CARRETERA CANTA - HUAYLLAY. ALTURA DEL KM. 52 300;;-11.2757786;-76.4418053;NEVADO;IMPRUDENCIA DEL CONDUCTOR;INVASIÓN DE CARRIL;;NINGUNA
A-2023-02-9;04/02/2023;11:00;DESPISTE;DESPISTE VOLCADURA;2;1;KM 39.120 DE LA CARRETERA INTEROCEANICA AREQUIPA MATARANI;HITO 39;-16.9204153;-72.0492302;DESPEJADO;NO IDENTIFICA LA CAUSA;;;S/O
A-2023-02-94;06/02/2023;03:45;CHOQUE;CHOQUE POR ALCANCE, SEGUIDO DE VOLCADURA Y DESPISTE;1;1;KM 410 850;AH  SN PEDRITO;-9.234863491;-78.4485196935065;DESPEJADO;IMPRUDENCIA DEL CONDUCTOR;EXCESO DE VELOCIDAD;;NINGUNA
A-2023-02-95;27/02/2023;06:30;ATROPELLO;CON PROYECCION ;1;0;CPN KM 422 90;AH LAS DELICIAS;-9.153935;-78.503551;DESPEJADO;IMPRUDENCIA DEL CONDUCTOR;INVASIÓN DE CARRIL;;NINGUNA
A-2023-02-96;11/02/2023;05:30;CHOQUE;DESPISTE;1;0;KM 265 484;-;-15.6716812;-70.3756205;DESPEJADO;IMPRUDENCIA DEL CONDUCTOR;CONDUCIR EN SENTIDO CONTRARIO;;NINGUNA
A-2023-02-97;16/02/2023;08:30;ATROPELLO;-;1;0;JR ALFONSO UGARTE;CARACOTO;-15.537445;-70.113837;DESPEJADO;IMPRUDENCIA DEL CONDUCTOR;EXCESO DE VELOCIDAD;;NINGUNA
A-2023-02-98;25/02/2023;23:30;DESPISTE;-;1;0;KM 221 160;CALAPUJA ;-13.85757904;-70.50982939376166;DESPEJADO;IMPRUDENCIA DEL CONDUCTOR;OTRO (IMPRUDENCIA DEL CONDUCTOR);EXCESO DE CONFIANZA ;NINGUNA
A-2023-03-1;01/03/2023;01:00;DESPISTE;VOLCADURA;1;0;PORCION CIRCULABLE A ORILLAS DE RIO PARCIALIDAD ANANZAYA;COMUNIDAD MOYOGACHI;-15.685763;-70.128152;DESPEJADO;IMPRUDENCIA DEL CONDUCTOR;OTRO (IMPRUDENCIA DEL CONDUCTOR);EXCESO DE CONFIANZA;
A-2023-03-10;06/03/2023;05:10;ATROPELLO FUGA;-;1;0;CARRETERA PANAMERICANA NORTE ALTURA DEL KM. 721;-;-7.349489735;-79.4571160111886;DESPEJADO;NO IDENTIFICA LA CAUSA;;;
A-2023-03-100;03/03/2023;08:45;VOLCADURA;VOLCADURA CON CONSECUENCIA FATAL;4;1;SECTOR QUELLO;DISTRITO DE LAMBRAMA;-13.86521578;-72.77140369455645;;;;;
A-2023-03-101;08/03/2023;21:45;ATROPELLO;ATROPELLO CON CONSECUENCIA FATAL;1;0;COMUNIDAD DE ASACASI;DISTRITO DE TAMBOBAMBA;-14.00184047;-72.2451444188574;;;;;
A-2023-03-102;22/03/2023;00:00;VOLCADURA;VOLCADURA CON CONSECUENCIA FATAL;2;0;SECTOR HUANCARAY TURPAY;SECTOR HUANCARAY TURPAY;-14.22151205;-72.62696213696749;;;;;
A-2023-03-104;19/03/2023;10:50;DESPISTE;DESPISTE CON CONSECUENCIA FATAL;1;0;AV. PANAMERICANA KM.4;KM. 4;-13.64840465;-72.91160080326752;;;;;
A-2023-03-105;25/03/2023;15:20;VOLCADURA;VOLCADURA CON CONCECUENCIA FATAL;1;0;SECTOR DENOMINADO SIETE VUELTAS;DISTRITO COTARUSE;-14.61030713;-73.2851756227022;;;;;
A-2023-03-106;29/03/2023;03:00;VOLCADURA;VOLCADURA CON CONSECUENCIA FATAL;1;0;KM 19 35 COMUNIDAD CHISCAHUAYLLA;COMUNIDAD CHISCAHUAYLLA COYLLURQUI;-13.80865305;-72.42633211810039;;;;;
A-2023-03-108;05/03/2023;07:20;DESPISTE;ACCIDENTE DE TRANSITO SIMPLE EN LA MODALIDADE DE DESPISTE  SEGUIDO DE CHOQUE;1;2;CARRETERA DE PENETRACION LA CAPILLA - LOS CHIMUS;KM 3 910;-9.290535;-78.483732;DESPEJADO;IMPRUDENCIA DEL CONDUCTOR;CONDUCIR EN ESTADO DE EBRIEDAD Y/O DROGADICCIÓN;;NINGUNA
A-2023-03-109;27/03/2023;17:47;ATROPELLO;FATAL;1;0;AV. 28 DE JULIO (1°CUADRA);HOTEL IMPERIAL CHAUPIMARCA PASCO.;-10.687898;-76.25102987244966;DESPEJADO;NEGLIGENCIA DEL CONDUCTOR;OTRO (NEGLIGENCIA DEL CONDUCTOR);ACCION TEMERARIA DEL CONDUCTOR;
A-2023-03-11;06/03/2023;14:30;DESPISTE;-;1;1;CARRETERA DE ACCESO AL ANEXO BELLA AURORA - SECTOR PIEDRA DE CAL;-;-7.909212;-77.57818;DESPEJADO;NO IDENTIFICA LA CAUSA;;;
A-2023-03-110;22/03/2023;00:40;DESPISTE;CHOQUE;1;2;CARRTERA TRANSVERSAL RUTA PE 18A KM. 12 900;UNAS;-9.318745693;-75.99399260364935;DESPEJADO;IMPRUDENCIA DEL CONDUCTOR;CONDUCIR EN ESTADO DE EBRIEDAD Y/O DROGADICCIÓN;;SIN OBSERVACIONES
A-2023-03-111;25/03/2023;18:30;CHOQUE;FATAL;1;1;CARRETERA VIA DE EVITAMIENTO PIURA - LA LEGUA ALTURA DEL KM. 1000;KM. 1000;-5.199162;-80.686734;DESPEJADO;EN PROCESO DE INVESTIGACIÓN;NO CUENTA CON CAUSA ESPECIFICA;;
A-2023-03-112;17/03/2023;09:50;CHOQUE;;1;0;AV. NESTOR GAMBETTA ;ALTURA DE LA BASE NAVAL PUERTA N° 07;-12.03567031;-77.1275317486346;DESPEJADO;IMPRUDENCIA DEL CONDUCTOR;OTRO (IMPRUDENCIA DEL CONDUCTOR);DESATENDER SU ENTORNO DE SEGURIDAD DURANTE SU DESPLAZAMIENTO;SIN OBSERVACIONES
A-2023-03-113;03/03/2023;05:50;DESPISTE;VOLCADURA;1;2;CARRETERA FERNANDO BELAUNDE TERRI PIURA - OLMOS - JAEN;ALTURA DEL KM 20 250;-5.942054;-79.639296;DESPEJADO;IMPRUDENCIA DEL CONDUCTOR;EXCESO DE VELOCIDAD;;NINGUNA
A-2023-03-114;08/03/2023;14:30;DESPISTE;DESPISTEYVOLCADURA;2;3;CARRETERA PIURA TAMBOGRANDE ;KM 04;-5.139239045;-80.44386807118774;DESPEJADO;NEGLIGENCIA DEL CONDUCTOR;CONDUCIR CON FALLAS DE NEUMÁTICOS;;
A-2023-03-115;07/03/2023;05:15;CHOQUE;CHOQUE VOLCADURA Y CAIDA;1;0;CARRETERA MEDIO PIURA;ALTURA GRIFO PECSA;-5.128833374;-80.60548655869412;DESPEJADO;IMPRUDENCIA DEL CONDUCTOR;EXCESO DE VELOCIDAD;;
A-2023-03-12;03/03/2023;07:00;ESPECIAL;COMPRIME CABEZA CONTRA POSTE;1;0;ASOCIACION SAN HILARION MZ C LOTE 11 SELVA ALEGRE;LOTE 11 DE LA MZ C;-16.383402;-71.517994;DESPEJADO;NO IDENTIFICA LA CAUSA;;;S/O
A-2023-03-125;31/03/2023;07:00;DESPISTE;VOLCADURA;1;1;CARRETERA PANAMERICANA SUR KILOMETRO 177;-;-13.35232882;-76.22230765071272;DESPEJADO;NO IDENTIFICA LA CAUSA;;;INVESTIGACIÓN A CARGO DE LA FISCALIA 
A-2023-03-126;15/03/2023;20:00;ATROPELLO;;1;2;AV. NESTOR GAMBETTA;ALTURA DE MADERERA ESPIRITU DE GRACIA;-11.8282122;-77.124005617;;;;;
A-2023-03-128;01/03/2023;05:00;CHOQUE;;2;1;CARRETERA LA OROYA - CERRO DE PASCO KM. 14 900;;-11.431631;-75.931629;NUBLADO;IMPRUDENCIA DEL CONDUCTOR;INVASIÓN DE CARRIL;;NINGUNO
A-2023-03-129;11/03/2023;12:10;ATROPELLO;;1;0;AV. HUANCAVELICA CDRA 4;;-12.071543;-75.214018;DESPEJADO;IMPRUDENCIA DEL PEATÓN;CRUCE INDEBIDO POR LA CALZADA;;NINGUNO
A-2023-03-13;05/03/2023;06:30;CHOQUE;CHOQUE DESPISTE;1;0;KM 11 DE LA CARRETERA CHUCARAPI COCACHACRA;HITO 11;-17.0885637;-71.7546942;DESPEJADO;NO IDENTIFICA LA CAUSA;;;SIN OBSERVACIONES 
A-2023-03-130;16/03/2023;11:30;ATROPELLO;;1;0;AV. HUASCAR CDRA 13;;-11.73415964;-75.5435030793657;DESPEJADO;;;;CAUSA DEL ACCIDENTE: NEGLIGENCIA DE PADRES 
A-2023-03-131-A;25/02/2023;08:15;ATROPELLO FUGA;;1;0;CARRETERA PANAMERICANA SUR KM 15.600;;-12.193135;-76.972682;DESPEJADO;NO IDENTIFICA LA CAUSA;;;NINGUNA
A-2023-03-131-B;01/03/2023;05:30;CHOQUE;;1;0;AV. LAS TORRES;ALTURA GRIFO PRIMAX;-11.9982629;-76.92719986;DESPEJADO;NO IDENTIFICA LA CAUSA;;;NINGUNA
A-2023-03-132;03/03/2023;03:40;DESPISTE;VOLCADURA;1;0;AV. MANUEL PRADO CDRA. 5;;-11.87101077;-77.01986016;DESPEJADO;IMPRUDENCIA DEL CONDUCTOR;OTRO (IMPRUDENCIA DEL CONDUCTOR);;NINGUNA
A-2023-03-133;03/03/2023;11:30;CAÍDA DE PASAJERO;;1;0;AV. ABANCAY CDRA. 1;;-12.0458331;-77.02559551938322;DESPEJADO;IMPRUDENCIA DEL PASAJERO/OCUPANTE;OTRO (IMPRUDENCIA DEL PASAJERO/OCUPANTE);;NINGUNA
A-2023-03-134;04/03/2023;02:20;ATROPELLO;;1;0;CARRETERA PANAMERICANA SUR KM 36.900;;-12.30839406;-76.83660706823704;DESPEJADO;IMPRUDENCIA DEL PEATÓN;OTRO (IMPRUDENCIA DEL PEATÓN);;NINGUNA
A-2023-03-135;05/03/2023;12:00;CHOQUE;;1;2;AV. DEFENSORES DEL MORRO CON AV. 12 DE OCTUBRE;;-12.19529584;-77.00127544;DESPEJADO;IMPRUDENCIA DEL CONDUCTOR;OTRO (IMPRUDENCIA DEL CONDUCTOR);;NINGUNA
A-2023-03-137;07/03/2023;05:50;CHOQUE;VOLCADURA;1;0;AV. CANTA CALLAO CON AV. CARLOS IZAGUIRRE;;-11.98905394;-77.10535899;DESPEJADO;NO IDENTIFICA LA CAUSA;;;NINGUNA
A-2023-03-138;08/03/2023;15:00;CHOQUE;VOLCADURA;1;0;CARRETERA PANAMERICANA SUR KM. 24.000;;-12.24646301;-76.93613311515227;DESPEJADO;IMPRUDENCIA DEL CONDUCTOR;OTRO (IMPRUDENCIA DEL CONDUCTOR);;NINGUNA
A-2023-03-139;09/03/2023;13:30;CHOQUE;VOLCADURA;1;1;AV. PROCERES DE LA INDEPENDENCIA CON AV. PIRAMIDE DEL SOL;;-12.01803437;-77.00198335;DESPEJADO;IMPRUDENCIA DEL CONDUCTOR;OTRO (IMPRUDENCIA DEL CONDUCTOR);;NINGUNA
A-2023-03-14;05/03/2023;06:30;CHOQUE;CON SUBSECUENTE MUERTE;1;0;KM 26 DE LA CARRETERA COSTANERA;HITO 26;-17.08804118;-71.9052503318667;DESPEJADO;NO IDENTIFICA LA CAUSA;;;S/O
A-2023-03-140;09/03/2023;14:00;ATROPELLO FUGA;;1;0;AV. LURIGANCHO;FRONTIS INMUEBLE MZ B LT 5;-12.01920608;-76.98685732;DESPEJADO;IMPRUDENCIA DEL PEATÓN;OTRO (IMPRUDENCIA DEL PEATÓN);;NINGUNA
A-2023-03-141;12/03/2023;22:30;ATROPELLO;;1;0;CARRETERA PANAMERICANA SUR KM. 18.500;ALTURA PUENTE VILLA;-12.218937;-76.977076;DESPEJADO;IMPRUDENCIA DEL PEATÓN;OTRO (IMPRUDENCIA DEL PEATÓN);;NINGUNA
A-2023-03-142;13/03/2023;15:30;CAÍDA DE PASAJERO;;1;0;CARRETERA PANAMERICANA NORTE KM. 38.924;ALTURA PARADERO VILLA ESTELA;-11.812734;-77.12962;DESPEJADO;NO IDENTIFICA LA CAUSA;;;NINGUNA
A-2023-03-143;15/03/2023;00:15;CHOQUE;VOLCADURA;1;0;CARRETERA PANAMERICANA SUR KM. 6.000;FRENTE A VIVERO DE LA MUNICIPALIDAD DE SAN BORJA;-12.10486683;-76.9790993;NUBLADO;IMPRUDENCIA DEL CONDUCTOR;OTRO (IMPRUDENCIA DEL CONDUCTOR);;NINGUNA
A-2023-03-144;16/03/2023;22:30;VOLCADURA;;1;0;AV. PROLONGACION TACNA;ALTURA DE TUNEL SAN MARTIN;-12.02998879;-77.02038547;DESPEJADO;IMPRUDENCIA DEL CONDUCTOR;EXCESO DE VELOCIDAD;;NINGUNA
A-2023-03-145;17/03/2023;19:20;CHOQUE;DESPISTE;1;1;AV. REVOLUCION 7MA ZONA;;-11.91306626;-77.00300212566364;DESPEJADO;EN PROCESO DE INVESTIGACIÓN;NO CUENTA CON CAUSA ESPECIFICA;;NINGUNA
A-2023-03-146;18/03/2023;16:30;CHOQUE;;1;1;AV. PROCERES DE LA INDEPENDENCIA CDRA. 33;;-11.97644482;-77.00207644;DESPEJADO;IMPRUDENCIA DEL CONDUCTOR;VEHÍCULO MAL ESTACIONADO;;NINGUNA
A-2023-03-147;19/03/2023;05:55;ATROPELLO FUGA;;1;0;CARRETERA PANAMERICANA NORTE KM. 29.500;;-11.872306;-77.069443;DESPEJADO;NO IDENTIFICA LA CAUSA;;;NINGUNA
A-2023-03-148;19/03/2023;06:50;ATROPELLO;;1;0;AV. REVOLUCION CON AV. GUARDIA REPUBLICANA;;-12.23215271;-76.92550453;DESPEJADO;IMPRUDENCIA DEL PEATÓN;ESTADO DE EBRIEDAD Y/O DROGADICCIÓN;;NINGUNA
A-2023-03-149;19/03/2023;10:15;CHOQUE;VOLCADURA;1;0;AV. AVIACION CDRA. 33;;-12.10376942;-77.00134451399319;DESPEJADO;NEGLIGENCIA DEL CONDUCTOR;OTRO (NEGLIGENCIA DEL CONDUCTOR);;NINGUNA
A-2023-03-15;02/03/2023;03:20;CHOQUE;EL VEHÍCULO CATG. N3, DE PLACA T3X-822, SE DESPLAZABA EN SENTIDO DE NORTE, A SUR, AL LLEGAR A LA ZONA DEL ACCIDENTE SE DESPISTA PARCILMENTE IMPACTANDO AL VEHCULO O4 DE PLACA W3O-994, EL CUAL SE ENCONTRABA EN LA BERMA;1;0;CARRETERA PANAMERICANA NORTE. KM. 153.821.50;LADO NORTE DEL PUNETE HUAURA;-11.07116524;-77.58512732558226;DESPEJADO;IMPRUDENCIA DEL CONDUCTOR;FATIGA Y/O CANSANCIO;;NINGUNA
A-2023-03-150;19/03/2023;06:25;DESPISTE;VOLCADURA;1;0;CARRETERA PANAMERICANA NORTE KM. 27.000;;-11.894874;-77.068026;DESPEJADO;IMPRUDENCIA DEL CONDUCTOR;OTRO (IMPRUDENCIA DEL CONDUCTOR);;NINGUNA
A-2023-03-151;20/03/2023;16:45;CHOQUE;;1;1;AV. TUPAC AMARU KM. 14.000;;-11.920433;-77.041833;DESPEJADO;EN PROCESO DE INVESTIGACIÓN;NO CUENTA CON CAUSA ESPECIFICA;;NINGUNA
A-2023-03-152;21/03/2023;08:30;CHOQUE;VOLCADURA;1;0;AV. 6 DE AGOSTO CDRA. 11;;-12.07380405;-77.04644437;DESPEJADO;NO IDENTIFICA LA CAUSA;;;NINGUNA
A-2023-03-153;22/03/2023;19:40;CHOQUE;;1;6;CARRETERA CENTRAL KM. 16.500;;-12.00078285;-76.83970770106689;DESPEJADO;NEGLIGENCIA DEL CONDUCTOR;OTRO (NEGLIGENCIA DEL CONDUCTOR);;NINGUNA
A-2023-03-154;25/03/2023;01:45;CHOQUE FUGA;;1;0;CARRETERA CENTRAL KM. 19.500;ALTURA CENTRO INFANTIL MIGUEL GRAU;-11.987369;-76.813531;DESPEJADO;IMPRUDENCIA DEL CONDUCTOR;EXCESO DE VELOCIDAD;;NINGUNA