COD_ACCIDE;FechaDelAccidente;HoraDelAccidente;ClaseDelAccidente;SecuenciaAccidente;CantidadDeFallecidos;CantidadDeLesionados;Direccion;LugarReferencia;y;x;CondClimatica;CausaFactorPrincipal;CausaEspecifica;OtraCausa;Observaciones
A-2023-03-155;25/03/2023;16:40;ATROPELLO;;1;0;AV. MORALES DUAREZ CDRA. 17 CON AV. DUEÑAS;;-12.03553729;-77.06534623;DESPEJADO;IMPRUDENCIA DEL PEATÓN;OTRO (IMPRUDENCIA DEL PEATÓN);;NINGUNA
A-2023-03-156;28/03/2023;16:00;ATROPELLO;;1;0;CARRETERA PANAMERICANA NORTE KM. 23.000;ALTURA DE PUENTE PEATONAL PROLIMA;-11.92789265;-77.07262012961597;DESPEJADO;IMPRUDENCIA DEL PEATÓN;OTRO (IMPRUDENCIA DEL PEATÓN);;NINGUNA
A-2023-03-157;28/03/2023;07:10;CHOQUE;;1;6;CARRETERA LIMA - CANTA KM. 32.000;;-11.789697;-76.982849;DESPEJADO;IMPRUDENCIA DEL CONDUCTOR;OTRO (IMPRUDENCIA DEL CONDUCTOR);;NINGUNA
A-2023-03-158;31/03/2023;12:30;CHOQUE;VOLCADURA;1;0;CARRETERA PANAMERICANA SUR KM. 6.000;;-12.109276;-76.978491;DESPEJADO;IMPRUDENCIA DEL CONDUCTOR;OTRO (IMPRUDENCIA DEL CONDUCTOR);;NINGUNA
A-2023-03-159;13/03/2023;23:00;ATROPELLO FUGA;FATAL;1;0;JR. HUANUCO CDRA. 05 BARRIOS ALTOS;;-12.04945744;-77.01956828;DESPEJADO;IMPRUDENCIA DEL PEATÓN;OTRO (IMPRUDENCIA DEL PEATÓN);CONTRIBUTIVA ILUMINACIÓN DEFICIENTE;
A-2023-03-16;08/03/2023;09:40;ATROPELLO;APLASTAMIENTO;1;0;AV. TUPAC AMARU ;FRENTE A LA I.E.I. 115 - HUANDO;-12.5673332;-74.94995344023523;DESPEJADO;NO IDENTIFICA LA CAUSA;;;AUN SE INVESTIGA
A-2023-03-160;26/03/2023;04:00;ATROPELLO FUGA;;1;0;CARRETERA CENTRAL HUANCAYO- JAUJA  MARGEN DERECHA ALTURA DEL CEMENTERIO;;-12.043244;-75.253751;DESPEJADO;NO IDENTIFICA LA CAUSA;;;NO IDENTIFICA LA CAUSA (FALTA D UNO DE LOS ELEMENTOS DE TRANSITO)
A-2023-03-161;29/03/2023;10:05;ESPECIAL;FATAL Y DAÑOS MATERIALES ;1;0;CARRETERA CENTRAL HUANCAY- JAUJA MARGEN DERECHA ALTURA DEL KM. 113;;-12.0309284;-75.2654001;SOLEADO;INFRAESTRUCTURA Y ENTORNO VIAL;OTRO (INFRAESTRUCTURA Y ENTORNO VIAL);DESPRENDIMIENTO Y PROYECCION DE LA PIEDRA  QUE SE ENCONTRABA ENCAJADO ENTRE LAS CARAS INTERNAS DE LOS NEUMATICOS DUALES DEL SEGUNDO EJE DE LA RUEDA POSTERIOR LADO IZQUIERDO;NINGUNA
A-2023-03-162;31/03/2023;05:00;DESPISTE;SEGUIDO DE CHOQUE;1;1;CARRETERA CENTRAL JAUJA - TARMA KM. 115 200;;-11.671501;-75.573306;DESPEJADO;IMPRUDENCIA DEL CONDUCTOR;OTRO (IMPRUDENCIA DEL CONDUCTOR);;NINGUNA
A-2023-03-163;10/03/2023;18:30;ATROPELLO;ATROPELLO;1;0;CARRETERA DEL SECTOR LO PALOS ;100 M DE LA PLAZA PRINCIPAL LOS PALOS;-18.28434;-70.4373;DESPEJADO;IMPRUDENCIA DEL PEATÓN;CRUCE INDEBIDO POR LA CALZADA;;
A-2023-03-164;18/03/2023;11:40;ATROPELLO;MUERTE;1;0;CALLE SAN JUAN;FRONTIS DEL DOMICILIO MZ. O LOTE 10;-13.15755247;-74.2365129281001;DESPEJADO;IMPRUDENCIA DEL CONDUCTOR;GIRAR IMPRUDENTEMENTE;;GIRO IMPRUDENTE DEL CONDUCTOR
A-2023-03-165;05/03/2023;11:30;ATROPELLO;MUERTE;1;0;JR. TUPAC AMARU;CUADRA 1;-14.69544157;-74.1206954840495;DESPEJADO;IMPRUDENCIA DEL CONDUCTOR;OTRO (IMPRUDENCIA DEL CONDUCTOR);EXCESO DE CONFIANZA;DESATENCION DEL PANORAMA
A-2023-03-166;26/03/2023;05:20;ATROPELLO FUGA;MUERTE;1;0;CARRETERA VIA LOS LIBERTADORES ;ALTURA DEL GRIFO AYACUCHO;-13.15625036;-74.23552026327653;DESPEJADO;IMPRUDENCIA DEL PEATÓN;ESTADO DE EBRIEDAD Y/O DROGADICCIÓN;;PEATON EN ESTADO DE EBRIEDAD
A-2023-03-167;08/03/2023;04:45;CHOQUE;VOLCADURA;1;0;INTERSECCIÓN DEL JR. AMALIA PUGA CDRA. 10 Y JR. 5 ESQUINAS ;CDRA. 05;-7.15959;-78.514515;LLUVIOSO;IMPRUDENCIA DEL CONDUCTOR;CONDUCIR EN ESTADO DE EBRIEDAD Y/O DROGADICCIÓN;;
A-2023-03-168;25/03/2023;08:30;CHOQUE;LATERAL NEGATIVO;1;0;AV. VIA DE EVITAMIENTO NORTE - PUENTE AMARILLO;PUENTE AMARILLO;-7.159406623;-78.50606201097115;DESPEJADO;IMPRUDENCIA DEL CONDUCTOR;EXCESO DE VELOCIDAD;;
A-2023-03-169;25/03/2023;19:00;DESPISTE;CHOQUE Y ATROPELLO;1;2;KM 1412 DE LA CARRETERA CHOTA - CAJAMARCA;;-6.569412;-78.642637;DESPEJADO;IMPRUDENCIA DEL CONDUCTOR;CONDUCIR EN ESTADO DE EBRIEDAD Y/O DROGADICCIÓN;;
A-2023-03-17;06/03/2023;10:50;DESPISTE;DESPISTE - VOLCADURA;1;6;CARRETERA COSTANERA SUR KM 49 300;PLAYA EL PLANCHON;-18.141939;-70.691846;DESPEJADO;IMPERICIA DEL CONDUCTOR;;;
A-2023-03-170;24/03/2023;20:15;CHOQUE;LATERAL NEGATIVO;1;1;INTERSECCON AV. MANUEL MESONE SMURO Y CALLE HUAMANTANGA;;-5.73266;-78.793965;DESPEJADO;IMPRUDENCIA DEL CONDUCTOR;EXCESO DE VELOCIDAD;;
A-2023-03-171;28/03/2023;00:40;DESPISTE;SUBSECUENTE VOLCADURA;1;0;CARRETERA CELENDIN - BALSAS. ALTURA KM 115;;-6.84887;-78.115247;DESPEJADO;IMPRUDENCIA DEL CONDUCTOR;CONDUCIR EN ESTADO DE EBRIEDAD Y/O DROGADICCIÓN;;
A-2023-03-172;30/03/2023;10:30;CHOQUE CON OBJETO FIJO;CHOQUE;1;0;AV. PRINCIPAL S/N DISTRITO DE INCLAN;;-17.827387;-70.516449;DESPEJADO;IMPRUDENCIA DEL CONDUCTOR;OTRO (IMPRUDENCIA DEL CONDUCTOR);INGRESO DE PERRO A LA CALZADA;SIN OBSERVACIONES
A-2023-03-173;03/03/2023;21:00;CHOQUE;;2;0;KM 203.137 CARRETERA PANAMERICANA NORTE;ALTURA DEL CENTRO POBLADO VISTA ALEGRE;-10.689576;-77.787159;DESPEJADO;IMPRUDENCIA DEL CONDUCTOR;OTRO (IMPRUDENCIA DEL CONDUCTOR);HABER CRUZADO EN FORMA TRANSVERSAL LA CALZADA;
A-2023-03-174;18/03/2023;19:50;CHOQUE;POR ALCANCE SEGUIDO DE ATROPELLO;1;2;KM 184 ANTIGUA CARRETERA PANAMERICANA NORTE;ALTURA DE LA LADRILLERA KIBI;-10.816028;-77.704268;DESPEJADO;IMPRUDENCIA DEL CONDUCTOR;OTRO (IMPRUDENCIA DEL CONDUCTOR);HABER CONDUCIDO SU VEHICULO CON FALTA DE CUIDADO Y PREVENCION;
A-2023-03-175;18/03/2023;21:00;ATROPELLO;ATROPELLO;1;0;CARRETERA MARGINAL KM.0 800;CARRETERA MARGINAL KM.0 800;-11.34134657;-74.5264837042514;;;;;
A-2023-03-176;18/03/2023;10:30;ATROPELLO;ATROPELLO;1;0;CARRETERA PRINCIPAL KM.12 540;CARRETERA PRINCIPAL KM.12 540;-11.27225547;-75.65967675565224;;;;;
A-2023-03-177;19/03/2023;05:40;CHOQUE;CHOQUE ;1;1;AV. SAN JOSE- OXAPAMPA;AV. SAN JOSE- OXAPAMPA;-10.57607729;-75.40983442182457;;;;;
A-2023-03-178;25/03/2023;18:10;DESPISTE;DESPISTE ;1;1;CARRETERA MARGINAL SECTOR MONTERICO;CARRETERA MARGINAL SECTOR MONTERICO;-11.34717718;-74.52259144050672;;;;;
A-2023-03-18;13/03/2023;23:00;CHOQUE;CONSECUENCIA FATAL;2;1;CARRETERA PANAMERICANA SUR PUNO-DESAGUADERO KM. 1372 500;;-15.876976;-69.926815;DESPEJADO;INFRAESTRUCTURA Y ENTORNO VIAL;OTRO (INFRAESTRUCTURA Y ENTORNO VIAL);MONTICULO DE TIERRA LOCALIZADO EN EL CARRIL ESTE;
A-2023-03-19;09/03/2023;17:10;DESPISTE;-;2;1;CARRETERA DE ANEXO AL SECTOR ALTO MOLINO;-;-7.774657;-77.776896;DESPEJADO;NO IDENTIFICA LA CAUSA;;;
A-2023-03-2;01/03/2023;19:45;ATROPELLO;SUBSECUENTE MUERTE;1;0;KM 973.500 DE L CARRETERA PANAMERICANA SUR;HITO 973;-16.526249;-71.7853308;DESPEJADO;NO IDENTIFICA LA CAUSA;;;S/O
A-2023-03-20;11/03/2023;05:40;ATROPELLO FUGA;-;1;0;CARRETERA PANAMERICANA NORTE ALTURA DEL KM. 653.4;-;-7.5310834;-79.3937702;DESPEJADO;IMPRUDENCIA DEL CONDUCTOR;OTRO (IMPRUDENCIA DEL CONDUCTOR);AL DESPLAZARSE A UNA VELOCIDAD QUE RESULTO SER NO PRUDENTE NI RAZONABLE PARA LAS CIRCUTANCIAS;
A-2023-03-21;11/03/2023;17:10;DESPISTE;-;1;0;CARRETERA DE ACCESO AL SECTOR MONTE GRANDE ;-;-8.47933784;-78.57308145229328;DESPEJADO;NO IDENTIFICA LA CAUSA;;;
A-2023-03-22;11/03/2023;22:30;DESPISTE;-;1;3;CARRETERA PANAMERICANA NORTE ALTURA DEL KM. 510;-;-8.4587126;-78.7252153;DESPEJADO;IMPRUDENCIA DEL CONDUCTOR;EXCESO DE VELOCIDAD;;
A-2023-03-23;15/03/2023;08:30;CHOQUE;-;1;0;INTERSECCION DE LA AV. INDUSTRIAL CON LA PROLONGACION FRANCISCO DE ZELA;-;-8.122764354;-79.00702002867499;DESPEJADO;IMPRUDENCIA DEL CONDUCTOR;ADELANTAR INDEBIDAMENTE;;
A-2023-03-24;16/03/2023;14:00;CHOQUE;Y FUGA;1;1;CARRETERA TROCHA CARROZABLES COMUNIDAD MOLLOCO-C.P. CARITAMAYA;;-15.9942195;-69.7620055;DESPEJADO;IMPRUDENCIA DEL CONDUCTOR;OTRO (IMPRUDENCIA DEL CONDUCTOR);CONDUCIR SU VEHICULO CON EXESO DE CONFIANZA ;
A-2023-03-25;12/03/2023;13:00;CHOQUE;CHOQUE CON SUB SECUENTE MUERTE, LESIONES Y DAÑOS MATERIALES;1;8;CARRETERA AREQUIPA-JULIACA KM.137;KM.137;-15.986356;-71.254004;LLUVIOSO;NO IDENTIFICA LA CAUSA;;;SIN OBSERVACIONES 
A-2023-03-26;16/03/2023;12:05;DESPISTE;VOLCADURA Y CAIDA DE OCUPANTES;1;1;TROCHA CARROZABLE CERRO BELEN;LAGUNA DE LOS MILAGROS;-9.141821;-75.991229;DESPEJADO;IMPERICIA DEL CONDUCTOR;;;EL LUGAR DONDE SE PRODUJO EL ACCIDENTE DE TRÁNSITO, ES UNA TROCHA CARROZABLE INSTALADA EN EL INTERIOR DE UN TERRENO 
A-2023-03-27;16/03/2023;05:30;CHOQUE;-;2;2;CARRETERA PANAMERICANA NORTE ALTURA DEL KM. 477.1;-;-8.703279;-78.639559;DESPEJADO;IMPRUDENCIA DEL CONDUCTOR;ADELANTAR INDEBIDAMENTE;;
A-2023-03-28;05/03/2023;03:30;DESPISTE;....;1;0;KM. 117 400 CARRETERA FERNANDO BELAUNDE TERRY - PUCARÁ;CPNP PUCARÁ;-6.041541;-79.125163;SOLEADO;NO IDENTIFICA LA CAUSA;;;
A-2023-03-29;09/03/2023;10:00;CHOQUE;DESPISTE PARCIAL;1;2;JR. SAGRADO CORAZÓN DE JESÚS CDRA. 04 - CHOTA;CSPNP CHOTA;-6.567786;-78.648946;SOLEADO;NO IDENTIFICA LA CAUSA;;;
A-2023-03-3;01/03/2023;17:10;ATROPELLO;-;1;1;CARRETERA PANAMERICANA NORTE ALTURA DEL KM. 674;-;-7.441096;-79.502069;DESPEJADO;IMPRUDENCIA DEL CONDUCTOR;OTRO (IMPRUDENCIA DEL CONDUCTOR);DESTATENCION EN LA CONDUCCION;
A-2023-03-31;16/03/2023;20:30;CHOQUE FUGA;-;1;2;CARRETERA DE PENETRACION A LA SIERRA LIBERTEÑA ALTURA DEL KM. 15;-;-8.096748;-78.933935;DESPEJADO;NO IDENTIFICA LA CAUSA;;;
A-2023-03-32;20/03/2023;15:00;CHOQUE;CHOQUE POR EMBISTE;6;2;CARRETERA BINACIONAL KM 157;SECTOR HUAYTIRE;-16.867802;-70.174824;GRANIZADO;IMPRUDENCIA DEL CONDUCTOR;INVASIÓN DE CARRIL;;NINGUNA.
A-2023-03-33;17/03/2023;05:30;CHOQUE;-;1;0;CARRETERA PANAMERICANA NORTE ALTURA DEL KM. 516.3;-;-8.4535225;-78.7307148;DESPEJADO;NO IDENTIFICA LA CAUSA;;;
A-2023-03-34;19/03/2023;19:00;CHOQUE FUGA;-;1;0;CARRETERA DE PENETRACION A LA CIUDAD DE CAJAMARCA ALTURA DEL KM. 05;-;-7.3015006;-79.40920413;DESPEJADO;IMPRUDENCIA DEL CONDUCTOR;EXCESO DE VELOCIDAD;;
A-2023-03-35;23/03/2023;11:30;ATROPELLO;-;1;0;CALLE S/N FRENTE A LA IGLESIA CHOCHOCONDA;-;-7.809605199;-78.0292635712742;DESPEJADO;IMPRUDENCIA DEL CONDUCTOR;OTRO (IMPRUDENCIA DEL CONDUCTOR);DESTATENCION EN LA CONDUCCION;
A-2023-03-36;23/03/2023;08:30;DESPISTE;-;1;1;CARRETERA PANAMERICANA NORTE ALTURA DEL KM. 558;-;-8.1678427;-79.0062774;DESPEJADO;NO IDENTIFICA LA CAUSA;;;
A-2023-03-37;22/03/2023;17:50;DESPISTE;SEGUIDO DE VOLCADURA CON CONSECUENCIA FATAL, LESIONESPERSOANLES Y DAÑOS MATERIALES.;6;11;UCHUMAYO CENTRO POBLADO DE CHOGO;;-8.706023449;-77.4475284841365;DESPEJADO;NO IDENTIFICA LA CAUSA;;;NINGUNA
A-2023-03-38;02/03/2023;18:30;CAÍDA DE PASAJERO;;1;0;SECTOR LLADILLA. BARRIO DE PUISO ALTO ;;-13.616267;-73.38756;DESPEJADO;IMPRUDENCIA DEL CONDUCTOR;GIRAR IMPRUDENTEMENTE;;ACCIDENTE DE TRÁNSITO, CAÍDA DEL OCUPANTE 
A-2023-03-39;19/03/2023;22:30;DESPISTE;DESPISTE Y VOLCADURA;1;1;VIA E PENETRACION A CERRO VERDE KM-1;KM.1;-16.5328184;-71.7370535;DESPEJADO;NO IDENTIFICA LA CAUSA;;;SIN OBSERVACIONES 
A-2023-03-4;02/03/2023;12:00;DESPISTE;-;1;0;CARRETERA DE ACCESO AL ANEXO DE TOMAC;-;-8.284816244;-77.26909872736194;DESPEJADO;NO IDENTIFICA LA CAUSA;;;
A-2023-03-40;18/03/2023;14:50;DESPISTE;DESPISTE SEGUIDO DE VOLCADURA;1;1;CARRETERA ACOPIA- POMACANCHI. ALTURA DEL SECTOR AYLLINA MOCCO;KM  720;-14.047174;-71.509228;DESPEJADO;NO IDENTIFICA LA CAUSA;;;NINGUNO
A-2023-03-41;04/03/2023;19:20;DESPISTE;DESPISTE SEGUIDO VOLCADURA Y SUMERSION;2;2;CARRETERA CUSCO - SICUANI. COMUNIDAD CAMPESINA DE JUNTUMA;SECTOR CHACCATA KM 1080 100;-14.117727;-71.415727;DESPEJADO;NO IDENTIFICA LA CAUSA;;;NINGUNO
A-2023-03-42;20/03/2023;11:15;DESPISTE;DESPISTE, CHOQUE Y VOLCADURA;1;1;CARRETERA TRANVERSAL (VARIANTE)  HUARCARPAY - PACYCASA (AYACUCHO). TRAMO ABRA MALAGA - ALFAMAYO;SECTOR SIRENACHAYOC;-13.081439;-72.372732;DESPEJADO;IMPRUDENCIA DEL CONDUCTOR;EXCESO DE VELOCIDAD;;NINGUNO
A-2023-03-43;26/03/2023;05:00;CHOQUE;-;1;0;CARRETERA PANAMERICANA NORTE ALTURA DEL KM. 463;-;-8.823747;-78.656478;DESPEJADO;IMPRUDENCIA DEL CONDUCTOR;CONDUCIR EN ESTADO DE EBRIEDAD Y/O DROGADICCIÓN;;
A-2023-03-44;25/03/2023;19:00;ATROPELLO;ATROPELLO CON SUB SECUENTE MUERTE;1;0;AUTOPISTA AREQUIPA - LA JOYA. ALTURA DEL INMUEBLE B-8 ASOC. VIRGEN DE COPACABANA;ALTURA DEL INMUEBLE B-8 ASOC. VIRGEN DE COPACABANA;-16.360689;-71.619531;DESPEJADO;NO IDENTIFICA LA CAUSA;;;SIN OBSERVACIONES 
A-2023-03-45;23/03/2023;12:50;ATROPELLO;APLATAMIENTO;1;0;AV. LEONCIO PRADO CON JR. CIUDAD DE LA PAZ;I.E.P. SAN MARTIN;-15.85688521;-70.01730126709124;DESPEJADO;IMPRUDENCIA DEL PEATÓN;OTRO (IMPRUDENCIA DEL PEATÓN);INGRESAR REPENTINAMENTE A LA CALZADA;
A-2023-03-46;26/03/2023;12:10;ATROPELLO;CON CONSECUENCIA FATAL.;1;0;CENTRO POBLADO DE VICOS;PLAZA DE ARMAS DE VICOS.;-9.328548;-77.553482;DESPEJADO;NO IDENTIFICA LA CAUSA;;;NINGUNO
A-2023-03-47;26/03/2023;19:30;CHOQUE CON OBJETO FIJO;CONSECUENCIA FATAL;1;0;CARRETERA CHACA CHACA-YUNGUYO;KM. 17 800;-16.25299358;-69.11768810700775;DESPEJADO;IMPRUDENCIA DEL CONDUCTOR;OTRO (IMPRUDENCIA DEL CONDUCTOR);REALIZAR SU DESPLAZAMIENTO POR LA VIA EN ESTUDIO, CON EVIDENTE APEGO AL PRINCIPIO DE CONFIANZA;
A-2023-03-48;26/03/2023;20:30;ATROPELLO;DESPISTE;1;0;CARRETERA INTEROCEANICA PUNO-MOQUEGUA;25 100;-16.055244;-70.008579;DESPEJADO;IMPRUDENCIA DEL PEATÓN;CRUCE INDEBIDO POR LA CALZADA;;
A-2023-03-49;05/03/2023;01:20;ATROPELLO;ATROPELLO Y FUGA INICIALMENTE, MOMENTOS DESPUES ES IDENTIFICADO EL VEHICULO PARTICIPANTE EN EL ACCIDENTE DE TRANSITO;1;0;RED NIAL NACIONAL LONGITUDINAL DE LA SIERRA SUR LA OROYA - DESAGUDERO. TRAMO PUENTE COMBAPATA - PUENTE SICUANI ;GRIFO EDUARDO;-14.24516005;-71.25143527;DESPEJADO;IMPRUDENCIA DEL PEATÓN;CRUCE INDEBIDO POR LA CALZADA;;NINGUNO
A-2023-03-5;04/03/2023;12:40;CHOQUE;-;1;0;INTERSECCION DE LA AV. JESUS DE NAZARETH Y LA AV. AMERICA OESTE;-;-8.106627;-79.046801;DESPEJADO;IMPRUDENCIA DEL CONDUCTOR;OTRO (IMPRUDENCIA DEL CONDUCTOR);CONDUCIR EL VEHICULO A UNA VELOCIDAD UNIFORMEMENTE VARIADA;
A-2023-03-50;22/03/2023;21:30;DESPISTE;DESPISTE SEGUIDO DE VOLCADURA;1;2;CARRETERA PAUCARTAMBO - OCONGATE. SECTOR UPANA KJASA;CENTRO POBLADO KCALLACANCHA;-13.38972676;-71.4879796461544;DESPEJADO;NO IDENTIFICA LA CAUSA;;;NINGUNO
A-2023-03-51;27/03/2023;12:20;CHOQUE;CHOQUE FATAL;6;3;VIA DE PENETARCION HACIA ESPINAR KM.32;KM.32;-15.5074258;-71.0610151;DESPEJADO;NO IDENTIFICA LA CAUSA;;;SIN OBSERVACIONES 
A-2023-03-52;29/03/2023;14:30;DESPISTE;DESPISTE, VOLCADURA FATAL;1;2;INGRESO URB. INTEROCEANICA - ALTO CAYMA;;-16.3002056;-71.5259325;DESPEJADO;NO IDENTIFICA LA CAUSA;;;SIN OBSERVACIONES 
A-2023-03-53;09/03/2023;14:10;CHOQUE;CHOQUE POR EMBISTE EXCENTRICO DERECHO;1;0;LONGITUDINAL SIERRA SUR LA OROYA - DESAGUADERO. TRAMO ANTA - CACHIMAYO;SECTOR CCOLCCARARA;-13.477006;-72.120795;DESPEJADO;IMPRUDENCIA DEL CONDUCTOR;GIRAR IMPRUDENTEMENTE;;NINGUNO
A-2023-03-54;18/03/2023;04:50;ATROPELLO FUGA;EL VEHICULO PARTICIPANTE SE DIO A LA FUGA;1;0;CARRETERA ESPINAR - COPORAQUE. SECTOR AEROPUERTO;SECTOR AEROPÚERTO;-14.80226434;-71.4415394127246;DESPEJADO;NO IDENTIFICA LA CAUSA;;;NINGUNO
A-2023-03-55;18/03/2023;08:00;VOLCADURA;VOLCADURA EN TONEL DERECHO;1;0;LONGITUDINAL DE LA SIERRA SUR. TRAMO OCONGATE CARHUAYO SECTOR PATA AYNAS;PUENTE;-13.62378;-71.39203;DESPEJADO;IMPRUDENCIA DEL CONDUCTOR;EXCESO DE VELOCIDAD;;NINGUNO
A-2023-03-56;15/03/2023;16:10;CHOQUE;CHOQUE FRONTAL;1;1;LONGITUDINAL SIERRA SUR TRAMO LIMATAMBO ANCAHUASI ALTURA DEL SECTOR DE MOLLEMARCA;SECTOR MOLLEMARCA;-13.46172;-72.42498;DESPEJADO;IMPRUDENCIA DEL CONDUCTOR;FATIGA Y/O CANSANCIO;;NINGUNO
A-2023-03-57;08/03/2023;06:30;CHOQUE FUGA;CHOQUE DESPUES DEL IMPACTO UNO DE LOS VEHICULOS SE DIO A LA FUGA;1;0;LONGITUDINAL SIERRA SUR TRAMO COMBAPATA SICUANI ALTURA DE LA COMUNIDAD LARIPAMPA;1100 200;-14.2263873;-71.282296;DESPEJADO;NO IDENTIFICA LA CAUSA;;;NINGUNO
A-2023-03-58;17/03/2023;14:30;DESPISTE;DESPISTE SEGUIDO DE VOLCADURA;2;11;RED VIAL ESPINAR - VELILLE;SECTOR CONDOROMA;-14.59471245;-71.69237393059306;NUBLADO;NO IDENTIFICA LA CAUSA;;;NINGUNO
A-2023-03-59;01/03/2023;09:06;CHOQUE;CHOQUE POR EMBISTE EXCENTRICO DERECHO;1;0;INTERSECCION DE LA AVENIDA LEONCIO PRADO Y ALFONSO UGARTE;;-14.792305;-71.411903;DESPEJADO;IMPRUDENCIA DEL CONDUCTOR;OTRO (IMPRUDENCIA DEL CONDUCTOR);INGRESO A LA CALZADA POR EL LADO IZQUIERDO;NINGUNO
A-2023-03-6;05/03/2023;03:00;CHOQUE;-;1;1;CARRETERA PANAMERICANA NORTE ALTURA DEL KM. 501.8;-;-8.532783;-78.681809;DESPEJADO;NO IDENTIFICA LA CAUSA;;;
A-2023-03-60;16/03/2023;07:30;DESPISTE;DESPISTE SEGUIDO DE VOLCADURA;2;0;CARRETERA TRANSVERSAL TRAMO HUAMBUTIO HUANCARANI;SECTOR DE LA COMUNIDAD HUAYLLATAMBO;-13.557643;-71.708535;DESPEJADO;NO IDENTIFICA LA CAUSA;;;NINGUNO
A-2023-03-61;20/03/2023;00:15;CHOQUE;CHOQUE FRONTAL SEGUIDO DE ARRASTRE;5;0;CARRETERA TRANSVERSAL TRAMO ESPINAR CONDOROMA;SECTOR CHAQUIMAYO OCCORURO;-15.080543;-71.118673;DESPEJADO;NO IDENTIFICA LA CAUSA;;;NINGUNO
A-2023-03-62;26/03/2023;14:00;DESPISTE;-;1;0;CARRETERA DE PENETRACION A CP SINSICAP ALTURA DEL CACERIO CERRO PRIETO;-;-7.951816;-78.814501;DESPEJADO;NO IDENTIFICA LA CAUSA;;;
A-2023-03-63;27/03/2023;20:50;ATROPELLO;-;1;0;CARRETERA DE PENETRACION A LA CIUDAD DE CAJAMARCA ALTURA DEL KM.16.5;-;-7.307159051;-79.3384229904756;DESPEJADO;IMPRUDENCIA DEL PEATÓN;ESTADO DE EBRIEDAD Y/O DROGADICCIÓN;;
A-2023-03-64;28/03/2023;04:00;CHOQUE CON OBJETO FIJO;VOLCADURA;1;1;CARRETERA PUNO-ILAVE ;ALTURA DEL GRIFO MAFER;-16.07755191;-69.65912999116429;DESPEJADO;INFRAESTRUCTURA Y ENTORNO VIAL;OTRO (INFRAESTRUCTURA Y ENTORNO VIAL);LA EXISTENCIA DE PIEDRAS DE GRAN TAMAÑO, ASI COMO TIERRA QUE OBSTACULIZA TODO EL EJE DE LA MARCHA;
A-2023-03-65;31/03/2023;19:00;ATROPELLO;ATROPELLO CON SUB SECUENTE MUERTE;1;0;CARRETERA PANAMERICANA SUR KM.967.200;KM.967.200;-16.49682003;-71.8362456946931;DESPEJADO;NO IDENTIFICA LA CAUSA;;;SIN OBSERVACIONES 
A-2023-03-66;24/03/2023;11:50;ATROPELLO;ATROPELLO SEGUIDO DE PROYECCION;1;0;PROLOGACION AV DE LA CULTURA . FRONTIS DE LA COMISARIA DE SAN JERONIMO;PARADERO CONTROL;-13.546388;-71.889881;DESPEJADO;IMPRUDENCIA DEL PEATÓN;CRUCE INDEBIDO POR LA CALZADA;;NINGUNO
A-2023-03-67;01/03/2023;01:00;ATROPELLO FUGA;.;1;0;CARRETERA PANAMERICANA NORTE KM. 1284.7;.;-3.513917995;-80.31783696205841;DESPEJADO;IMPRUDENCIA DEL CONDUCTOR;NO DAR PASO PREFERENTE AL PEATÓN;;
A-2023-03-68;20/03/2023;18:00;CHOQUE;VOLCADURA ;1;0;CARRETERA PANAMERICANA NORTE KM . 239.2;.;-3.618905137;-80.5230475166071;SOLEADO;IMPRUDENCIA DEL CONDUCTOR;INVASIÓN DE CARRIL;;
A-2023-03-69;05/03/2023;19:30;CHOQUE;-;1;0;CARRETERA PATAPO CHONGOYAPE ;ALTURA DEL SECTOR PAMPA LA VICTORIA;-6.7363369;-79.5400284;DESPEJADO;NO IDENTIFICA LA CAUSA;;;
A-2023-03-7;05/03/2023;04:20;DESPISTE;-;1;0;AV. INDEPENDENCIA S/N;-;-8.1776853;-79.0122907;DESPEJADO;NO IDENTIFICA LA CAUSA;;;
A-2023-03-70;12/03/2023;07:00;ATROPELLO FUGA;-;1;0;CARRETERA PANAMERICANA NORTE KM 798   500;-;-6.6889868;-79.9037983;DESPEJADO;NO IDENTIFICA LA CAUSA;;;
A-2023-03-71;12/03/2023;15:00;ATROPELLO FUGA;-;1;0;CARRETERA PATAPO CHONGOYAPE;ENTRADA AL SERCTOR EL EMPEDRADO CERRO MIRADOR;-6.7393081;-79.6362104;DESPEJADO;NO IDENTIFICA LA CAUSA;;;
A-2023-03-72;20/03/2023;17:50;CHOQUE;-;1;1;CARRETERA PANAMERICANA NORTE KM 16   750;-;-6.5401119;-79.8654315;DESPEJADO;NO IDENTIFICA LA CAUSA;;;
A-2023-03-73;25/03/2023;21:30;DESPISTE;;1;0;CARRETERA CHICLAYO CHONGOYAPE;BADEN JUANA RIOS;-6.6306573;-79.4031901;LLUVIOSO;NO IDENTIFICA LA CAUSA;;;
A-2023-03-74;25/03/2023;19:30;CHOQUE;-;1;3;CARRETERA PANAMERICANA NORTE ANTIGUA ;CASERIO PUNTO UNO MOCHUMI;-6.5724738;-79.8729364;DESPEJADO;NO IDENTIFICA LA CAUSA;;;
A-2023-03-75;25/03/2023;19:15;CHOQUE FUGA;-;1;1;CARRETERA PANAMERICANA NORTE ANTIGUA ;GRIFO SANTA JULIO;-6.1529429;-79.7089523;DESPEJADO;NO IDENTIFICA LA CAUSA;;;