COD_ACCIDE;FechaDelAccidente;HoraDelAccidente;ClaseDelAccidente;SecuenciaAccidente;CantidadDeFallecidos;CantidadDeLesionados;Direccion;LugarReferencia;y;x;CondClimatica;CausaFactorPrincipal;CausaEspecifica;OtraCausa;Observaciones
A-2023-03-76;26/03/2023;02:05;ATROPELLO FUGA;-;1;0;CARRETERA PANAMERICANA NORTE MOCUPE LAGUNAS ;KM 744   200;-6.9934706;-79.6192751;DESPEJADO;NO IDENTIFICA LA CAUSA;;;
A-2023-03-77;27/03/2023;06:45;ATROPELLO FUGA;-;1;0;AV SEÑOR DE SIPAN CON CALLE INDOAMERICA;-;-6.7648819;-79.8195543;DESPEJADO;NO IDENTIFICA LA CAUSA;;;
A-2023-03-78;26/03/2023;11:00;ATROPELLO;-;1;0;CASERIO OXAPAMPA;-;-6.2959813;-79.4361046;DESPEJADO;NO IDENTIFICA LA CAUSA;;;
A-2023-03-79;13/03/2023;20:00;DESPISTE;DESPISTE, VOLCADURA Y CAIDA DEL CONDUCTOR ;1;0;CARRETERA RODRIGUEZ DE MENDOZA - CHACHAPOYAS KM. 404 172.75;SECTOR EL ARENAL;-6.3699019;-77.5221742;LLUVIOSO;NO IDENTIFICA LA CAUSA;;;
A-2023-03-8;05/03/2023;04:40;DESPISTE;-;1;0;AV. FATIMA ALTURA DE LA CDRA. 01 ;-;-8.1280498;-79.0407257;DESPEJADO;NO IDENTIFICA LA CAUSA;;;
A-2023-03-80;10/03/2023;20:20;CHOQUE;FRONTAL;1;0;KM20. DE LA VIA DE LOS LIBRTADORES;ALTURA DEL GRIFO REPSOL;-13.71068482;-75.982976;VENTARRÓN;NO IDENTIFICA LA CAUSA;;;NINGUNA
A-2023-03-81;04/03/2023;20:30;CHOQUE FUGA;-;1;0;CASERIO HUARANGO MOCHO ;-;-14.19040789;-75.69521353912057;VENTARRÓN;NO IDENTIFICA LA CAUSA;;ESTA EN INVESTIGACION;NINGUNA
A-2023-03-82;04/03/2023;10:40;CHOQUE;-;1;0;CARRTERA PANAMERICANA SUR KM 226.3;-;-13.55298074;-76.1807497671501;DESPEJADO;NO IDENTIFICA LA CAUSA;;;NINGUNA
A-2023-03-83;13/03/2023;05:30;CHOQUE;POR ALCANCE;1;0;CARRETERA INTEROCEANICA  KM. 01 ;FRENTE A A ANTICUCHERIA ROSITA;-14.8405;-74.93178;DESPEJADO;NO IDENTIFICA LA CAUSA;;;AUN SIGUE EN INVESTIGACION DICH CASO
A-2023-03-85;19/03/2023;20:00;CHOQUE;-;1;0;ANTIGUA C.P.S 230 KM;-;-13.71044886;-76.1526324164968;VENTARRÓN;NO IDENTIFICA LA CAUSA;;;EL PRESENBTE ACCIDENTE SE ENCUENTRA EN INVESTIGACION
A-2023-03-86;25/03/2023;18:50;DESPISTE;;1;0;CARRETERA ICA CARHUAS KM. 5 580;-;-14.0741211;-75.7880492;DESPEJADO;NO IDENTIFICA LA CAUSA;;;NINGUNA
A-2023-03-87;26/03/2023;15:50;DESPISTE;SEGUIDO DE CHOQUE ;1;0;URB. LOS PORTALES ;(REF. FRONTIS DE LA VIVIENDA A1-15);-14.0908;-75.743908;DESPEJADO;NO IDENTIFICA LA CAUSA;;;NINGUNA
A-2023-03-88;28/03/2023;08:00;DESPISTE;CHOQUE, VOLCADURA.;1;2; CARRETERA IMPERIAL-TAYACAJA;KM 05 80;-12.304519;-75.051337;SOLEADO;NO IDENTIFICA LA CAUSA;;;FALTA DE DILIGENCIAS
A-2023-03-89;16/03/2023;07:20;DESPISTE;DESPISTE, VOLVADURA, CAIDA DEL CONDUCTOR Y CAIDA DE PASAJEROS;1;1;JR. KUELAP CDRA. 07 - NUEVO TINGO;FRONTIS DE LA INTERSECCIÓN DEL JR. KUELAP Y JR. NATIVIDAD;-6.372585;-77.91969;SOLEADO;NO IDENTIFICA LA CAUSA;;;SE INVESTIGA
A-2023-03-9;05/03/2023;18:20;CHOQUE;-;2;2;CARRETERA PANAMERICANA NORTE ALTURA DEL KM. 514;-;-8.4369753;-78.7622822;DESPEJADO;IMPRUDENCIA DEL CONDUCTOR;FATIGA Y/O CANSANCIO;;
A-2023-03-90;17/03/2023;09:00;DESPISTE;DESPISTE, SEGUIDO DE CHOQUE Y VOLCADURA;1;1;CPN KM 401 180;;-9.309308;-78.404054;DESPEJADO;INFRAESTRUCTURA Y ENTORNO VIAL;ABANDONO DE OBJETOS EN LA VÍA;;NINGUNA
A-2023-03-91;02/03/2023;11:15;ATROPELLO;CON CONSECUENCIA FATAL Y LESIONES PERSONALES ;1;2;AVENIDA PEDRO HUILCA TECSE;PAMPA INALAMBRICA ILO;-17.649765;-71.331037;;;;;
A-2023-03-92;01/03/2023;07:20;CHOQUE;DESPISTE ;1;2;KM 264 844;-;-15.67265662;-70.37792971503441;DESPEJADO;IMPRUDENCIA DEL CONDUCTOR;EXCESO DE VELOCIDAD;;NINGUNA 
A-2023-03-94;02/03/2023;17:20;ATROPELLO;-;1;0;AV CIRCUNVALACION CON JR ANCASH;-;-15.480696;-70.132039;DESPEJADO;NEGLIGENCIA DEL CONDUCTOR;OTRO (NEGLIGENCIA DEL CONDUCTOR);NEGLIGENCIA DE LOS PADRES;NINGUNA 
A-2023-03-95;23/03/2023;05:30;CHOQUE;-;1;0;KM 31 500;-;-15.297443;-69.971059;DESPEJADO;NEGLIGENCIA DEL CONDUCTOR;OTRO (NEGLIGENCIA DEL CONDUCTOR);ESTACINAMIENTO MOMENTANEO;NINGUNA
A-2023-03-96;26/03/2023;15:30;ATROPELLO FUGA;-;1;0;KM 135;-;-14.31605972;-70.17004524564946;DESPEJADO;NO IDENTIFICA LA CAUSA;;;NINGUNA 
A-2023-03-97;25/03/2023;17:30;CHOQUE;-;1;0;KM 28;SALIDA CRUCERO;-14.3580283;-70.04317924682455;DESPEJADO;IMPRUDENCIA DEL CONDUCTOR;CONDUCIR EN ESTADO DE EBRIEDAD Y/O DROGADICCIÓN;;NINGUNA 
A-2023-03-98;26/03/2023;23:15;CHOQUE;-;1;1;AV MARTIRES DEL 4 DE NOVIEMBRE;-;-15.515985;-70.123188;DESPEJADO;IMPRUDENCIA DEL CONDUCTOR;EXCESO DE VELOCIDAD;;NINGUNA 
A-2023-03-99;10/03/2023;19:30;VOLCADURA;CHOQUE Y CAIDA;1;0;INTERSECCION DE LA CALLE 15 DE MAYO / AMPLIACION 13 DE JULIO;CARRETERA SENATI - CAMELIAS. A 500 MT. APROX. AL OESTE DE LA CALLE LAS AZUCENAS.;-3.767798;-73.291104;DESPEJADO;IMPRUDENCIA DEL CONDUCTOR;OTRO (IMPRUDENCIA DEL CONDUCTOR);EBRIEDAD DEL CONDUCTOR;CONDUCTOR CON RESULTADO POSITIVO EN DOSAJE ETILICO
A-2023-04-1;01/04/2023;16:30;CHOQUE;SEGUIDO DE DESPISTE CON CONSECUENCIA FATAL Y DAÑOS MATERIALES.;1;0;KM 533 DE LA CARRETERA CONOCHA CATAC;GRIFO SAN MIGUEL;-9.80251258;-77.43088802901988;NUBLADO;NO IDENTIFICA LA CAUSA;;;NINGUNO
A-2023-04-10;08/04/2023;18:15;ATROPELLO;ATROPELLO FATAL;1;1;AV.LOS COLONIZADORES FRENTE AL MERCADO METROPOLITANO;FRENTE AL MERCADO METROPOLITANO;-16.3399346;-72.1962545;DESPEJADO;NO IDENTIFICA LA CAUSA;;;SIN OBSERVACIONES 
A-2023-04-100;29/04/2023;11:00;DESPISTE;DESPISTE CON CONSECUENCIA FATAL;1;0;PALTAYPATA CURAHUASI;SECTOR PALTAYPATA CURAHUASI;-13.74564755;-72.50447043933058;;;;;
A-2023-04-101;29/04/2023;21:30;CHOQUE;DESPISTE;1;0;KM 11 750;;-15.5554948;-70.0197021;DESPEJADO;INFRAESTRUCTURA Y ENTORNO VIAL;SUPERFICIE DETERIORADA;;NINGUNA 
A-2023-04-102;28/04/2023;23:40;CHOQUE;FATAL;1;0;KM 144 100;C.P LA QUINUA;-10.62695502;-76.17705339745523;DESPEJADO;IMPRUDENCIA DEL CONDUCTOR;INVASIÓN DE CARRIL;;
A-2023-04-103;16/04/2023;18:30;ATROPELLO;CHOQUE Y VOLCADURA;2;1;CARRETERA LA UNION - BERNAL;ALTURA DEL CNTRO POBLADO SAN CLEMENTE;-5.429324;-80.740293;DESPEJADO;IMPRUDENCIA DEL CONDUCTOR;CONDUCIR EN ESTADO DE EBRIEDAD Y/O DROGADICCIÓN;;NINGUNO
A-2023-04-104;02/04/2023;20:30;CHOQUE;DESPISTE, VOLCADURA Y CAÍDA;1;2;CARRETERA PENETRACIÓN AL VALLE DEL MONZÓN KM. 393;CASERÍO JORGE CHÁVEZ;-9.209372976;-76.14696421911982;DESPEJADO;IMPRUDENCIA DEL CONDUCTOR;CONDUCIR EN ESTADO DE EBRIEDAD Y/O DROGADICCIÓN;;SIN OBSERVACIONES
A-2023-04-105;22/04/2023;07:00;DESPISTE;VOLCADURA Y CAÍDA;1;0;CARRETERA TRANSVERSAL RUTA PE 18A KM. 105 300;CASERÍO HONOLULO;-9.454685795;-75.97475061094863;DESPEJADO;IMPRUDENCIA DEL CONDUCTOR;EXCESO DE VELOCIDAD;;SIN OBSERVACIONES
A-2023-04-106;26/04/2023;20:30;ATROPELLO;POR PROYECCION;1;0;CARRETERA PIURA - CATACAOS;ALTURA DEL LOCAL COMUNIDAD CAMPESINA DE CATACAOS;-5.271774;-80.673656;DESPEJADO;IMPRUDENCIA DEL CONDUCTOR;EXCESO DE VELOCIDAD;;NINGUNA
A-2023-04-107;24/04/2023;05:00;ATROPELLO FUGA;ATROPELLO Y FUGA ;1;0;CARRETERA CASTILLA CATACAOS ;ALTURA DE AQUALANDIA;-5.229633663;-80.63342540340778;DESPEJADO;NO IDENTIFICA LA CAUSA;;;
A-2023-04-108;03/04/2023;18:30;DESPISTE;DESPISTE Y VOLCADURA ;1;1;CARRETERA PIURA - CHULUCANAS ;KM 245 200;-5.167527;-80.530208;DESPEJADO;IMPRUDENCIA DEL CONDUCTOR;EXCESO DE VELOCIDAD;;
A-2023-04-109;09/04/2023;08:20;CHOQUE FUGA;;1;0;CARRETERA PIURA - LA LEGUA ;ALTURA DEL GRIFO PETRO PERU - COSCOMBA ;-5.166233;-80.52626;DESPEJADO;IMPRUDENCIA DEL CONDUCTOR;EXCESO DE VELOCIDAD;;
A-2023-04-11;09/04/2023;07:15;DESPISTE;DESPISTE, CHOQUE VOLCADURA CON SUB SECUENTE MUERTE;1;2;CARRETERA AREQUIPA - JULIACA KM.67;KM. 6 7 ;-16.217848;-71.658131;DESPEJADO;NO IDENTIFICA LA CAUSA;;;EN ESTE ACCIDENTE DE TRANSITO (DESPISTE) FALLECE EL CONCEBIDO DE LA OCUPANTE QUE SE ENCONTRABA CON 02 MESES DE GESTACION.
A-2023-04-110;24/04/2023;19:50;DESPISTE;DESPISTE Y VOLCADURA ;1;1;CARRETERA CASERIO LAUMACHE ;HUANCABAMBA ;-5.189273;-79.469869;DESPEJADO;IMPRUDENCIA DEL CONDUCTOR;EXCESO DE VELOCIDAD;;
A-2023-04-111;09/04/2023;01:10;CHOQUE;-;1;0;CARRETERA PANAMERICANA SUR KILOMETRO 211   500;-;-13.553249;-76.133279;;;;;
A-2023-04-112;10/04/2023;14:10;DESPISTE;CHOQUE;1;2;CARRETERA PANAMERICANA SUR ALTURA DEL KILOMETRO 202;-;-13.555856;-76.133447;DESPEJADO;IMPRUDENCIA DEL CONDUCTOR;FATIGA Y/O CANSANCIO;;
A-2023-04-113;09/04/2023;06:00;CHOQUE;;1;0;AV. EL OLIVAR FRONTIS DEL COLEGIO RAMIRO PRIALE;;-12.0150373;-77.093949617;DESPEJADO;IMPRUDENCIA DEL CONDUCTOR;CONDUCIR EN ESTADO DE EBRIEDAD Y/O DROGADICCIÓN;;SIN OBSERVACIONES
A-2023-04-114;25/04/2023;06:30;DESPISTE;CHOQUE Y VOLCADURA;1;3;CARRETERA PANAMERICANA SUR ALTURA DEL KILOMETRO 182;700;-13.383238;-76.204166;DESPEJADO;NO IDENTIFICA LA CAUSA;;;INVESTIGACIÓN A CARGO DE LA FISCALIA 
A-2023-04-117;02/04/2023;01:15;DESPISTE;CON CONSECUENCIA FATAL;1;5;CARRETERA CENTRAL LA OROYA- PASCO KM. 12 800 - PACCHA ;;-11.4451985;-75.94448454958057;DESPEJADO;IMPRUDENCIA DEL CONDUCTOR;ADELANTAR INDEBIDAMENTE;;NINGUNO
A-2023-04-118;09/04/2023;01:20;DESPISTE;SEGUIDO DE VOLCADURA;1;0;CARRETERA CANTA - HUALLAY;;-11.21698404;-76.4387511682559;DESPEJADO;IMPRUDENCIA DEL CONDUCTOR;OTRO (IMPRUDENCIA DEL CONDUCTOR);;NINGUNO
A-2023-04-12;16/04/2023;19:00;CHOQUE;CONSECUENCIA FATAL;2;0;CARRETERA YUNGUYO-COPANI;13 800 SECTOR HUAYLLANI;-16.360859;-69.0427793;DESPEJADO;INFRAESTRUCTURA Y ENTORNO VIAL;OTRO (INFRAESTRUCTURA Y ENTORNO VIAL);LA EXISTENCIA DE PIEDRAS DE GRAN TAMAÑO, ASI COMO TIERRA QUE OBSTACULIZA TODO EL EJE DE LA MARCHA;
A-2023-04-120;19/04/2023;22:50;ATROPELLO FUGA;EL PEATÓN INTENTA CRUZAR LA CALZADA ESTE DE LA CARRETERA PANAMERICANA NORTE, ALTURA DEL KM.  148.600, EN SENTIDO DE OESTE A ESTE, AL POSESIONARSE SOBRE EL CARRIL DERECHO, ES IMPACTADO POR UN VEHÍCULO QUE SE DA A LA FUGA;1;0;CARRETERA PANAMERICANA NORTE KM. 148.600;BYPASS DEL CENTRO POBLADO FUJIMORI;-11.11282618;-77.59239609576456;DESPEJADO;IMPRUDENCIA DEL PEATÓN;ESTADO DE EBRIEDAD Y/O DROGADICCIÓN;;NINGUNA
A-2023-04-121;28/04/2023;09:10;ATROPELLO;FATAL;1;0;VIA METROPOLITANO ;ALTURA DE LA ESTACIÓN ESTADIO UNIÓN;-12.15348967;-77.01962601;DESPEJADO;IMPRUDENCIA DEL CONDUCTOR;OTRO (IMPRUDENCIA DEL CONDUCTOR);DETERMINANTE;
A-2023-04-122;29/04/2023;16:15;DESPISTE;;1;0;AV. PASEO DE LA REPUBLICA CON AV. DOMINGO ORUE;;-12.10873273;-77.02668939;DESPEJADO;EN PROCESO DE INVESTIGACIÓN;NO CUENTA CON CAUSA ESPECIFICA;;
A-2023-04-123;30/04/2023;15:30;DESPISTE;;2;1;AUTOPISTA RAMIRO PRIALE KM. 01;;-12.030709;-76.983637;DESPEJADO;NEGLIGENCIA DEL CONDUCTOR;OTRO (NEGLIGENCIA DEL CONDUCTOR);DETERMINANTE NEGLIGENCIA DEL CONDUCTOR;
A-2023-04-124;11/04/2023;09:00;ATROPELLO;;1;1;AV. BERTELLO CRUCE CON CALLE B;;-12.0165152;-77.105584617;DESPEJADO;EN PROCESO DE INVESTIGACIÓN;NO CUENTA CON CAUSA ESPECIFICA;;
A-2023-04-125;30/04/2023;11:30;CHOQUE;POR EMBISTE EXCENTRICO;1;9;INTERSECCION DE LA AV. MICAELA BASTIDAS  CON AV. JOSE OLAYA;;-12.22638233;-76.9354564;DESPEJADO;IMPRUDENCIA DEL CONDUCTOR;EXCESO DE VELOCIDAD;;
A-2023-04-126;30/04/2023;05:00;ATROPELLO;FATAL;1;0;AV. UNIVERSITARIA CONAV. MADRE SELVA;;-11.89864717;-77.03846028;DESPEJADO;EN PROCESO DE INVESTIGACIÓN;NO CUENTA CON CAUSA ESPECIFICA;;
A-2023-04-127;29/04/2023;13:45;CHOQUE;ATROPELLO;2;0;AV. MANUEL PRADO CDRA. 01 ALTRA. AV. TUPAC KM. 20;;-11.87353797;-77.01561197;DESPEJADO;EN PROCESO DE INVESTIGACIÓN;NO CUENTA CON CAUSA ESPECIFICA;;
A-2023-04-128;29/04/2023;13:00;VOLCADURA;CAIDA;1;0;CARRETERA PANAMERICANA SUR ALTRA. DEL KM. 23.009;;-12.242372;-76.944312;DESPEJADO;EN PROCESO DE INVESTIGACIÓN;NO CUENTA CON CAUSA ESPECIFICA;;
A-2023-04-129;27/04/2023;18:50;ATROPELLO;FATAL;1;0;INTERSECCIÓN  DE AV SANTA ROSA Y AV LOS JARDINES ESTE ;;-12.00268844;-76.99903106;DESPEJADO;IMPRUDENCIA DEL CONDUCTOR;OTRO (IMPRUDENCIA DEL CONDUCTOR);CONTRIBUTIVA IMPRUDENCIA DEL PEATÓN;
A-2023-04-13;01/04/2023;16:30;CHOQUE;POR EMBISTE;1;0;AV. JOSE MATIAS MANZANILLA;(REF. FRONTIS DE LA I.E. SAN LUISITO);-14.0663842;-75.735408;DESPEJADO;NO IDENTIFICA LA CAUSA;;;
A-2023-04-131;27/04/2023;06:23;ATROPELLO FUGA;FATAL;1;0;AV. QUINTA Y CALLE LAS MORENAS ;;-12.00777096;-76.92043616;DESPEJADO;EN PROCESO DE INVESTIGACIÓN;NO CUENTA CON CAUSA ESPECIFICA;;
A-2023-04-132;27/04/2023;10:31;ATROPELLO FUGA;FATAL;1;0;VIA EVITAMIENTO KM 2.;;-12.075539;-76.974923;DESPEJADO;EN PROCESO DE INVESTIGACIÓN;NO CUENTA CON CAUSA ESPECIFICA;;
A-2023-04-133;24/04/2023;16:30;CAÍDA DE PASAJERO;;1;0;CENTRO POBLADO SANTA ROSA SECTOR PAMPAPACTA SIN NUMERO;;-12.30346628;-76.7806483;DESPEJADO;IMPRUDENCIA DEL CONDUCTOR;OTRO (IMPRUDENCIA DEL CONDUCTOR);CONTRIBUTIVA SEÑALA NEGLIGENCIA DEL PEATÓN;
A-2023-04-134;25/04/2023;15:20;CHOQUE;ATROPELLO Y DESPISTE FATAL;1;0;AV.ANDRES AVELINO CACERES ALT. UCV 217 B LT02; FRONTIS COLEGIO JEAN PIAGET;-12.02083116;-76.81139937;DESPEJADO;IMPRUDENCIA DEL CONDUCTOR;OTRO (IMPRUDENCIA DEL CONDUCTOR);CONTRIBUTIVA IMPRUDENCIA DEL CONDUCTOR;
A-2023-04-135;24/04/2023;13:20;ATROPELLO;FATAL;1;0;AV. RUISEÑORES CDRA 2;;-12.05344617;-76.96525251;DESPEJADO;IMPRUDENCIA DEL CONDUCTOR;OTRO (IMPRUDENCIA DEL CONDUCTOR);CONTRIBUTIVA IMPRUDENCIA DEL PEATÓN;
A-2023-04-136;24/04/2023;04:30;CHOQUE;DESPISTE Y VOLCADURA;1;0;CARRETERA CENTRAL KM 14;;-12.008281;-76.860416;DESPEJADO;IMPRUDENCIA DEL CONDUCTOR;OTRO (IMPRUDENCIA DEL CONDUCTOR);SIN CONTRIBUTIVA;
A-2023-04-137;24/04/2023;09:30;DESPISTE;ATROPELLO;1;0;AV. LIMA CDRA 18 ;;-12.03035888;-77.06053602;DESPEJADO;IMPRUDENCIA DEL CONDUCTOR;OTRO (IMPRUDENCIA DEL CONDUCTOR);CONTRIBUTIVA IMPRUDENCIA DEL CONDUCTOR;
A-2023-04-138;23/04/2023;14:10;ATROPELLO;FATAL;1;0;AV. SALVADOR ALLENDE INSTERSECCIÓN CON AV MARIA PARADO DE BELLIDO;INTERSECCIÓN;-12.17091248;-76.946248;DESPEJADO;IMPRUDENCIA DEL CONDUCTOR;OTRO (IMPRUDENCIA DEL CONDUCTOR);CONTRIBUTIVA: IMPRUDENCIA DEL PEATÓN CRUCE INDEBIDO POR LA CALZADA;
A-2023-04-139;01/04/2023;22:20;ATROPELLO;;1;0;CARRETERA PANAMERICANA SUR KM. 32.000;;-12.285617;-76.874719;DESPEJADO;IMPRUDENCIA DEL PEATÓN;CRUCE INDEBIDO POR LA CALZADA;;NINGUNA
A-2023-04-14;06/04/2023;09:10;CHOQUE;-;1;0;INTERSECCION DE LA AV. TUPAC AMARU Y AV. AYABACA;(REF. SEMAFORO DEL CRUCE);-14.0712808;-75.7354201;SOLEADO;NO IDENTIFICA LA CAUSA;;;
A-2023-04-140;01/04/2023;20:50;ATROPELLO FUGA;;1;1;AV. INTIHUATANA CDRA 2;;-12.11359855;-76.99475546746805;DESPEJADO;EN PROCESO DE INVESTIGACIÓN;NO CUENTA CON CAUSA ESPECIFICA;;NINGUNA
A-2023-04-141;02/04/2023;11:45;ATROPELLO;;1;0;AV. TUPAC AMARU CDRA. 10;;-11.95728724;-77.05289503640583;DESPEJADO;NO IDENTIFICA LA CAUSA;;;NINGUNA
A-2023-04-142;02/04/2023;04:00;ATROPELLO FUGA;;1;0;CARRETERA PANAMERICANA SUR KM. 38.000;;-12.3166743;-76.83106026157697;DESPEJADO;EN PROCESO DE INVESTIGACIÓN;NO CUENTA CON CAUSA ESPECIFICA;;NINGUNA
A-2023-04-143;07/04/2023;02:30;ATROPELLO FUGA;;1;0;CARRETERA PANAMERICANA SUR KM. 36.000;;-12.30289025;-76.84266349381855;DESPEJADO;IMPRUDENCIA DEL PEATÓN;OTRO (IMPRUDENCIA DEL PEATÓN);;NINGUNA
A-2023-04-144;06/04/2023;18:00;ATROPELLO FUGA;;1;0;AV. LOS ALISOS CDRA. 20;;-11.98188834;-77.09332269;DESPEJADO;NO IDENTIFICA LA CAUSA;;;NINGUNA
A-2023-04-145;02/04/2023;07:30;CHOQUE FUGA;;1;0;AUTOPISTA RAMIRO PRIALE KM. 7.000;;-12.021318;-76.930528;DESPEJADO;IMPRUDENCIA DEL CONDUCTOR;NO ESTABLECER EL DERECHO DE PASO;;NINGUNA
A-2023-04-146;23/04/2023;12:20;ATROPELLO;DESPISTE, VOLCADURA Y CAÍDA;1;0;AV. PROCERES DE LA INDEPENDENCIA ALT.CDRA 12;;-12.01432112;-77.00172697;DESPEJADO;IMPRUDENCIA DEL CONDUCTOR;EXCESO DE VELOCIDAD;;INDICA IMPRUDENCIA DEL PEATÓN EXCESO DE VELOCIDAD
A-2023-04-147;03/04/2023;06:50;CHOQUE;;1;0;CIRCUITO DE PLAYA COSTA VERDE;ALTURA BAJADA SUCRE;-12.09769008;-77.07298478904971;DESPEJADO;IMPRUDENCIA DEL CONDUCTOR;CONDUCIR EN ESTADO DE EBRIEDAD Y/O DROGADICCIÓN;;NINGUNA
A-2023-04-148;22/04/2023;09:40;ATROPELLO FUGA;FATAL;1;0;AV. PEDRO RUIZ GALLO C-24;;-12.01599061;-76.89060504;DESPEJADO;IMPRUDENCIA DEL CONDUCTOR;OTRO (IMPRUDENCIA DEL CONDUCTOR);CONTRIBUTIVA IMPRUDENCIA DEL PEATÓN;
A-2023-04-149;22/04/2023;03:30;ATROPELLO FUGA;;1;0;AV. AVIACIÓN CDRA 01 ALT. INTERSECCIÓN CON GARCIA NARANJO;;-12.05920463;-77.01355817;DESPEJADO;EN PROCESO DE INVESTIGACIÓN;NO CUENTA CON CAUSA ESPECIFICA;;
A-2023-04-15;08/04/2023;16:30;CHOQUE;-;1;1;CARRETERA PANAMERICANA SUR KM. 340 SANTIAGO;-;-14.3741487;-75.6221788;DESPEJADO;NO IDENTIFICA LA CAUSA;;;
A-2023-04-150;16/04/2023;04:40;ATROPELLO;POR COMPRESIÓN;1;0;AV. FLORAL CUADRA 07;;-12.06694023;-76.99849473;DESPEJADO;NO IDENTIFICA LA CAUSA;;;DILIGENCIA EN LA FISCALIA
A-2023-04-151;07/04/2023;04:50;DESPISTE;VOLCADURA;1;1;VIA DE EVITAMIENTO KM. 3.956;ALTURA PUENTE PEATONAL PERU JAPON;-12.02995791;-76.99432096385232;DESPEJADO;IMPRUDENCIA DEL CONDUCTOR;OTRO (IMPRUDENCIA DEL CONDUCTOR);;NINGUNA
A-2023-04-152;08/04/2023;06:50;ATROPELLO;DESPISTE;1;0;CARRETERA PANAMERICANA NORTE KM. 46.600;ALTURA PARADERO VIPUSA;-11.75884746;-77.15368618;DESPEJADO;IMPRUDENCIA DEL CONDUCTOR;OTRO (IMPRUDENCIA DEL CONDUCTOR);;NINGUNA
A-2023-04-153;08/04/2023;10:40;ATROPELLO;;1;0;CARRETERA PANAMERICANA SUR KM. 18.000;;-12.214472;-76.976484;DESPEJADO;IMPRUDENCIA DEL PEATÓN;OTRO (IMPRUDENCIA DEL PEATÓN);;NINGUNA
A-2023-04-154;08/04/2023;23:00;DESPISTE;;1;0;AV. TOMAS MARSANO CDRA. 50;;-12.14763391;-76.98657473392949;DESPEJADO;IMPRUDENCIA DEL CONDUCTOR;OTRO (IMPRUDENCIA DEL CONDUCTOR);;NINGUNA
A-2023-04-155;09/04/2023;17:20;ATROPELLO;COMÚN;1;0;INTERSECCIÓN DE CARRETERA CENTRAL KM 12 CON AV NN1;;-12.01301814;-76.88077749;DESPEJADO;NO IDENTIFICA LA CAUSA;;;DILIGENCIA EN FISCALIA
A-2023-04-156;11/04/2023;18:15;CHOQUE;CHOQUE POR EMBISTE;1;0;AV PACHACUTEC CDRA 54;;-12.19660856;-76.93395764;DESPEJADO;IMPRUDENCIA DEL CONDUCTOR;OTRO (IMPRUDENCIA DEL CONDUCTOR);CONTRIBUTIVA IMPRUDENCIA DEL CONDUCTOR DEL VEHÍCULO 1 TRIMOTO;
A-2023-04-157;14/04/2023;23:30;ATROPELLO;FATAL;1;0;A.V MIGUEL IGLESIAS REF ALT DE LA INTERSECCIÓN CON CALLE LOS NARDOS ;;-12.18767261;-76.95869849;DESPEJADO;IMPRUDENCIA DEL CONDUCTOR;OTRO (IMPRUDENCIA DEL CONDUCTOR);CONTRIBUTIVA SEÑALA IMPRUDENCIA DEL PEATÓN CRUCE INDEBIDO POR LA CALZADA;
A-2023-04-158;02/04/2023;17:25;ATROPELLO;;1;0;AV. LEONCIO PRADO INTERSECCION JR. HUALLAGA;;-12.08333249;-75.21245656218369;SOLEADO;IMPRUDENCIA DEL PEATÓN;CRUCE INDEBIDO POR LA CALZADA;;NINGUNA
A-2023-04-159;10/04/2023;07:30;CHOQUE;;3;14;CARRETERA CENTRAL HUANCAYO-JAUJA MARGEN DERECHA KM. 95 600;;-11.90257354;-75.36858249887199;DESPEJADO;IMPRUDENCIA DEL CONDUCTOR;CONDUCIR EN SENTIDO CONTRARIO;;NINGUNA
A-2023-04-16;09/04/2023;17:10;DESPISTE;SEGUIDO DE VOLCADURA;2;5;CARRETERA DE ACCESO A AYAVI;SECTOR LA BANDA;-13.9046784;-75.6667099;DESPEJADO;IMPRUDENCIA DEL CONDUCTOR;CONDUCIR EN ESTADO DE EBRIEDAD Y/O DROGADICCIÓN;;
A-2023-04-160;11/04/2023;02:30;CHOQUE;;1;1;CARRETERA CENTRAL LA OROYA - CERRO DE PASCO KM. 28 950;;-11.358069;-75.887458;DESPEJADO;IMPRUDENCIA DEL CONDUCTOR;INVASIÓN DE CARRIL;;NINGUNA
A-2023-04-161;19/04/2023;18:30;ATROPELLO FUGA;;1;1;AV. LOS HEROES CDRA 11;FRONTIS DEL ESTABLECIMIENTO VILLANES CHICKEN;-12.0752316;-75.2516937;DESPEJADO;NO IDENTIFICA LA CAUSA;;;FALTA DE UNO DE LOS ELEMENTOS DE TRANSITO NO PERMITE DETERMINAR FEHACIENTEMENTE LAS CAUSAS
A-2023-04-162;25/04/2023;05:40;CHOQUE;SEGUIDO DE DESPISTE;2;0;CARRETERA CENTRAL HUANCAYO - JAUJA MARGEN IZQUIERDA KM. 22 - CONCEPCION;;-11.90861517;-75.32981326321523;DESPEJADO;IMPRUDENCIA DEL CONDUCTOR;OTRO (IMPRUDENCIA DEL CONDUCTOR);CIRCULAR POR LA VIA POR USO Y COSTUMBRE SIN ADVERTIR SU PRESENCIA A LOS USUARIOS;NINGUNA
A-2023-04-163;28/04/2023;17:20;CHOQUE;;1;0;AV. PANAMERICANA SUR CDRA. 10;;-12.116567;-75.216672;DESPEJADO;IMPRUDENCIA DEL CONDUCTOR;OTRO (IMPRUDENCIA DEL CONDUCTOR);NO RESPETAR LA SEÑAL RESTRICTIVA E INGRESAR A UNA VIA PRINCIPAL;NINGUNO