COD_ACCIDE;FechaDelAccidente;HoraDelAccidente;ClaseDelAccidente;SecuenciaAccidente;CantidadDeFallecidos;CantidadDeLesionados;Direccion;LugarReferencia;y;x;CondClimatica;CausaFactorPrincipal;CausaEspecifica;OtraCausa;Observaciones
A-2023-04-164;25/04/2023;18:00;CHOQUE FUGA;CHOQUE Y FUGA;1;0;CARRETERA COSTANERA SUR KM 11;JURISDICCIÓN DE LA COM. PNP A. B. LEGUIA;-18.08813615;-70.32679608840952;DESPEJADO;NO IDENTIFICA LA CAUSA;;;
A-2023-04-165;02/04/2023;09:00;CHOQUE;VOLCADURA Y CAIDA;1;1;LUGAR DENOMINADO QUICHCAPATA;TRES CRUCES;-13.54134153;-74.2121665723896;DESPEJADO;IMPRUDENCIA DEL CONDUCTOR;INVASIÓN DE CARRIL;;VIA CON HUNDIMIENTO
A-2023-04-166;05/04/2023;00:20;CHOQUE;VOLCADURA;1;1;CARRETERA AYACUCHO ANDAHUAYLAS;CURVA WARPA PICCHU;-13.1870753;-74.2081645;DESPEJADO;IMPRUDENCIA DEL CONDUCTOR;CONDUCIR EN ESTADO DE EBRIEDAD Y/O DROGADICCIÓN;;CONDUCTOR DE TRIMOTO DE PASAJEROS EN ESTADO DE EBRIEDAD
A-2023-04-167;06/04/2023;10:30;DESPISTE;VOLCADURA;4;42;HUACCRACCA;ANDAMARCA;-14.4130935;-73.9490277;DESPEJADO;IMPRUDENCIA DEL CONDUCTOR;INVASIÓN DE CARRIL;;VIA CON ASFALTO SECO EN MAL ESTADO
A-2023-04-168;30/04/2023;21:10;ATROPELLO;MUERTE;1;0;CARRETERA QUINUA TAMBO;;-13.03920149;-74.1338174603751;DESPEJADO;IMPRUDENCIA DEL PEATÓN;ESTADO DE EBRIEDAD Y/O DROGADICCIÓN;;CONDUCTOR SOBRIO
A-2023-04-169;23/04/2023;01:00;DESPISTE;VOLCADURA;1;0;CARRETERA IGUAIN - HUAMANGUILLA;LUGAR DENOMINADO PUENTE HUALLUNCCA;-12.990998;-74.211978;DESPEJADO;IMPRUDENCIA DEL CONDUCTOR;CONDUCIR EN ESTADO DE EBRIEDAD Y/O DROGADICCIÓN;;CONDUCTOR EN ESTADO DE EBRIEDAD
A-2023-04-17;11/04/2023;19:30;ATROPELLO FUGA;-;1;0;CARRETERA PANAMERICANA SUR KM. 215 500;-;-13.6645926;-76.1721012;DESPEJADO;NO IDENTIFICA LA CAUSA;;;
A-2023-04-170;12/04/2023;13:00;DESPISTE;VOLCADURA CON CAIDA FUGA;1;0;INTERSECCION  CALLE 36 CON CALLE 37 HUERTOS DE MANCHAY;;-12.10407387;-76.87515432;DESPEJADO;IMPRUDENCIA DEL CONDUCTOR;OTRO (IMPRUDENCIA DEL CONDUCTOR);;NINGUNA
A-2023-04-171;12/04/2023;00:00;ATROPELLO;;1;0;AV. GRAU CON AV. AVIACION;;-12.05666629;-77.01475186;DESPEJADO;IMPRUDENCIA DEL CONDUCTOR;OTRO (IMPRUDENCIA DEL CONDUCTOR);;NINGUNA
A-2023-04-172;05/04/2023;05:30;ESPECIAL;DESASTRE NATURAL ;1;1;KM. 50 DE LA CARRETERA DE PENETRACIÓN CIUDAD DE DIOS - CAJAMARCA (ALTURA DE LA QUEBRADA HONDA - C.P TEMBLADERA);;-7.251452;-79.127976;LLUVIOSO;INFRAESTRUCTURA Y ENTORNO VIAL;FACTOR AMBIENTAL;;
A-2023-04-173;05/04/2023;06:00;ESPECIAL;DESASTRE NATURAL;2;1;KM. 44 DE LA CARRETERA DE PENETRACIÓN CIUDAD DE DIOS - CAJAMARCA. CASERIO LA HUACA;;-7.221245;-79.160288;LLUVIOSO;INFRAESTRUCTURA Y ENTORNO VIAL;FACTOR AMBIENTAL;;
A-2023-04-174;18/04/2023;15:45;CHOQUE;LATERAL;1;0;KM. 1262 000 DE LA CARRETERA DE PENETRACION CAJAMARCA - SAN MARCOS.;;-7.204042;-78.433789;DESPEJADO;IMPRUDENCIA DEL CONDUCTOR;CONDUCIR EN ESTADO DE EBRIEDAD Y/O DROGADICCIÓN;;
A-2023-04-175;22/04/2023;20:30;DESPISTE;SUBSECUENTE CHOQE;1;0;KM. 1267 254 CARRETERA CAJAMARCA - SAN MARCOS UE;;-7.185273782;-78.4771390743091;DESPEJADO;IMPRUDENCIA DEL CONDUCTOR;CONDUCIR EN ESTADO DE EBRIEDAD Y/O DROGADICCIÓN;;
A-2023-04-176;29/04/2023;00:35;DESPISTE;SUBSECUENTE VOLCADURA;1;0;CARRETERA CHOTA - CAJAMARCA;;-6.543833;-78.681006;DESPEJADO;IMPRUDENCIA DEL CONDUCTOR;CONDUCIR EN ESTADO DE EBRIEDAD Y/O DROGADICCIÓN;;
A-2023-04-177;26/04/2023;16:20;CHOQUE;CHOQUE Y VOLCADURA EN TONEL;1;0;CARRETERA LA YARADA  5 Y 6 LOS PALOS KM 02;;-18.164697;-70.437519;DESPEJADO;IMPRUDENCIA DEL CONDUCTOR;EXCESO DE VELOCIDAD;;SIN OBSERVACIONES
A-2023-04-178;28/04/2023;15:20;DESPISTE;DESPISTE Y VOLCADURA;1;0;AV. SIN NOMBRE;FRONTIS AAPITAC ZONA C MZ. A LT. 03;-17.98638059;-70.22298926342252;DESPEJADO;IMPRUDENCIA DEL CONDUCTOR;CONDUCIR EN ESTADO DE EBRIEDAD Y/O DROGADICCIÓN;;SIN OBSERVACIONES
A-2023-04-179;02/04/2023;08:20;DESPISTE;DESPISTE;6;0;CARRETERA MARGINAL SECTOR TUNEL LOS MELLIZOS;CARRETERA MARGINAL SECTOR TUNEL LOS MELLIZOS;-10.9937446;-75.31295830401066;;;;;
A-2023-04-18;14/04/2023;09:35;CHOQUE;FRONTAL;1;0;CARRETERA PANAMERICANA SUR KM. 451.500;-;-14.8494452;-74.9523298;DESPEJADO;NO IDENTIFICA LA CAUSA;;;
A-2023-04-180;02/04/2023;22:40;ATROPELLO FUGA;ATROPELLO Y FUGA ;1;0;CARRETRA MARGINAL AL FRENTE DEL RECREO BURGOS;CARRETRA MARGINAL AL FRENTE DEL RECREO BURGOS;-11.12464851;-75.35769246705271;;;;;
A-2023-04-181;11/04/2023;04:30;CHOQUE;CHOQUE ;1;1;CARRETRA CENTRAL. ALTURA DEL KM 101 SECTOR CHUNCHUYACU;CARRETRA CENTRAL, ALTURA DEL KM 101 SECTOR CHUNCHUYACU;-11.08617944;-75.3296147699993;;;;;
A-2023-04-182;11/04/2023;02:00;CHOQUE;VOLCADURA Y CAIDA;1;2;CARRETERA MARGINAL KM. 120   100 - SATIPO;CARRETERA MARGINAL KM. 120   100 - SATIPO;-11.21739973;-74.60862085617151;;;;;
A-2023-04-183;22/04/2023;16:02;CHOQUE;CHOQUE;1;1;TROCHA CARROZABLE VALLE EL SOMBRERO;TROCHA CARROZABLE VALLE EL SOMBRERO;-11.21202724;-74.6576407602702;;;;;
A-2023-04-184;22/04/2023;22:30;ATROPELLO;ATROPELLO;1;0;CARRETERA MARGINAL KM 127 SATIPO MAZAMARI;CARRETERA MARGINAL KM 127 SATIPO MAZAMARI;-11.24492887;-74.58249600550744;;;;;
A-2023-04-185;12/04/2023;13:00;VOLCADURA;CHOQUE;1;0;CALLE 36 CON CALLE 37;HUERTOS DE MANCHAY;-12.10407896;-76.87514312224006;NUBLADO;IMPRUDENCIA DEL CONDUCTOR;EXCESO DE VELOCIDAD;;NINGUNA
A-2023-04-186;12/04/2023;00:00;ATROPELLO;;1;0;AV. GRAU CON AV. AVIACIÓN;;-12.05664357;-77.01460436388665;DESPEJADO;IMPRUDENCIA DEL PEATÓN;DESACATO DE SEÑAL DE TRÁNSITO;;NINGUNA
A-2023-04-19;16/04/2023;02:30;CHOQUE;POR ALCANCE;1;0;CARRETERA PANAMERICANA SUR KM. 329;REF. LA VENTA BAJA ;-14.287122;-75.680386;DESPEJADO;NO IDENTIFICA LA CAUSA;;;
A-2023-04-2;03/04/2023;02:50;CHOQUE;VOLCADURA Y FUGA;1;0;CARRETERA PANAMERICANA SUR ILAVE-JULI ;KM. 1429 50;-16.17372896;-69.53539959576443;DESPEJADO;IMPRUDENCIA DEL CONDUCTOR;EXCESO DE VELOCIDAD;;
A-2023-04-20;16/04/2023;11:30;CHOQUE;POR EMBISTE ;1;0;CARRETERA PANAMERICANA SUR KM. ;FRENTE A LA ENTRADA DE SAN MARCELO;-14.830576;-74.943533;DESPEJADO;NO IDENTIFICA LA CAUSA;;;
A-2023-04-21;05/04/2023;19:40;CHOQUE;;1;0;AV.ARGENTINA ALTURA CDRA.3410;FRONTIS DE LA EMPRESA INKAFERRO;-12.0495024;-77.111637117;DESPEJADO;IMPRUDENCIA DEL CONDUCTOR;INVASIÓN DE CARRIL;;
A-2023-04-22;16/04/2023;16:30;DESPISTE;Y VOLCADURA;1;0;CARRETERA PUNO-MOQUEGUA;KM. 56 930;-16.15572669;-70.07052965333484;DESPEJADO;IMPRUDENCIA DEL CONDUCTOR;CONDUCIR EN ESTADO DE EBRIEDAD Y/O DROGADICCIÓN;;
A-2023-04-23;19/04/2023;20:20;DESPISTE;VOLCADURA;1;0;CARRETERA PUNO-CAPACHICA;KM 34;-15.601981;-69.850646;DESPEJADO;IMPRUDENCIA DEL CONDUCTOR;EXCESO DE VELOCIDAD;;
A-2023-04-24;18/04/2023;19:00;CHOQUE;-;1;1;CENTRO POBLADO BERNALES;VIA DE ACCESO HACIA C.P BERNALES;-13.736401;-75.970388;DESPEJADO;NO IDENTIFICA LA CAUSA;;;
A-2023-04-25;05/04/2023;06:00;DESPISTE;VOLCADURA;4;0;CARRETERA IZCUCHCA - HUANCAVELICA;ANEXO ESCALERA KM 20 100;-12.5918229;-74.9362092;SOLEADO;NO IDENTIFICA LA CAUSA;;;FALTA DE DILIGENCIAS
A-2023-04-26;18/04/2023;15:30;CHOQUE;-;1;0;CARRETERA FERNANDO BELAUNDE TERRY KM 482 200;-;-6.039307;-77.063784;DESPEJADO;IMPRUDENCIA DEL CONDUCTOR;OTRO (IMPRUDENCIA DEL CONDUCTOR);;
A-2023-04-27;05/04/2023;21:00;DESPISTE;ATROPELLO Y CHOQUE;1;1;AV. SESQUICENTENARIO;PARQUE LA FAMILIA;-13.658174;-73.430306;DESPEJADO;NO IDENTIFICA LA CAUSA;;PAF;POR PRESENTAR EL CONDUCTOR PAF, LA DEPINCRI ANDAHUAYLAS VIENE REALIZANDO LA INVESTIGACIÓN.
A-2023-04-28;16/04/2023;10:30;DESPISTE;VOLCADURA;1;0;SECTOR POCCONTOY - TALAVERA;KM. 8 850;-13.56412;-73.4526;DESPEJADO;IMPERICIA DEL CONDUCTOR;;;
A-2023-04-29;09/04/2023;14:00;ATROPELLO;SEGUIDO DE VOLCADURA CON CONSECUENCIA FATAL Y DAÑOS MATERIALES;1;0;CARRETERA MARCARA VICOS;TUYU BAJO;-9.323330933;-77.60739761615976;NUBLADO;NO IDENTIFICA LA CAUSA;;;NINGUNA
A-2023-04-3;05/04/2023;15:30;ATROPELLO FUGA;CONSECUENCIA FATAL;1;0;CARRETERA CHACA CHACA-POMATA;C.P. BUENA VISTA;-16.27672349;-69.28878528233996;SOLEADO;IMPRUDENCIA DEL CONDUCTOR;EXCESO DE VELOCIDAD;;FALTA DE UN ELEMENTO ( VEHICULO)
A-2023-04-30;09/04/2023;19:30;CHOQUE;CHOQUE MULTIPLE;1;2;CARRETERA PANAMERICANA SUR KM.972;KM.972;-16.521519;-71.793228;DESPEJADO;NO IDENTIFICA LA CAUSA;;;SIN OBSERVACIONES 
A-2023-04-31;15/04/2023;02:30;CHOQUE;CHOQUE;1;1;VIA DE EVITAMIENTO KM.6.5;KM.6.5;-16.3537393;-71.5802957;DESPEJADO;NO IDENTIFICA LA CAUSA;;;SIN OBSERVACIONES 
A-2023-04-32;14/04/2023;19:30;ATROPELLO;ATROPELLO FATAL;1;1;CARRETERA AREQUIPA - JULIACA KM.48.800;KM.48.800;-16.3072;-71.61498;DESPEJADO;NO IDENTIFICA LA CAUSA;;;SIN OBSERVACIONES 
A-2023-04-33;22/04/2023;19:45;ATROPELLO;-;1;0;CARRETERA FERNANDO BELAUNDE TERRY KM 453 53;-;-5.972135;-77.29197;DESPEJADO;NO IDENTIFICA LA CAUSA;;;SE INVESTIGA
A-2023-04-34;15/04/2023;18:30;ATROPELLO;ATROPELLO FATAL;1;0;CALLE MORRO DE ARICA;SANTA ANA - MIGUEL GRAU;-16.40986;-71.4927;DESPEJADO;NO IDENTIFICA LA CAUSA;;;SIN OBSERVACIONES 
A-2023-04-35;22/04/2023;16:20;CHOQUE;-;1;0;SECTOR CABEZA DE TORO;-;-13.59969928;-76.0286061941519;DESPEJADO;NO IDENTIFICA LA CAUSA;;;
A-2023-04-36;24/04/2023;07:45;DESPISTE;-;1;0;CARRETERA VIA LOS LIBERTADORES KM. 136 200;-;-13.572986;-75.248862;DESPEJADO;NO IDENTIFICA LA CAUSA;;;
A-2023-04-37;25/04/2023;14:30;DESPISTE;VOLCADURA;1;0;CARRETERA PANAMERICANA SUR KM. 403;LLIPATA;-14.55633;-75.200388;DESPEJADO;NO IDENTIFICA LA CAUSA;;;SE ENCUENTRA EN NVESTIGACION 
A-2023-04-38;22/04/2023;06:20;DESPISTE;Y VOLCADURA;2;0;CARRETERA ILAVE-MAZOCRUZ;DESVIO CORARACA;-16.1002051;-69.63772587873513;DESPEJADO;INFRAESTRUCTURA Y ENTORNO VIAL;OTRO (INFRAESTRUCTURA Y ENTORNO VIAL);PRESENCIA DE PIEDRAS EN LA VÍA QUE OBSTACULIZA BA EL EJE DE MARCHA DE LA UT-1;
A-2023-04-39;18/04/2023;17:25;ATROPELLO;ATROPELLO FATAL;1;0;VIA ALTERNA DE INGRESO A LA JOYA - PUBLO JOVEN EL TRIUNFO MZ-A LT-4 LA JOYA;PUEBLO JOVEN EL TRIUNFO;-16.492913;-71.842191;DESPEJADO;NO IDENTIFICA LA CAUSA;;;SIN OBSERVACIONES 
A-2023-04-4;08/04/2023;22:30;ATROPELLO;CONSECUENCIA FATAL;1;0;CARRETERA YUNGUYO-TINICACHI;COMUNIDAD LAJJE;-16.206632;-68.963393;DESPEJADO;IMPRUDENCIA DEL PEATÓN;OTRO (IMPRUDENCIA DEL PEATÓN);TRANSITAR POR LA CALZADA;
A-2023-04-40;20/04/2023;07:40;CHOQUE;CHOQUE, VOLCADURA FATAL;1;2;VIA PRINCIPAL DE INGRESO AL ASIENTO D-5 SEGUNDO RAMAL ALTURA D LAS PARCELAS 61 Y 62;PARCELAS 61 Y 62;-16.400155;-72.236347;DESPEJADO;NO IDENTIFICA LA CAUSA;;;SIN OBSERVACIONES 
A-2023-04-41;22/04/2023;15:00;CHOQUE;CHOQUE, DEPSISTE, VOLCADURA FATAL;1;4;CARRETERA PANAMERICANA SUR KM. 952;KM.952;-16.4635059;-71.9539885;DESPEJADO;NO IDENTIFICA LA CAUSA;;;SIN OBSERVACIONES 
A-2023-04-42;11/04/2023;01:00;CHOQUE;CON CONSECUENCIA FATAL Y DAÑOS MATERIALES.;1;0;CARRRETERA DE PENETRACION HUARI - SAN MARCOS;ALTURA DE SHEQUIP;-9.526543761;-77.16142239871235;LLUVIOSO;NO IDENTIFICA LA CAUSA;;;NINGUNA
A-2023-04-43;13/04/2023;00:30;DESPISTE;DESPISTE PARCIAL SEGUDO DE VOLCADURA EN TONEL DERECHO ;1;0;CALLE CAPITAB CENTENO ;BARRIO VICTOR RAUL HAYA DE LA TORRES;-14.794914;-71.414893;DESPEJADO;IMPRUDENCIA DEL CONDUCTOR;CONDUCIR EN ESTADO DE EBRIEDAD Y/O DROGADICCIÓN;;NINGUNO
A-2023-04-44;08/04/2023;21:30;ATROPELLO;ATROPELLO CON PROYECCION;1;0;LONGITUDINAL SIERRA SUR. TRAMO COMBAPATA - SICUANI ALTURA DEL KM. 1080 500 SECTOR JUNTUMA;COMUNIDAD JUNTUMA;-14.117321;-71.415777;DESPEJADO;IMPRUDENCIA DEL PEATÓN;ESTADO DE EBRIEDAD Y/O DROGADICCIÓN;;NINGUNO
A-2023-04-45;12/04/2023;11:30;CHOQUE CON OBJETO FIJO;EL VEHICULO IMPACTA CON EL BUZON DE DESAGUE ;1;0;AV SUMAR CUSCO;ALTURA DEL GRIFO INMACULADA CONCEPCION ;-12.91769;-71.399643;DESPEJADO;NO IDENTIFICA LA CAUSA;;;NINGUNO
A-2023-04-46;23/04/2023;04:30;CHOQUE;CHOQUE SEGUIDO DE VOLCADURA;1;1;CARRETERA CALCA - AMPARES. SECTOR PISTE;BARRIO PISTE;-13.3027636;-71.9460356;DESPEJADO;IMPRUDENCIA DEL CONDUCTOR;EXCESO DE VELOCIDAD;;NINGUNO
A-2023-04-47;07/04/2023;09:30;CHOQUE;CHOQUE SEGUIDO DE ARRASTRE;1;1;CARRETERA ESPINAR - AREQUIPA KM. 40 500. SECTOR TALACCASA - COM. OSCOLLO DIT. CONDOROMA-ESPINAR.;COMUNIDAD OSCOLLO;-15.429467;-71.070263;DESPEJADO;IMPRUDENCIA DEL CONDUCTOR;INVASIÓN DE CARRIL;;NINGUNO
A-2023-04-48;21/04/2023;14:30;CHOQUE;CHOQUE SEGUIDO DE VOLCADURA;1;0;TROCHA CARROZABLE   COMINUDAD CHECCA - ANASAYA- SECTOR   VENTANILLA   - YANA YANA;RIO  ANANSAYA CHECCA;-14.47453;-71.39203;DESPEJADO;IMPRUDENCIA DEL CONDUCTOR;EXCESO DE VELOCIDAD;;NINGUNA
A-2023-04-49;04/04/2023;19:20;ATROPELLO;ATROPELLO  SEGUIDO DE PROYECCION ;1;0;VIA LONGITUDINAL SIERRA SUR PUENTE LA OROYA  DESAGUADERO. TRAMO ABRA TICA TICA  URCOS. PARADERO  HUASAHUARA;PARADERO HUASAHUARA;-13.50731;-71.99928;LLUVIOSO;IMPRUDENCIA DEL CONDUCTOR;EXCESO DE VELOCIDAD;;NINGUNO
A-2023-04-5;09/04/2023;09:50;ATROPELLO;CONSECUENCIA FATAL;1;0;C.P. VILLURCUNI-OLLARAYA;SECTOR SANTA BARBARA;-16.24876536;-68.9778435942963;DESPEJADO;IMPRUDENCIA DEL PEATÓN;OTRO (IMPRUDENCIA DEL PEATÓN);NO SE ENCONTRABA EN EL COMPLETO USO DE SUS FACULTADES POR SER MENOR DE EDAD 4 AÑOS;
A-2023-04-50;25/04/2023;07:00;CHOQUE;CHOQUE SEGUIDO DE VOLCADURA ;1;1;CARRETERA COLQUEMARCA - SANTO TOMAS ALTURA KM. 30 920 SECTOR CHOLLCCO COMUNIDAD CURPIRI;KM. 30 920 CARRETERA EL COLQUEMARCA - SANTO TOMAS;-14.308751;-72.044617;DESPEJADO;IMPRUDENCIA DEL CONDUCTOR;INVASIÓN DE CARRIL;;NINGUNO
A-2023-04-51;11/04/2023;17:15;VOLCADURA;VOLCADURA TONEL DERECHO ;1;0;RED VIAL NACIONAL TRANSVERSAL (RAMAL) EL DESCANSO - SICUANI COM. HANANSAYA CCOLLANA SECTOR MAMACCANI;KM. 10 600 CARRETERA EL DESCANSO - SICUANI;-14.465613;-71.296353;DESPEJADO;IMPRUDENCIA DEL CONDUCTOR;OTRO (IMPRUDENCIA DEL CONDUCTOR);MANIOBRA TEMERARIA;NINGUNO
A-2023-04-52;12/04/2023;07:30;DESPISTE;VOLCADURA;1;1;CARRETERA DE PENETRACION RURAL MOLLECCASA - CHOCLOCOCHA;DISTRITO DE POMACOCHA - ACOBAMBA;-12.8527047;-74.5275284;DESPEJADO;NO IDENTIFICA LA CAUSA;;;FALTA DE DILIGENCIAS
A-2023-04-53;27/04/2023;18:10;DESPISTE;DESPISTE SEGUIDO CHOQUE Y ATROPELLO;1;0;RED VIAL REGIONAL DEPARTAMENTAL (CUSCO - PUENTE CHUQUICAHUANA). TRAMO CARRETERA AFIRMADA ACCHA - PILLPINTO ALTURA DEL KM. 105 700 SECTOR DENOMINADO QOMPON;KM. 105 700 INSTITUCION EDUCATIVA JOSE MARIA ARGUEDAS;-13.971529;-71.82597;DESPEJADO;IMPRUDENCIA DEL CONDUCTOR;CONDUCIR EN ESTADO DE EBRIEDAD Y/O DROGADICCIÓN;;NINGUNO
A-2023-04-54;29/04/2023;04:00;CHOQUE;CHOQUE SEGUIDO DE VOLCADURA ;1;0;VIA LONGITUDINAL SIERRA SUR LA OROYA DESAGUADERO. TRAMO ABRA TICA TICA URCOS ALTURA DEL SECTOR CHUSPIYOC COMUNIDAD HUAMPAR;SECTOR CHUSPIYOC;-13.503908;-72.019702;DESPEJADO;IMPRUDENCIA DEL CONDUCTOR;EXCESO DE VELOCIDAD;;NINGUNO
A-2023-04-55;23/04/2023;08:30;ATROPELLO;CON SUBCONSECUENTE MUERTE;1;0;CARRETERA PENETRACION HUAILLAY GRANDE - CALLAMARCA;LUGAR DENOMINADO CHUPACC;-12.929605;-74.683736;;;;;
A-2023-04-56;27/04/2023;07:30;DESPISTE;VOLCADURA;1;0;CARRETERA PILCHACA - TELLERIA;REF. SECCESCC PUQUIO KM 14;-12.398508;-75.099057;SOLEADO;NO IDENTIFICA LA CAUSA;;;FALTA DE DILIGENCIAS
A-2023-04-57;25/04/2023;15:30;ATROPELLO;-;1;0;CARRETERA FERNANDO BELAUNDE TERRY KM 430 250;-;-5.802748;-77.40234;DESPEJADO;IMPRUDENCIA DEL PEATÓN;OTRO (IMPRUDENCIA DEL PEATÓN);;
A-2023-04-58;29/04/2023;04:10;CHOQUE;-;1;0;CARRETERA FERNANDO BELAUNDE TERRY KM 453 700;-;-5.959961;-77.298212;DESPEJADO;IMPRUDENCIA DEL CONDUCTOR;OTRO (IMPRUDENCIA DEL CONDUCTOR);INVADIR  EL CARRIL CONTRARIO;
A-2023-04-59;08/04/2023;14:45;CHOQUE;CHOQUE SEGUIDO DE VOLCADURA DE LA MOTOCICLETA ;1;1;CARRETERA  TROCHA CARROZABLE   KITENI  - IVOCHOTE - ALTURA DEL  CENTRO POBLADO YOMENTONI     - MARGEN IZQUIERDA;COMUNIDAD  YOMENTONI;-12.563522;-73.091159;DESPEJADO;IMPRUDENCIA DEL CONDUCTOR;EXCESO DE VELOCIDAD;;NINGUNO
A-2023-04-6;07/03/2023;16:00;DESPISTE;VOLCADURA;1;0;CARRETERA DE CORDOVA- HUAYTARA KM 56 ;ALTURA DE LA CRUZ VERDE;-14.04027;-75.18409;DESPEJADO;NO IDENTIFICA LA CAUSA;;;NINGUNA
A-2023-04-60;17/04/2023;06:00;CHOQUE;CHOQUE SEGUIDO DE  VOLCADURA EN TONEL DERECHO DE LA MOTOCICLETA;1;0;VIA TRANSVERSAL UNTEROCEANICA SUR TRAMO.   ABRA CUYUNI OCONGATE - ABRA HUALLA HUALLA MARCAPATA . KM 80 150 COMUNIDAD MALLMA;COMUNIDAD MALLMA;-13.629155;-71.161994;DESPEJADO;IMPRUDENCIA DEL CONDUCTOR;INVASIÓN DE CARRIL;;NINGUNO
A-2023-04-61;29/04/2023;08:45;DESPISTE;VOLCADURA;4;0;KM 102 VÍA PENETRACIÓN CHINCHA - HUANCAVELICA;DISTRITO DE VILLA DE ARMA;-13.134932;-75.54407;DESPEJADO;NO IDENTIFICA LA CAUSA;;;FALTA DE DILIGENCIAS 
A-2023-04-62;21/04/2023;04:00;DESPISTE;SEGUIDO DE VOLCADURA CON CONSECUENCIA FATAL Y DAÑOS MATERIALES-;2;0;CENTRO POBLADO DE MARCA;;-9.142681694;-77.81247294587186;;;;;
A-2023-04-63;02/04/2023;21:50;ATROPELLO;EL VEHÍCULO CATG. L3, DE PLACA 1979-BB, SE DIRIGÍA EN SENTIDO DE SUR A NORTE, POR LA C.P.N, AL LLEGAR AL KM. 170.238, IMPACTA CON DOS PEATONES QUE CRUZABAN EN SENTIDO DE ESTE A OESTE POR LA CALZADA OESTE.;1;1;CARRETERA PANAMERICANA NORTE;KM. 170.238.00 - VEGUETA;-10.92414;-77.65299;DESPEJADO;IMPRUDENCIA DEL CONDUCTOR;EXCESO DE VELOCIDAD;;NINGUNA
A-2023-04-64;16/04/2023;06:30;DESPISTE;DESPISTE SEGUIDO DE VOLCADURA;1;13;TROCHA CARROZABLE ILLAPE - HUYRO KM-01;HUAYOPATA;-13.010741;-72.555737;DESPEJADO;NO IDENTIFICA LA CAUSA;;;NINGUNO
A-2023-04-65;04/04/2023;20:20;CHOQUE;EL VEHICULO CATG. N2, DE PLACA C7U--700, SE DESPLAZABA DE OESTE A ESTE, AL LLEGAR A LA ZONA DEL ACCIDENTE, INVADE EL CARRIL CONTRARIO, POR DONDE SE DESPLAZABA EL VEHÍCULO L3, DE PLACA 4950-CA, EN SENTIDO DE ESTE A OESTE, IMPACTANDO DE MANERA FRONTAL.;1;0;CARRETERA DE PENETRACIÓN EL PARAISO - 09 DE OCTUBRE - IRRIGACIÓN SANTA ROSA;KM. 12.460.50;-11.22448747;-77.40246346063294;DESPEJADO;IMPRUDENCIA DEL CONDUCTOR;INVASIÓN DE CARRIL;;NIINGUNA
A-2023-04-66;12/04/2023;16:43;CHOQUE;EL VEHÍCULO CATG. N3, DE PLACA A2V-890, SE DESPLAZABA EN SENTIDO DE OESTE A ESTE, AL LLEGAR A LA ZONA DEL ACCIDENTE, INVADE EL CARRIL CONTRARIO, IMPACTANDO FRONTALMENTE CON EL VEHICULO M1, DE PLACA ANX-329;1;6;CARRETERA DE PENETRACION HUAURA - SAYÁN - CHURIN;71.272.50;-11.06329458;-77.13831415892751;DESPEJADO;IMPRUDENCIA DEL CONDUCTOR;INVASIÓN DE CARRIL;;NINGUNA
A-2023-04-67;01/04/2023;18:00;CHOQUE FUGA;-;1;0;CARRETERA PANAMERICANA NORTE ALTURA DEL FRONTIS DEL GRIFO LOS PINOS;-;-8.432932;-78.771482;DESPEJADO;IMPRUDENCIA DEL CONDUCTOR;GIRAR IMPRUDENTEMENTE;;
A-2023-04-68;29/04/2023;17:30;ATROPELLO FUGA;EL VEHICULO PARTICPANTE SE RETIRO DEL LUGAR DESPUES DEL EVENTO;1;0;CARRETERA TROCHA CARROZABLE AYAVIRI-CHOQUEMARCA PARTE INTERMEDIA SECTOR DENOMINADO QUEUÑA MOCCO DEL DISTRITO DE LIMATAMBO;COMUNIDAD CAMPESINA DE AYAVIRI-CHOQUEMARCA, LIGAR DENOMINADO QUEUÑA MOCCO;-13.473426;-72.398721;DESPEJADO;NO IDENTIFICA LA CAUSA;;;SE PRESUME QUE EL CUERPO DEL PEATON FUE TRASLADADO DE SU POSICION FINAL HACIA UN ABISM
A-2023-04-69;15/04/2023;21:30;ATROPELLO FUGA;CON CONSECUENCIA FATAL;1;0;AV. LAS CASURIANAS;CARAZ;-9.05087235;-77.8106494327671;;;;;
A-2023-04-7;01/04/2023;19:20;ATROPELLO FUGA;ATROPELLO Y FUGA FATAL;1;0;VIA DE PENETRACION LOCALIDAD LA JOYA- LATERAL 1. PARCELA 143 SECTOR BUENA VSITA;ALTURA PARCELA 143;-16.4456089;-71.8256284;DESPEJADO;NO IDENTIFICA LA CAUSA;;;SIN OBSERVACIONES 
A-2023-04-70;22/04/2023;03:40;ATROPELLO FUGA;SEGUIDO DE CHOQUE CONTRA CASA;1;0;CARRETERA PANAMERICANA SUR KM. 263;-;-13.930998;-75.921602;DESPEJADO;NO IDENTIFICA LA CAUSA;;;
A-2023-04-71;24/04/2023;13:00;CHOQUE;CHOQUE POR ALCANCE, DESPISTE, CHQOUE FATAL;1;11;VARIANTE DE UCHUMAYO ;ALTURA DEL PUENTE FERNANDINI;-16.409559;-71.5584385;DESPEJADO;NO IDENTIFICA LA CAUSA;;;SIN OBSERVACIONES 
A-2023-04-72;24/04/2023;17:20;CHOQUE;CHOQUE FRONTAL;5;0;CARRETER PANAMERICANA SUR KM. 905.800;KM. 905.800;-16.250302;-71.67779;DESPEJADO;NO IDENTIFICA LA CAUSA;;;SIN OBSERVACIONES 