COD_ACCIDE;FechaDelAccidente;HoraDelAccidente;ClaseDelAccidente;SecuenciaAccidente;CantidadDeFallecidos;CantidadDeLesionados;Direccion;LugarReferencia;y;x;CondClimatica;CausaFactorPrincipal;CausaEspecifica;OtraCausa;Observaciones
A-2023-05-83;14/05/2023;22:25;CHOQUE FUGA;EL VEHÍCULO CATG. M1, DE PLACA C1N-338, SE DIRIGÍA EN SENTIDO DE NORTE A SUR, AL LLEGAR AL KM. 146.300, ES IMPACTADO POR EL VEHÍCULO CATG. L3, DE PLACA  7447-IC, PRODUCTO DEL EVENTO DE TRÁNSITO, EL CONDUCTOR DE LA MOTOCICLETA FALLECE, SEGUIDAMENTE EL CONDUCTOR DEL M1 FUGA DEL LUGAR DEL EVENTO.;1;2;CARRETERA PANAMERICANA NORTE;KM. 146.300;-11.13609;-77.59694;DESPEJADO;IMPRUDENCIA DEL CONDUCTOR;CONDUCIR EN SENTIDO CONTRARIO;;NINGUNA
A-2023-05-84;23/05/2023;10:30;DESPISTE;VOLCADURA;2;0;CARRETERA KM 15 CUENCA -  SAN VIDAL;LUGAR DENOMINADO TOTORA JATUNPAMPA;-12.447519;-75.026261;SOLEADO;EN PROCESO DE INVESTIGACIÓN;NO CUENTA CON CAUSA ESPECIFICA;;
A-2023-05-85;02/05/2023;23:30;DESPISTE;VOLCADURA ;1;0;KM 13 200;AREQUIPA JULIACA ;-15.65839046;-70.2865683507968;DESPEJADO;IMPRUDENCIA DEL CONDUCTOR;OTRO (IMPRUDENCIA DEL CONDUCTOR);MANIOBRA INDEBIDA ;NINGUNA 
A-2023-05-86;03/05/2023;03:00;DESPISTE;VOLCADURA ;1;0;KM 217 700;MACUSANI OLLACHEA ;-13.8697922;-70.5121516;DESPEJADO;IMPRUDENCIA DEL CONDUCTOR;FATIGA Y/O CANSANCIO;;NINGUNA 
A-2023-05-87;05/05/2023;16:40;CHOQUE;-;1;0;KM 150 178;-;-14.2357036;-70.2449078;DESPEJADO;IMPRUDENCIA DEL CONDUCTOR;OTRO (IMPRUDENCIA DEL CONDUCTOR);MANIOBRA INDEBIDA ;NINGUNA 
A-2023-05-88;08/05/2023;19:00;DESPISTE;-;1;0;KM 219 500;-;-15.6507989;-70.7334132;DESPEJADO;NEGLIGENCIA DEL CONDUCTOR;OTRO (NEGLIGENCIA DEL CONDUCTOR);FALLA MECANICA ;FALLA MECANICA 
A-2023-05-89;30/05/2023;14:50;ATROPELLO;-;1;0;CARRETERA DE PENETRACION AL CACERIO POMABAMBA - SECTOR GRANERO ;LOZA DEPORTIVA;-7.742005;-77.753891;DESPEJADO;NO IDENTIFICA LA CAUSA;;;
A-2023-05-9;07/05/2023;10:30;DESPISTE;VOLCADURA;2;0;SECTOR LAPSI- LOMA BAJA - SANTIAGO DE CHOCORVOS ;CARRETERA CAMINO A SANTIAGO DE CHOCORVOS. ;-13.9761447;-75.4256334;DESPEJADO;INFRAESTRUCTURA Y ENTORNO VIAL;OTRO (INFRAESTRUCTURA Y ENTORNO VIAL);TROCHAS;
A-2023-05-90;18/05/2023;07:30;ATROPELLO;-;1;0;KM 03 140;-;-15.276588;-69.957304;DESPEJADO;IMPRUDENCIA DEL CONDUCTOR;EXCESO DE VELOCIDAD;;CARRETERA TARACO HACIA LA COMUNIDAD DE COLLANI REFERENCIA (PE-34H)
A-2023-05-91;30/05/2023;03:20;CHOQUE;-;1;0;KM 260 147;-;-15.6794794;-70.4226893;DESPEJADO;IMPRUDENCIA DEL CONDUCTOR;INVASIÓN DE CARRIL;;NINGUNA 
A-2023-05-92;22/05/2023;05:50;DESPISTE;DESPISTE Y VOLCADURA ;2;0;CARRETERA INTEROCEANICA FERNANDO BELAUNDE TERRY;ALTURA KM 52;-5.8306;-79.4774;DESPEJADO;IMPRUDENCIA DEL CONDUCTOR;FATIGA Y/O CANSANCIO;;
A-2023-05-93;14/05/2023;05:15;DESPISTE;DESPISTE- VOLACULA Y ATROPELLO;1;0;CARRETERA PIURA SULLANA ;KM 104 300;-5.0791;-80.7067;DESPEJADO;IMPRUDENCIA DEL CONDUCTOR;EXCESO DE VELOCIDAD;;
A-2023-05-94;31/05/2022;01:00;DESPISTE;VOLCADURA Y CAIDA;1;0;CARRETERA CASA BLANCA - CACHI CACHI KM.09 800;;-11.66670887;-75.6493071178522;DESPEJADO;IMPRUDENCIA DEL CONDUCTOR;CONDUCIR EN ESTADO DE EBRIEDAD Y/O DROGADICCIÓN;;
A-2023-05-95;12/05/2023;04:00;CHOQUE;CHOQUE DESPISTE Y VOLCADURA ;1;2;AV ANDRES AVELINO CACERES ;INTERSECCIN CON AVENIDA SULLANA ;-5.18244;-80.6359916;DESPEJADO;IMPRUDENCIA DEL CONDUCTOR;EXCESO DE VELOCIDAD;;
A-2023-05-96;25/05/2023;18:50;VOLCADURA;VOLCADURA CON CONSECUENCIAS FATALES;1;0;SECTOR CHURAMA-COMUNIDAD DE QUEÑUA;COMUNIDAD DE QUEÑUA;-14.13579958;-72.29192155566227;;;;;
A-2023-05-97;29/05/2023;07:00;VOLCADURA;VOLCADURA CON CONSECUENCIAS FATALES;2;0;KM 70 560 COMUNIDAD ANTILLA-COLLPA;COMUNIDAD ANTILLA;-13.64209691;-72.58192244697926;;;;;
A-2023-05-98;22/05/2023;06:30;CHOQUE;ATROPELLO Y FUGA;1;0;AV. PROLONGACION SANCHEZ CERRO;ALTURA DEL GRIFO ONERGY;-5.1731216;-80.6819183;DESPEJADO;NO IDENTIFICA LA CAUSA;;;
A-2023-05-99;15/05/2023;21:30;ATROPELLO;ATROPELLO CON PROYECCION;1;0;CARRETERA VIA EVITAMIENTO PIURA LA LEGUA ;;-5.227757586;-80.65413186806087;DESPEJADO;IMPRUDENCIA DEL PEATÓN;ESTADO DE EBRIEDAD Y/O DROGADICCIÓN;;
A-2023-06-1;01/06/2023;19:30;VOLCADURA;VOLCADURA CON APLASTAMIENTO FATAL;1;1;CARRETERA PANAMERICAN SUR KM.960.700;KM.960.700;-16.483697;-71.891388;DESPEJADO;NO IDENTIFICA LA CAUSA;;;SIN OBSERVACIONES 
A-2023-06-10;04/06/2023;05:20;CHOQUE;CHQUE, DEPSITSE Y VOLCADURA FATAL;4;1;CARRETERA PANAMERICA SUR KM.947;KM.947;-16.4421602;-71.9821118;DESPEJADO;NO IDENTIFICA LA CAUSA;;;SIN OBSERVACIONES 
A-2023-06-100;25/06/2023;17:30;CHOQUE;FATAL;1;0;PANAMERICANA NORTE KM 992;INTERCAMBIO VIAL DE PIURA - VATACAOS A 150 M HACIA EL NORTE;-5.234182;-80.64505;DESPEJADO;IMPRUDENCIA DEL CONDUCTOR;CONDUCIR EN SENTIDO CONTRARIO;;NINGUNA
A-2023-06-101;18/06/2023;06:20;CHOQUE FUGA;CHOQUE Y FUGA;1;0;AV GUARDIA CIVIL ;ALTURA DE FERRTERIA DE MAT;-5.193530793;-80.61389743833014;DESPEJADO;IMPRUDENCIA DEL CONDUCTOR;EXCESO DE VELOCIDAD;;
A-2023-06-103;27/06/2023;21:45;DESPISTE;DESPISTE SEGUIDO DE CHOQUE ;1;0;CARRETERA URUBAMBA AGUANMARCA SECTOR CCATAN;CERCA A UN REDUCTOR DE VELOCIDAD ;-13.290731;-72.113011;DESPEJADO;IMPRUDENCIA DEL CONDUCTOR;CONDUCIR EN ESTADO DE EBRIEDAD Y/O DROGADICCIÓN;;NINGUNO
A-2023-06-104;28/06/2023;06:00;DESPISTE;SIMPLE ;1;1;CARRETERA LOS RANCHOS - HUANCABAMBA ;ALTURA DEL DISTRITO PARIAMARCA ;-5.171133;-79.59643;DESPEJADO;EN PROCESO DE INVESTIGACIÓN;NO CUENTA CON CAUSA ESPECIFICA;;
A-2023-06-105;29/06/2023;06:30;CHOQUE;;1;0;CARRETERA VIAL TRAMO RINCONADA DE LLICUAR ;;-5.5027766;-80.7834116;DESPEJADO;;;;
A-2023-06-106;03/06/2023;02:30;CAÍDA DE PASAJERO;CAIDA Y ATROPELLO;1;0;CALLE NAVARRO CAUPER CDRA. 1;CDRA. 1;-3.7370311;-73.2594809;DESPEJADO;IMPRUDENCIA DEL CONDUCTOR;OTRO (IMPRUDENCIA DEL CONDUCTOR);PERMITIR TRANSPORTAR PERSONAS SOBRE LA ESTRUCTUIRA DEL MINICARGADOR;LA ACCION NEGLIGENTE DEL FUNCIONARIO MUNICIPAL QUE DEBIERON HABER PREVISTO DE UN MEDIO DE TRANSPORTE DE UN PUNTO A OTRO.
A-2023-06-107;24/06/2023;18:00;ATROPELLO;MUERTE Y DAÑOS MATERIALES;1;0;AV. LA MARINA CDRA 32;FRONTIS DE LA IGLESIA DE LOS SANTOS EVANGELIOS;-3.7084704;-73.2477063;DESPEJADO;IMPRUDENCIA DEL PEATÓN;CRUCE INDEBIDO POR LA CALZADA;;UT2 PEATON EFECTUABA EL CRUCE DE LA CALZADA BAJO CIRCUNSTANCIAS ADVERSAS PARA SU INTEGRIDAD FISICA
A-2023-06-108;25/06/2023;13:20;DESPISTE;CON SUBSECUENTE MUERTE EN AGRAVIO DE MENORES;2;3;CARRETERA IQUITOS NAUTA KM. 51 800;NINGUNA;-4.1837554;-73.4745187;LLUVIOSO;EN PROCESO DE INVESTIGACIÓN;NO CUENTA CON CAUSA ESPECIFICA;;SE REMITIO ACTUADOS A FISCALIA A CARGO
A-2023-06-109;03/06/2023;07:30;CHOQUE;DESPISTE VOLCADURA;1;0;CARRETERA PANAMERICANA SUR ALTURA DEL KM. 201;-;-13.458801;-76.136465;DESPEJADO;NO IDENTIFICA LA CAUSA;;;
A-2023-06-11;04/06/2023;07:50;DESPISTE;Y VOLCADURA;1;1;CARRETERA PUNO-JULIACA;KM. 1350;-15.798502;-70.035459;DESPEJADO;IMPRUDENCIA DEL CONDUCTOR;FATIGA Y/O CANSANCIO;;
A-2023-06-112;05/06/2023;16:40;DESPISTE;;1;4;CARRETERA CCOCHACCASA - HUANCAVELICA;SECTOR YAWISCA;-12.90083479;-74.80867094364609;DESPEJADO;NO IDENTIFICA LA CAUSA;;;
A-2023-06-113;24/06/2023;17:50;DESPISTE;EL VEHÍCULO MOTOCICLETA SIN PLACA DE RODAJE , SE DESPLZABA POR LA CARRETERA DE PENETRACIÓN EL PARAISO - IRRIGACIÓN SANTA ROSA, EN SENTIDO DE OESTE A ESTE, AL LLEGAR A LA ALTURA DEL FUNDO MAZA, SE DESPISTA,, IMPACTANDO CON UN POSTE DE CONCRETO ARMADO;1;0;CARRETERA DE PENETRACIÓN EL PARAISO - IRRIGACIÓN SANTA ROSA;FUNDO MAZA;-11.197484;-77.424579;DESPEJADO;EN PROCESO DE INVESTIGACIÓN;NO CUENTA CON CAUSA ESPECIFICA;;EN INVESTIGACIÓN
A-2023-06-114;01/06/2023;23:00;DESPISTE;CHOQUE Y CAÍDA;1;1;CIRCUITO DE PLAYAS DE LA COSTA VERDE ;ALT CDRA 25 DE AV COSTANERA;-12.08153424;-77.10680099489718;DESPEJADO;IMPRUDENCIA DEL CONDUCTOR;OTRO (IMPRUDENCIA DEL CONDUCTOR);NO ESPECIFICA;
A-2023-06-115;01/06/2023;23:50;CHOQUE;DESPISTE, INCENDIO;1;1;AV. LIMA ;REF ALT ,OVALO CHEPEN - LURIN ;-12.2397639;-76.91231399;DESPEJADO;IMPRUDENCIA DEL CONDUCTOR;OTRO (IMPRUDENCIA DEL CONDUCTOR);NO ESPECIFICA EL TIPO DE IMPRUDENCIA;
A-2023-06-116;03/06/2023;18:45;ATROPELLO;FATAL;1;0;AV. ABANCAY CDRA. 09 INTR. CON JR. INAMBARI ;;-12.05519479;-77.030261418098;DESPEJADO;EN PROCESO DE INVESTIGACIÓN;NO CUENTA CON CAUSA ESPECIFICA;;
A-2023-06-117;03/06/2023;19:20;ATROPELLO;FATAL;1;0;AV. LIMA ;ALT. I.E. EDUARDO CALVO PEREZ;-12.49241469;-76.78754177;DESPEJADO;EN PROCESO DE INVESTIGACIÓN;NO CUENTA CON CAUSA ESPECIFICA;;
A-2023-06-118;04/06/2023;07:20;ATROPELLO FUGA;FATAL;1;0;ANTIGUAN CARRETERA PANAMERICANA SUR KM. 21.500;;-12.235937;-76.956483;DESPEJADO;EN PROCESO DE INVESTIGACIÓN;NO CUENTA CON CAUSA ESPECIFICA;;
A-2023-06-119;04/06/2023;07:45;ATROPELLO FUGA;FATAL;1;0;PANAMERICANA SUR KM. 9.300 ;ALT. PLANTA DE REVISIONES TC. FARENET;-12.136873;-76.980469;DESPEJADO;EN PROCESO DE INVESTIGACIÓN;NO CUENTA CON CAUSA ESPECIFICA;;
A-2023-06-12;11/06/2023;04:00;CHOQUE;VOLCADURA;1;1;CARRETERA PANAMERICANA SUR PUNO-DESAGUADERO;KM. 1398 300;-16.005143;-69.76017;DESPEJADO;IMPRUDENCIA DEL CONDUCTOR;OTRO (IMPRUDENCIA DEL CONDUCTOR);NO SEÑALIZAR ADECUADAMENTE Y/O REGLAMENTARIAMENTE EL LUGAR DE ACCIDENTE;
A-2023-06-120;04/06/2023;22:30;CHOQUE;FATAL;1;0;CARRETERA PANAMERICANA NORTE KM. 41.850 ;ALT. CONTROL SUNAT;-11.79253;-77.146759;DESPEJADO;EN PROCESO DE INVESTIGACIÓN;NO CUENTA CON CAUSA ESPECIFICA;;
A-2023-06-121;06/06/2023;09:40;CAÍDA DE PASAJERO;FATAL;1;0;AV. FERNANDO WIESSE ;ALT. PARADERO 6;-11.97699222;-77.00305921;DESPEJADO;IMPRUDENCIA DEL CONDUCTOR;EXCESO DE VELOCIDAD;;
A-2023-06-122;06/06/2023;20:50;ATROPELLO;FATAL;1;1;CLLE. JULIO VERNE FRENTE AL INMUEBLE MZ. X LTE. 02 ;URB. VILLA VICTORIA;-12.10971142;-77.01165375;DESPEJADO;IMPRUDENCIA DEL PEATÓN;OTRO (IMPRUDENCIA DEL PEATÓN);INDICA CONTRIBUTIVA IMPRUDENCIA DEL CONDUCTOR;
A-2023-06-123;07/06/2023;03:40;CHOQUE;FATAL;2;1;PANAMERICANA SUR KM 7 (CALZADA ESTE) ;;-12.1182247;-76.97713221891348;DESPEJADO;IMPRUDENCIA DEL CONDUCTOR;OTRO (IMPRUDENCIA DEL CONDUCTOR);NO INDICA ESPECIFICA;
A-2023-06-124;07/06/2023;10:45;ATROPELLO;FATAL;1;0;AV. DEFENSORES DEL MORRO / AV. ARIOSTO MATELLINI ;HOPITAL CASIMIRO ULLOA - AV. REPUBLICA DE PANAMA URB. EL ROSEDAL 6355;-12.18134573;-77.01232672;DESPEJADO;NEGLIGENCIA DEL CONDUCTOR;OTRO (NEGLIGENCIA DEL CONDUCTOR);NEGLIGENCIA DEL PEATÓN;
A-2023-06-125;08/06/2023;05:00;DESPISTE;VOLCADURA Y CAÍDA;1;0;AV UNIVERSITARIA CDRA 08 - CALZADA AUXILIAR ;(REF VIDRIERIA TORRES);-12.01662094;-77.07794638;DESPEJADO;EN PROCESO DE INVESTIGACIÓN;NO CUENTA CON CAUSA ESPECIFICA;;
A-2023-06-126;08/06/2023;08:30;ATROPELLO;FATAL;1;0;AV. REDUCTO CDRA. 11;;-12.12991394;-77.02370858;DESPEJADO;IMPRUDENCIA DEL CONDUCTOR;OTRO (IMPRUDENCIA DEL CONDUCTOR);NO INDICA ESPECÍFICA;
A-2023-06-127;09/06/2023;16:50;CHOQUE;;2;0;AV.BRASIL ENTRE LA CDRA 14. INTERACCION CON AV MELO FRANCO  CDRA 01;;-12.07422298;-77.05293713;DESPEJADO;EN PROCESO DE INVESTIGACIÓN;NO CUENTA CON CAUSA ESPECIFICA;;
A-2023-06-128;10/06/2023;07:10;CHOQUE;FATAL;1;1;A.V JAVIER PRADO ESTE C-28;;-12.08725484;-76.99614485;DESPEJADO;EN PROCESO DE INVESTIGACIÓN;NO CUENTA CON CAUSA ESPECIFICA;;
A-2023-06-129;10/06/2023;23:30;ATROPELLO;;1;0;CARRETERA PAN. NORTE KM 39.800;(REF ALT .PRDRO CAMPAMENTO);-11.806201;-77.134166;DESPEJADO;IMPRUDENCIA DEL PEATÓN;OTRO (IMPRUDENCIA DEL PEATÓN);CONTRIBUTIVA EBRIEDAD DEL CONDUCTOR Y EXCESO DE VELOCIDAD;
A-2023-06-13;13/06/2023;21:50;ATROPELLO FUGA;CONSECUENCIA FATAL;1;0;CARRETERA ILAVE-MAZOCRUZ;C.P.JAQUENCACHI;-16.160136;-69.648405;DESPEJADO;IMPRUDENCIA DEL CONDUCTOR;OTRO (IMPRUDENCIA DEL CONDUCTOR);REALIZAR SU DESPLAZAMIENTO POR LA VIA EN ESTUDIO, CON EVIDENTE APEGO AL PRINCIPIO DE CONFIANZA;FALTA DE UN ELEMENTO ( VEHICULO)
A-2023-06-130;11/06/2023;02:30;VOLCADURA;CAIDA SEGUIDO DE DESPISTE;1;0;CARRETERA PAN. SUR KM 53.500 ;(REF. TERRENO DE LA UNIVERSIDAD USIL);-12.426547;-76.753608;DESPEJADO;EN PROCESO DE INVESTIGACIÓN;NO CUENTA CON CAUSA ESPECIFICA;;
A-2023-06-131;10/06/2023;20:40;ATROPELLO FUGA;FATAL;1;0;CARRETERA CENTRAL KM 13.5 - SANTA CLARA;;-12.009093;-76.864798;DESPEJADO;EN PROCESO DE INVESTIGACIÓN;NO CUENTA CON CAUSA ESPECIFICA;;
A-2023-06-132;11/06/2023;05:20;VOLCADURA;CAÍDA ;1;0;AV. PASEO DE LA REPUBLICA CDRA 44 ;(ALT CALLE SALAVERRY CDRA 05);-12.10928727;-77.025994012994;DESPEJADO;EN PROCESO DE INVESTIGACIÓN;NO CUENTA CON CAUSA ESPECIFICA;;
A-2023-06-133;12/06/2023;00:30;ATROPELLO;FATAL;1;0;CARRETERA CENTRAL KM 21.7 ;REF ALT DE URB EL CUADRO;-11.982035;-76.797168;DESPEJADO;IMPRUDENCIA DEL PEATÓN;OTRO (IMPRUDENCIA DEL PEATÓN);CONTRIBUTIVA EXCESO DE CONFIANZA O DESATENCION DEL CONDUCTOR;
A-2023-06-134;12/06/2023;20:30;ATROPELLO;FATAL;1;0;CARRETERA PANAMERICANA NORTE KM 11; (ALT CDRA 07 DE LA AV ZARUMILLA);-12.033849;-77.052185;DESPEJADO;EN PROCESO DE INVESTIGACIÓN;NO CUENTA CON CAUSA ESPECIFICA;;
A-2023-06-135;12/06/2023;06:30;CAÍDA DE PASAJERO;FATAL;1;0;AV. ALFONSO UGARTE CDRA 03;;-12.04426499;-77.04279183;DESPEJADO;EN PROCESO DE INVESTIGACIÓN;NO CUENTA CON CAUSA ESPECIFICA;;DILIGENCIA EN FISCALIA
A-2023-06-136;13/06/2023;15:40;VOLCADURA;CAÍDA Y ATROPELLO;1;0;AV TRIUNFO ;(REF ALT. PNTE PEATONAL ELECTRO);-12.17993274;-76.9766362389251;DESPEJADO;IMPRUDENCIA DEL CONDUCTOR;OTRO (IMPRUDENCIA DEL CONDUCTOR);IMPRUDENCIA DEL CONDUCTOR DEL CAMION;
A-2023-06-137;13/06/2023;21:00;ATROPELLO;FATAL;1;0;AV. JOSE CARLOS MARIATEGUI ALT AV. HEROES DEL CENEPA;;-11.95565916;-76.99170998;DESPEJADO;IMPRUDENCIA DEL PEATÓN;OTRO (IMPRUDENCIA DEL PEATÓN);DETERMINANTE;
A-2023-06-138;16/06/2023;20:30;ATROPELLO FUGA;FATAL;1;0;CARRETERA PANAMERICANA SUR KM. .7.140 ;(ALT PNTE PEAT VIVANCO);-12.11946773;-76.97718852870648;DESPEJADO;EN PROCESO DE INVESTIGACIÓN;NO CUENTA CON CAUSA ESPECIFICA;;
A-2023-06-139;17/06/2023;00:30;ATROPELLO FUGA;FATAL;1;0;CARRETERA PAN. SUR KM. 33.500 ALT. GRIFO HERCO;;-12.292872;-76.863096;DESPEJADO;EN PROCESO DE INVESTIGACIÓN;NO CUENTA CON CAUSA ESPECIFICA;;
A-2023-06-14;08/06/2023;13:30;CHOQUE;MULTIPLE CON CONSECUNECIA FATAL, LESIONES PERSONALES Y DAÑOS MATERIALES.;1;4;CARRETERA DE PENETRACION HUARAZ- CARHUAZ KM 607 650;INGRESO AL RECREO COSTA VERDE;-9.298273;-77.6300837337406;NUBLADO;NO IDENTIFICA LA CAUSA;;;NINGUNO
A-2023-06-140;17/06/2023;09:00;ATROPELLO;FATAL;1;0;AV. AREQUIPA CDRA. 4944;;-12.11535573;-77.02957748346554;DESPEJADO;NO IDENTIFICA LA CAUSA;;;
A-2023-06-141;18/06/2023;06:00;ATROPELLO FUGA;FATAL;1;0;CARRETERA CENTRAL ALTRA. DEL KM. 14 ;;-12.00829;-76.860486;DESPEJADO;EN PROCESO DE INVESTIGACIÓN;NO CUENTA CON CAUSA ESPECIFICA;;
A-2023-06-142;19/06/2023;03:15;CHOQUE;VOLCADURA Y CAÍDA FATAL;1;0;AV. LAS PALMERAS CON JR. PARIHUANCA;;-11.98006605;-77.07233094;DESPEJADO;EN PROCESO DE INVESTIGACIÓN;NO CUENTA CON CAUSA ESPECIFICA;;
A-2023-06-143;19/06/2023;16:50;VOLCADURA;DESPISTE Y CAÍDA FATAL;1;1;CALLE PIROXENITAS CDRA. 03;;-11.93754662;-76.70175226;DESPEJADO;EN PROCESO DE INVESTIGACIÓN;NO CUENTA CON CAUSA ESPECIFICA;;
A-2023-06-144;19/06/2023;22:00;ATROPELLO FUGA;FATAL;1;0;CARRETERA PAN. NORTE KM. 12.250;;-12.025267;-77.058607;DESPEJADO;EN PROCESO DE INVESTIGACIÓN;NO CUENTA CON CAUSA ESPECIFICA;;
A-2023-06-145;22/06/2023;06:00;VOLCADURA;FATAL;1;1;AV. PACHACUTEC Y LA AV EL SOL ;;-12.19513792;-76.93481918;DESPEJADO;IMPRUDENCIA DEL CONDUCTOR;OTRO (IMPRUDENCIA DEL CONDUCTOR);NO INDICA;
A-2023-06-146;22/06/2023;08:45;ATROPELLO;FATAL;1;0;AV TOMAS VALLE- INDEPENDENCIA ;(REF FRONTIS CENTRO COMERCIAL PLAZA NORTE);-12.00786703;-77.05837381;DESPEJADO;EN PROCESO DE INVESTIGACIÓN;NO CUENTA CON CAUSA ESPECIFICA;;
A-2023-06-147;24/06/2023;02:30;ATROPELLO FUGA;;1;0;CARRETERA PANAMERICANA SUR KM. 54.600;;-12.437548;-76.755526;DESPEJADO;EN PROCESO DE INVESTIGACIÓN;NO CUENTA CON CAUSA ESPECIFICA;;
A-2023-06-148;26/06/2023;05:50;CHOQUE;VOLCADURA, CAÍDA Y APLASTAMIENTO;1;0;CARRETERA PANAMERICANA NORTE KM 17.400;;-11.979265;-77.065758;DESPEJADO;EN PROCESO DE INVESTIGACIÓN;NO CUENTA CON CAUSA ESPECIFICA;;
A-2023-06-149;27/06/2023;05:50;ATROPELLO FUGA;;1;0;CARRETERA PANAMERICANA SUR KM. 39.000;;-12.32425;-76.826043;DESPEJADO;IMPRUDENCIA DEL PEATÓN;OTRO (IMPRUDENCIA DEL PEATÓN);CAUSA CONTRIBUTIVA NEGLIGENCIA DEL CONDUCTOR;
A-2023-06-15;11/06/2023;04:00;DESPISTE;SEGUIDO DE VOLCADURA CON CONSECUENCIA FATAL, LESIONES PERSONALES Y DAÑOS MATERIALES.;5;2;CARRETERA SIHUAS CHIMBOTE;ALTURA DEL DISTRITO DE YANAC;-8.61912653;-77.8638266602448;;;;;
A-2023-06-150;28/06/2023;07:00;CHOQUE;FATAL;1;0;AV. TUPAC AMARU KM. 24.500 - CARABAYLLO;;-11.847752;-77.001702;DESPEJADO;EN PROCESO DE INVESTIGACIÓN;NO CUENTA CON CAUSA ESPECIFICA;;
A-2023-06-151;29/06/2023;05:30;CHOQUE;FATAL;1;1;VIA EVITAMIENTO ALTRA. PTE NOGALES ;;-12.05348693;-76.97551192;DESPEJADO;EN PROCESO DE INVESTIGACIÓN;NO CUENTA CON CAUSA ESPECIFICA;;
A-2023-06-152;30/06/2023;19:30;CHOQUE CON OBJETO FIJO;DESPISTE;1;0;INTERSECCION DE AV. CIRO ALEGRIA CON AV. MARIANO MELGAR;;-12.18674411;-76.9963906;DESPEJADO;EN PROCESO DE INVESTIGACIÓN;NO CUENTA CON CAUSA ESPECIFICA;;
A-2023-06-153;17/06/2023;01:30;ATROPELLO;FATAL;1;0;CARRETERA CENTRAL KM 13 ;ALTURA DEL GRIFO SAN JUAN ;-12.00990055;-76.86931821;DESPEJADO;EN PROCESO DE INVESTIGACIÓN;NO CUENTA CON CAUSA ESPECIFICA;;
A-2023-06-154;19/06/2023;17:20;ATROPELLO;;1;0;AV. BERTELLO;TIENDA SODIMAC;-11.9976181;-77.114760217;DESPEJADO;IMPRUDENCIA DEL CONDUCTOR;EXCESO DE VELOCIDAD;;
A-2023-06-155;21/06/2023;10:00;ATROPELLO;CONSECUENCIA FATAL;1;0;AV.PUENTE IZCUCHACA;PLAZA DE IZCUCHACA;-12.50056;-74.996911;DESPEJADO;IMPRUDENCIA DEL PEATÓN;CRUCE INDEBIDO POR LA CALZADA;;
A-2023-06-156;20/06/2023;07:30;DESPISTE;VOLCADURA;1;0;CARRETERA DE PENETRACION YANACAYU-ANEXO DE WARI;KM 8.950;-12.486381;-74.758266;DESPEJADO;EN PROCESO DE INVESTIGACIÓN;NO CUENTA CON CAUSA ESPECIFICA;;
A-2023-06-157;30/06/2023;13:00;DESPISTE;VOLCADURA;1;0;C.P CRUZCCASA DISTRITO DE ESMERALDA CASTROVIRREYNA;KM 5   490;-13.34814;-75.335747;DESPEJADO;EN PROCESO DE INVESTIGACIÓN;NO CUENTA CON CAUSA ESPECIFICA;;
A-2023-06-158;08/06/2023;10:10;ATROPELLO;;1;0;CAMINO DE INGRESO AL PARAJE ILLUCCHA - BARRIO SAN ANTONIO;;-11.99097066;-75.3289445052482;SOLEADO;IMPRUDENCIA DEL PEATÓN;OTRO (IMPRUDENCIA DEL PEATÓN);ACCION IMPRUDENTE DEL PADRE DE LA MENOR AL DEJAR A SU VASTAGO JUNTO A UN VEHICULO;CAUSA: ACCION IMPRUDENTE DEL PADRE DE LA MENOR AL DEJAR A SU VASTAGO JUNTO A UN VEHICULO
A-2023-06-159;09/06/2023;19:00;DESPISTE;;3;0;CARRETERA CENTRAL LA OROYA-LIMA KM. 137;;-11.59975486;-76.15355181382482;SOLEADO;;;;NINGUNO
A-2023-06-16;11/06/2023;18:00;DESPISTE;SEGUIDO DE VOLCADURA CON CONSECUENCIA FATAL Y DAÑOS MATERIALES.;1;0;CARRETERA CARHUAZ CHACAS KM 72 400;CASERÍO DE HUALLIN;-9.162370021;-77.37054401533221;DESPEJADO;NO IDENTIFICA LA CAUSA;;;NINGUNA
A-2023-06-160;12/06/2023;10:30;ATROPELLO;;1;0;CARRETERA CENTRAL LA OROYA - HUANCAYO MARGEN DERECHA KM. 79 900;;-11.81158653;-75.47382070126794;DESPEJADO;IMPRUDENCIA DEL CONDUCTOR;DESACATO DE SEÑAL DE TRÁNSITO;;NINGUNO
A-2023-06-161;12/06/2023;19:00;DESPISTE;SEGUIDO DE VOLCADURA Y CHOQUE;2;2;CARRETERA CENTRAL LA OROYA - HUANCAYO KM. 10;;-11.56641607;-75.86168999681944;DESPEJADO;;;;
A-2023-06-162;17/06/2023;09:00;DESPISTE;;1;0;CARRETERA CENTRAL LA OROYA - JAUJA KM. 50 300;;-11.79615852;-75.6587503727499;SOLEADO;;;;
A-2023-06-163;17/06/2023;13:30;CAÍDA DE PASAJERO;;1;0;CARRETERA CENTRAL LA OROYA - HUANCAYO MARGEN DERECHA KM. 91 500;;-11.88052896;-75.3974471372183;SOLEADO;;;;
A-2023-06-164;20/06/2023;07:30;VOLCADURA;SEGUIDO DE DESPISTE Y CHOQUE;1;2;CARRETERA CENTRAL LA OROYA -LIMA KM. 201 040 - CUTOFF;;-11.61707433;-76.01496218776182;SOLEADO;;;;
A-2023-06-165;26/06/2023;01:30;CHOQUE;;1;0;CARRETERA CHUPACA -JARPA KM. 06 500;;-12.069947;-75.458902;SOLEADO;;;;