COD_ACCIDE;FechaDelAccidente;HoraDelAccidente;ClaseDelAccidente;SecuenciaAccidente;CantidadDeFallecidos;CantidadDeLesionados;Direccion;LugarReferencia;y;x;CondClimatica;CausaFactorPrincipal;CausaEspecifica;OtraCausa;Observaciones
A-2023-06-166;28/06/2023;12:20;DESPISTE;SEGUIDO DE CHOQUUE;1;1;CARRETERA CENTRAL LA OROYA - HUANCAYO KM. 63 600;;-11.784689;-75.567452;DESPEJADO;;;;
A-2023-06-167;29/06/2023;21:00;CHOQUE;SEGUIDO DE DESPISTE Y SUMERSION;1;5;CARRETERA CENTRAL LA OROYA - JAUJA KM. 68 950;;-11.80231;-75.53106;NUBLADO;IMPRUDENCIA DEL CONDUCTOR;FATIGA Y/O CANSANCIO;;NINGUNO
A-2023-06-168;30/06/2023;13:30;ATROPELLO;;1;0;AV. MARISCAL CASTILLA INTERSECCION AV. 09 DE OCTUBRE;;-12.03392619;-75.23212692492673;DESPEJADO;IMPRUDENCIA DEL PEATÓN;CRUCE INDEBIDO POR LA CALZADA;;NINGUNO
A-2023-06-169;08/06/2023;12:35;DESPISTE;DESPISTE - VOLCADURA;1;1;TROCHA CARROZABLE A 400 M APROX. LADO IZQ. DE LA VIA DE TRANSITO E INGRESO PRINCIPAL AL DISTRITO DE ITE; A 400 M APROX. LADO IZQ. DE LA VIA DE TRANSITO E INGRESO PRINCIPAL AL DISTRITO DE ITE;-17.878886;-70.977804;DESPEJADO;IMPERICIA DEL CONDUCTOR;;;
A-2023-06-17;13/06/2023;14:30;DESPISTE;SEGUIDO DE VOLCADURA CON CONSECUENCIA FATAL Y DAÑOS MATERIALES.;1;0;TROCHA CARROZABLE DEL CAMINO CARHUAZ;CASERÍO PUNYA REF. LUGAR DENOMINADO TUNAS IRCA;-9.258460365;-77.68393288489769;DESPEJADO;NO IDENTIFICA LA CAUSA;;;NINGUNA
A-2023-06-170;10/06/2023;17:50;VOLCADURA;VOLCADURA EN TONEL;1;3;CARRETERA TAMBILLO-NIÑO YUCAY;LLINCO;-13.17097646;-74.1685308709823;DESPEJADO;INFRAESTRUCTURA Y ENTORNO VIAL;OBRAS TEMPORALES;;SIN OBSERVACIONES
A-2023-06-171;09/06/2023;15:30;DESPISTE;CON CHOQUE FRONTAL;2;2;VIA AAYACUCHO - CONDORAY;TAMBILLO;-13.2030907;-74.2273071;DESPEJADO;NEGLIGENCIA DEL CONDUCTOR;CONDUCIR CON FALLAS DE FRENOS;;FALLAS EN FRENO
A-2023-06-172;23/06/2023;23:30;DESPISTE;VOLCADURA;1;0;ANTIGUA CARRETERA PANAMERICANA SUR CON AV. SANTA CRUZ;OVALO;-12.25687931;-76.88821116;DESPEJADO;IMPRUDENCIA DEL CONDUCTOR;OTRO (IMPRUDENCIA DEL CONDUCTOR);;NINGUNA
A-2023-06-173;19/06/2023;04:50;CHOQUE;VOLCADURA Y CAIDA;1;0;AV. HIRAOKA;FRONTIS DEL LOCAL PIMPOKE;-12.9097704;-74.2683917;DESPEJADO;IMPRUDENCIA DEL CONDUCTOR;CONDUCIR EN ESTADO DE EBRIEDAD Y/O DROGADICCIÓN;;CONDUCTOR EBRIO
A-2023-06-174;01/06/2023;06:08;DESPISTE;TOTAL;1;1;CARRETERA DE PENETRACIÓN CIUDAD DE DIOS - CAJAMARCA. KM 62 50;;-7.179736;-79.013894;DESPEJADO;IMPRUDENCIA DEL CONDUCTOR;CONDUCIR EN ESTADO DE EBRIEDAD Y/O DROGADICCIÓN;;
A-2023-06-175;03/06/2023;06:00;DESPISTE;SUBSECUENTE VOLCADURA;1;0;INTERSECCION DE LA AV. MESONES MURO CUADRA 09  Y CALLE LOS JASMINEZ ;;-6.363512;-79.032288;DESPEJADO;NEGLIGENCIA DEL CONDUCTOR;OTRO (NEGLIGENCIA DEL CONDUCTOR);EXCESO DE CONFIANZA;
A-2023-06-176;03/06/2023;19:30;CHOQUE;LATERAL POSITIVO;1;0;AV. MANUEL ANTONIO MESONES MURO  Y JR HUAMANTANGA;;-5.73266;-78.793965;DESPEJADO;IMPRUDENCIA DEL CONDUCTOR;OTRO (IMPRUDENCIA DEL CONDUCTOR);EXCES DE CONFIANZA;
A-2023-06-177;04/06/2023;14:14;CHOQUE;FRONTAL EXCENTRICO IZQUIERDO;2;0;KM. 1178 934 DE LA CARRETERA CAJAMARCA - CAJABAMBA;;-7.491161;-78.129118;DESPEJADO;IMPRUDENCIA DEL CONDUCTOR;INVASIÓN DE CARRIL;;
A-2023-06-178;06/06/2023;07:50;CHOQUE;FRONTAL EXCENTRIO DERECHO;1;1;KM. 1366   400 DE LA CARRETERA CAJAMARCA -BAMBAMARCA;;-6.742944;-78.584581;DESPEJADO;IMPRUDENCIA DEL CONDUCTOR;EXCESO DE VELOCIDAD;;
A-2023-06-179;08/06/2023;20:00;CHOQUE CON OBJETO FIJO;;1;0;KM. 1395 110 DE LA CARRETERA CAJAMARCA - CHOTA;;-6.61159;-78.584688;DESPEJADO;IMPRUDENCIA DEL CONDUCTOR;CONDUCIR EN ESTADO DE EBRIEDAD Y/O DROGADICCIÓN;;
A-2023-06-18;18/06/2023;20:15;ATROPELLO;CON CONSECUENCIA FATAL Y DAÑOS MATERIALES;1;0;CARRETERA CENTRAL YUNGAY-CRAZ;CASERIO CAYASBAMBA;-9.067240649;-77.74595258136482;DESPEJADO;NO IDENTIFICA LA CAUSA;;;NINGUNO
A-2023-06-180;10/06/2023;22:30;ATROPELLO FUGA;ATROPELLO Y FUGA;1;0;CARRETERA NUEVA KM 2 240;A 2 KM APROXIMADAMENTE DE LA CARRETERA HOSPICIO - LOS PALOS;-18.219615;-70.391654;DESPEJADO;NO IDENTIFICA LA CAUSA;;;EL VEHICULO CAUSANTE DEL ATROPELLO SE DIO A LA FUGA.
A-2023-06-181;10/06/2023;22:30;CHOQUE;CHOQUE;1;3;CARRETERA PANAMERICANA SUR KM 1217 400;;-17.692287;-70.85954;DESPEJADO;IMPRUDENCIA DEL CONDUCTOR;INVASIÓN DE CARRIL;;SIN OBSERVACIONES
A-2023-06-182;25/06/2023;01:45;ATROPELLO;ATROPELLO;1;0;CARRETERA COSTANERA SUR KM 03;CPM A.B. LEGUIA;-18.1661333;-70.33496388888888;DESPEJADO;IMPRUDENCIA DEL PEATÓN;CRUCE INDEBIDO POR LA CALZADA;;SIN OBSERVACIONES
A-2023-06-183;04/06/2023;06:20;DESPISTE;SUBSECUENTE VOLCADURA;1;0;CARRETERA SOCOTA - CUTERVO. ;ALTURA DEL CASERIO LA UNION ;-6.328544;-78.709728;DESPEJADO;IMPRUDENCIA DEL CONDUCTOR;CONDUCIR EN ESTADO DE EBRIEDAD Y/O DROGADICCIÓN;;
A-2023-06-184;04/06/2023;15:30;VOLCADURA;EN CAMPANA ANTERIOR;1;1;KM. 11 130 DE LA CARRETERA QUE CONDUCE DE BELLAVISTA AL RÍO MARAÑÓN ;;-5.663365;-78.653974;DESPEJADO;IMPERICIA DEL CONDUCTOR;;;
A-2023-06-185;11/06/2023;03:30;DESPISTE;SUBSECUENTE VOLCADURA;1;0;CARRETERA CAJAMARCA - BAÑOS DEL INCA. ALTURA DE LA FONGAL;;-7.164906;-78.47059;DESPEJADO;IMPRUDENCIA DEL CONDUCTOR;CONDUCIR EN ESTADO DE EBRIEDAD Y/O DROGADICCIÓN;;
A-2023-06-186;14/06/2023;12:30;DESPISTE;;1;2;KM. 108 600 DE LA CARRETERA CELENDIN A BALSAS;;-6.888349;-78.121467;DESPEJADO;NEGLIGENCIA DEL CONDUCTOR;OTRO (NEGLIGENCIA DEL CONDUCTOR);CON EXCESO DE CONFIANZA Y SIN VALORAR SU ESTADO DE SALUD;
A-2023-06-187;12/06/2023;03:40;ATROPELLO FUGA;;1;0;KM 127 460 CARRETERA FERNANDO BELAUNDE TERRY. SECTOR LAS BALSAS;;-6.047501;-79.045497;DESPEJADO;NO IDENTIFICA LA CAUSA;;;
A-2023-06-188;17/06/2023;19:15;VOLCADURA;SUBSECUENTE CHOQUE;4;1;KM 183 500 DE LA CARRETERA COCHABAMBA - CHICLAYO;;-6.475688;-78.889047;DESPEJADO;IMPRUDENCIA DEL CONDUCTOR;EXCESO DE VELOCIDAD;;
A-2023-06-189;25/06/2023;18:40;ATROPELLO FUGA;;1;0;AV. TOMAS VALLE;;-12.01939409;-77.1011785097982;DESPEJADO;NO IDENTIFICA LA CAUSA;;;
A-2023-06-19;14/06/2023;15:45;DESPISTE;-;1;0;CARRETERA KM 44 RIO PAMPA BLANCA - PALPA;CERCA DEL PUENTE ;-14.427941;-75.121371;DESPEJADO;IMPRUDENCIA DEL CONDUCTOR;CONDUCIR EN ESTADO DE EBRIEDAD Y/O DROGADICCIÓN;;
A-2023-06-190;14/06/2023;15:15;ATROPELLO;;1;0;AV. DOMINICOS CDRA 10;ALT. URB. PRADERAS DEL SOL;-12.0131311;-77.097646517;DESPEJADO;IMPRUDENCIA DEL CONDUCTOR;OTRO (IMPRUDENCIA DEL CONDUCTOR);DESPLAZAR SU UNIDAD SIN CUIDADO NI PREVENCION.;
A-2023-06-191;16/06/2023;23:30;DESPISTE;TOTAL;1;0;CARRETERA PENETRACION CHICLAYO CHOTA;;-6.513528482;-79.1888854547926;DESPEJADO;IMPRUDENCIA DEL CONDUCTOR;EXCESO DE VELOCIDAD;;
A-2023-06-192;24/06/2023;21:30;CHOQUE FUGA;;1;0;CARRETERA AL DISTRITO DE HUABAL; A 200 METROS DEL CASERÍO SAN AGUSTIN BELLAVISTA.;-5.594641;-78.787667;DESPEJADO;NO IDENTIFICA LA CAUSA;;;
A-2023-06-193;28/06/2023;15:35;DESPISTE;SEGUIDO DE CHOQUE CON SUBSECUENTE VOLCADURA;1;2;CARRETERA MATARA SAN MARCOS;;-7.266884;-78.253109;DESPEJADO;NO IDENTIFICA LA CAUSA;;;
A-2023-06-194;25/06/2023;02:25;CHOQUE;;1;1;CARRETERA JAEN - SAN IGNACIO. ALTURA DEL CAS. PORTACHUELO;;-5.136686158;-78.9885770931145;DESPEJADO;IMPRUDENCIA DEL CONDUCTOR;EXCESO DE VELOCIDAD;;
A-2023-06-195;23/06/2023;23:30;DESPISTE;VOLCADURA;1;0;ANTIGUA CARRETERA PANAMERICANA SUR CON AV. SANTA CRUZ;OVALO SANTA ROSA;-12.25686919;-76.88820807390536;DESPEJADO;IMPRUDENCIA DEL CONDUCTOR;EXCESO DE VELOCIDAD;;NINGUNA
A-2023-06-2;04/06/2023;08:15;CHOQUE;ATROPELLO SEGUIDO VOLCADURA;1;2;CARRETERA PANAMERICA SUR  KM-321;CASERIO EL ALAMO-SANTIAGPO;-14.217789;-75.707994;DESPEJADO;NO IDENTIFICA LA CAUSA;;;SE ENCUENTRA EN PROCESO DE INVESTIGACION
A-2023-06-20;10/06/2023;11:53;CHOQUE;CHOQUE, DESPISTE Y VOLCADURA FATAL;5;0;CARRETERA AREQUIPA JULIACA KM. 173;CARRETERA AREQUIPA JULIACA KM. 173;-15.786562;-71.037052;DESPEJADO;EN PROCESO DE INVESTIGACIÓN;NO CUENTA CON CAUSA ESPECIFICA;;
A-2023-06-21;12/06/2023;06:30;DESPISTE;SEGUIDO DE VOLCADURA CON CONSECUENCIA FATAL,  LESIONES PERSONALES Y DAÑOS MATERIALES;1;1;CARRETERA HUARI-SAN LUIS;CASERIO DE TASHTA KM.180;-9.110704491;-77.3156033735478;DESPEJADO;NO IDENTIFICA LA CAUSA;;;NINGUNA
A-2023-06-22;18/06/2023;11:00;DESPISTE;EL VEHÍCULO CATG. L3, MOTOCICLETA, DE PLACA 3424-JM, SE DIRIGIA EN SENTIDO DE NORTE A SUR POR LA AV. LIBERTAD, AL LLEGAR A LA CDRA., 12, SE DESPISTA E IMPACTA CON UN POSTE DE ALUMBRADO PÚBLICO.;1;0;AV. LIBERTAD. CRA. N° 12;ALTURA DE LA INTERSECCIÓN CON LA CALLE LAS FLORES.;-11.09372311;-77.57393715840348;DESPEJADO;IMPRUDENCIA DEL CONDUCTOR;CONDUCIR EN ESTADO DE EBRIEDAD Y/O DROGADICCIÓN;;NINGUNA
A-2023-06-23;12/06/2023;15:10;CHOQUE;CHOQUE SEGUIDO DE VOLCADURA DE LA MOTOCICLETA ;1;1;AV. CIRCUNVALACION. INTERSECCION CON LA AV. CUSCO;;-14.798394;-71.42181;DESPEJADO;IMPRUDENCIA DEL CONDUCTOR;OTRO (IMPRUDENCIA DEL CONDUCTOR);MANIOBRA PELIGROSA;NINGUNO
A-2023-06-24;12/06/2023;14:30;CHOQUE;CHOQUE, DESPISTE, VOLCADURA, CONSECUENCIA FATAL;6;11;KM.17.5;CARRETERA PANAMERICANA  AREQUIPA-PUNO;-16.2938643;-71.6391367;SOLEADO;EN PROCESO DE INVESTIGACIÓN;NO CUENTA CON CAUSA ESPECIFICA;;SIN OBSERVACIONES
A-2023-06-25;15/06/2023;06:30;CHOQUE;-;1;0;CARRETERA DE PENETRACION NASCA A MARCONA KM 33;DEL PEAJE A 1 KM HACIA MARCONA;-15.3185077;-75.1413688;DESPEJADO;NEGLIGENCIA DEL CONDUCTOR;CONDUCIR CON FALLAS DE FRENOS;;
A-2023-06-26;23/06/2023;21:45;CHOQUE;DESPISTE Y VOLCADURA;2;1;SECTOR CCOLLPACCASA;KM 559 - VIA NACIONAL ANDAHUAYLAS - AYACUCHO;-13.545866;-73.64539;DESPEJADO;IMPRUDENCIA DEL CONDUCTOR;CONDUCIR EN ESTADO DE EBRIEDAD Y/O DROGADICCIÓN;;
A-2023-06-27;11/06/2023;00:00;DESPISTE;DESPUSTE SEGUIDO DE VOLCADURA;1;0;VIA TRANSVERSAL   ESTACION SAN PEDRO PICHURA - QEROMARCA;ALTURA DE LA COMUNIDAD CAMPESINA PICHURA, A UNOS 100 METROS DE LA VIA FERREA;-14.190378;-71.345222;DESPEJADO;IMPRUDENCIA DEL CONDUCTOR;CONDUCIR EN ESTADO DE EBRIEDAD Y/O DROGADICCIÓN;;NINGUNO
A-2023-06-28;16/06/2023;20:30;ATROPELLO FUGA;ATROPELLO, SEGUIDO DE FUGA DE VEHICULO Y CONDUCTOR ;1;0;VIA TRANSVERSAL NACIONAL HUACARPAY (URCOS) - PACAYCASA (JUNIN). TRAMO COMPRENDIDO URUBAMBA - OLLANTAYTAMBO;TERMINAL TERRESTRE DE URUBAMBA;-13.305271;-72.121061;DESPEJADO;IMPRUDENCIA DEL CONDUCTOR;EXCESO DE VELOCIDAD;;SE CONTINUA CON LA INVESTIGACION DEL ACCIDENTE DE TRANSITO Y LA IDENTIFICACION DEL CONDUCTOR CAUSANTE DEL EVENTO
A-2023-06-29;18/06/2023;07:10;CHOQUE;CHOQUE, DESPISTE, VOLCADURA CONSECUENCIAS FATAL;1;0;CARRETERA PANAMERICANA SUR KM. 958.800;COMISARIA PNP SOTILLO;-16.4812985;-71.905956782;SOLEADO;EN PROCESO DE INVESTIGACIÓN;NO CUENTA CON CAUSA ESPECIFICA;;SIN OBSERVACIONES
A-2023-06-3;03/06/2023;05:20;VOLCADURA;VOLCADURA FATAL;1;0;VIA DE EVITAMIENTO;FRENTE AL MERCADO EL PARAISO;-16.3761299;-71.5749322;DESPEJADO;NO IDENTIFICA LA CAUSA;;;SIN OBSERVACIONES 
A-2023-06-30;18/06/2023;20:20;CHOQUE;CHOQUE;1;2;CARRETERA QUE CONDUCE DEL DISTRITO DE NUEVA CAJAMARCA A CASERÍO UCRANIA;REF. LOTIZACIÓN COFISO;-5.9497686;-77.2911855;DESPEJADO;IMPRUDENCIA DEL CONDUCTOR;INVASIÓN DE CARRIL;;INVASION DE CARRIL
A-2023-06-31;14/06/2023;07:30;ATROPELLO;ATROPELLO CON PROYECCION;1;0;LONGITUDINAL DE LA SIERRA SUR. TRAMO CUSIPATA - CHECACUPE. ALTURA DE LA COMUNIDAD LLOCLLORA. SECTOR MOYA ;SECTOR MOYA;-13.991498;-71.464515;DESPEJADO;IMPRUDENCIA DEL CONDUCTOR;EXCESO DE VELOCIDAD;;NINGUNO
A-2023-06-32;07/06/2023;15:30;DESPISTE;DESPISTE SEGUIDO DE CHOQUE Y VOLCADURA;1;7;RED VIAL REGIONAL(DEPARTAMENTAL)LOROHUACHANA -AMAPARAES. TRAMO COMPRENDICIDO ENTRE CALCA-LARES. ALTURA DEL KM 10 240. SECTOR ÑUÑOMOCCO-MAUCAU. DISTRITO DE LARES. PROVINCIA DE CALCA-CUSCO;SECTOR ÑUÑOMOCCO- MAUCAU;-13.187817;-71.942477;DESPEJADO;NEGLIGENCIA DEL CONDUCTOR;CONDUCIR CON FALLAS DE FRENOS;;NINGUNO
A-2023-06-33;15/06/2023;10:21;FERROVIARIO;ARROLLAMIENTO;1;0;LINEA FÉRREA CUSCO  - MACHUPICCHU. ALTURA DEL SECTOR DENOMINADO  RAPCCA -    HITO DE CURVA N°. 214  - KM. 56 500 – COMUNIDAD SOQMA;HITO DE CURVA N°. 214  - KM. 56 500 – COMUNIDAD SOQM;-13.3083;-72.23552;DESPEJADO;IMPRUDENCIA DEL PEATÓN;OTRO (IMPRUDENCIA DEL PEATÓN);NGELIGENCIA DE LOS  FAMILARES DEL PEATON;NINGUNA
A-2023-06-34;23/06/2023;06:00;CHOQUE;-;2;21;CARRETERA PANAMERICANA SUR KM 231;FRONTIS FEL GRIFO PRIMAX;-13.805451;-76.153678;DESPEJADO;IMPRUDENCIA DEL CONDUCTOR;NO ESTABLECER EL DERECHO DE PASO;;
A-2023-06-35;25/06/2023;01:10;CHOQUE;CHOQUE POR EMBISTE, SEGUIDO DE CAIDA DE OCUPANTE;1;0;CARRETERA PANAMERICANA NORTE KM 418 827;EX PEAJE DE VESIQUE;-9.176811;-78.478681;DESPEJADO;IMPRUDENCIA DEL CONDUCTOR;CONDUCIR EN ESTADO DE EBRIEDAD Y/O DROGADICCIÓN;;NINGUNA
A-2023-06-36;02/06/2023;20:30;ATROPELLO;-;1;0;AV. 02 DE MAYO ALTURA DEL GRIFO PRIMAX;-;-8.146174;-79.046022;DESPEJADO;IMPRUDENCIA DEL PEATÓN;CRUCE INDEBIDO POR LA CALZADA;;
A-2023-06-37;04/06/2023;05:20;ATROPELLO;-;1;0;CARRETERA DE PENETRACION A LA SIERRA LIBERTEÑA ALTURA DEL KM. 8.4;-;-8.097259;-78.973816;DESPEJADO;IMPRUDENCIA DEL CONDUCTOR;OTRO (IMPRUDENCIA DEL CONDUCTOR);AL DESPLAZAR SU VEHICULO DE MANERA CONFIADA SIN VALORAR LOS RIESGOS PRESENTES Y POSIBLES EN LA VIA PUBLICA Y DESPLAZARSE POR DICHA CALZADA A UNA VELOCIDAD NO RAZONABLE NI PRUDENTE;
A-2023-06-38;27/06/2023;14:45;ATROPELLO;-;1;0;ANTUGUA CARRETERA PANAMERICANA SUR KM 226;CERCA DE LA COMISARIA  DE HUAMANI ;-13.68329;-76.159812;DESPEJADO;NO IDENTIFICA LA CAUSA;;;
A-2023-06-39;18/06/2023;02:41;ATROPELLO FUGA;VEHICULO PARTICIPANTE  SE DIO A LA FUGA, DESPUES DEL EVENTO;1;0;AV. PROLONGACION AV. LA CULTURA. CALZADA SUR. ALTURA DEL PARADERO DENOMINADO MERCADILLO. VIA DE SENTIDO DE CIRCULACION DE OESTE A ESTE;PARADERO MERCADILLO ;-13.532598;-71.919976;DESPEJADO;IMPRUDENCIA DEL PEATÓN;ESTADO DE EBRIEDAD Y/O DROGADICCIÓN;;QUE LA CONDICION DEL PEATON CON LESIONES GRAVES, PRIMIGENIAMENTE LA INVESTIGACION SE ENCONTRABA A CARGO DE LA SIAT DE LA COMISARIA PNP. SAN SEBASTIAN, SIN EMBARGO A MERITO DE SU FALLECIMIENTO EN FECHA 27JUN23 LA UPIAT SE HACE CARGO DE LA INVESTIGACION.
A-2023-06-4;01/06/2023;22:30;CHOQUE;VOLCADURA;4;2;CARRETERA DESAGUADERO-KELUYO KM 8;C.P. SANTA CRUZ DE AYRIHUAS;-16.67950487;-69.15686486527842;DESPEJADO;IMPRUDENCIA DEL CONDUCTOR;EXCESO DE VELOCIDAD;;
A-2023-06-40;04/06/2023;13:00;DESPISTE;DESPISTE SEGUIDO DE CHOQUE;1;1;RED VIAL REGIONAL PUENTE HUAMBOTIO - MANU EN EL TRAMO PATRIA – KOSÑIPATA ALTURA DEL KM. 173   10 DEL CENTRO POBLADO PATRIA DEL DISTRITO DE KOSÑIPTA. PROVINCIA DE PAUCARTAMBO. DPTO. DEL CUSCO ;ALTURA DEL KM. 173 10 SECTOR AGUA SANTA;-12.92736834;-71.40133774;DESPEJADO;IMPRUDENCIA DEL CONDUCTOR;EXCESO DE VELOCIDAD;;NINGUNO
A-2023-06-41;04/06/2023;06:00;CHOQUE FUGA;-;1;0;CARRETERA PANAMERICANA NORTE ALTURA DEL KM. 655.6;-;-7.466729;-79.437885;DESPEJADO;IMPRUDENCIA DEL CONDUCTOR;OTRO (IMPRUDENCIA DEL CONDUCTOR);DESATENCION EN LA CONDUCCION;
A-2023-06-42;05/06/2023;06:30;DESPISTE;DESPISTE SEGUIDO CHOQUE Y VOLCADURA ;1;0;RED VIAL  TRANSVERSAL NACIONAL. DESVIÓ EL DESCANSO – VIZCACHANI. TRAMO YAURI - PALLPATA. ALTURA DEL KM. 141 285. SECTOR DENOMINADO HUANCANÉ BAJO. DEL DISTRITO DE YAURI. PROVINCIA DE ESPINAR;SECTOR HUANCANE BAJO;-14.840621;-71.303332;DESPEJADO;IMPRUDENCIA DEL CONDUCTOR;EXCESO DE VELOCIDAD;;NINGUNO
A-2023-06-43;29/06/2023;14:00;ATROPELLO;-;1;0;AV. HUACACHINA S/N ;FRENTE DEL HOTEL SALIVAYO;-14.08328;-75.752522;DESPEJADO;NO IDENTIFICA LA CAUSA;;;
A-2023-06-44;10/06/2023;03:00;ATROPELLO FUGA;VEHICULO PARTICIPANTE, SE DIO A LA FUGA DESPUES DEL EVENTO;1;0;RED VIAL NACIONAL LONGITUDINAL DE LA SIERRA SUR. TRAMO CUSCO - SAYLLA. KM 984 800. PARADERO LLAMAGAS;PARADERO LLAMAGAS;-13.55836448;-71.85124396798871;DESPEJADO;EN PROCESO DE INVESTIGACIÓN;NO CUENTA CON CAUSA ESPECIFICA;;NINGUNO
A-2023-06-45;10/06/2023;07:12;ATROPELLO;ATROPELLO SEGUIDO CHOQUE;1;1;VIA TRANSVERSAL NACIONAL HUACARPAY (URCOS) - PACAYCASA (JUNIN). TRAMO COMPRENDIDO URUBAMBA - OLLANTAYTAMBO. ALTURA DEL SECTOR RUMICHACA;SECTOR RUMICHACA;-13.282029;-72.158012;DESPEJADO;IMPRUDENCIA DEL CONDUCTOR;CONDUCIR EN ESTADO DE EBRIEDAD Y/O DROGADICCIÓN;;NINGUNO
A-2023-06-46;04/06/2023;13:30;DESPISTE;-;3;5;CARRETERA PANAMERICANA NORTE ALTURA DEL KM. 553;-;-8.204235;-78.959428;DESPEJADO;NEGLIGENCIA DEL CONDUCTOR;CONDUCIR CON FALLAS DE DIRECCIÓN;;
A-2023-06-47;04/06/2023;14:20;DESPISTE;-;1;0;CARRETERA DE CONEXION HUANCASPATA HACIA TAYABAMBA;-;-8.456675;-77.309041;DESPEJADO;IMPRUDENCIA DEL CONDUCTOR;FATIGA Y/O CANSANCIO;;
A-2023-06-48;25/06/2023;00:30;DESPISTE;DESPISTE, CHOQUE, VOLCADURA CONSECUENCIA FATAL;1;0;CENTRO POBLADO E-2 LA COLINA EL PEDREGAL;POSTE ALTA TENSION NRO. 327615;-16.3146098;-72.1650987;DESPEJADO;NO IDENTIFICA LA CAUSA;;;SIN OBSERVACIONES
A-2023-06-49;09/06/2023;15:30;DESPISTE;-;1;2;CARRETERA DE CONEXION DE SANTIAGO DE CHUCO HACIA CACHICADAN CACERIO CHACOMA SECTOR QUEBRADA SECA;-;-8.0991802;-78.1759705;DESPEJADO;NO IDENTIFICA LA CAUSA;;;
A-2023-06-5;02/06/2023;23:45;DESPISTE;VOLCADURA;1;1;CARRETERA PANAMERICANA SUR PUNO-DESAGUADERO KM. 1386 200;COMUNIDAD RINCONADA;-15.94362643;-69.84356935453165;DESPEJADO;IMPRUDENCIA DEL CONDUCTOR;FATIGA Y/O CANSANCIO;;
A-2023-06-50;11/06/2023;19:10;CHOQUE;-;1;1;CARRETERA SAN PEDRO DE LLOC - CHOCOFAN;-;-7.3860475;-79.4887604;DESPEJADO;IMPRUDENCIA DEL CONDUCTOR;OTRO (IMPRUDENCIA DEL CONDUCTOR);DESATENCION EN LA CONDUCCION;
A-2023-06-51;11/06/2023;01:10;DESPISTE;DESPISTE SEGUIDO CHOQUE Y VOLCADURA;1;1;RED VIAL REGIONAL (DEPARTAMENTAL) LORO  HUACHANA - AMPARAES TRAMO  COMPRENDIDO ENTRE  AMPARAES - HUALLA  SUYO KM. 8 600 SECTOR OCCORURUYOC DEL CENTRO  POBLADO AMPARAES -  LARES -CALCA CUSCO;KM. 8 600 SECTOR OCCORURUYOC;-13.020398;-71.911725;NIEBLA;EN PROCESO DE INVESTIGACIÓN;NO CUENTA CON CAUSA ESPECIFICA;;NINGUNO
A-2023-06-52;14/06/2023;01:30;DESPISTE;DESPISTE SEGUIDO DE VOLCADURA ;1;0;VÍA TRANSVERSAL REGIONAL PUENTE HUAMBUTIO – ATALAYA. TRAMO PAUCARTAMBO – PILLCOPATA. ALTURA DEL KM. 142. SECTOR DENOMINADO SAN PEDRO – PILLCOPATA DEL DISTRITO DE KOSÑIPATA. PROVINCIA DE PAUCARTAMBO. DEPARTAMENTO DEL CUSCO. ;SECTOR SAN PEDRO;-13.0697255;-71.568227;DESPEJADO;IMPRUDENCIA DEL CONDUCTOR;EXCESO DE VELOCIDAD;;NINGUNO
A-2023-06-54;23/06/2023;22:37;ATROPELLO;ATROPELLO CON PROYECCION ;1;0;RED VIAL NACIONAL LONGITUDINAL  LA OROYA - PUENTE DESAGUADERO. TRAMO COMPRENDIDO  ENTRE CUSCO - POROY. ALTURA DEL KM. 956 200 SECTOR QANTUNNIYOC PATA  DEL DISTRITO DE POROY. PROVINCIA DE ANTA. DPTO. DEL CUSCO.;ALTURA DEL KM. 956 200 SECTOR QANTUNNIYOC;-13.496994;-72.037106;DESPEJADO;IMPRUDENCIA DEL PEATÓN;ESTADO DE EBRIEDAD Y/O DROGADICCIÓN;;NINGUNO
A-2023-06-55;06/06/2023;12:23;FERROVIARIO;ARROLLAMIENTO ;1;0;DE LA VIA FERREA  TRAMO CUSCO-SICUANI . SECTOR DE PARACCANI. KM 288 900;CURVA 327;-13.662979;-71.639333;DESPEJADO;IMPRUDENCIA DEL PEATÓN;CRUCE INDEBIDO POR LA CALZADA;;NINGUNO
A-2023-06-56;06/06/2023;00:50;VOLCADURA;VOLCADURA EN TONEL DERECHO;1;0;EN LA AVENIDA  CIRCUNVALACION. ALTURA DEL BARRIO  RESIDENTES PICHIHUANOS. PROVINCIA ESPINAR;BARRIO RESIDENTES PICHIHUANOS;-14.789314;-71.421632;DESPEJADO;IMPRUDENCIA DEL CONDUCTOR;EXCESO DE VELOCIDAD;;NINGUNO
A-2023-06-57;19/06/2023;08:30;ATROPELLO;-;1;0;CARRETERA FERNANDO BELAUNDE TERRY KM 494 452; ALTURA A LA PLAZA DE GANADO;-6.042893;-76.965481;DESPEJADO;IMPRUDENCIA DEL PEATÓN;OTRO (IMPRUDENCIA DEL PEATÓN);IMPRUDENCIA DEL PEATON;SE INVESTIGA
A-2023-06-58;28/06/2023;21:00;VOLCADURA;-;1;0;CARRETERA FERNANDO BELAUNDE TERRY KM 443 700;FRENTE AL MOLINO ALTOMAYO;-5.895687;-77.33009;DESPEJADO;IMPRUDENCIA DEL CONDUCTOR;OTRO (IMPRUDENCIA DEL CONDUCTOR);;
A-2023-06-59;14/06/2023;06:30;DESPISTE;-;2;1;CARRETERA DE CONEXION OTUZCO - CHARAT ALTURA DE LAS PAMPAS DE LOS JARDINES;-;-7.83871791;-78.47248786915065;DESPEJADO;NO IDENTIFICA LA CAUSA;;;