COD_ACCIDE;FechaDelAccidente;HoraDelAccidente;ClaseDelAccidente;SecuenciaAccidente;CantidadDeFallecidos;CantidadDeLesionados;Direccion;LugarReferencia;y;x;CondClimatica;CausaFactorPrincipal;CausaEspecifica;OtraCausa;Observaciones
A-2023-06-6;03/06/2023;21:35;CHOQUE FUGA;CONSECUENCIA FATAL;1;2;CARRETERA ILAVE-MAZOCRUZ KM 5;COMUNIDAD MAÑAZO;-16.120983;-69.641112;DESPEJADO;IMPRUDENCIA DEL CONDUCTOR;INVASIÓN DE CARRIL;;
A-2023-06-60;18/06/2023;16:30;CHOQUE CON OBJETO FIJO;VOLCADURA;1;0;AV. CIRCUNVALACION CDRA. 8 YUNGUYO;CDRA. 8;-16.2517237;-69.0908728;DESPEJADO;IMPRUDENCIA DEL CONDUCTOR;OTRO (IMPRUDENCIA DEL CONDUCTOR);EXCESO DE CONFIANZA ;
A-2023-06-61;15/06/2023;18:40;CHOQUE FUGA;-;1;0;CARRETERA PANAMERICANA NORTE ALTURA DEL KM. 575;-;-8.0994527;-79.0990956;DESPEJADO;NO IDENTIFICA LA CAUSA;;;
A-2023-06-62;28/06/2023;13:30;DESPISTE;DESPISTE SEGUIDO DE VOLCADURA;1;1;CARRETERA PITUMARCA - COMUNIDAD ANANISO KM.35.  SECTOR  DE ASACHAKRA.  DISTRITO DE PITUMARCA.  PROVINCIA DE CANCHIS - CUSC;SECTOR ASACKAKRA;-13.971587;-71.292346;DESPEJADO;IMPRUDENCIA DEL CONDUCTOR;FATIGA Y/O CANSANCIO;;NINGUNO
A-2023-06-63;18/06/2023;20:46;DESPISTE;VOLCADURA;3;2;CARRETERA BINACIONAL DESAGUADERO-MOQUEGUA;KM. 244;-16.66497719;-69.49539723914677;DESPEJADO;IMPRUDENCIA DEL CONDUCTOR;INVASIÓN DE CARRIL;;
A-2023-06-64;17/06/2023;21:00;CHOQUE FUGA;-;1;0;CARRETERA PANAMERICANA NORTE ALTURA DEL KM. 578;-;-8.047795;-79.08601;DESPEJADO;IMPRUDENCIA DEL CONDUCTOR;CONDUCIR EN ESTADO DE EBRIEDAD Y/O DROGADICCIÓN;;
A-2023-06-65;22/06/2023;07:10;ESPECIAL;APLASTAMIENTO;1;0;AV. COSTANERA CON PASAJE NUEVA SIMON BOLIVAR;CUADRA 10;-15.839253;-70.018109;DESPEJADO;NEGLIGENCIA DEL CONDUCTOR;OTRO (NEGLIGENCIA DEL CONDUCTOR);DEJAR ESTACIONADO SU VEHICULO CON EL MOTOR ENCENDIDO EN PUNTO NEUTRO Y SIN FRENOS;
A-2023-06-66;18/06/2023;07:40;CAÍDA DE PASAJERO;-;1;0;CALLE SIN NOMBRE ALTURA DE LA MZ. N4;-;-8.192137;-78.98095;DESPEJADO;NO IDENTIFICA LA CAUSA;;;
A-2023-06-67;25/06/2023;23:29;DESPISTE;CHOQUE Y VOLCADURA;1;2;CARRETERA PUNO-VILQUE;INGRESO A LA PLAZA DE ARMAS DE VILQUE;-15.76497509;-70.25278327320281;DESPEJADO;IMPRUDENCIA DEL CONDUCTOR;CONDUCIR EN ESTADO DE EBRIEDAD Y/O DROGADICCIÓN;;
A-2023-06-68;18/06/2023;19:00;CHOQUE;-;1;0;CARRETERA PANAMERICANA NORTE ALTURA DEL KM. 500;-;-8.564295;-78.673883;DESPEJADO;NO IDENTIFICA LA CAUSA;;;
A-2023-06-69;19/06/2023;12:00;ATROPELLO;-;1;0;INTERSECCION DE LA AV. MANUEL PRADO CON LA CA. 08 DE FEBRERO;-;-7.861692;-77.940957;DESPEJADO;IMPRUDENCIA DEL CONDUCTOR;GIRAR IMPRUDENTEMENTE;;
A-2023-06-7;04/06/2023;21:20;ATROPELLO;;1;1;CASERIO SANTA DOMINGITA - SANTIAGO ;A UNA CUADRA DE LA CAPILLA SANTA DOMINGUITA ;-14.272908;-75.672082;DESPEJADO;IMPRUDENCIA DEL CONDUCTOR;CONDUCIR EN ESTADO DE EBRIEDAD Y/O DROGADICCIÓN;;
A-2023-06-70;20/06/2023;00:30;DESPISTE;-;1;1;CARRETERA PANAMERICANA NORTE ALTURA DEL KM. 479;-;-8.6964019;-78.637656;DESPEJADO;IMPRUDENCIA DEL CONDUCTOR;INVASIÓN DE CARRIL;;
A-2023-06-71;21/06/2023;18:30;ATROPELLO;-;1;0;CALLE S/N ALTURA DE LA MZ A LT S1 BARRIO 1;-;-8.0688774;-79.0295039;DESPEJADO;NO IDENTIFICA LA CAUSA;;;
A-2023-06-72;22/06/2023;16:30;CHOQUE FUGA;-;1;0;CARRETER AL SECTOR AGUA BLANCA - SANAGORAN;-;-7.793990426;-78.12686916545017;DESPEJADO;NO IDENTIFICA LA CAUSA;;;
A-2023-06-73;22/06/2023;17:00;DESPISTE;-;1;0;CARRETERA DE ACCESO AL SECTOR LA LOMA COLORADA CON LIJADERO;-;-7.343829;-77.69442;DESPEJADO;NO IDENTIFICA LA CAUSA;;;
A-2023-06-74;24/06/2023;15:40;CHOQUE;-;3;0;CARRETERA HACIA OTUZCO ALTURA DEL SECTOR LA LOMA DEL VIENTO;-;-7.957534;-78.619513;DESPEJADO;NO IDENTIFICA LA CAUSA;;;
A-2023-06-75;27/06/2023;19:00;ATROPELLO FUGA;-;1;0;CARRETERA DE ACCESO AL SECTOR MACABI - PAIJAN RAZURI;-;-7.710862;-79.373634;DESPEJADO;NO IDENTIFICA LA CAUSA;;;
A-2023-06-76;29/06/2023;10:30;DESPISTE;-;1;0;CARRETERA DE ACCESO A CHAGUALITO;-;-7.834854401;-77.64278475023825;DESPEJADO;NO IDENTIFICA LA CAUSA;;;
A-2023-06-77;29/06/2023;09:40;DESPISTE;-;1;19;CARRETERA DE PENETRACION A LA SIERRA LIBERTEÑA ALTURA DEL KM. 144;-;-7.9943869;-78.3065265;DESPEJADO;NEGLIGENCIA DEL CONDUCTOR;CONDUCIR CON FALLAS DE SUSPENSIÓN;;
A-2023-06-78;30/06/2023;19:00;ATROPELLO FUGA;-;1;0;CARRETERA PANAMERICANA NORTE ALTURA DEL KM. 553;-;-8.203856;-78.959776;DESPEJADO;NO IDENTIFICA LA CAUSA;;;
A-2023-06-79;27/06/2023;16:30;CHOQUE;FRONTAL;1;0;CARRETERA CAPACHICA - COATA ;KM. 27;-15.5908471;-69.864261;DESPEJADO;IMPRUDENCIA DEL CONDUCTOR;INVASIÓN DE CARRIL;;
A-2023-06-8;05/06/2023;08:10;ATROPELLO;-;1;0;AV. PRINCIPAL LA SALCEDO ; A UNA CUADRA DEL ESTADIO EL ARENAL ;-14.094408;-75.705145;DESPEJADO;IMPRUDENCIA DEL CONDUCTOR;CONDUCIR EN ESTADO DE EBRIEDAD Y/O DROGADICCIÓN;;
A-2023-06-80;30/06/2023;19:30;CHOQUE;CONSECUENCIA FATAL;3;2;CARRETERA PANAMERICANA SUR PUNO-DESAGUADERO;KM. 1473 937;-16.3488161;-69.2406372;DESPEJADO;IMPRUDENCIA DEL CONDUCTOR;INVASIÓN DE CARRIL;;
A-2023-06-81;25/06/2023;23:30;CHOQUE;CHOQUE;1;2;CARRETERA PANAMERICANA SUR KM. 901;;-16.437011;-72.317559;DESPEJADO;NO IDENTIFICA LA CAUSA;;;SIN OBSERVACIONES
A-2023-06-82;27/06/2023;22:30;CHOQUE;CHOQUE DESPISTE Y VOLCADURA;1;10;CRUCE SORO-TAPAY;;-15.582881;-72.022953;;;;;
A-2023-06-83;03/06/2023;11:30;CHOQUE;FATAL;1;0;KM 124 CARRETERA CENTRAL OROYA HUANUCO;;-10.69441333;-76.22084291435928;DESPEJADO;IMPERICIA DEL CONDUCTOR;;;
A-2023-06-84;11/06/2023;10:00;CHOQUE;;1;0;AV. PACASMAYO CDRA 09;CRUCE CON LA CALLE ALBINO HERRERA FRENTE A LA MZ L LT 20;-12.0142975;-77.104825716;DESPEJADO;IMPRUDENCIA DEL CONDUCTOR;CONDUCIR EN ESTADO DE EBRIEDAD Y/O DROGADICCIÓN;;NINGUNO
A-2023-06-85;23/06/2023;10:00;CHOQUE;;1;0;AV. ELMER FAUCETT;ALTURA DEL PUENTE COLONIAL;-12.05351154;-77.0980031702465;DESPEJADO;EN PROCESO DE INVESTIGACIÓN;NO CUENTA CON CAUSA ESPECIFICA;;INFORME PRELIMINAR EN  FISCALIA 
A-2023-06-86;08/06/2023;18:30;ATROPELLO;;1;0;AV. NESTOR GAMBETTA CON AV. ATALAYA;;-12.04461623;-77.126587086002;DESPEJADO;IMPRUDENCIA DEL PEATÓN;OTRO (IMPRUDENCIA DEL PEATÓN);INGRESO A LA CALZADA PRETENDIENDO SUBIR A LA UT-1 POR EL LADO DERECHO.;SIN OBSERVACIONES 
A-2023-06-87;02/06/2023;18:30;DESPISTE;VOLCADURA ;1;0;KM 146 100;DESVIO AJOYANI;-14.26894161;-70.24374956769704;DESPEJADO;IMPRUDENCIA DEL CONDUCTOR;FATIGA Y/O CANSANCIO;;NINGUNA
A-2023-06-88;07/06/2023;20:30;CHOQUE;VOLCADURA;1;1;AV CIRCUNVALACION ;-;-15.486437;-70.142996;DESPEJADO;IMPRUDENCIA DEL CONDUCTOR;NO ESTABLECER EL DERECHO DE PASO;;NINGUNA 
A-2023-06-89;09/06/2023;09:30;ATROPELLO;-;1;0;AV INDEPENDENCIA ;SALIDA CUSCO;-15.471592;-70.137529;DESPEJADO;IMPRUDENCIA DEL PEATÓN;CRUCE INDEBIDO POR LA CALZADA;;NINGUNA 
A-2023-06-90;10/06/2023;22:10;DESPISTE;-;1;0;AV NUEVA ZELANDA;-;-15.487217;-70.150391;DESPEJADO;IMPRUDENCIA DEL CONDUCTOR;FATIGA Y/O CANSANCIO;;NINGUNA
A-2023-06-91;21/06/2023;19:20;CHOQUE;-;1;1;JR MOQUEGUA;-;-15.48854;-70.122023;DESPEJADO;IMPRUDENCIA DEL CONDUCTOR;EXCESO DE VELOCIDAD;;NINGUNA 
A-2023-06-92;13/06/2023;09:00;CHOQUE;;1;0;AV. NESTOR GAMBETTA ;ALTURA DE LA EMPRESA TRUPAL S.A.;-11.94697513;-77.1315834711881;DESPEJADO;EN PROCESO DE INVESTIGACIÓN;NO CUENTA CON CAUSA ESPECIFICA;;SIN OBSERVACION 
A-2023-06-93;07/06/2023;17:35;CHOQUE;VOLCADURA;1;0;KM 06 130;-;-14.39200799;-69.69811530927215;DESPEJADO;IMPRUDENCIA DEL CONDUCTOR;INVASIÓN DE CARRIL;;NINGUNA 
A-2023-06-94;01/06/2023;01:30;DESPISTE;-;3;0;KM 122 200;-;-14.45016003;-70.26022634739518;DESPEJADO;IMPRUDENCIA DEL CONDUCTOR;EXCESO DE VELOCIDAD;;NINGUNA 
A-2023-06-95;17/06/2023;20:00;CHOQUE;VOLVCADURA ;1;0;AV INDEPENDENCIA ;SALIDA CUSCO ;-15.47042057;-70.13776478505466;DESPEJADO;IMPRUDENCIA DEL CONDUCTOR;CONDUCIR EN ESTADO DE EBRIEDAD Y/O DROGADICCIÓN;;NINGUNA 
A-2023-06-96;29/06/2023;15:40;DESPISTE;HACIA EL NORTE;1;1;RED VIAL NACIONAL TRANVERSAL CHALLHUAHUACHO - AYAVIRI. TRAMO PUENTE SALADO - OCORURO.;SECTOR HUANCANE BAJO;-14.83279127;-71.31109441131858;DESPEJADO;IMPRUDENCIA DEL CONDUCTOR;EXCESO DE VELOCIDAD;;NINGUNO
A-2023-06-97;25/06/2023;20:15;CHOQUE;;1;0;AV. CONFRATERNIDAD ;GRIFO PDFS;-13.658634;-73.409785;DESPEJADO;IMPRUDENCIA DEL CONDUCTOR;CONDUCIR EN ESTADO DE EBRIEDAD Y/O DROGADICCIÓN;;ASUME LA INVESTIGACION LA UPIAT ANDAHUAYLAS, EL 08JUL2023 A RAZON DEL FALLECIMIENTO EL CONDUCTOR DEL VEHICULO MENOR PARTICIPANTE DEL ACCIDENTE.
A-2023-06-98;01/06/2023;15:31;ATROPELLO;ATROPELLO;1;0;INTERIOR DEL TERMINAL EMPRESA GUADALUPE ;TERMIANAL EMPRESA GUADALUPE ;-5.206175114;-80.57738947211203;DESPEJADO;IMPRUDENCIA DEL CONDUCTOR;NO DAR PASO PREFERENTE AL PEATÓN;;
A-2023-06-99;19/06/2023;20:20;CHOQUE;CAIDA, DESPISTE Y VOLCADURA;1;0;AV. PROLONGACION SANCHEZ CERRO;ALTURA DEL LOCAL INKA FERRO;-5.1777574;-80.669671;DESPEJADO;IMPRUDENCIA DEL CONDUCTOR;CONDUCIR EN ESTADO DE EBRIEDAD Y/O DROGADICCIÓN;;
A-2023-07-1;29/05/2022;05:30;CHOQUE;VOLCADURA;1;1;K.M 2.500;CARRETERA IQUITOS - NAUTA.;-3.7768307;-73.2981257;DESPEJADO;IMPRUDENCIA DEL CONDUCTOR;INVASIÓN DE CARRIL;;NINGUNA
A-2023-07-10;06/07/2023;11:30;DESPISTE;-;1;2;CARRETERA PANAMERICANA NORTE ALTURA DEL KM. 554.8;-;-8.194049;-78.972105;DESPEJADO;NO IDENTIFICA LA CAUSA;;;"DISPOSICION DE ARCHIVO N° 001., DE FECHA 10 DE OCTUBRE DEL 2023, ARCHIVAR LA PRESENTE INVESTIGACION CONTRA LOS QUE RESULTEN RESPONSABLES POR EL DELITO CONTRA LA VIDA, EL CUERPO Y LA SALUD EN LA MODALIDAD DE HOMICIDIO CULPOSO EN AGRAVIO DE OSWALDO MERLY ORBEGOSO CASTILLO; CONSENTIDA Y/O CONFIRMADA QUE FUESE LA PRESENTE DISPOSICION, ARCHIVESE EN EL MODO Y FORMA DE LEY; NOTIFIQUESE A LA PARTE AGRAVIADA. HACIENDOSE PRESENTE QUE DE CONFORMIDAD CON LO ESTABLECIDO POR EL ARTICULO 334 INCISO 5 DEL CODIGO PROCESAL PENAL, TIENE UN PLAZO DE CINCO DIAS, A PARTIR DE LA NOTIFICACION, PARA INTERPONER QUEJA DE DERECHO A FIN DE ELEVARSE LOS AUTOS AL FISCAL SUPERIOR COMPETENTE.  DRA MARTHA GEMALY ROSALES ECHEVARRIA FISCAL PROVINCIAL TITULAR DE LA 3RA FPPCT"
A-2023-07-100;03/07/2023;09:00;ATROPELLO;--;1;0;JR HEROES DEL PACIFICO ;MERCADO DE ANANEA ;-14.678106;-69.534111;DESPEJADO;IMPRUDENCIA DEL CONDUCTOR;CONDUCIR EN SENTIDO CONTRARIO;;NINGUNA 
A-2023-07-101;08/07/2023;16:00;CHOQUE;VOLCADURA;1;0;KM 284 995;-;-15.56248909;-70.24074548293383;DESPEJADO;IMPRUDENCIA DEL CONDUCTOR;INVASIÓN DE CARRIL;;NINGUNA 
A-2023-07-103;09/07/2023;17:40;DESPISTE;;2;0;KM 1321 800;-;-15.5492753;-70.1088494;DESPEJADO;IMPRUDENCIA DEL CONDUCTOR;CONDUCIR EN ESTADO DE EBRIEDAD Y/O DROGADICCIÓN;;NINGUNA 
A-2023-07-104;10/07/2023;05:40;ATROPELLO;ARRASTRE;1;0;KM 1320 960;-;-15.5419721;-70.1119631;DESPEJADO;IMPRUDENCIA DEL CONDUCTOR;EXCESO DE VELOCIDAD;;NINGUNA 
A-2023-07-105;12/07/2023;22:15;VOLCADURA;-;1;0;TROCHA SINA KORIWACA;-;-14.553848;-69.293572;DESPEJADO;IMPRUDENCIA DEL CONDUCTOR;EXCESO DE VELOCIDAD;;NINGUNA 
A-2023-07-106;13/07/2023;20:00;CHOQUE;DESPISTE ;1;0;KM 12 940;GRIFO KOJELA ;-15.4064452;-70.0655803;DESPEJADO;IMPRUDENCIA DEL CONDUCTOR;NO ENCENDER LAS LUCES;;NINGUNA 
A-2023-07-107;13/07/2023;08:30;CHOQUE;PROYECCION ;1;2;KM 01 41;COTAPATA;-15.21812414;-69.77791930794945;DESPEJADO;IMPRUDENCIA DEL CONDUCTOR;INVASIÓN DE CARRIL;;NINGUNA 
A-2023-07-108;17/07/2023;02:00;VOLCADURA;CAIDA DE CONDUCTOR ;1;0;SECTOR ARCO PUNCO ;SECTOR ÑACARI ;-14.21183462;-69.16513602539725;DESPEJADO;IMPRUDENCIA DEL CONDUCTOR;EXCESO DE VELOCIDAD;;NINGUNA 
A-2023-07-109;17/07/2023;11:45;CHOQUE;-;1;0;KM 07 700;TIRAPATA;-14.990365;-70.3610238;DESPEJADO;IMPRUDENCIA DEL CONDUCTOR;OTRO (IMPRUDENCIA DEL CONDUCTOR);FALLA MECANICA;FALLA MECANICA 
A-2023-07-11;06/07/2023;13:50;DESPISTE;-;1;0;CARRETERA DE PENETRACION A LA SIERRA LIBERTEÑA ALTURA DEL KM. 62;-;-7.960285;-78.631749;DESPEJADO;NO IDENTIFICA LA CAUSA;;;
A-2023-07-110;30/07/2023;04:30;CHOQUE;SUBSECUENTE MUERTE Y FUGA DEL CONDUCTOR DEL VEHICULO MAYOR;1;1;CARRETERA IQUITOS NAUTA KM 6 800;LADO ESTE DE LA CARRETERA ;-3.831202;-73.3282947;DESPEJADO;NO IDENTIFICA LA CAUSA;;;AUN SE ENCUENTRA EN PROCESO INVESTIGATORIO
A-2023-07-111;30/07/2023;02:30;DESPISTE;;13;17;CARRETERA BELAUNDE TERRY ;ALTURA DEL KM 37 350;-5.88354;-79.5367939;DESPEJADO;IMPRUDENCIA DEL CONDUCTOR;EXCESO DE VELOCIDAD;;
A-2023-07-112;19/07/2023;19:10;ATROPELLO FUGA;-;1;0;KM 99 950;SECTOR TIQUI TIQUI;-15.18746265;-69.58667081619853;DESPEJADO;IMPRUDENCIA DEL CONDUCTOR;OTRO (IMPRUDENCIA DEL CONDUCTOR);FALTA DE UNO DE LOS ELEMENTOS FUGADO ;NINGUNA 
A-2023-07-113;21/07/2023;20:30;CHOQUE;CAIDA DE CONDUCTOR ;1;1;KM 10 51;LAMPA CABANILLAS;-15.46298073;-70.35911939377426;DESPEJADO;NEGLIGENCIA DEL CONDUCTOR;OTRO (NEGLIGENCIA DEL CONDUCTOR);NEGLIGENCIA DE LOS PADRES ;NINGUNA 
A-2023-07-114;21/07/2023;04:00;ATROPELLO;ARRASTRE;1;0;KM 1302 276;CUSCO JULIACA;-15.4003079;-70.1533852;DESPEJADO;IMPRUDENCIA DEL PEATÓN;CRUCE INDEBIDO POR LA CALZADA;;NINGUNA 
A-2023-07-115;31/07/2023;13:00;DESPISTE;DESPISTE SEGUIDO DE VOLCADURA ;1;6;CARRETERA CUSCO - LA CONVENCION SECTOR CANCHAYOC;SECTOR CANCHAYOC;-13.132637;-72.313473;DESPEJADO;IMPRUDENCIA DEL CONDUCTOR;FATIGA Y/O CANSANCIO;;NINGUNO
A-2023-07-118;30/07/2023;15:00;CHOQUE;-;1;0;KM 81 900;-;-14.7224841;-70.3612001;DESPEJADO;IMPRUDENCIA DEL CONDUCTOR;EXCESO DE VELOCIDAD;;NINGUNA 
A-2023-07-12;10/07/2023;03:00;DESPISTE;-;1;0;CARRETERA PANAMERICANA NORTE ALTURA DEL KM. 702.5;-;-7.2710136;-79.4791791;DESPEJADO;IMPRUDENCIA DEL CONDUCTOR;CONDUCIR EN ESTADO DE EBRIEDAD Y/O DROGADICCIÓN;;
A-2023-07-123;01/07/2023;05:30;ATROPELLO FUGA;;1;0;AV. 26 DE NOVIEMBRE CDRA.27;;-12.17406405;-76.91577526;DESPEJADO;EN PROCESO DE INVESTIGACIÓN;NO CUENTA CON CAUSA ESPECIFICA;;
A-2023-07-124;01/07/2023;10:40;ATROPELLO;;1;0;AV. LA PAZ CDRA.02 ALTRA. DE LA CALLE LAS ROSAS;;-12.08921167;-77.08538817;DESPEJADO;EN PROCESO DE INVESTIGACIÓN;NO CUENTA CON CAUSA ESPECIFICA;;
A-2023-07-125;02/07/2023;02:30;CHOQUE CON OBJETO FIJO;DESPISTEL VOLCADURA Y CAÍDA FATAL;1;0;CALLE 5 DE AGOSTO ;ALTRA. MZ. A FRENTE AL LOTE 6;-12.00521106;-77.08052456;DESPEJADO;EN PROCESO DE INVESTIGACIÓN;NO CUENTA CON CAUSA ESPECIFICA;;
A-2023-07-126;02/07/2023;23:30;ATROPELLO FUGA;FATAL;1;0;CARRETERA PANAMERICANA SUR KM. 26.300 ;ALTRA. PTE. CONCHAN;-12.25793256;-76.91872174565239;DESPEJADO;EN PROCESO DE INVESTIGACIÓN;NO CUENTA CON CAUSA ESPECIFICA;;
A-2023-07-127;02/07/2023;23:00;ATROPELLO;FATAL;1;0;CARRETERA CENTRAL KM. 9.600;;-12.017291;-76.897926;DESPEJADO;IMPRUDENCIA DEL PEATÓN;OTRO (IMPRUDENCIA DEL PEATÓN);ACCION DEL CONDUCTOR NO ADOPTAR MEDIDAS DE SEGURIDAD Y PRECAUCIÓN;
A-2023-07-128;04/07/2023;18:30;ATROPELLO;;1;0;AV. DEFENSORES DEL MORRO;REF. ALT. AV. CALLE CESAR VALLEJO;-12.19904625;-76.9973279;DESPEJADO;IMPRUDENCIA DEL PEATÓN;OTRO (IMPRUDENCIA DEL PEATÓN);IMPRUDENCIA DEL CONDUCTOR;
A-2023-07-129;05/07/2023;10:40;ATROPELLO;FATAL;1;0;AV. HUANUCO CDRA. 11 ;;-12.05792276;-77.0172660988245;DESPEJADO;EN PROCESO DE INVESTIGACIÓN;NO CUENTA CON CAUSA ESPECIFICA;;
A-2023-07-13;12/07/2023;07:30;CHOQUE;FATAL;2;4;CARRETERA PUNO-DESAGUADERO;KM. 1439 370;-16.2239721;-69.4623816;DESPEJADO;IMPRUDENCIA DEL CONDUCTOR;EXCESO DE VELOCIDAD;;
A-2023-07-130;06/07/2023;05:50;ATROPELLO;FATAL;1;0;AV. TUPAC AMARU KM. 20.500 CDRA 34;;-11.871983;-77.014637;DESPEJADO;EN PROCESO DE INVESTIGACIÓN;NO CUENTA CON CAUSA ESPECIFICA;;
A-2023-07-131;06/07/2023;17:00;ATROPELLO;DESPISTE, VOLCADURA Y CAÍDA;1;1;AV. GERARDO UNGER CDRA.10 INTERSERCCION CON PSJE. EL ANGEL;;-12.01505771;-77.05182867;DESPEJADO;EN PROCESO DE INVESTIGACIÓN;NO CUENTA CON CAUSA ESPECIFICA;;INTERSECCIÓN CON SEMÁFOROS
A-2023-07-132;08/07/2023;21:30;VOLCADURA;CAÍDA;1;0;AV. PROCERES DE LA INDEPENDENCIA C-10. ALT INTERSECCION CON AV PIRAMIDE DEL SOL;;-12.01751258;-77.00214591;DESPEJADO;EN PROCESO DE INVESTIGACIÓN;NO CUENTA CON CAUSA ESPECIFICA;;
A-2023-07-133;09/07/2023;01:30;ATROPELLO;FATAL;1;0;AV. LOS JARDINES OESTE FRENTE AL INMUEBLE N°362;LA HUAYRONA;-12.0082432;-77.01052566985119;DESPEJADO;IMPRUDENCIA DEL CONDUCTOR;OTRO (IMPRUDENCIA DEL CONDUCTOR);CONTRIBUTIVA IMPRUDENCIA DEL PEATÓN;
A-2023-07-134;09/07/2023;07:45;DESPISTE;CHOQUE Y VOLCADURA FATAL;5;28;AV. REVOLUCIÓN 7MA ZONA COLLIQUE;INICIO DE PASAMAYIYO ALT CASETA SERENAZGO;-11.91279662;-77.0033858;DESPEJADO;NO IDENTIFICA LA CAUSA;;;DILIGENCIA EN LA FISCALIA
A-2023-07-135;12/07/2023;02:45;DESPISTE;CHOQUE;1;1;CARRETERA PANAMERICANA NORTE KM 17.200;ALT PNTE PURINA;-11.98102547;-77.06550025297803;DESPEJADO;EN PROCESO DE INVESTIGACIÓN;NO CUENTA CON CAUSA ESPECIFICA;;
A-2023-07-136;01/07/2023;22:30;ATROPELLO;;1;0;CARRETERA PANAMERICANA SUR ALTURA PUENTE PRIMAVERA ;REF. AV. MORRO SOLAR CUADRA 01;-12.11145463;-76.97827634;DESPEJADO;EN PROCESO DE INVESTIGACIÓN;NO CUENTA CON CAUSA ESPECIFICA;;
A-2023-07-137;12/07/2023;20:30;DESPISTE;CHOQUE Y VOLCADURA;1;0;AV. MARIA REICHE ;ALT. DEL DISTRITO VILLA EL SALVADOR;-12.23976275;-76.91212091224831;DESPEJADO;EN PROCESO DE INVESTIGACIÓN;NO CUENTA CON CAUSA ESPECIFICA;;
A-2023-07-138;13/07/2023;00:40;CHOQUE FUGA;VOLCADURA Y CAÍDA;1;0;AV. JOSE SACO ROJAS Y AV METROPOLITANA ;ALT PDRO HARAS;-11.86219135;-77.05585282;DESPEJADO;EN PROCESO DE INVESTIGACIÓN;NO CUENTA CON CAUSA ESPECIFICA;;
A-2023-07-139;13/07/2023;22:10;ATROPELLO;;1;0;AV. PACHACUTEC ;ALT. PARADERO G;-12.22118669;-76.92032899;DESPEJADO;IMPRUDENCIA DEL CONDUCTOR;OTRO (IMPRUDENCIA DEL CONDUCTOR);CONTRIBUTIVA IMPRUDENCIA DEL PEATÓN (CRUCE INDEBIDO DE LA CALZADA);
A-2023-07-14;10/07/2023;09:00;VOLCADURA;;1;0;SECTOR CANCHA PUCRO - C.P. CCACCE ;;-13.781952;-73.41439;DESPEJADO;NEGLIGENCIA DEL CONDUCTOR;OTRO (NEGLIGENCIA DEL CONDUCTOR);NO CONTAR CON DOCUMENTACION QUE CERTIFIQUE LA OPERACION DE LA MAQUINARIA ;
A-2023-07-140;14/07/2023;09:20;CHOQUE;VOLCADURA Y CAÍDA;1;0;AV. UNIVERSITARIA CDRA 17;;-12.06746168;-77.07770363;DESPEJADO;IMPRUDENCIA DEL CONDUCTOR;OTRO (IMPRUDENCIA DEL CONDUCTOR);CONTRIBUTIVA: DETERMINANTE;
A-2023-07-141;16/07/2023;03:50;CHOQUE;VOLCADURA, CAÍDA Y DESPISTE;1;0;INTERSECCIÓN DE LA AV. PROLONGACION ARICA C-20 Y AV. NACIONES UNIDAS C- 17;;-12.05411824;-77.06161635;DESPEJADO;EN PROCESO DE INVESTIGACIÓN;NO CUENTA CON CAUSA ESPECIFICA;;
A-2023-07-142;18/07/2023;14:30;ATROPELLO;FATAL;1;0;INTERSECCION DE LA AV. PERU CON EL JR. HUANCAYO;;-12.0304736;-77.0897219;DESPEJADO;NO IDENTIFICA LA CAUSA;;;DILIGENCIA EN FISCALÍA
A-2023-07-143;21/07/2023;05:50;CHOQUE;VOLCADURA Y CAÍDA;1;0;INTERSECCION DE AV. VICTOR MALASQUEZ CON CALLE  61;;-12.11591772;-76.87325995;DESPEJADO;EN PROCESO DE INVESTIGACIÓN;NO CUENTA CON CAUSA ESPECIFICA;;
A-2023-07-144;22/07/2023;19:30;ATROPELLO;FATAL;1;0;CARRETERA PANAMERICANA SUR KM. 45.500 ;ALTRA. PEAJE PTA. NEGRA;-12.368523;-76.787539;DESPEJADO;IMPRUDENCIA DEL PEATÓN;OTRO (IMPRUDENCIA DEL PEATÓN);CONTRIBUTIVA IMPRUDENCIA DEL CONDUCTOR;
A-2023-07-145;22/07/2023;20:30;ATROPELLO;FATAL;1;0;AV. TUPAC AMARU CDRA. 28;;-11.87928921;-77.01916338;DESPEJADO;EN PROCESO DE INVESTIGACIÓN;NO CUENTA CON CAUSA ESPECIFICA;;
A-2023-07-146;22/07/2023;21:10;CHOQUE;VOLCADURA, CAÍDA Y FUGA DE CONDUCTOR;1;0;AV. CIRCUNVALACION DEL GOLF CON LOS INCAS;FTE A LA PUERTA COLEGIO LA RECOLETA;-12.07604295;-76.96193408;DESPEJADO;EN PROCESO DE INVESTIGACIÓN;NO CUENTA CON CAUSA ESPECIFICA;;
A-2023-07-147;23/07/2023;04:40;ATROPELLO;;1;0;CARRETERA PANAMERICANA NORTE KM. 14.800 ALTRA. AV. CARLOS IZAGUIRRE;;-12.00245;-77.062072;DESPEJADO;EN PROCESO DE INVESTIGACIÓN;NO CUENTA CON CAUSA ESPECIFICA;;
A-2023-07-148;25/07/2023;14:00;DESPISTE;VOLCADURA, CAÍDA DE PASAJERO;1;0;VIA EVITAMIENTO KM. 04 ;ALTRA. PTE PEAT. PERU JAPON;-12.03025778;-76.9939365;DESPEJADO;EN PROCESO DE INVESTIGACIÓN;NO CUENTA CON CAUSA ESPECIFICA;;