COD_ACCIDE;FechaDelAccidente;HoraDelAccidente;ClaseDelAccidente;SecuenciaAccidente;CantidadDeFallecidos;CantidadDeLesionados;Direccion;LugarReferencia;y;x;CondClimatica;CausaFactorPrincipal;CausaEspecifica;OtraCausa;Observaciones
A-2023-07-149;25/07/2023;14:30;ATROPELLO;CHOQUE FATAL;1;0;INTERSECCION DE LA AV. PRINCIPAL CON  CALLE 5;;-12.19279072;-77.01958017;DESPEJADO;EN PROCESO DE INVESTIGACIÓN;NO CUENTA CON CAUSA ESPECIFICA;;
A-2023-07-15;12/07/2023;18:40;ATROPELLO FUGA;FATAL;1;0;CARRETERA PUNO-DESAGUADERO;KM. 20;-15.90153223;-69.88841594055835;DESPEJADO;NO IDENTIFICA LA CAUSA;;;FALTA DE UN ELEMENTO ( VEHICULO)
A-2023-07-150;26/07/2023;07:40;CHOQUE;VOLCADURRA, CAÍDA Y APLASTAMIENTO;1;0;AV. CONDORCANQUI CDRA 12 (ALT GRIFO39);;-11.88595174;-77.03517614;DESPEJADO;EN PROCESO DE INVESTIGACIÓN;NO CUENTA CON CAUSA ESPECIFICA;;
A-2023-07-151;27/07/2023;11:30;ATROPELLO FUGA;;1;0;CALLE LOS GLADIOLOS ;ALTRA. VIV. LAS VIÑAS DE CARABAYLLO;-11.88194414;-77.05194375;DESPEJADO;EN PROCESO DE INVESTIGACIÓN;NO CUENTA CON CAUSA ESPECIFICA;;
A-2023-07-152;27/07/2023;11:10;DESPISTE;;1;0;BYPASS DE LA PANAMERICANA SUR ; INGRESO AL DISTRITO DE VILLA EL SALVADOR;-12.19210476;-76.97262969;DESPEJADO;NO IDENTIFICA LA CAUSA;;;EN FISCALIA
A-2023-07-153;29/07/2023;06:00;ATROPELLO FUGA;FATAL;1;0;AV. MICAELA BASTIDAS CDRA 5;;-12.1963004;-76.95351318;DESPEJADO;EN PROCESO DE INVESTIGACIÓN;NO CUENTA CON CAUSA ESPECIFICA;;
A-2023-07-154;29/07/2023;22:30;CHOQUE;VOLCADURA Y CAÍDA FATAL;2;0;VIA EVITAMIENTO KM. 03.956;;-12.091023;-76.980921;DESPEJADO;EN PROCESO DE INVESTIGACIÓN;NO CUENTA CON CAUSA ESPECIFICA;;
A-2023-07-155;28/07/2023;03:30;DESPISTE;DESPISTE Y VOLCADURA ;1;0;AV. RAUL MATTA LA CRUZ ;ALTURA DE LA CALLE 2;-5.164166;-80.647215;DESPEJADO;;;;
A-2023-07-156;30/07/2023;03:40;ATROPELLO;ATROPELLO Y FUGA ;1;0;RED VIAL DEPARTAMENTAL TRAMO DE LA CARRETERA SECHURA PARACHIQUE ;ALTURA DEL COLEGIO 14085 CALETA COSTANTE ;-5.677236309;-80.8491431991328;DESPEJADO;;;;
A-2023-07-157;06/07/2023;07:35;DESPISTE;SEGUIDO DE VOLCADURA;1;1;AV. SANTA ROSA;CARRETERA DE PENETRACION AL CASERIO DE SANTA ROSA A LA ALTURA DE LA I.E. SANTA ROSA;-8.305196;-74.617327;DESPEJADO;NEGLIGENCIA DEL CONDUCTOR;CONDUCIR CON FALLAS DE FRENOS;;CONDUCTORA CONDUCIA SU UNIDAD MOBIL CON LOS FRENOS INOPERATIVOS Y DEFICIENTES, DESCONOCE LAS REGLAS Y NORMAS DE TRANSITO AL NO SER TITULAR DE UNA LICENCIA DE CONDUCIR.
A-2023-07-158;16/07/2023;23:40;DESPISTE;CAIDA Y VOLCADURA;1;0;CARRETERA CENTRAL OROYA - AYACUCHO ;KM 236;-12.5010409;-74.72031999;DESPEJADO;EN PROCESO DE INVESTIGACIÓN;NO CUENTA CON CAUSA ESPECIFICA;;
A-2023-07-159;22/07/2023;23:45;DESPISTE;VOLCADURA;1;2;CARRETERA CENTRAL AYACUCHO - LA OROYA KM 188;KM 188;-12.37730944;-75.04829933967022;DESPEJADO;NO IDENTIFICA LA CAUSA;;;EN INVESTIGACION
A-2023-07-16;10/07/2023;17:30;ATROPELLO FUGA;;1;0;SECTOR CHILPA ;;-15.630471;-71.807162;DESPEJADO;EN PROCESO DE INVESTIGACIÓN;NO CUENTA CON CAUSA ESPECIFICA;;SIN OBSERVACIONES
A-2023-07-160;28/07/2023;20:20;CHOQUE CON OBJETO FIJO;;1;3;CARRETERA AYACUCHO - LA OROYA;KM 188 100;-12.37830073;-75.0485996535858;DESPEJADO;EN PROCESO DE INVESTIGACIÓN;NO CUENTA CON CAUSA ESPECIFICA;;INVESTIGACION
A-2023-07-161;30/07/2023;19:23;DESPISTE;VOLCADURA;1;0;CENTRO POBLADO CASAY TOMAYLLA;REF. ALTURA DEL PRIMER TUNEL KM 28 680;-12.480327;-74.823946;DESPEJADO;EN PROCESO DE INVESTIGACIÓN;NO CUENTA CON CAUSA ESPECIFICA;;EN INVESTIGACION
A-2023-07-162;02/07/2023;11:45;DESPISTE;Y VOLCADURA ;1;2;PARAJE CALASIHA CARRETERA PACCHA A LA UNION - SAPALLANGA ;;-12.13982542;-75.1079038834663;SOLEADO;IMPRUDENCIA DEL CONDUCTOR;OTRO (IMPRUDENCIA DEL CONDUCTOR);"ROMPIMIENTO FORTUITO DE LA BASE DEL PENAL DE FRENO; LO CUAL NO PERMITIO EL FUNCIONAMIENTO CORECTO DEL SISTEMADE FRENOS";NINGUNO
A-2023-07-163;03/07/2023;05:40;ATROPELLO;;1;0;CARRETERA CENTRAL LA OROYA - HUANCAYO MARGEN IZQUIERDA KM. 112 500 ;MEDIA CUADRA DEL OVALO HUALLHUAS;-11.9797736;-75.2638076;DESPEJADO;IMPRUDENCIA DEL PEATÓN;CRUCE INDEBIDO POR LA CALZADA;;NINGUNO
A-2023-07-164;18/07/2023;18:30;ATROPELLO FUGA;CHOQUE;1;0;AV. 9 DE OCTUBRE INTERSECCION CON EL JR. MARIA PARADO DE BELLIDO;;-12.08168;-75.24747;DESPEJADO;NO IDENTIFICA LA CAUSA;;;LA FALTA DE UNO DE LOS ELEMENTOS DE TRASITO PARTICIUPANTE NO PERMITE DETERMINAR FEHACIENTEMENTE LAS CAUSAS QUE MOTIVARON LA PRODUCCION DEL SUSCESO
A-2023-07-165;31/07/2023;15:10;DESPISTE;VOLCADURA Y SUMERSION;2;6;CARRETERA CENTRAL LA OROYA - HUANCAYO KM. 63 200;;-11.78372;-75.57095;DESPEJADO;IMPRUDENCIA DEL CONDUCTOR;FATIGA Y/O CANSANCIO;;NINGUNO
A-2023-07-166;31/07/2023;06:00;ATROPELLO FUGA;;1;0;CARRETERA CENTRAL LA OROYA - HUANCAYO KM. 80;;-11.789064;-75.477722;DESPEJADO;NO IDENTIFICA LA CAUSA;;;LA FALTA DE UNO DE LOS ELEMENTOS DEL TRANSITO NO PERMITE DETERMINAR FEHACIENTEMENTE LAS CAUSAS QUE MOTIVARON LA PRODUCCION DEL SUSCESO
A-2023-07-167;08/07/2023;05:30;ATROPELLO;MUERTE Y DAÑOS MATERIALES ;1;0;VIA LOS LIBERTADORES;ANEXO SAN LUCAS;-13.32054575;-74.35264164599063;DESPEJADO;IMPRUDENCIA DEL CONDUCTOR;EXCESO DE VELOCIDAD;;VELOCIDAD ENCIMA DE LOS LIMITES PERMITIDOS
A-2023-07-168;30/07/2023;04:00;DESPISTE;VOLCADURA;5;5;CARRETERA PONGOCOCHA PONTURCO;;-13.793413;-73.84895;DESPEJADO;IMPRUDENCIA DEL CONDUCTOR;OTRO (IMPRUDENCIA DEL CONDUCTOR);EXCESO DE CONFIANZA DEL CONDUCTOR;CONDUCTOR MANEJABA CON EXCESO DE CONFIANZA
A-2023-07-169;26/07/2023;19:40;DESPISTE;VOLCADURA;2;1;CARRETERA AYACUCHO - SAN FRANCISCO;LUGAR DENOMINADO CCANO;-12.76361948;-74.00480741814614;NIEBLA;INFRAESTRUCTURA Y ENTORNO VIAL;FACTOR AMBIENTAL;;NEBLINA ABUNDANTE
A-2023-07-17;09/07/2023;02:30;VOLCADURA;-;1;0;JIRON MIRAFLORES CDRA. N° 02 MOYOBAMBA;FRONTIS DE HELADERÍA YAMBOLI;-6.036805;-76.98065;DESPEJADO;IMPRUDENCIA DEL CONDUCTOR;OTRO (IMPRUDENCIA DEL CONDUCTOR);;
A-2023-07-170;01/07/2023;11:00;ATROPELLO;MUERTE Y DAÑOS MATERIALES;1;0;JR. GONZALES VIGIL;2DA CUADRA;-12.9428217;-74.2459397;DESPEJADO;IMPRUDENCIA DEL CONDUCTOR;EXCESO DE VELOCIDAD;;VIA EN BUEN ESTADO Y LIMPIA EN BUEN ESTADO DE USO Y CONSERVACION
A-2023-07-171;29/07/2023;15:40;DESPISTE;VOLCADURA;1;5;VIA CARROZABLE PUTICA CANGALLO;;-13.6058593;-74.1387439;DESPEJADO;IMPRUDENCIA DEL CONDUCTOR;OTRO (IMPRUDENCIA DEL CONDUCTOR);SIN ESPECIFICAR;CURVA SINUOSA
A-2023-07-172;31/07/2023;13:00;DESPISTE;VOLCADURA;1;4;CARRETERA AYACUCHO SAN FRANCISCO;CCANO;-12.76363517;-74.00484499669408;DESPEJADO;NEGLIGENCIA DEL CONDUCTOR;CONDUCIR CON FALLAS DE FRENOS;;LA CONFIGURACION DE LA VIA ES PENDIENTE EN LINEA RECTA
A-2023-07-173;05/07/2023;15:30;DESPISTE;VOLCADURA Y PRECIPITACION ;1;1;VIA CARROZABLE POTONGO CHILCAYOC;;-13.933434;-73.754059;DESPEJADO;IMPRUDENCIA DEL CONDUCTOR;FATIGA Y/O CANSANCIO;;CONDUCTOR SIN HABER DESCANSADO LA HORAS ADECUADAS
A-2023-07-174;29/07/2023;16:00;VOLCADURA;CHOQUE;1;0;LAVADERO LA CURVA;;-12.9496951;-74.01757465344146;DESPEJADO;NEGLIGENCIA DEL CONDUCTOR;CONDUCIR CON FALLAS DE FRENOS;;FALLAS EN FRENO AUNADO AL EXCESO DE VELOCIDAD
A-2023-07-177;06/07/2023;02:00;DESPISTE;DESPISTE;1;1;AV. ARTESANAL;FRONTIS ASOC. AAPITAC MZ. P LT. 05;-17.98215587;-70.22593432777111;DESPEJADO;IMPRUDENCIA DEL CONDUCTOR;CONDUCIR EN ESTADO DE EBRIEDAD Y/O DROGADICCIÓN;;SIN OBSERVACIONES
A-2023-07-178;20/07/2023;04:30;DESPISTE;DESPISTE;1;0;SECTOR LA ESPERANZA PARCELA 6 POZO IRS-27;;-18.174278;-70.510726;DESPEJADO;IMPERICIA DEL CONDUCTOR;;;EL CONDUCTOR SE DESPISTA CON SU VEHICULO Y CAE EN UN POZO DE AGUA, QUEDANDO SUMERGIDOS EL VEHICULO Y CONDUCTOR, EL CONDUCTOR MUERE POR AHOGAMIENTO.
A-2023-07-179;28/07/2023;03:30;ATROPELLO FUGA;ATROPELLO Y FUGA;1;0;INGRESO AL BALNEARIO SANTA ROSA KM 03;;-18.305434;-70.320481;DESPEJADO;NO IDENTIFICA LA CAUSA;;;SIN OBSERVACIONES
A-2023-07-18;13/07/2023;13:30;CHOQUE;SEGUIDO DE VOLCADURA DE MOTOTAXI;1;2;CARRETERA PANAMERICANA SUR KM 215;-;-13.682287;-76.1634073;SOLEADO;NO IDENTIFICA LA CAUSA;;;
A-2023-07-181;02/07/2023;21:10;DESPISTE;TOTAL;1;1;AV. MARIANO MELGAR CDRA 05;;-5.140673;-78.996253;DESPEJADO;IMPRUDENCIA DEL CONDUCTOR;CONDUCIR EN ESTADO DE EBRIEDAD Y/O DROGADICCIÓN;;
A-2023-07-182;04/07/2023;20:00;ATROPELLO FUGA;;1;0;CARRETERA AL C.P CALLANCAS;;-7.764327152;-78.4904393939227;;;;;
A-2023-07-183;12/07/2023;17:30;CHOQUE;FRONTAL EXCÉNTRICO IZQUIERDO SEGUIDO DE VOLCADURA EN TONEL IZQUIERDO CON SUBSECUENTE DESPISTE PARCIAL ;2;1;KM 86 500 DE LA CARRETERA DE PENETRACIÓN CIUDAD DE DIOS - CAJAMARCA  ;;-7.225958008;-78.8762654033148;DESPEJADO;IMPRUDENCIA DEL CONDUCTOR;EXCESO DE VELOCIDAD;;
A-2023-07-184;16/07/2023;01:50;VOLCADURA;EN TONEL IZQUIERDO 1/1;1;1;AV. PRIMAVERA CDRA. 05 SAN MARCOS;;-7.324748;-78.17082;DESPEJADO;IMPRUDENCIA DEL CONDUCTOR;CONDUCIR EN ESTADO DE EBRIEDAD Y/O DROGADICCIÓN;;
A-2023-07-185;15/07/2023;08:20;DESPISTE;TOTAL;3;9;CARRETREA  CAJAMARCA  -  BAMBAMRCA ;;-6.7758188;-78.6417937;DESPEJADO;IMPRUDENCIA DEL CONDUCTOR;OTRO (IMPRUDENCIA DEL CONDUCTOR);;
A-2023-07-186;24/07/2023;05:00;DESPISTE;TOTAL SEGUIDO DE VOLCADURA;1;1;CARRETERA SECTOR CUSHURU. DISTRITO SITACOCHA-LLUCHUBAMBA;;-7.503178008;-77.9755700012617;DESPEJADO;NO IDENTIFICA LA CAUSA;;;
A-2023-07-187;28/07/2023;21:44;DESPISTE;TOTAL;1;1;CARRETERA CAJAMARCA - CIUDAD DE DIOS;;-7.252539499;-79.1246402773862;SOLEADO;IMPRUDENCIA DEL CONDUCTOR;EXCESO DE VELOCIDAD;;
A-2023-07-188;30/07/2023;03:50;VOLCADURA;;2;0;CARRETERA CAJMARCA - BAMBAMARCA. CASERIO APAN ALTO;;-6.726774;-78.577094;DESPEJADO;NO IDENTIFICA LA CAUSA;;;
A-2023-07-189;31/07/2023;12:15;CAÍDA DE PASAJERO;;1;1;CARRETERA HUALGAYOC - BAMBAMARCA. SECTOR LA TAHONA.;;-6.739208;-78.576824;DESPEJADO;IMPRUDENCIA DEL CONDUCTOR;OTRO (IMPRUDENCIA DEL CONDUCTOR);;
A-2023-07-19;13/07/2023;23:15;CHOQUE;-;1;0;CARRETERA PANAMERICANA SUR KM 412.5;-;-14.6274104;-75.1886216;DESPEJADO;IMPRUDENCIA DEL CONDUCTOR;EXCESO DE VELOCIDAD;;
A-2023-07-2;02/07/2023;03:57;CHOQUE;CHOQUE, ATROPELLO, VOLCADURA;1;2;1RA. CUADRA DE LA CALLE SANTA MARTA ;;-16.3970827;-71.5334445;;;;;
A-2023-07-20;07/07/2023;06:20;CAÍDA DE PASAJERO;CON CONSECUENCIA FATAL, LESIONES PERSONALES.;1;1;DISTRITO SAN LUIS;DENOMINADO HUACHUCOCHA;-9.169278498;-77.2244298766206;DESPEJADO;NO IDENTIFICA LA CAUSA;;;NINGUNO
A-2023-07-21;14/07/2023;19:15;CHOQUE;CONSECUENCIA FATAL;1;0;CARRETERA INTEROCEANICA PUNO-MOQUEGUA ;KM. 37 200;-16.13478553;-70.04528753553053;DESPEJADO;IMPRUDENCIA DEL CONDUCTOR;EXCESO DE VELOCIDAD;;
A-2023-07-22;08/07/2023;20:08;CHOQUE;CHOQUE FRONTAL ;1;0;CARRETERA PIURA CHULUCANAS ;ALTURA DEL KM 216 300;-5.145191;-80.275411;DESPEJADO;IMPRUDENCIA DEL CONDUCTOR;INVASIÓN DE CARRIL;;
A-2023-07-23;14/07/2023;15:30;DESPISTE;SEGUIDO DE VOLCADURA CON CONSECUENCIA FATAL Y DAÑOS MATERIALES;3;0;CARRETERA PUEBLO LIBRE COTAPARACO ;HUASHTA CRUZ;-9.082979109;-77.8142607636424;SOLEADO;IMPRUDENCIA DEL CONDUCTOR;FATIGA Y/O CANSANCIO;;NINGUNA
A-2023-07-24;06/07/2023;18:00;CHOQUE;CHOQUE POR EMBISTE ;1;0;RED VIAL DEPARTAMENTAL. TRAMO DE LA CARRETERA PIURA - CHULUCANAS ;ALTURA KM 8;-5.17328;-80.5488;DESPEJADO;IMPRUDENCIA DEL CONDUCTOR;EXCESO DE VELOCIDAD;;
A-2023-07-25;18/07/2023;14:30;DESPISTE;SEGUIDO DE VOLCADURA CON CONSECUENCIA FATAL, LESIONES PERSOANLES Y DAÑOS MATERIALES.;12;12;CARRETERA SAN YAUYA-SAN LUIS;ALTURA DEL CRUCE MUCHCAS-SAN LUIS.;-9.088475578;-77.3395828417028;DESPEJADO;NO IDENTIFICA LA CAUSA;;;NINGUNO
A-2023-07-26;16/07/2023;14:30;DESPISTE;VOLCADURA;2;0;CARRETERA DE ACCESO AL C.P. COLLANA;;-15.76270352;-70.06938454054797;DESPEJADO;IMPRUDENCIA DEL CONDUCTOR;EXCESO DE VELOCIDAD;;
A-2023-07-27;18/07/2023;16:40;CHOQUE;FRONTAL CENTRICO CON CONSECUENCIA FATAL, LESIONES PERSOANLES Y DAÑOS MATERIALES.;1;1;CARRETERA DE PENETRACION HUARI-CATAC KM83 500;CASERIO POMACHACA;-9.394171647;-77.14233216814972;DESPEJADO;IMPRUDENCIA DEL CONDUCTOR;EXCESO DE VELOCIDAD;;NINGUNO
A-2023-07-28;12/07/2023;17:20;ATROPELLO;-;1;0;AVENIDA RAMIRO PRIALE ALTURA DE LA CDRA. 06 ;-;-7.817705;-78.033597;DESPEJADO;NO IDENTIFICA LA CAUSA;;;
A-2023-07-29;16/07/2023;06:00;DESPISTE;-;1;0;CARRETERA LLACUABAMBA - TAYABAMBA ALTURA DEL SECTOR LOS MOLINETES;-;-8.049815659;-77.43703641620576;DESPEJADO;NO IDENTIFICA LA CAUSA;;;
A-2023-07-3;05/07/2023;18:00;CHOQUE;CHOQUE;1;0;PANAMERICANA SUR KM. 948.400;TAMBILLO;-16.449881;-71.964544;DESPEJADO;EN PROCESO DE INVESTIGACIÓN;NO CUENTA CON CAUSA ESPECIFICA;;SIN OBSERVACIONES
A-2023-07-30;17/07/2023;14:30;DESPISTE;-;1;1;CARRETERA DE PENETRACION JULCAN ALTURA DEL CPM DOS DE MAYO;-;-8.020962235;-78.48804579396595;DESPEJADO;NO IDENTIFICA LA CAUSA;;;
A-2023-07-31;17/07/2023;22:00;DESPISTE;-;4;0;CARRETERA DE LLACUAMBAMBA  A HUAMACHUCO - PIAS ALTURA DEL ANEXO QUICHIBAMBA;-;-7.927728066;-77.53649355559405;DESPEJADO;NO IDENTIFICA LA CAUSA;;;
A-2023-07-32;17/07/2023;08:30;CHOQUE;;1;0;CARRETERA COPORAQUE ICHUPAMPA KM. 1.400;SECTOR CAYRA CHIVAY;-15.635682;-71.655046;DESPEJADO;NO IDENTIFICA LA CAUSA;;;SIN OBSERVACIONES
A-2023-07-33;21/07/2023;22:00;DESPISTE;DESPISTE, ATROPELLO CONSECUENCIA FATAL;1;1;ASOCIACIONES JARDINES DEL COLCA ZONA 4 CIUDAD DE DIOS;CIUDAD DE DIOS;-16.330403;-71.6586;DESPEJADO;EN PROCESO DE INVESTIGACIÓN;NO CUENTA CON CAUSA ESPECIFICA;;SIN OBSERVACIONES
A-2023-07-34;24/07/2023;06:49;CHOQUE;EL VEHÍCULO CATG. L3, MOTOCICLETA DE PLACA DE RODAJE 6735-AB, ERA CONDUCIDA POR LA ANTIGUA CARRETERA PANAMERICANA NORTE, KM 158, ALTURA DEL CP. LOZA - HUAURA, AL LLEGAR AL LUGAR DEL ACCIDENTE, INVADE EL CARRIL CONTRARIO, IMPACTANDO FRONTALMENTE CON EL VEHÍCULO CATG. M1, AUTOMOVIL, DE PLACA BVQ-018;1;3;ANTIGUA CARRETERA PANAMERICANA NORTE;KM. 158, ALTURA DEL CENTRO POBLADO LOZA;-11.0409713;-77.60358627014989;DESPEJADO;IMPRUDENCIA DEL CONDUCTOR;CONDUCIR EN ESTADO DE EBRIEDAD Y/O DROGADICCIÓN;;NINGUNA
A-2023-07-35;23/07/2023;18:30;ATROPELLO;ATROPELLO CON PROYECCION;1;0;KM. 994.500 CARRETERA PANAMERICANA SUR ;COMISARIA SAN CAMILO;-16.678188;-71.871045;DESPEJADO;NO IDENTIFICA LA CAUSA;;;SIN OBSERVACIONES
A-2023-07-36;07/07/2023;12:30;CHOQUE;CHOQUE, SEGUIDO DE VOLCADURA;1;1;RED VIAL NACIONAL LONGITUDINAL SIERRA SUR  PUENTE LA OROYA - PUENTE DESAGUADERO. TRAMO ABRA TICA - TICA - URCOS. ALTURA DEL SECTOR CHANCADORA KM 1011 50. DISTRITO DE HUARO. PROVINCIA QUISPICANCHIS;SECTOR CHANCADORA;-13.68809891;-71.64729981873255;DESPEJADO;IMPRUDENCIA DEL CONDUCTOR;OTRO (IMPRUDENCIA DEL CONDUCTOR);REALIZAR LA MANIOBRA DE GIRO EN U;NINGUNO
A-2023-07-37;01/07/2023;19:00;CHOQUE;CHOQUE SEGUIDO DE VOLCADURA;1;0;RAMO OCCORURO-CONDOROMA.  SECTOR LAICA ALTURA DEL KM.58 800 ;;-15.34732;-71.10871;DESPEJADO;IMPRUDENCIA DEL CONDUCTOR;OTRO (IMPRUDENCIA DEL CONDUCTOR);ACCION DEL CONDUCTOR AL TRAZAR LA CURVA ;NINGUNO
A-2023-07-38;25/07/2023;19:50;DESPISTE;EL VEHÍCULO CATG. L3, MOTOCICLETA DE PLACA 2820-HB, ERA CONDUCIDO POR SU CONDUCTOR POR LA CARRETERA EL PARAISO - IRRIGACIÓN SANTA ROSA, EN SENTIDO DE ESTE A OESTE, AL LLEGAR AL LUGAR DEL ACCIDENTE SE DESPISTA, CAYENDO A LA CALZADA SU OCUPANTE QUIEN ES ATROPELLADA POR UN VEHÍCULO, QUE SE DA A LA FUGA;1;1;CARRETERA DE PENETRACIÓN EL PARAISO IRRIGACIÓN SANTA ROSA;KM. 23, ALTURA DEL FUNDO MONTERRICO;-11.21921411;-77.40793055605175;DESPEJADO;EN PROCESO DE INVESTIGACIÓN;NO CUENTA CON CAUSA ESPECIFICA;;EN LA FISCALÍA, FALTA UN ELEMENTO POR FUGA
A-2023-07-39;26/07/2023;03:20;ATROPELLO FUGA;FATAL;1;0;CARRETERA ASFALTADA JULI ;C.P. PASIRI;-16.230081;-69.486051;DESPEJADO;NO IDENTIFICA LA CAUSA;;;FALTA DE UN ELEMENTO ( VEHICULO)
A-2023-07-4;03/07/2023;10:00;CHOQUE FUGA;.;1;0;CARRETERA PANAMERICANA NORTE KM 273.2;.;-3.48433484;-80.25920921141396;SOLEADO;IMPRUDENCIA DEL CONDUCTOR;GIRAR IMPRUDENTEMENTE;;
A-2023-07-40;26/07/2023;17:45;CHOQUE;FATAL;1;0;CARRETERA PUNO-DESAGUADERO;KM. 1405 100;-16.047864;-69.708915;DESPEJADO;IMPRUDENCIA DEL CONDUCTOR;OTRO (IMPRUDENCIA DEL CONDUCTOR);REALIZAR MANIOBRAS TEMERARIAS BAJO LA INGESTA DE BEBIDAS ALCOHOLICAS;
A-2023-07-42;19/07/2023;13:15;DESPISTE;-;1;1;CARRETERA DE ACCESO A MARCONA KM. 09;-;-15.20986934;-74.95349047129068;SOLEADO;IMPRUDENCIA DEL CONDUCTOR;EXCESO DE VELOCIDAD;;
A-2023-07-43;23/07/2023;08:30;CHOQUE;-;2;0;CARRETERA PANAMERICANA SUR KM. 496.300;-;-15.2065156;-74.9553179;SOLEADO;IMPRUDENCIA DEL CONDUCTOR;INVASIÓN DE CARRIL;;
A-2023-07-44;24/07/2023;05:00;CHOQUE;SEGUIDO DE VOLCADURA DE L-3;1;0;AV. LOS MAESTROS;PUENTE BLANCO;-14.0767502;-75.7385829;DESPEJADO;NO IDENTIFICA LA CAUSA;;;
A-2023-07-47;22/07/2023;10:00;CHOQUE;MIXTO EN MODALIDAD  DE CHOQUE, CAIDA DEL CONDUCTOR Y OCUPANTE ;2;1;CARRETERA CHACHAPOYAS - SAN ISIDRO;CRUCE ACHAMAQUI;-6.2382314;-77.9202878;DESPEJADO;NO IDENTIFICA LA CAUSA;;;SE INVESTIGA 
A-2023-07-48;28/07/2023;07:50;DESPISTE;EL VEHÍCULO CATG. M1, CARROCERÍA SUV, SE DESPLZABA POR LA CARRETERA PANAMERICANA NORTE, OCUPANDO EL CARRIL IZQUIERDO, Y EN SENTIDO DE SUR A NORTE, AL LLEGAR A LA ZONA DEL ACCIDENTE, SE DESPISTA HACIA LA ZONA DE TIERRA DEL SEPARADOR CENTRAL;1;5;CARRETERA PANAMERICANA NORTE;KM. 107.750;-11.3995;-77.39173;DESPEJADO;EN PROCESO DE INVESTIGACIÓN;NO CUENTA CON CAUSA ESPECIFICA;;EN INVESTIGACIÓN
A-2023-07-49;26/07/2023;08:30;CHOQUE;FRONTAL CON CONSECUENCIA FATAL Y DAÑOS MATERIALES.;1;0;CARRETERA CATAC-HUARI KM 41 830;TUNEL;-9.688896;-77.252331;DESPEJADO;NO IDENTIFICA LA CAUSA;;;NINGUNO
A-2023-07-5;09/07/2023;19:10;ATROPELLO;-;1;0;CARRETERA PANAMERICANA SUR KM. 328;-;-14.28929729;-75.67934457989088;DESPEJADO;IMPRUDENCIA DEL PEATÓN;CRUCE INDEBIDO POR LA CALZADA;;
A-2023-07-50;16/07/2023;08:30;DESPISTE;SEGUIDO DE VOLCADURA TONEL IZQUIERDA, CON CONSECUENCIA FATAL , LESIONES PERSOANLES Y DAÑOS MATERIALES.;1;1;CARRETERA  ALFONSO UGARTE QUICHES;CENTRO POBLADO DE OCSHAY;-8.457640594;-77.4440901963318;DESPEJADO;NO IDENTIFICA LA CAUSA;;;NINGUNA
A-2023-07-51;20/07/2023;20:00;ATROPELLO;ATROPELLO CON PROYECCION ;1;0;RED VIAL TRANSVERSAL (VARIANTE) PACAYCASA (AYACUCHO) - HUACARPAY (CUSCO). ALTURA DEL KM. 236 DEL SECTOR DENOMINADO HUAYLLAYOC.;SECTOR HUAYLLAYOC;-12.80854923;-72.68628538993764;DESPEJADO;IMPRUDENCIA DEL PEATÓN;CRUCE INDEBIDO POR LA CALZADA;;NINGUNO
A-2023-07-52;14/07/2023;04:00;DESPISTE;DESPISTE SEGUIDO DE VOLCADURA ;1;0;RED VIAL REGIONAL QUELLOUNO - CALCA. TRAMO COMPRENDIDO QUELLOUNO - CHAHUARES. SECTOR DE CHAHUARES. DISTRITO DE ECHARATE. PROVINCIA LA CONVENCION. DEPARTAMENTO DEL CUSCO.;SECTOR CHAHUARES;-12.650155;-72.562413;DESPEJADO;IMPRUDENCIA DEL CONDUCTOR;CONDUCIR EN ESTADO DE EBRIEDAD Y/O DROGADICCIÓN;;NINGUNO
A-2023-07-53;26/07/2023;11:35;ATROPELLO;ATROPELLO SEGUIDO DE PROYECCION ;1;0;RED VIAL TRANSVERSAL (RAMAL) IMATA (AREQUIPA) - HECTOR TEJADA (ESPINAR). TRAMO COMPRENDIDO OCCORURO - PALLPATA. ALTURA DEL SECTOR CHALHUANI. KM 101. DEL DISTRITO DE OCCORURO. PROVINCIA DE ESPINAR. DEPARTAMENTO DEL CUSCO.;SECTOR CHALHUANI;-15.004788;-71.163553;DESPEJADO;NO IDENTIFICA LA CAUSA;;;NINGUNO
A-2023-07-54;11/07/2023;14:20;DESPISTE;VOLCADURA ;1;0;CARRETERA PONAMERICANA NORTE KM 192.350;.;-3.851229883;-80.8281758789849;SOLEADO;IMPRUDENCIA DEL CONDUCTOR;EXCESO DE VELOCIDAD;;
A-2023-07-55;07/07/2023;15:30;DESPISTE;DESPISTE SEGUIDO DE VOLCADURA;1;4;CARRETERA OMACHA ACOMAYO SECTOR CHICHACHAYOC CCASA CHORRILLOS;ALTURA DEL KM 18.040;-14.04328473;-71.77285278893352;DESPEJADO;IMPRUDENCIA DEL CONDUCTOR;EXCESO DE VELOCIDAD;;NINGUNO
A-2023-07-56;11/07/2023;22:00;DESPISTE;DESPISTE SEGUIDO DE VOLCADURA;2;3;RED VIAL TRANSVERSAL URCOS-IÑAPARI. TRAMO MARCAPATA-MACUSANI KM 10. COMUNIDAD CAMPESINA CHIQUIS. DISTRITO DE MARCAPATA. PROVINCIA DE QUISPICANCHIS. DEPARTAMENTO DE CUSCO;COMUNIDAD CAMPESINA DE CHIQUIS;-13.625397;-70.935098;DESPEJADO;NEGLIGENCIA DEL CONDUCTOR;OTRO (NEGLIGENCIA DEL CONDUCTOR);DESCONOCIMIENTO ;NINGUNO