COD_ACCIDE;FechaDelAccidente;HoraDelAccidente;ClaseDelAccidente;SecuenciaAccidente;CantidadDeFallecidos;CantidadDeLesionados;Direccion;LugarReferencia;y;x;CondClimatica;CausaFactorPrincipal;CausaEspecifica;OtraCausa;Observaciones
A-2023-07-57;13/07/2023;19:10;CHOQUE CON OBJETO FIJO;CHOQUE SEGUIDO DE VOLCADURA;1;1;SECTOR LARESPAMPA-URUBAMBA;;-13.298155;-72.121077;DESPEJADO;IMPERICIA DEL CONDUCTOR;;;NINGUNO
A-2023-07-58;27/07/2023;07:20;DESPISTE;DESPISTE SEGUIDO DE VOLCADURA ;1;0;CARRETERA MARANURA-COLLPANI ALTO;;-12.92391006;-72.65302522321855;DESPEJADO;NEGLIGENCIA DEL CONDUCTOR;CONDUCIR CON FALLAS DE FRENOS;;NINGUNO
A-2023-07-59;23/07/2023;18:15;ATROPELLO;ATROPELLO CON PROYECCION ;1;0;RED VIAL NACIONAL LA OROYA-PUENTE DESAGUADERO TRAMO COMPRENDIDO CUSCO - SAYLLA ALTURA DEL PARADERO SAIWA KM. 985 600 DEL DISTRITO DE SAYLLA PROVINCIA CUSCO DEPARTAMENTO DE CUSCO;PARADERO SAYWA;-13.563295;-71.841146;DESPEJADO;IMPRUDENCIA DEL PEATÓN;ESTADO DE EBRIEDAD Y/O DROGADICCIÓN;;NINGUNO
A-2023-07-6;02/07/2023;08:30;DESPISTE;VOLCADURA;1;0;CARRETERA INTEROCEANICA PUNO-MOQUEGUA;KM. 49 900;-16.224586;-70.124156;DESPEJADO;IMPRUDENCIA DEL CONDUCTOR;EXCESO DE VELOCIDAD;;
A-2023-07-60;01/07/2023;05:05;CHOQUE;CHOQUE FRONTAL;1;2;AV VELASCO ASTETE FRONTIS DEL AEROPUERTO INTERNACIONAL VELASCO ALVARADO.;;-13.5391239;-71.943301;DESPEJADO;IMPRUDENCIA DEL CONDUCTOR;INVASIÓN DE CARRIL;;NINGUNO
A-2023-07-61;08/07/2023;20:21;ATROPELLO;ATROPELLO  CON PROYECCION ;1;1;AV MARIANO SANTOS FRONTIS DE LA VILLA MILITAR DE OFICIALES.;;-13.5257359;-71.975211;DESPEJADO;IMPRUDENCIA DEL CONDUCTOR;CONDUCIR EN ESTADO DE EBRIEDAD Y/O DROGADICCIÓN;;NINGUNO
A-2023-07-62;26/07/2023;00:10;CHOQUE FUGA;;1;0;RED VIAL TRANSVERSAL DESCANSO - ESPINAR (RIO SALADO) SECTOR SANTA LUCIA KM 19 950 DEL DISTRITO DE PICHUA;;-14.69015601;-71.2827434;DESPEJADO;EN PROCESO DE INVESTIGACIÓN;NO CUENTA CON CAUSA ESPECIFICA;;NINGUNA
A-2023-07-63;29/07/2023;07:30;DESPISTE;SEGUIDO DE CHOQUE , VOLCADURA CON CONSECUENCIA FATAL, LESIONES PERSONALES Y DAÑOS MATERIALES;2;1;SECTOR DENOMINADO CACHI;CASERIO DE ACO-;-9.6462648;-77.4872321;DESPEJADO;NO IDENTIFICA LA CAUSA;;;NINGUNO
A-2023-07-64;28/07/2023;12:15;ATROPELLO;FATAL;1;1;INTERSECCION AV. EL SOL CON JR. LOS INCAS;COMPAÑIA DE BOMBEROS PUNO;-15.8360125;-70.0231588;DESPEJADO;IMPRUDENCIA DEL CONDUCTOR;EXCESO DE VELOCIDAD;;
A-2023-07-65;17/07/2023;17:30;DESPISTE;DESPISTE Y VOLCADURA ;2;2;CARRETERA FERNANDO BELAUNDE TERRY. ALTURA KM 55;;-5.82389;-79.46549;DESPEJADO;INFRAESTRUCTURA Y ENTORNO VIAL;OTRO (INFRAESTRUCTURA Y ENTORNO VIAL);CONFIGURACION DE LA VIA - VIA SINUOSA ;
A-2023-07-66;22/07/2023;09:00;DESPISTE;-;2;0;CARRETERA DE PENETRACION A LA SIERRA LIBERTEÑA ALTURA DEL KM. 168.9;-;-7.854673;-78.10386143;DESPEJADO;IMPRUDENCIA DEL CONDUCTOR;OTRO (IMPRUDENCIA DEL CONDUCTOR);CONDUCIR CON EXCESO DE CONFIANZA;-CONDUCIR CON EXCESO DE CONFIANZA
A-2023-07-67;24/07/2023;06:50;CHOQUE;-;1;1;CARRETERA PANAMERICANA NORTE ALTURA DEL KM. 723.9;-;-7.118479361;-79.48854409391606;DESPEJADO;IMPRUDENCIA DEL CONDUCTOR;ADELANTAR INDEBIDAMENTE;;
A-2023-07-68;23/07/2023;12:40;CHOQUE;-;1;3;CARRETERA DE ACCESO DE PAIJAN A PUERTO MALABRIGO;-;-7.7046563;-79.4309629;DESPEJADO;IMPRUDENCIA DEL CONDUCTOR;GIRAR IMPRUDENTEMENTE;;
A-2023-07-69;20/07/2023;22:40;ATROPELLO;ATROPELLO CON PROYECCION;1;0;RED VIAL NACIONAL LA OROYA-PUENTE DESAGUADERO TRAMO COMPRENDIDO PUCYURA - POROY ALTURA DEL KM. 948 930 DEL SECTOR ROSASCCASA DEL  DISTRITO DE PUCYURA;SECTOR ROSASCCASA  70 METROS DEL KM 949.;-13.478702;-72.099329;DESPEJADO;IMPRUDENCIA DEL PEATÓN;ESTADO DE EBRIEDAD Y/O DROGADICCIÓN;;NINGUNO
A-2023-07-7;08/07/2023;20:40;ATROPELLO;ATROPELLO CON PROYECCION Y DAÑOS MATERIALES;1;0;KM. 975.600;LA JOYA;-16.532018;-71.796382;DESPEJADO;EN PROCESO DE INVESTIGACIÓN;NO CUENTA CON CAUSA ESPECIFICA;;SIN OBSERVACIONES
A-2023-07-70;29/07/2023;08:40;ATROPELLO;FATAL;1;0;CARRETERA PUNO-DESAGUADERO KM. 1399;C.P. CARITAMAYO-ACORA;-16.012649;-69.751072;DESPEJADO;IMPRUDENCIA DEL PEATÓN;CRUCE INDEBIDO POR LA CALZADA;;
A-2023-07-71;02/07/2023;03:40;CHOQUE;CHOQUE FRONTAL;1;1;RED VIAL NACIONAL TRANSVERSAL (RAMAL) IZCUCHACA - HUAROCONDO SECTOR CALLAN;SECTOR CALLAN;-13.440201;-72.206697;DESPEJADO;IMPRUDENCIA DEL CONDUCTOR;INVASIÓN DE CARRIL;;NINGUNO
A-2023-07-72;24/07/2023;01:00;ATROPELLO;ATROPELLO, DESPISTE PARCIAL CON SUBSECUENTE MUERTE.;1;1;AV. ARGENTINA NRO. 320;;-16.411762;-71.508229;DESPEJADO;NO IDENTIFICA LA CAUSA;;;SIN OBSERVACIONES
A-2023-07-73;23/07/2023;00:30;ATROPELLO FUGA;ATROPELLO SEGUIDO DE FUGA DE VEHICULO Y CONDUCTOR DEL LUGAR DEL EVENTO;1;0;LONGITUDINAL DE LA SIERRA SUR. TRAMO URCOS - QUIQUIJANA. KM. 1022 500. SECTOR URCOSPAMPA;;-13.70468;-71.59616;DESPEJADO;IMPRUDENCIA DEL CONDUCTOR;EXCESO DE VELOCIDAD;;NINGUNO
A-2023-07-74;17/07/2023;17:10;CHOQUE;CHOQUE SEGUIDO DE VOLCADURA DE MOTOCICLETA LINEAL;1;0;CARRETERA ESPINAR COPORAQUE;ALTURA DEL AEROPUERTO DE ESPINAR ;-14.808531;-71.431609;DESPEJADO;IMPRUDENCIA DEL CONDUCTOR;EXCESO DE VELOCIDAD;;NINGUNO
A-2023-07-75;10/07/2023;07:30;DESPISTE;DESPITE SEGUIDO CHOQUE CON EL TALUD;1;3;RED VIAL TRANSVERSAL  PACAYCASA - HUACARPAY TRAMO ABRA MALAGA - QUILLABAMBA. SECTOR INKATAMBO KM 175 DISTRITO DE HUAYOPATA. PROVINCIA LA CONVENCION DEPARTAMENTO CUSCO;COMUNIDAD CAMPESINA ALFAMAYO;-13.055588;-72.428333;DESPEJADO;IMPRUDENCIA DEL CONDUCTOR;EXCESO DE VELOCIDAD;;NINGUNO
A-2023-07-76;27/07/2023;16:55;DESPISTE;DESPISTE CON SUBSECUENTE MUERTE;1;1;CARRETEA KM. 178.900;IMATA;-15.761795;-70.989748;DESPEJADO;NO IDENTIFICA LA CAUSA;;;SIN OBSERVACIONES
A-2023-07-77;25/07/2023;10:40;ATROPELLO;-;1;0;CALLE FUNDO LARREA - INTERIOR DE LA EMPRESA TRANSPESA S.A.C.;-;-8.139559239;-79.01716743250849;DESPEJADO;IMPRUDENCIA DEL PEATÓN;OTRO (IMPRUDENCIA DEL PEATÓN);INTERPONERSE EN EL EJE DE MARCHA DEL VEHICULO AL RETROCER;
A-2023-07-78;26/07/2023;06:30;ATROPELLO;-;1;0;CARRETERA DE PENETRACION A CAJAMARCA ALTURA DEL KM. 20;-;-7.30472731;-79.3348948;DESPEJADO;NO IDENTIFICA LA CAUSA;;;
A-2023-07-79;28/07/2023;20:15;DESPISTE;-;1;0;INTERSECCION DE LA CARRETERA TRES PALOS CON LA CARRETERA CHIQUITOY;-;-7.962023;-79.217277;DESPEJADO;NO IDENTIFICA LA CAUSA;;;
A-2023-07-8;03/07/2023;14:15;CHOQUE;-;1;1;CARRETERA VIRU - HUANCHAQUITO SECTOR LA PAMPA;-;-8.448069608;-78.81717376691756;DESPEJADO;NO IDENTIFICA LA CAUSA;;;
A-2023-07-80;28/07/2023;11:30;CHOQUE;-;1;0;CARRETERA DE PENETRACION A LA SIERRA LIBERTEÑA ALTURA DEL KM. 150;-;-7.811103865;-78.05283795922684;DESPEJADO;IMPRUDENCIA DEL CONDUCTOR;OTRO (IMPRUDENCIA DEL CONDUCTOR);DESATENCION EN LA CONDUCCION;
A-2023-07-81;29/07/2023;10:30;DESPISTE;-;1;0;CARRETERA DE SAUSAL A SAN IGNACIO - QUEBRADA CASCAJO;-;-7.830512495;-78.71859986116617;DESPEJADO;NO IDENTIFICA LA CAUSA;;;
A-2023-07-82;29/07/2023;11:30;ATROPELLO;-;1;0;INTERSECCION DE LA AV. FEDERICO VILLARREAL Y LA AV. MIRAFLORES;-;-8.0925758;-79.0180225;DESPEJADO;IMPRUDENCIA DEL CONDUCTOR;OTRO (IMPRUDENCIA DEL CONDUCTOR);UNA FALTA DE ATENCION A SU EJE DEE MARCHA DISTRAIDO;
A-2023-07-83;10/07/2023;20:30;CHOQUE FUGA;CHOQUE LATERAL POSITIVO Y FUGA ;1;4;CARRETERA KM 50 - CHULUCANAS ;ALTURA DE LA CASA HOGAR ANCIANOS Y NIÑOS - KM 50;-5.157349;-80.177424;DESPEJADO;NO IDENTIFICA LA CAUSA;;;
A-2023-07-84;30/07/2023;06:30;DESPISTE;-;1;4;CARRETERA DE ACCESO AL CENTRO POBLADO SANTA ELENA;-;-8.418799;-78.830143;DESPEJADO;IMPRUDENCIA DEL CONDUCTOR;CONDUCIR EN ESTADO DE EBRIEDAD Y/O DROGADICCIÓN;;
A-2023-07-85;09/07/2023;15:20;ATROPELLO;ATROPELLO CON EMPOTRAMIENTO ;1;1;CALLE APURIMAC N 777;CENTRO DE PIURA ;-5.197634;-80.630181;DESPEJADO;IMPRUDENCIA DEL CONDUCTOR;NO DAR PASO PREFERENTE AL PEATÓN;;
A-2023-07-86;29/07/2023;21:00;DESPISTE;-;1;2;CARRETERA DE PENETRACION A LA SIERRA LIBERTEÑA ALTURA DEL KM. 3 - PLAZA PAMPA;-;-7.99149153;-78.66085942613947;DESPEJADO;IMPRUDENCIA DEL CONDUCTOR;OTRO (IMPRUDENCIA DEL CONDUCTOR);CONDUCIR EL VEHICULO CON LA PALANCA DE CAMBIOS EN NEUTRO;
A-2023-07-87;31/07/2023;17:50;CHOQUE;-;1;0;AV. CHAN CHAN  S/N;-;-8.092430131;-79.088960963843;DESPEJADO;IMPRUDENCIA DEL CONDUCTOR;OTRO (IMPRUDENCIA DEL CONDUCTOR);DESTATENCION EN LA CONDUCCION;
A-2023-07-88;12/07/2023;10:30;VOLCADURA;;1;0;CP. PARIABAMBA;PLAZA PRINCIPAL DE PARIABAMBA;-13.7249558;-73.6732008685842;SOLEADO;NEGLIGENCIA DEL CONDUCTOR;OTRO (NEGLIGENCIA DEL CONDUCTOR);EXCESO DE CONFIANZA;
A-2023-07-89;30/07/2023;18:45;CHOQUE;DESPISTE SEGUIDA DE VOLCADURA;1;0;CP. MOYABAMBA;KM. 629;-13.652913;-73.527599;;;;;
A-2023-07-9;05/07/2023;09:30;DESPISTE;-;1;0;CARRETERA DE PENETRACION A LA SIERRA LIBERTEÑA ALTURA DEL KM. 58.3;-;-7.9671586;-78.639135;DESPEJADO;IMPRUDENCIA DEL CONDUCTOR;ADELANTAR INDEBIDAMENTE;;
A-2023-07-90;26/07/2023;22:00;CHOQUE;;1;0;AV. ARGENTINA CRUCE CALLE HUANTAJAYA;;-12.0487186;-77.10384117;DESPEJADO;;;;
A-2023-07-91;23/07/2023;14:15;ATROPELLO;;1;0;CARRETERA VIA EVITAMIENTO PIURA - CHICLAYO ;ALTURA DEL KM 2 270;-5.19892;-80.574207;DESPEJADO;;;;
A-2023-07-92;26/07/2023;07:00;CHOQUE;;1;0;CARRETERA INTEROCEANICA PIURA - OLMOS ;ALTURA DEL KM 62;-5.22061;-80.10604;DESPEJADO;;;;
A-2023-07-93;29/07/2023;17:50;CHOQUE;CHOQUE POR EMBISTE POR VOLCADURA ;1;2;INTERSECCION DE LA CALLE ENTRE LA MZ B Y LA MZ C Y LA CALLE ENTRE LA MZ C Y MZ E- AH. LUIS ALBERTO SANCHEZ Y SAN SEBASTIAN ;04 ESQUINAS ;-5.183162;-80.681037;DESPEJADO;IMPRUDENCIA DEL CONDUCTOR;EXCESO DE VELOCIDAD;;
A-2023-07-94;26/07/2023;18:30;VOLCADURA;-;1;0;CARRETERA FBT KM 473   500;SECTOR SAN JUAN DE TANGUMÍ;-6.041742;-77.141574;DESPEJADO;IMPRUDENCIA DEL CONDUCTOR;OTRO (IMPRUDENCIA DEL CONDUCTOR);;SE INVESTIGA
A-2023-07-95;31/07/2023;08:40;ATROPELLO;-;1;0;AV. CAJAMARCA N° 640;CENTRO POBLADO AGUAS VERDES;-5.688564;-77.632204;DESPEJADO;IMPRUDENCIA DEL PEATÓN;OTRO (IMPRUDENCIA DEL PEATÓN);;SE INVESTIGA
A-2023-07-96;16/07/2023;21:00;CHOQUE FUGA;CHOQUE LATERAL Y FUGA ;1;1;CARRETERA CASERIO SAN FRANCISCO PACCHAS ;ALTURA DEL KM 19;-4.991636;-80.220575;DESPEJADO;;;;
A-2023-07-97;07/07/2023;23:35;DESPISTE;SUBSECUENTE MUERTE;1;1;PUTUMAYO CON FANNING;FRONTIS DEL GRIFO PETRO AMERICA;-3.746066;-73.2490994;DESPEJADO;EN PROCESO DE INVESTIGACIÓN;NO CUENTA CON CAUSA ESPECIFICA;;SE CONTINUA CON LA INVESTIGACION
A-2023-07-98;12/07/2023;03:00;CHOQUE;VOLCADURA Y CAIDA CON CONSECUENTE LESIONES GRAVES SEGUIDO DE MUERTE Y DAÑOS MATERIALES;1;0;GRAU CON 9 DE DICIEMBRE;PROXIMO A OVALO GRAU;-3.7568189;-73.2511955;;;;;
A-2023-07-99;02/07/2023;02:40;ATROPELLO;-;1;0;JR JUNIN;CUADRA CUATRO;-15.493616;-70.136997;DESPEJADO;IMPRUDENCIA DEL PEATÓN;CRUCE INDEBIDO POR LA CALZADA;;NINGUNA 
A-2023-08-1;02/08/2023;15:00;DESPISTE;DESPISTE, VOLCADURA, CONSECUENCIA FATAL Y DAÑOS MATERIALES;1;0;ASOC. LOS SAUCES SIMON BOLIVAR;;-16.455866;-71.514163;DESPEJADO;EN PROCESO DE INVESTIGACIÓN;NO CUENTA CON CAUSA ESPECIFICA;;SIN OBSERVACIONES
A-2023-08-10;08/08/2023;20:25;CHOQUE;CHOQUE MULTIPLE;1;8;ALTURA DEL KM. 4.500 DE LA VIA DE PENETRACION CERRO VERDE;CERRO VERDE;-16.542205;-71.710396;DESPEJADO;EN PROCESO DE INVESTIGACIÓN;NO CUENTA CON CAUSA ESPECIFICA;;SIN OBSERVACIONES
A-2023-08-100;20/08/2023;15:30;ATROPELLO FUGA;FATAL;1;0;AV. JOSE CARLOS MARIATEGUI CDRA 12;;-12.02564931;-76.90920613;DESPEJADO;EN PROCESO DE INVESTIGACIÓN;NO CUENTA CON CAUSA ESPECIFICA;;
A-2023-08-101;22/08/2023;15:40;ATROPELLO;VOLCADURA Y CAÍDA;1;0;INTERSECCION DE LA AV. LOS PROCERES CON LA AV. CAHUIDE;;-12.18818487;-76.98271302;DESPEJADO;EN PROCESO DE INVESTIGACIÓN;NO CUENTA CON CAUSA ESPECIFICA;;
A-2023-08-102;23/08/2023;06:30;CHOQUE;VOLCADURA Y CAÍDA;1;0;AV. DEFENSORES DEL MORRO ALTURA DE LA MZ D. LT 35;;-12.18911486;-77.00724272;DESPEJADO;EN PROCESO DE INVESTIGACIÓN;NO CUENTA CON CAUSA ESPECIFICA;;
A-2023-08-103;24/08/2023;07:50;ATROPELLO;VOLCADURA Y CAÍDA;1;1;AV. UNIVERSITARIA CDRA 69;REF.ALT INSTITUTO SISE;-11.93930413;-77.05897165967541;DESPEJADO;EN PROCESO DE INVESTIGACIÓN;NO CUENTA CON CAUSA ESPECIFICA;;
A-2023-08-104;24/08/2023;23:00;DESPISTE;CHOQUE Y FUGA DEL CONDUCTOR FATAL, LESIONES Y DAÑOS MATERIALES;1;0;ANTIGUA PANAMERICANA SUR KM. 36 500 ;REF. ALT. DE LA INTERSECCIÓN CON LA CALLE 6;-12.30941225;-76.83738474;DESPEJADO;IMPRUDENCIA DEL CONDUCTOR;OTRO (IMPRUDENCIA DEL CONDUCTOR);CONTRIBUTIVA: OTROS VÍA SIN ILUMINACIÓN;
A-2023-08-105;24/08/2023;15:00;ATROPELLO;FATAL;1;0;AV. SAMUEL ALCAZAR CDRA 08 ALTRA. CON LA AV. SAN FELIPE ARANCIBIA;;-12.02700385;-77.03336397;DESPEJADO;EN PROCESO DE INVESTIGACIÓN;NO CUENTA CON CAUSA ESPECIFICA;;
A-2023-08-106;27/08/2023;02:30;CHOQUE;FATAL;1;3;AV. SAN LORENZO ALTRA. ESTADIO MUNDIALITO;;-11.85751839;-77.06821782;DESPEJADO;EN PROCESO DE INVESTIGACIÓN;NO CUENTA CON CAUSA ESPECIFICA;;
A-2023-08-107;27/08/2023;07:46;DESPISTE;CHOQUE FATAL;1;4;AV. NICOLAS AYLLON CDRA. 97 ;ALTRA. KM.12.5 CARRETERA CENTRAL;-12.010752;-76.873678;DESPEJADO;EN PROCESO DE INVESTIGACIÓN;NO CUENTA CON CAUSA ESPECIFICA;;
A-2023-08-108;27/08/2023;17:45;DESPISTE;CHOQUE Y VOLCADURA;1;3;AV. JAIME ZUBIETA MZ. A LT. 6;;-12.01482726;-76.83918934;DESPEJADO;EN PROCESO DE INVESTIGACIÓN;NO CUENTA CON CAUSA ESPECIFICA;;
A-2023-08-109;28/08/2023;08:40;ATROPELLO;;1;0;AV. PERU CON JR. PAROBAMBA ;REF. ALTRA CDRA 27;-12.03186558;-77.07592757;DESPEJADO;EN PROCESO DE INVESTIGACIÓN;NO CUENTA CON CAUSA ESPECIFICA;;
A-2023-08-11;04/08/2023;22:30;ATROPELLO FUGA;-;1;0;CARRETERA FBT KM 515 500;PUENTE QUISCARRUMI;-6.147372;-76.841338;DESPEJADO;EN PROCESO DE INVESTIGACIÓN;NO CUENTA CON CAUSA ESPECIFICA;;SE INVESTIGA
A-2023-08-110;28/08/2023;08:30;ATROPELLO;FATAL;1;0;INTERSECCION DE AV. NICOLAS AYLLON CON AV. EL BOSQUE;;-12.06314424;-76.9827365;DESPEJADO;EN PROCESO DE INVESTIGACIÓN;NO CUENTA CON CAUSA ESPECIFICA;;
A-2023-08-111;28/08/2023;20:50;ATROPELLO FUGA;;1;0;INTERSECCION AV. LOS PLATINOS Y AV. ROSARIO DEL NORTE;;-11.98617786;-77.08302674;DESPEJADO;EN PROCESO DE INVESTIGACIÓN;NO CUENTA CON CAUSA ESPECIFICA;;
A-2023-08-112;28/08/2023;22:30;CHOQUE;FATAL;1;1;AV. VICTOR MALASQUEZ ;REF. COLEGIO ROXALINA CASTRO ;-12.12320828;-76.87235478;DESPEJADO;EN PROCESO DE INVESTIGACIÓN;NO CUENTA CON CAUSA ESPECIFICA;;
A-2023-08-113;29/08/2023;19:30;ATROPELLO FUGA;FATAL;1;0;PANAMERICANA SUR KM. 15.400 ;REF. FRENTE A MAKRO;-12.19290933;-76.97250582;DESPEJADO;EN PROCESO DE INVESTIGACIÓN;NO CUENTA CON CAUSA ESPECIFICA;;
A-2023-08-114;30/08/2023;20:07;ATROPELLO;VOLCADURA Y CAÍDA;1;0;AV. SAN LUIS CDRA. 18;;-12.08751717;-76.99655155;DESPEJADO;EN PROCESO DE INVESTIGACIÓN;NO CUENTA CON CAUSA ESPECIFICA;;
A-2023-08-115;31/08/2023;02:30;ATROPELLO;VOLCADURA Y CAÍDA;2;1;CARRETERA PANAMERICANA NORTE KM. 30.200;;-11.866991;-77.072848;DESPEJADO;EN PROCESO DE INVESTIGACIÓN;NO CUENTA CON CAUSA ESPECIFICA;;
A-2023-08-116;31/08/2023;18:30;ATROPELLO FUGA;;1;0;AV. TUPAC AMARU KM. 07 ;ALTRA CDRA. 30;-11.9412863;-77.05019059;DESPEJADO;EN PROCESO DE INVESTIGACIÓN;NO CUENTA CON CAUSA ESPECIFICA;;
A-2023-08-117;31/08/2023;23:20;DESPISTE;CHOQUE;1;1;CARRETERA CENTRAL KM. 22;;-11.981428;-76.794622;DESPEJADO;EN PROCESO DE INVESTIGACIÓN;NO CUENTA CON CAUSA ESPECIFICA;;
A-2023-08-118;18/08/2023;06:45;ATROPELLO;;1;0;AV. VILLAR ;FRONTIS DEL CENTRO COMERCIAL MARKET CAPON;-12.0641523;-77.138997717;DESPEJADO;IMPRUDENCIA DEL CONDUCTOR;INVASIÓN DE CARRIL;;SIN NOVEDAD
A-2023-08-119;24/08/2023;18:00;CHOQUE;CHOQUE ;1;1;CARRETERA PANAMERICANA NORTE;ALTURA DEL KM 990 820;-5.238906;-80.638431;DESPEJADO;IMPRUDENCIA DEL CONDUCTOR;EXCESO DE VELOCIDAD;;
A-2023-08-12;06/08/2023;23:10;ATROPELLO;CONSECUENCIA FATAL;1;0;CARRETERA PANAMERICANA SUR PUNO- DESAGUADERO ;KM. 1377;-15.891885;-69.887601;DESPEJADO;IMPRUDENCIA DEL PEATÓN;CRUCE INDEBIDO POR LA CALZADA;;
A-2023-08-120;27/08/2023;01:20;DESPISTE;CAIDA DEL CONDUCTOR ;1;0;VIA EVITAMIENTO PIURA - CHICLAYO ;ALTURA DEL KM 1000;-5.1817;-80.6927;DESPEJADO;EN PROCESO DE INVESTIGACIÓN;NO CUENTA CON CAUSA ESPECIFICA;;
A-2023-08-121;02/08/2023;18:20;CHOQUE;CHOQUE POR EMBISTE CENTRICO DERECHO;1;2;INTERSECCION CONFORMADA POR LA AV. LLOQUE YUPANQUI CON LA AV. 21 DE OCTUBRE;;-8.390918;-74.550855;DESPEJADO;IMPRUDENCIA DEL CONDUCTOR;EXCESO DE VELOCIDAD;;S/O
A-2023-08-122;11/08/2023;13:00;DESPISTE;VOLCADURA;2;2;CARRETERA LIRCAY - AYACUCHO;SECLLA KM 133;-13.056297;-74.4744832112558;DESPEJADO;EN PROCESO DE INVESTIGACIÓN;NO CUENTA CON CAUSA ESPECIFICA;;EN INVESTIGACION
A-2023-08-123;12/08/2023;19:00;ATROPELLO;FUGA;1;0;COMUNIDAD SAN CARLOS - VILCA;PUENTE SAN CARLOS;-12.512357;-75.196236;DESPEJADO;IMPRUDENCIA DEL PEATÓN;ESTADO DE EBRIEDAD Y/O DROGADICCIÓN;;
A-2023-08-124;13/08/2023;08:50;ATROPELLO FUGA;;1;0;AV. ANDRES AVELINO CACERES;SEMINARIO MENOR;-12.78586961;-74.9853052101463;SOLEADO;NO IDENTIFICA LA CAUSA;;;
A-2023-08-125;23/08/2023;18:30;ATROPELLO;;1;1;CARRETERA PRINCIPAL C.P MAYUNMARCA;ANDABAMBA-ACOBAMBA;-12.69076579;-74.6148911327099;DESPEJADO;EN PROCESO DE INVESTIGACIÓN;NO CUENTA CON CAUSA ESPECIFICA;;
A-2023-08-126;29/08/2023;14:20;ATROPELLO;;1;0;CARRETERA CENTRAL  LA OROYA - AYACUCHO;KM 167 200;-12.37590716;-75.0473868606343;DESPEJADO;EN PROCESO DE INVESTIGACIÓN;NO CUENTA CON CAUSA ESPECIFICA;;EN INVESTIGACION
A-2023-08-127;18/08/2023;21:00;CHOQUE;MUERTE, LESIONES Y DAÑOS MATERIALES;1;0;AV. YARINACOCHA CON EL JR. NUEVA LUZ DE FATIMA ;ESTADIO DE YARINACOCHA;-8.358456;-74.572729;DESPEJADO;IMPRUDENCIA DEL CONDUCTOR;CONDUCIR EN ESTADO DE EBRIEDAD Y/O DROGADICCIÓN;;S/O
A-2023-08-128;28/08/2023;13:05;ATROPELLO;MUERTE;1;0;CARRETERA FEDERICO BASADRE KM. 7.800;S/R;-8.396453;-74.597366;DESPEJADO;IMPRUDENCIA DEL PEATÓN;CRUCE INDEBIDO POR LA CALZADA;;S/O
A-2023-08-129;02/08/2023;09:30;CHOQUE FUGA;;1;0;CARRETERA CENTRAL LA OROYA - LIMA KM. 132 700;;-11.5969736;-76.1842489;SOLEADO;IMPRUDENCIA DEL CONDUCTOR;OTRO (IMPRUDENCIA DEL CONDUCTOR);CONDUCIR CON FALTA DE ATENCION;NINGUNO
A-2023-08-13;08/08/2023;19:10;CHOQUE;POR EMBISTE;1;0;CARRETERA BINACIONAL DESAGUADERO - MOQUEGUA;C.P. CARANCAS;-16.57680591;-69.05234449308838;DESPEJADO;IMPRUDENCIA DEL CONDUCTOR;GIRAR IMPRUDENTEMENTE;;
A-2023-08-130;07/08/2023;04:10;ATROPELLO;;1;0;CARRETERA CENTRAL LA OROYA - HUANCAYO MARGEN DERECHA KM. 115;;-12.038147;-75.258643;DESPEJADO;IMPRUDENCIA DEL PEATÓN;CRUCE INDEBIDO POR LA CALZADA;;NINGUNO
A-2023-08-131;09/08/2023;14:05;ATROPELLO;;1;0;INTERSECCION JR. LOS BOSQUES Y AV. LAS COLINAS;;-12.06247;-75.226215;DESPEJADO;IMPRUDENCIA DEL PEATÓN;DESACATO DE SEÑAL DE TRÁNSITO;;NINGUNO
A-2023-08-132;14/08/2023;12:00;ATROPELLO;;2;0;PSJE. VILCAHUAMAN Y PROLONGACION AGRICULTORES;;-12.104998;-75.189626;DESPEJADO;IMPRUDENCIA DEL PEATÓN;OTRO (IMPRUDENCIA DEL PEATÓN);LA ACCION IMPRUDENTE DE LOS PADRES DEL MENOR OCCISO, AL DEJAR A SU VASTAGO JUGAR JUNTO A UN VEHICULO ;NINGUNO
A-2023-08-133;25/08/2023;15:10;DESPISTE;CHOQUE Y VOLCADURA;2;1;CARRETERA CENTRAL JAUJA - LA OROYA KM. 69 400;;-11.80217162;-75.52678936622151;DESPEJADO;IMPRUDENCIA DEL CONDUCTOR;ADELANTAR INDEBIDAMENTE;;NINGUNO
A-2023-08-134;25/08/2023;18:30;CHOQUE;;1;1;AV. MARISCAL CASTILLA - QUEBRADA HONDA;;-12.01928273;-75.24172418724427;DESPEJADO;IMPRUDENCIA DEL CONDUCTOR;OTRO (IMPRUDENCIA DEL CONDUCTOR);REALIZAR REPRACIONES MECANICAS DE SU UNIDAD VEHICULAR DENTRO DE LA CALZADA SIN LA RESPECTIVA SEÑALIZACION ;NINGUNO