COD_ACCIDE;FechaDelAccidente;HoraDelAccidente;ClaseDelAccidente;SecuenciaAccidente;CantidadDeFallecidos;CantidadDeLesionados;Direccion;LugarReferencia;y;x;CondClimatica;CausaFactorPrincipal;CausaEspecifica;OtraCausa;Observaciones
A-2023-08-135;27/08/2023;06:40;ATROPELLO FUGA;;1;0;CARRETERA CENTRAL LA OROYA - HUANCAYO MARGEN DERECHA KM. 88 100;;-11.85659296;-75.41706556471469;DESPEJADO;NO IDENTIFICA LA CAUSA;;;LA FALTA DE UNO DE LOS ELEMENTOS DE TRANSITO NO PERMITE DETERMINAR FEHACIENTEMENTE LAS CAUSAS QUE MOTIVARON LA PRODUCION DEL SUSCESO
A-2023-08-136;30/08/2023;11:30;ATROPELLO;ATROPELLO;1;0;AV. ARIAS ARAGUEZ (FRONTIS DEL TERMINAL FRANCISCO BOLOGNESI);FRONTIS DEL TERMINAL FRANCISCO BOLOGNESI;-18.000806;-70.260145;DESPEJADO;IMPRUDENCIA DEL PEATÓN;CRUCE INDEBIDO POR LA CALZADA;;SIN OBSERVACIONES
A-2023-08-138;18/08/2023;04:15;CHOQUE;VOLCADURA CAIDA;1;0;CARRETERA AYACUCHO - ANDAHUAYLAS ;LAMBRASHUAYCO;-13.24147663;-74.2421803968009;DESPEJADO;IMPRUDENCIA DEL CONDUCTOR;CONDUCIR EN ESTADO DE EBRIEDAD Y/O DROGADICCIÓN;;CONDUCTOR EN ESTADO DE EBRIEDAD
A-2023-08-139;03/08/2023;12:05;DESPISTE;VOLCADURA, CAIDA Y APLASTAMIENTO;1;0;CARRETERA UCHUYPAMPA - TINTE;ANEXO TINTE;-13.229184;-74.135973;DESPEJADO;IMPRUDENCIA DEL CONDUCTOR;OTRO (IMPRUDENCIA DEL CONDUCTOR);SIN ESPECIFICAR;CONDUCTOR FALLECIDO
A-2023-08-14;13/08/2023;02:00;DESPISTE;DESPISTE, VOLCADURA, CONSECUENCIA FATAL;2;0;KM. 6 SECTOR KEPORANI VIA CHIVAY A YANQUE;YANQUE;-15.6490883;-71.6446263;DESPEJADO;EN PROCESO DE INVESTIGACIÓN;NO CUENTA CON CAUSA ESPECIFICA;;SIN OBSERVACIONES
A-2023-08-140;27/08/2023;15:30;CHOQUE;MUERTE, LESIONES Y DAÑOS MATERIALES;1;8;CARRETERA AYACUCHO-ANDAHUAYLAS;;-13.39923205;-73.9600298718296;DESPEJADO;IMPRUDENCIA DEL CONDUCTOR;INVASIÓN DE CARRIL;;SIN OBSERVACIONES
A-2023-08-141;28/08/2023;07:20;ATROPELLO;-;1;0;AV HUANCANE ;JR JOSE MARIA ARGUEDAS;-15.478719;-70.118576;DESPEJADO;IMPRUDENCIA DEL CONDUCTOR;EXCESO DE VELOCIDAD;;NINGUNA 
A-2023-08-142;27/08/2023;16:27;DESPISTE;VOLCADURA Y CAIDA;1;0;JR. SIMON BOLIVAR INTERSECCION CON JR. LAS MAGNOLIAS;FRONTIS DE LA CLINICA PRENACER;-13.15029014;-74.22507578849195;DESPEJADO;IMPRUDENCIA DEL CONDUCTOR;CONDUCIR EN ESTADO DE EBRIEDAD Y/O DROGADICCIÓN;;CONDUCTOR EN ESTADO DE EBRIEDAD
A-2023-08-143;26/08/2023;00:42;CHOQUE CON OBJETO FIJO;DESPISTE, VOLCADURA Y CAIDA;1;1;AV. INDEPENDENCIA;CUADRA 5;-13.14756333;-74.22366512852857;DESPEJADO;IMPRUDENCIA DEL CONDUCTOR;CONDUCIR EN ESTADO DE EBRIEDAD Y/O DROGADICCIÓN;;CONDUCTOR EBRIO
A-2023-08-144;28/08/2023;14:30;DESPISTE;VOLCADURA;1;0;VIA LOS LIBERTADORES ;CENTRO POBLADO LICAPA;-13.35824136;-74.85072217671166;NUBLADO;IMPRUDENCIA DEL CONDUCTOR;CONDUCIR EN ESTADO DE EBRIEDAD Y/O DROGADICCIÓN;;CONDUCTOR EN ESTADO DE EBRIEDAD
A-2023-08-145;06/08/2023;20:50;ATROPELLO;POR APLASTAMIENTO;1;0;CARRETERA CENTRAL LA OROYA - HUANCAYO KM. 85 - MUQUI;;-11.83614882;-75.43634530423623;DESPEJADO;IMPRUDENCIA DEL PEATÓN;ESTADO DE EBRIEDAD Y/O DROGADICCIÓN;;NINGUNA
A-2023-08-146;02/08/2023;23:30;CHOQUE;;2;3;CARRETERA INTEROCEANICA ;;-14.860932;-74.751047;DESPEJADO;IMPRUDENCIA DEL CONDUCTOR;INVASIÓN DE CARRIL;;NO PRECISA LAS SEÑALES QUE SE ENCUENTREN EN EL LUGAR
A-2023-08-147;24/08/2023;15:20;CHOQUE FUGA;CHOQUE Y FUGA;1;0;CARRETERA PANAMERICANA SUR KM 1309;PLANTA DE GAS NATURAL FENOSA;-18.085671;-70.303507;DESPEJADO;NO IDENTIFICA LA CAUSA;;;VEHICULO FUGADO
A-2023-08-148;28/08/2023;14:30;CHOQUE;CHOQUE ;1;1;AV. CELESTINO VARGAS CON PSJE. POCOLLAY; (ALTURA REST. EL BRASERO);-17.99221;-70.21711;DESPEJADO;IMPRUDENCIA DEL CONDUCTOR;GIRAR IMPRUDENTEMENTE;;SIN OBSERVACIONES
A-2023-08-149;17/08/2023;16:55;CHOQUE;CHOQUE;1;1;AV. SOBERANIA NACIONAL CON AV. ESTANISLAO CONDOR;;-18.063487;-70.244533;DESPEJADO;IMPRUDENCIA DEL CONDUCTOR;DESACATO DE SEÑAL DE TRÁNSITO;;SIN OBSERVACIONES
A-2023-08-15;09/08/2023;09:00;DESPISTE;Y VOLCADURA;1;1;CARRETERA ILAVE-MAZOCRUZ;C.P. ROSARIO - SORAPA;-16.366658;-69.648655;DESPEJADO;INFRAESTRUCTURA Y ENTORNO VIAL;OBRAS TEMPORALES;;
A-2023-08-150;29/08/2023;06:00;ATROPELLO FUGA;ATROPELLO Y FUGA;1;0;CARRETERA PANAMERICANA SUR KM 1266 500;;-18.108951;-70.320398;DESPEJADO;NO IDENTIFICA LA CAUSA;;;SIN OBSERVACIONES
A-2023-08-151;05/08/2023;10:00;ATROPELLO;;1;0;AV. ALFREDO PALACIOS CON AV. COMANDANTE PEREZ;;-12.05565696;-77.1219702779311;DESPEJADO;IMPRUDENCIA DEL PEATÓN;OTRO (IMPRUDENCIA DEL PEATÓN);REALIZAR TRABAJOS NO AUTORIZADOS DENTRO DE LA CALZADA;
A-2023-08-152;26/08/2023;19:30;ATROPELLO;;1;0;AV. REPUBLICA DE VENEZUELA CDRA. 11 REF. ALT. DE LA CALLE BACA FLOR-LA PERLA;;-12.06418051;-77.1121754695252;DESPEJADO;IMPRUDENCIA DEL PEATÓN;CRUCE INDEBIDO POR LA CALZADA;;
A-2023-08-153;05/08/2023;19:00;ATROPELLO;;1;0;CARRETERA  CARRETERA HUAMBOS - CHOTA. KM171 800;;-6.476687197;-78.9251077084769;DESPEJADO;IMPRUDENCIA DEL PEATÓN;CRUCE INDEBIDO POR LA CALZADA;;
A-2023-08-154;06/08/2023;04:30;DESPISTE;TOTAL  CON SUBSECUENTE VOLCADURA EN TONEL DERECHO 1/1|;1;0;CARRETERA CAJAMARCA - BAÑOS DEL INCA. ALTURA DE LA EMPRESA FERREYROS;;-7.164963474;-78.4737130131712;DESPEJADO;IMPRUDENCIA DEL CONDUCTOR;CONDUCIR EN ESTADO DE EBRIEDAD Y/O DROGADICCIÓN;;
A-2023-08-155;03/08/2023;05:30;CHOQUE;;1;1;AV. PERÚ CUADRA 02 ;;-6.55318;-78.670308;DESPEJADO;IMPRUDENCIA DEL CONDUCTOR;CONDUCIR EN ESTADO DE EBRIEDAD Y/O DROGADICCIÓN;;
A-2023-08-156;07/08/2023;03:36;DESPISTE;CON SUBSECUENTE VOLCADURA EN TONEL DERECHO 1/1;1;1;CARRETERA CAJAMARCA - BAÑOS DEL INCA. ALTURA DE LA TIENDA MSA AUTOMOTRIZ;;-7.16496205;-78.4772802028845;DESPEJADO;IMPRUDENCIA DEL CONDUCTOR;CONDUCIR EN ESTADO DE EBRIEDAD Y/O DROGADICCIÓN;;
A-2023-08-157;08/08/2023;02:00;CHOQUE;;1;1;CARRETERA CHOTA - BAMBAMARCA A LA ALTURA DEL CEMENTERIO SAN JUAN ;;-6.568902;-78.652678;DESPEJADO;IMPRUDENCIA DEL CONDUCTOR;OTRO (IMPRUDENCIA DEL CONDUCTOR);;
A-2023-08-158;10/08/2023;13:30;DESPISTE;TOTAL;1;1;CARRETERA CAJAMARCA - CHOTA. CASERIO LA SHOCLLA;;-6.948974;-78.587531;DESPEJADO;NEGLIGENCIA DEL CONDUCTOR;CONDUCIR CON FALLAS DE FRENOS;;
A-2023-08-159;05/08/2023;19:30;DESPISTE;TOTAL;2;1;CASERÍO URUMBA ALTO. CP. LINDEROS.;;-5.379255;-79.103661;DESPEJADO;IMPRUDENCIA DEL CONDUCTOR;OTRO (IMPRUDENCIA DEL CONDUCTOR);;
A-2023-08-16;12/08/2023;16:07;VOLCADURA;-;1;0;CARRETERA FERNANDO BELAUNDE TERRY KM 485 301;PUENTE INDOCHE;-6.048827;-77.041165;DESPEJADO;IMPRUDENCIA DEL CONDUCTOR;OTRO (IMPRUDENCIA DEL CONDUCTOR);;SE INVESTIGA
A-2023-08-160;14/08/2023;11:10;ATROPELLO FUGA;;1;0;AV. SAN MARTIN  C- 10;;-7.171606175;-78.5011379431128;DESPEJADO;NO IDENTIFICA LA CAUSA;;;
A-2023-08-161;19/08/2023;12:00;DESPISTE;TOTAL SUBSECUENTE VOLCADURA;2;0;CARRETERA DEL DISTRITO DE CHONTALI A LA CIUDAD DE JAEN;;-5.665580413;-79.0916595526818;DESPEJADO;IMPRUDENCIA DEL CONDUCTOR;OTRO (IMPRUDENCIA DEL CONDUCTOR);;
A-2023-08-162;22/08/2023;02:40;ATROPELLO;;1;0;CARRETERA CHICLAYO - CHOTA;;-6.530502;-79.07664;NUBLADO;IMPRUDENCIA DEL CONDUCTOR;OTRO (IMPRUDENCIA DEL CONDUCTOR);;
A-2023-08-163;28/08/2023;07:55;CHOQUE;POR ALCANCE CENTRICO;1;1;AV. PAKAMUROS CDRA.09;;-5.706962;-78.803394;DESPEJADO;IMPRUDENCIA DEL CONDUCTOR;ADELANTAR INDEBIDAMENTE;;
A-2023-08-164;31/08/2023;11:00;DESPISTE;TOTAL CON SUBSECUENTE VOLCADURA EN TONEL DERECHO;1;5;CARRETERA QUE CONDUCE DEL CASERIO LA PALMA AL DISTRITO DE CHALAMARCA;;-6.488062;-78.579483;DESPEJADO;IMPRUDENCIA DEL CONDUCTOR;OTRO (IMPRUDENCIA DEL CONDUCTOR);;
A-2023-08-165;25/08/2023;17:22;CHOQUE;FRONTAL SUBSECUENTE VOLCADURA;1;2;CARRETERA SAN IGNACION - LA BALSA. LUGAR DENOMINADO PEÑA LOS LOROS;;-4.984032;-79.10115;DESPEJADO;IMPRUDENCIA DEL CONDUCTOR;CONDUCIR EN ESTADO DE EBRIEDAD Y/O DROGADICCIÓN;;
A-2023-08-166;19/08/2023;07:00;CHOQUE;FATAL;1;0;AV. LOS ALISOS CDRA. 12;;-11.9831551;-77.07966002674941;DESPEJADO;IMPRUDENCIA DEL CONDUCTOR;EXCESO DE VELOCIDAD;;CONTRIBUTIVA IMPRUDENCIA DEL CONDUCTOR DE BICICLETA
A-2023-08-17;13/08/2023;20:50;ATROPELLO;-;1;0;CARRETERA FERNANDO BELAUNDE TERRY KM 495 500;SECTOR RUMIYACU;-6.0456143;-76.9572332;DESPEJADO;IMPRUDENCIA DEL PEATÓN;OTRO (IMPRUDENCIA DEL PEATÓN);;SE INVESTIGA
A-2023-08-18;18/08/2023;07:45;CHOQUE;EL VEHÍCULO CATG. M1, SUV, DE PLACA B6U-318, SE DESPLAZABA POR LA CALZADA ESTE DE LA CARRETERA PANAMERICANA NORTE, AL LLEGAR AL KM. 146.043.50, IMPACTA EN LA ESTRUCTURA POSTERIOR DEL COMBINADO VEHICULAR F8M-780 / B9Q-985;2;1;CARRETERA PANAMERICANA NORTE;146.043.50;-11.13922;-77.59708;DESPEJADO;IMPRUDENCIA DEL CONDUCTOR;FATIGA Y/O CANSANCIO;;NINGUNA
A-2023-08-19;10/08/2023;18:30;ATROPELLO FUGA;ATROPELLO, SUBSECUENTE MUERTE Y LESIONES;1;1;AV. PRINCIPAL AL CENTRO POBLADO B-1 PEDREGAL;;-16.32006;-72.226962;DESPEJADO;EN PROCESO DE INVESTIGACIÓN;NO CUENTA CON CAUSA ESPECIFICA;;SIN OBSERVACIONES
A-2023-08-2;07/08/2023;04:00;VOLCADURA;CHOQUE, VOLCADURA CONSECUENCIA FATAL;1;0;OVALO CONDOR;VARIANTE UCHUMAYO;-16.405845;-71.588156;DESPEJADO;EN PROCESO DE INVESTIGACIÓN;NO CUENTA CON CAUSA ESPECIFICA;;SIN OBSERVACIONES
A-2023-08-20;19/08/2023;00:03;DESPISTE;-;1;0;CARRETERA  AL CASERIO POMALCA NUEVA ESPERANZA;-;-6.186515;-77.115986;DESPEJADO;IMPRUDENCIA DEL CONDUCTOR;OTRO (IMPRUDENCIA DEL CONDUCTOR);;SE INVESTIGA
A-2023-08-21;25/08/2023;08:30;ATROPELLO FUGA;CONSECUENCIA FATAL;1;0;VIA ILAVE-JULI;AV. PANAMERICANA ALTURA DEL PARQUE MARIATEGUI;-16.091553;-69.6397;DESPEJADO;IMPRUDENCIA DEL CONDUCTOR;EXCESO DE VELOCIDAD;;FALTA DE UN ELEMENTO ( VEHICULO)
A-2023-08-22;24/08/2023;14:30;CHOQUE;CHOQUE;2;0;VIA PENETRACION AREQUIPA CHIVAY KM. 34.60;VIA PENETRACION;-15.8351167;-71.4697517;DESPEJADO;NO IDENTIFICA LA CAUSA;;;SIN OBSERVACIONES
A-2023-08-23;27/08/2023;02:00;CHOQUE;CHOQUE, DESPISTE, VOLCADURA CONSECUENCIA FATAL;1;3;CARRETERA INGRESO A LA JOYA SECTOR SANTA MARIA;LA JOYA;-16.4697919;-71.8444426;DESPEJADO;NO IDENTIFICA LA CAUSA;;;SIN OBSERVACIONES
A-2023-08-24;05/08/2023;10:30;DESPISTE;-;1;4;CARRETERA DE PENETRACION A LA SIERRA LIBERTEÑA ALTURA DEL KM. 39.4;-;-8.0545231;-78.8527548;DESPEJADO;NO IDENTIFICA LA CAUSA;;;TRANSACCION EXTRAJUDICIAL, DE FECHA 11AGO2023, LEGALIZADAS POR EL NOTARIO ABOGADO ANTONIO DE GRACIA VASQUEZ, MEDIANTE EL CUAL EL CONDUCTOR DE LA CAMIONETA LE HACE ENTREGA LA SUMA DE S/. 4,500.00 POR EL CONCEPTO DE REPARACION CIVIL A VAFOR DE LA PARTE AGRAVIADA Y AMBAS PARTES ACUERDAN ABSTENERSE DE INICIAR Y CONTINUAR CON CUALQUIER ACCION JUDICIAL, POLICIAL, FISCAL, ADMINISTRATIVA, CIVIL Y PENAL EN CONTRA DE CADA UNA DE ELLAS.
A-2023-08-25;05/08/2023;20:00;ATROPELLO FUGA;-;1;0;CARRETERA PANAMERICANA NORTE ALTURA DEL KM. 505;-;-8.5071648;-78.6881899;DESPEJADO;NO IDENTIFICA LA CAUSA;;;
A-2023-08-26;09/08/2023;13:30;DESPISTE;-;1;0;CARRETERA DE PENETRACION A LA SIERRA LIBERTEÑA ALTURA DEL KM. 60;-;-7.992525;-78.672074;DESPEJADO;IMPRUDENCIA DEL CONDUCTOR;OTRO (IMPRUDENCIA DEL CONDUCTOR);DISTRACCION EN LA CONDUCCION;
A-2023-08-27;07/08/2023;18:30;DESPISTE;DESPISTE SEGUIDO DE VOLCADURA;2;2;CARRETERA  RED VIAL  QUILLABAMBA  - CUSCO. TRAMO  HUYRO  - ABRA MALAGA - SECTOR  DENOMINADO ABRA MALAGA  . ALTURA DEL KM. 133 400 ;ABRA MALAGA KM 133 400;-13.136589;-72.303553;NIEBLA;IMPRUDENCIA DEL CONDUCTOR;OTRO (IMPRUDENCIA DEL CONDUCTOR);EXCESO DE CONFIANZA;NINGUNO
A-2023-08-28;12/08/2023;23:00;CHOQUE;-;1;0;CARRETERA PANAMERICANA SUR KM 449.600;-;-14.8394228;-74.9423241;DESPEJADO;EN PROCESO DE INVESTIGACIÓN;NO CUENTA CON CAUSA ESPECIFICA;;
A-2023-08-29;13/08/2023;02:00;DESPISTE;VOLCADURA;3;2;VIA PENETRACION. EN LA QUEBRADA DE HONDA DEL ANEXO DE COMULLA;A MEDIA HORA DE OTOCA;-14.51866584;-74.7519429356811;NUBLADO;NO IDENTIFICA LA CAUSA;;;
A-2023-08-3;08/08/2023;09:00;CHOQUE;CHOQUE, DESPISTE, VOLCADURA, CHOQUE, ;3;1;KM. 87.200 CARRETERA AREQUIPA- PUNO;;-16.089422;-71.599746;DESPEJADO;EN PROCESO DE INVESTIGACIÓN;NO CUENTA CON CAUSA ESPECIFICA;;SIN OBSERVACIONES
A-2023-08-30;18/08/2023;20:30;ATROPELLO;-;1;0;CARRETERA PANAMERICA SUR KM 399.800;PUENTE DE PALPA;-14.531977;-75.190298;DESPEJADO;EN PROCESO DE INVESTIGACIÓN;NO CUENTA CON CAUSA ESPECIFICA;;
A-2023-08-31;19/08/2023;02:30;DESPISTE;VOLCADURA;13;5;CARRETERA LOS LIBERTADORES KM 122. 500; A15 MIN DE  HUAYTARA;-13.607447;-75.322182;DESPEJADO;EN PROCESO DE INVESTIGACIÓN;NO CUENTA CON CAUSA ESPECIFICA;;
A-2023-08-32;20/08/2023;14:00;DESPISTE;VOLCADURA;1;0;PAMPA DE OCUACAJE ;CASERIO CHACALTANA;-14.352133;-75.703062;DESPEJADO;NO IDENTIFICA LA CAUSA;;;
A-2023-08-33;23/08/2023;19:45;CHOQUE;-;1;1;CARRETERA PANAMERICANA SUR KM 450.;FRENTE DE CANCHA SINTETICA ;-14.848469;-74.950771;DESPEJADO;IMPRUDENCIA DEL CONDUCTOR;INVASIÓN DE CARRIL;;
A-2023-08-34;10/08/2023;19:30;DESPISTE;DESPISTE Y CHOQUE ;1;0;CARRETERA CATAC - RECUAY ;ALTURA DEL ARCO INGRESO A LA PROVINCIA DE RECUAY;-9.8028391;-77.434473;DESPEJADO;IMPERICIA DEL CONDUCTOR;;;NINGUNA
A-2023-08-35;17/08/2023;20:00;DESPISTE;DESPISTE Y VOLCADURA;1;0;ACZO - LLAMELLIN;LUGAR DENOMINADO MARLI;-9.116317957;-77.0125629805175;DESPEJADO;NO IDENTIFICA LA CAUSA;;;NINGUNA
A-2023-08-36;05/08/2023;23:28;CHOQUE;-;1;8;ANTIGUA CARRETERA PANAMERICANA SUR KM 199;-;-13.4315352;-76.1342918;DESPEJADO;IMPRUDENCIA DEL CONDUCTOR;INVASIÓN DE CARRIL;;
A-2023-08-37;05/08/2023;23:40;DESPISTE;VOLCADURA;1;0;CARRETERA HACIA EL CENTRO POBLADO SAN JOSE;-;-13.504739;-76.06495;DESPEJADO;EN PROCESO DE INVESTIGACIÓN;NO CUENTA CON CAUSA ESPECIFICA;;
A-2023-08-38;18/08/2023;18:30;CHOQUE FUGA;CHOQUE FRONTAL, CAIDA DE CONDUCTORES Y OCUPANTES;1;2;CARRETERA FERNANDO BELAUNDE TERRRY KM 224 476;GRIFO LUCIONO;-5.738525;-78.46117;DESPEJADO;EN PROCESO DE INVESTIGACIÓN;NO CUENTA CON CAUSA ESPECIFICA;;AÚN SE CUENTA EN PROCESO DE INVESTIGACIÓN POR MOTIVOS QUE ESTA REGPOL AMAZONAS NO CUENTA CON LA SECCIÓN DE PERITAJE DE DAÑOS Y FALTAN ALGUNAS DILIGENCIAS POR REALIZAR
A-2023-08-39;23/08/2023;17:40;DESPISTE;DESPISTE SEGUIDO VOLCADURA ;1;0;RED VIAL DEPARTAMENTAL SICUANI - MARCAPATA. ALTURA DEL KM. 08 500 DEL SECTOR DENOMINADO PALCHAMOCCO DE LA COMUNIDAD CAMPESINA DE CCANCCAHUA.;COMUNIDAD CAMPESINA CCANCCAHUA;-14.113432;-71.144355;DESPEJADO;IMPRUDENCIA DEL CONDUCTOR;OTRO (IMPRUDENCIA DEL CONDUCTOR);DEATENCION DEL CONDUCTOR AL OPERAR LA MAQUINARIA ;NINGUNO
A-2023-08-4;07/08/2023;10:30;DESPISTE;DESPISTE, VOLCADURA CONSECUENCIA FATAL Y DAÑOS MATERIALES;6;3;KM. 226.208 CARRETERA PANAMERICANA;CHIVAY;-15.679615;-71.588158;SOLEADO;EN PROCESO DE INVESTIGACIÓN;NO CUENTA CON CAUSA ESPECIFICA;;SIN OBSERVACIONES
A-2023-08-40;05/08/2023;16:50;DESPISTE;DESPISTE SEGUIDO DE VOLCADURA ;3;0;RED VIAL NACIONAL LONGITUDINAL CHALLHUAHUACHO - UMACHIRI (AYAVIRI) TRAMO PUENTE RIO SALADO - HECTOR TEJADA (PALLPATA) ALTURA DEL KM.  233 400 EN EL SECTOR DE CCAQUENCURA DE LA COMUNIDAD CAMPESINA HUANCANE BAJO DEL DISTRITO Y PROVINCIA DE ESPINAR - CUSCO.;SECTOR DE CCAQUENCURA DE LA COMUNIDAD CAMPESINA HUANCANE BAJO ;-14.802238;-71.350976;DESPEJADO;IMPRUDENCIA DEL CONDUCTOR;FATIGA Y/O CANSANCIO;;NINGUNO
A-2023-08-41;11/08/2023;18:41;ATROPELLO;ATROPELLO CON PROYECCION ;1;1;RED VIAL NACIONAL LONGITUDINAL LA OROYA - PUENTE DESAGUADERO. TRAMO COMPRENDIDO ENTRE ANDAHUAYLILLAS - HUARO. ALTURA DEL KM.1011 800 SECTOR ETS-PNP PUCUTO DE LA COMUNIDAD DE PUCUTO DEL DISTRTITO DE HUARO PROVINCIA DE QUISPICANCHIDEPARTAMENTO DE CUSCO;FRONTIS DE LA ESCUELA SUPERIOR PNP PUCUTO;-13.681952;-71.656624;DESPEJADO;IMPRUDENCIA DEL CONDUCTOR;EXCESO DE VELOCIDAD;;NINGUNO
A-2023-08-42;17/08/2023;03:00;ATROPELLO FUGA;VEHICULO PARTICPANTE SE DIO A LA FUGA;1;0;RED VIAL REGIONAL PACHAR - IZCUCHACA  ALTURA DEL KM 03. TRAMO COMPRENDIDO ENTRE HUAROCONDO - IZCUCHACA. COMUNIDAD CAMPESINA DE MOSOQLLACTA;COMUNIDAD CAMPESINA MOSOQLLACTA;-13.453967;-72.172408;DESPEJADO;IMPRUDENCIA DEL PEATÓN;ESTADO DE EBRIEDAD Y/O DROGADICCIÓN;;NINGUNO
A-2023-08-43;20/08/2023;19:10;ATROPELLO;ATROPELLO CON PROYECCION;1;0;VIA NACIONA CUSCO ABANCAY ALTURA DEL COLISEO DE LA  MUNICIPALIDAD PROVINCIAL DE ANTA.;COLISEO DE LA MUNICIPALIDAD DE ANTA;-13.466273;-72.139682;DESPEJADO;NEGLIGENCIA DEL CONDUCTOR;OTRO (NEGLIGENCIA DEL CONDUCTOR);CONDUCCION HACIENDO USO DEL APARATO CELULAR ;NINGUNO
A-2023-08-44;27/08/2023;17:20;DESPISTE;VOLCADURA;1;0;CARRETERA CHHANGUILLO  KM 28- PUERTO CABALLA; SECTOR DENOMINADO MAL PASO;-14.663484;-75.225382;DESPEJADO;EN PROCESO DE INVESTIGACIÓN;NO CUENTA CON CAUSA ESPECIFICA;;
A-2023-08-45;27/08/2023;15:30;CHOQUE;;1;0;KM. 24.400;VIA COSTANERA CAMANA;-16.700737;-72.455305;SOLEADO;EN PROCESO DE INVESTIGACIÓN;NO CUENTA CON CAUSA ESPECIFICA;;SIN OBSERVACIONES
A-2023-08-46;10/08/2023;19:13;ATROPELLO;.;1;0;CARRETERA PANAMERICANA NORTE KM 273;FRONTIS DE LA CASETA SENASA - EX COMPLEJO MIGRACIONES. ;-3.485689527;-80.26095216958024;DESPEJADO;IMPRUDENCIA DEL PEATÓN;ESTADO DE EBRIEDAD Y/O DROGADICCIÓN;;
A-2023-08-47;10/08/2023;11:00;DESPISTE;DESPISTE Y VOLCADURA ;2;1;CARRETERA VECINAL COMUNIDAD YANQUE-COLQUEMARCA;SECTOR GRANJA;-14.23558451;-72.01376105569636;DESPEJADO;IMPRUDENCIA DEL CONDUCTOR;EXCESO DE VELOCIDAD;;NINGUNO
A-2023-08-48;31/08/2023;03:00;DESPISTE;DESPISTE  Y VOLCADURA;1;0;CARRETERA DE LA COMUNIDAD CAMPESINA DE HUAYLLAPATA. DISTRITO DE HUANCARANI. PROVINCIA DE PAUCARTAMBO Y DPTO. DEL CUSCO.;;-13.507493;-71.694943;DESPEJADO;IMPRUDENCIA DEL CONDUCTOR;FATIGA Y/O CANSANCIO;;NINGUNO
A-2023-08-49;18/08/2023;15:20;CHOQUE;CHOQUE SEGUIDO DE VOLCADURA ;1;1;CARRETERA VECINAL COMUNIDAD TOTORA-CCORCCA;KM 20 030;-13.57373046;-72.0708120660588;DESPEJADO;IMPRUDENCIA DEL CONDUCTOR;EXCESO DE VELOCIDAD;;NINGUNO
A-2023-08-5;04/08/2023;07:00;CHOQUE;-;1;1;CARRETERA PANAMERICA SUR KM 437;A 2KM AL NORTE DEL PEAJE;-14.783702;-75.026913;DESPEJADO;EN PROCESO DE INVESTIGACIÓN;NO CUENTA CON CAUSA ESPECIFICA;;
A-2023-08-50;09/08/2023;11:00;ATROPELLO FUGA;-;1;0;INTERSECCION DE LA AV. INDOAMERICANA Y LA AV. JOSE GABRIEL CONDORCANQUI;-;-8.062354;-79.052461;DESPEJADO;NO IDENTIFICA LA CAUSA;;;
A-2023-08-51;10/08/2023;17:00;ATROPELLO;-;1;0;CARRETERA PANAMERICANA NORTE ALTURA DEL KM. 554.9;-;-8.185764356;-78.98288525198979;DESPEJADO;NO IDENTIFICA LA CAUSA;;;
A-2023-08-52;12/08/2023;22:30;DESPISTE;EL VEHÍCULO CATG. L3, CARROCERÍA MOTOCICLETA DE PLACA DE RODAJE 3779-2F, SE DESPLAZABA POR LA CALZADA ESTE DE LA CARRETERA PANAMERICANA NORTE, Y EN SENTIDO DE SUR A NORTE, AL LLEGAR AL KM. 138.165.30, SE DESPISTA HACIA EL GUARDAVIAS DEL LADO ESTE, FALLECIENDO EN EL ACTO;1;0;CARRETERA PANAMERICANA NORTE;KM. 138.165.30;-11.1954;-77.56842;DESPEJADO;IMPRUDENCIA DEL CONDUCTOR;CONDUCIR EN ESTADO DE EBRIEDAD Y/O DROGADICCIÓN;;NINGUNA
A-2023-08-53;13/08/2023;01:00;CHOQUE;-;1;0;CARRETERA PANAMERICANA NORTE ALTURA DEL KM. 580;-;-8.0329711;-79.0804674;DESPEJADO;IMPRUDENCIA DEL CONDUCTOR;CONDUCIR EN ESTADO DE EBRIEDAD Y/O DROGADICCIÓN;;
A-2023-08-54;13/08/2023;04:40;ATROPELLO FUGA;-;1;0;CARRETERA PANAMERICANA NORTE ALTURA DEL KM. 695;-;-7.310491;-79.480824;DESPEJADO;NO IDENTIFICA LA CAUSA;;;
A-2023-08-55;16/08/2023;15:30;ATROPELLO;-;1;0;AV. JOSE GABRIEL CONDORCANQUI FRENTE A LA FABRICA DE HIELO;-;-8.088121751;-79.04217512570484;DESPEJADO;NO IDENTIFICA LA CAUSA;;;
A-2023-08-56;18/08/2023;09:00;ATROPELLO FUGA;-;1;0;CARRETERA PANAMERICANA NORTE ALTURA DEL KM. 696;-;-7.2212559;-79.4367383;DESPEJADO;NO IDENTIFICA LA CAUSA;;;
A-2023-08-57;19/08/2023;11:20;CHOQUE;-;1;6;CARRETERA DE PENETRACION A LA SIERRA LIBERTEÑA ALTURA DEL KM. 139.2;-;-7.980411;-78.23678;DESPEJADO;NO IDENTIFICA LA CAUSA;;;
A-2023-08-58;20/08/2023;22:30;ATROPELLO;-;1;0;CARRETERA PANAMERICANA NORTE ALTURA DEL KM. 529;-;-8.381431;-78.857272;DESPEJADO;NO IDENTIFICA LA CAUSA;;;
A-2023-08-59;21/08/2023;13:00;ATROPELLO;-;1;0;CARRETERA PANAMERICANA NORTE ALTURA DEL KM. 560.9;-;-8.138208;-79.015506;DESPEJADO;NO IDENTIFICA LA CAUSA;;;