COD_ACCIDE;FechaDelAccidente;HoraDelAccidente;ClaseDelAccidente;SecuenciaAccidente;CantidadDeFallecidos;CantidadDeLesionados;Direccion;LugarReferencia;y;x;CondClimatica;CausaFactorPrincipal;CausaEspecifica;OtraCausa;Observaciones
A-2023-08-6;07/08/2023;08:30;CHOQUE;-;1;0;ANTIGUA CARRETERA PANAMERICA SUR  KM 229;ALTURA DEL GRIFO PETRO AMERICA;-13.69909139;-76.15195586319028;DESPEJADO;IMPERICIA DEL CONDUCTOR;;;
A-2023-08-60;24/08/2023;20:30;DESPISTE;-;1;3;CARRETERA CARROZABLE S/N CASERIO NAUBAMBA;-;-7.814124697;-78.43235380456227;DESPEJADO;NO IDENTIFICA LA CAUSA;;;
A-2023-08-61;25/08/2023;22:15;CHOQUE;-;2;1;CARRETERA PANAMERICANA NORTE ALTURA DEL KM. 547.7;-;-8.233038;-78.943466;DESPEJADO;IMPRUDENCIA DEL CONDUCTOR;OTRO (IMPRUDENCIA DEL CONDUCTOR);SIN EL DEBIDO CUIDADO Y PREVENCION Y A UNA VELOCIDAD EXCESIVA;
A-2023-08-62;29/08/2023;01:00;CHOQUE;-;2;6;CARRETERA PANAMERICANA NORTE ALTURA DEL KM. 655.5;-;-7.511729;-79.403963;DESPEJADO;IMPRUDENCIA DEL CONDUCTOR;FATIGA Y/O CANSANCIO;;
A-2023-08-63;30/08/2023;22:30;CHOQUE;-;1;0;CARRETERA PANAMERICANA NORTE ALTURA DEL KM. 559;-;-8.163953;-79.009976;DESPEJADO;NO IDENTIFICA LA CAUSA;;;
A-2023-08-64;21/08/2023;02:20;CHOQUE;-;3;3;CARRETERA  CALZADA SORITOR KM 8 50;GRANJA DON POLLO;-6.093996;-77.087282;DESPEJADO;IMPRUDENCIA DEL CONDUCTOR;CONDUCIR EN ESTADO DE EBRIEDAD Y/O DROGADICCIÓN;;
A-2023-08-65;28/08/2023;19:15;CHOQUE;-;1;1;CARRETERA FERNANDO BELAUNDE TERRY KM 429 950;-;-5.797532;-77.408875;DESPEJADO;IMPERICIA DEL CONDUCTOR;;;SE INVESTIGA
A-2023-08-66;31/08/2023;19:10;ATROPELLO;-;1;0;CARRETERA FERNANDO BELAUNDE TERRY KM 455 900;-;-5.992158;-77.278982;DESPEJADO;IMPRUDENCIA DEL PEATÓN;OTRO (IMPRUDENCIA DEL PEATÓN);;SE INVESTIGA
A-2023-08-68;01/08/2023;05:30;ATROPELLO FUGA;-;1;0;KM 06 347;-;-14.45307425;-70.09179431992087;DESPEJADO;IMPRUDENCIA DEL CONDUCTOR;OTRO (IMPRUDENCIA DEL CONDUCTOR);VEHICULO FUGADO ;NINGUNA
A-2023-08-69;04/08/2023;23:45;CHOQUE;VOLCADURA ;1;0;KM 34 500;-;-15.28878438;-69.94655328716178;DESPEJADO;IMPRUDENCIA DEL CONDUCTOR;INVASIÓN DE CARRIL;;NINGUNA 
A-2023-08-7;09/08/2023;11:00;ATROPELLO;-;1;0;C. P. SURN KM 301- ICA;ALTURA SHALOM ;-14.06531158;-75.74055852250488;DESPEJADO;IMPRUDENCIA DEL PEATÓN;CRUCE INDEBIDO POR LA CALZADA;;
A-2023-08-71;06/08/2023;09:30;ATROPELLO;-;1;0;KM 55 12;-;-15.088072;-69.817338;DESPEJADO;IMPRUDENCIA DEL PEATÓN;CRUCE INDEBIDO POR LA CALZADA;;NINGUNA 
A-2023-08-72;06/08/2023;18:00;ATROPELLO;-;1;0;KM 1321 548;-;-15.54788451;-70.10948559423828;DESPEJADO;IMPRUDENCIA DEL PEATÓN;CRUCE INDEBIDO POR LA CALZADA;;NINGUNA 
A-2023-08-73;06/08/2023;17:30;ATROPELLO;-;1;0;KM 1331 000;-;-15.6312643;-70.0863127;DESPEJADO;IMPRUDENCIA DEL PEATÓN;CRUCE INDEBIDO POR LA CALZADA;;NINGUNA 
A-2023-08-74;07/08/2023;15:00;ATROPELLO;CAIDA ;1;0;JR REVOLUCION CON AV INDEPENDENCIA ;-;-15.47718807;-70.13652292797858;DESPEJADO;IMPRUDENCIA DEL PEATÓN;CRUCE INDEBIDO POR LA CALZADA;;NINGUNA 
A-2023-08-76;14/08/2023;06:30;ATROPELLO FUGA;-;1;0;KM 1283 507;-;-15.28008479;-70.25835701403417;SOLEADO;IMPRUDENCIA DEL CONDUCTOR;OTRO (IMPRUDENCIA DEL CONDUCTOR);VEHICULO FUGADO;FUGADO 
A-2023-08-77;20/08/2023;15:30;ATROPELLO FUGA;ATROPELLO DE PEATÓN, FUGA DEL CONDUCTOR Y VEHÍCULO;1;0;CARRETERA FERNANDO BELAÚNDE TERRY KM 244 76;;-5.816503;-78.312683;SOLEADO;EN PROCESO DE INVESTIGACIÓN;NO CUENTA CON CAUSA ESPECIFICA;;SE EN CUENTRA EN PROCESO DE INVESTIGACIÓN POR FALTA DE RESULTADO DE PERICIA DE CONSTATACIÓN DE DAÑO ENTRE OTRAS DILIGENCIAS.
A-2023-08-78;25/08/2023;04:30;DESPISTE;DESPISTE, VOLCADURA Y CAIDA DE OCUPANTE;1;0;TROCHA CARROSABLE EL SALADO;EL ACCIDENTE SE SUSCITO EN UNA TROCHA CARROSABLE QUE PARTE DE LA CARRETERA FERNANDO BELAÚNDE TERRY KM 253 265.50;-5.836981;-78.241441;DESPEJADO;EN PROCESO DE INVESTIGACIÓN;NO CUENTA CON CAUSA ESPECIFICA;;EL PERITO TODAVÍA NO HA DETERMINADO LAS CAUSAS POR FALTA DE PERITAJE DE DAÑOS ENTRE OTRAS DILIGENCIAS 
A-2023-08-8;05/08/2023;23:25;CHOQUE;;1;3;CARRETERA COSTANERA MOLLENDO MATARANI;;-16.997859;-72.03163;DESPEJADO;EN PROCESO DE INVESTIGACIÓN;NO CUENTA CON CAUSA ESPECIFICA;;SIN OBSERVACIONES
A-2023-08-80;19/08/2023;05:10;CHOQUE;POR EMBISTE CENTRI IZQUIERDO;2;6;CARRETERA PANAMERICANA SUR KM 182 900;-;-13.386086;-76.202713;DESPEJADO;IMPRUDENCIA DEL CONDUCTOR;INVASIÓN DE CARRIL;;
A-2023-08-81;19/08/2023;15:20;ATROPELLO;SUBSECUENTE MUERTE DE MENOR;1;0;CALLE 17 DE OCTUBRE-PUNCHANA;ALTURA DEL PUERTO MOROCHITA;-3.720048;-73.23984;SOLEADO;EN PROCESO DE INVESTIGACIÓN;NO CUENTA CON CAUSA ESPECIFICA;;LOS ACTUADOS FUERON REMITIDOS A FISCALIA DE TURNO
A-2023-08-82;10/08/2023;07:00;DESPISTE;DESPISTE- VOLCADURA ;1;0;AV. JOSE AGUILAR SANTIESTEBAN.A LTURA DE LA FERRTERIA ORO NEGRO - URB LIMA LINDA ;;-5.149425;-80.661211;DESPEJADO;IMPRUDENCIA DEL CONDUCTOR;EXCESO DE VELOCIDAD;;
A-2023-08-84;31/08/2023;04:00;VOLCADURA;-;1;0;KM 81 820;-;-14.7190732;-70.36096;DESPEJADO;IMPRUDENCIA DEL CONDUCTOR;INVASIÓN DE CARRIL;;NINGUNA 
A-2023-08-85;01/08/2023;11:10;CHOQUE;VOLCADURA Y CAÍDA ;1;0;AV. UNIVERSITARIA CDRA 96 ;REF. ALT PARADERO LA ALBORADA DEL METROPOLITANO ;-11.9111118;-77.0456108;DESPEJADO;EN PROCESO DE INVESTIGACIÓN;NO CUENTA CON CAUSA ESPECIFICA;;
A-2023-08-86;04/08/2023;06:40;CHOQUE;VOLCADURA Y CAÍDA;1;0;INTERSECCION DE LA AV. PACHACUTEC CON AV. EL SOL;;-12.19513605;-76.93483296;DESPEJADO;IMPRUDENCIA DEL CONDUCTOR;EXCESO DE VELOCIDAD;;
A-2023-08-87;07/08/2023;00:45;ATROPELLO FUGA;FATAL;1;0;PANAMERICANA NORTE KM. 22;;-11.938314;-77.071641;DESPEJADO;EN PROCESO DE INVESTIGACIÓN;NO CUENTA CON CAUSA ESPECIFICA;;
A-2023-08-88;07/08/2023;06:50;ATROPELLO;FATAL;1;0;PANAMERICANA SUR KM. 25.500 ;;-12.254212;-76.924951;DESPEJADO;EN PROCESO DE INVESTIGACIÓN;NO CUENTA CON CAUSA ESPECIFICA;;
A-2023-08-89;06/08/2023;20:20;ATROPELLO;VOLCADURA;1;0;AV. NICOLAS AYLLON CDRA. 32 CON LA AV.LA MAR CDRA.01;;-12.05378017;-76.96227819;DESPEJADO;EN PROCESO DE INVESTIGACIÓN;NO CUENTA CON CAUSA ESPECIFICA;;
A-2023-08-9;07/08/2023;08:40;ATROPELLO;ATROPELLO;1;0;INTERSECCION AV. PRO HOGAR CON CALLE JORGE CHAVEZ;;-16.3937258;-71.5209207;DESPEJADO;EN PROCESO DE INVESTIGACIÓN;NO CUENTA CON CAUSA ESPECIFICA;;SN OBSERVACIONES
A-2023-08-90;07/08/2023;22:20;VOLCADURA;DESPISTE Y CAÍDA FATAL;1;1;AV. 28 DE JULIO CDRA.09 ;FRENTE AL BANCO DE LA NACION;-12.06408577;-77.03599514;DESPEJADO;EN PROCESO DE INVESTIGACIÓN;NO CUENTA CON CAUSA ESPECIFICA;;
A-2023-08-91;09/08/2023;16:15;CHOQUE;FATAL;1;0;AV. MANCO CAPAC C-16 ALT INTERSECCION CON JIRON ALEXANDER VON HUMBOLT;;-12.06591764;-77.0289471205931;DESPEJADO;IMPRUDENCIA DEL CONDUCTOR;OTRO (IMPRUDENCIA DEL CONDUCTOR);CONTRIBUTIVA IMPRUDENCIA DEL CONDUCTOR DE LA BICICLETA;CAUSA PRELIMINAR PRINCIPAL IMPRUDENCIA DEL CONDUCTOR DEL ÓMNIBUS
A-2023-08-92;09/08/2023;19:10;ATROPELLO;;1;0;AV CAMINO REAL ;REF . FRONTIS DEL INMUEBLE ASIGNADA CON MZ D- LT 16;-11.88095939;-77.02393787;DESPEJADO;EN PROCESO DE INVESTIGACIÓN;NO CUENTA CON CAUSA ESPECIFICA;;
A-2023-08-93;11/08/2023;09:25;ATROPELLO;FATAL;1;0;AV. TINGO MARIA CDRA. 12 CON INTERSECCION DEL JR. CASTRORREYNA;;-12.06113015;-77.05892623;DESPEJADO;EN PROCESO DE INVESTIGACIÓN;NO CUENTA CON CAUSA ESPECIFICA;;
A-2023-08-94;13/08/2023;05:00;CHOQUE;FATAL;1;0;CARRETERA CENTRAL KM.12.200;FRENTE A PLAZA CENTRO MASISA;-12.011613;-76.876304;DESPEJADO;EN PROCESO DE INVESTIGACIÓN;NO CUENTA CON CAUSA ESPECIFICA;;
A-2023-08-95;14/08/2023;06:00;ATROPELLO;;1;0;PROLONGACIÓN ANDAHUAYLAS  CDRA 02;;-12.06071248;-77.02647054;DESPEJADO;EN PROCESO DE INVESTIGACIÓN;NO CUENTA CON CAUSA ESPECIFICA;;
A-2023-08-96;14/08/2023;23:30;CHOQUE;FATAL;1;0;AV. JORGE CHAVEZ CON LA A.V MARISCAL LA MAR ;INTERSECCIÓN;-12.19676413;-76.93102825;DESPEJADO;EN PROCESO DE INVESTIGACIÓN;NO CUENTA CON CAUSA ESPECIFICA;;
A-2023-08-97;16/08/2023;15:40;CHOQUE;ATROPELLO FATAL;1;0;VIA EVITAMIENTO ALTUREA DEL PUENTE PEATONAL PRIMAVERA 5.452;;-12.03279648;-77.00686784;DESPEJADO;EN PROCESO DE INVESTIGACIÓN;NO CUENTA CON CAUSA ESPECIFICA;;
A-2023-08-98;17/08/2023;11:45;ATROPELLO;POR APLASTAMIENTO;1;0;AV. DEFENSORES DEL MORRO CDRA 05 ;REF. FRONTIS DE LA MUNICIPALIDAD DE CHORRILLOS ;-12.16908081;-77.02416704;DESPEJADO;EN PROCESO DE INVESTIGACIÓN;NO CUENTA CON CAUSA ESPECIFICA;;
A-2023-08-99;18/08/2023;21:30;DESPISTE;CHOQUE CON OBJETO FIJO;1;0;ANTIGUA CARRETERA PANAMERICANA SUR KM 36.000- LURIN;;-12.30408959;-76.84316617;DESPEJADO;EN PROCESO DE INVESTIGACIÓN;NO CUENTA CON CAUSA ESPECIFICA;;
A-2023-09-1;03/09/2023;14:30;CHOQUE FUGA;SEGUIDO DE DESPÍSTE CON CONSECUENCIA FATAL, LESIONES PERSONALES Y DAÑOS MATERIALES;1;1;CARRETERA HUARAZ CARAZ ;ALTURA DEL SECTOR DE MITAPAMPA-MANCOS;-9.2086436;-77.6912474;DESPEJADO;NO IDENTIFICA LA CAUSA;;;NINGUNA
A-2023-09-10;02/09/2023;06:15;CHOQUE;CHOQUE, SEGUIDO DE DESPISTE Y VOLCADURA ;2;0;RED VIAL NACIONAL TRANVERSAL CUSCO - PISAC. TRAMO MIRADOR CCORAO - COMUNIDAD CCORAO.;SECTOR SAQRAYOC;-13.48731054;-71.9180115647935;DESPEJADO;IMPRUDENCIA DEL CONDUCTOR;FATIGA Y/O CANSANCIO;;NINGUNA
A-2023-09-101;17/09/2023;02:00;DESPISTE;VOLCADURA;2;10;CARRETERA LA OROYA - AYACUCHO;KM175 100;-12.3888271;-75.05701122139159;DESPEJADO;NEGLIGENCIA DEL CONDUCTOR;CONDUCIR CON FALLAS DE FRENOS;;
A-2023-09-102;18/09/2023;01:30;DESPISTE;VOLCADURA;24;21;CARRETERA AYACUCHO - LA OROYA ;KM 256;-12.588878;-74.68519139948599;DESPEJADO;EN PROCESO DE INVESTIGACIÓN;NO CUENTA CON CAUSA ESPECIFICA;;
A-2023-09-103;17/09/2023;07:30;DESPISTE;DESPSTE SEGUIDO DE CAIDA;1;0;AV. ARBORIZACION;CURVA DE LA DISCOTECA BELLAQUEO;-8.3696889;-74.5670002;DESPEJADO;IMPRUDENCIA DEL CONDUCTOR;CONDUCIR EN ESTADO DE EBRIEDAD Y/O DROGADICCIÓN;;ACCIDENTE DE TRANSITO DESPISTE POR LA TOTAL IMPRUDENCIA DEL CONDUCTOR LUIS PADDILLA GRANDEZ AL CONDUCIR SU VEHICULO BAJO LA INFLUENCIA DE ALCOHOL EN PROPORCION DE 2.09 GR/LT.
A-2023-09-104;24/09/2023;19:20;ATROPELLO;MUERTE Y DAÑOS MATERIALES;1;0;CARRETERA FEDERICO BASADRE KM. 19.00;;-8.420946;-74.694917;DESPEJADO;IMPRUDENCIA DEL PEATÓN;OTRO (IMPRUDENCIA DEL PEATÓN);NO HACER USO CORRECTO DE LA VIA;S/O
A-2023-09-105;08/09/2023;14:40;CHOQUE;;6;14;CARRETERA CENTRAL LA OROYA-CERRO DE PASCO KM. 35 700;;-11.29547104;-75.9110748227024;DESPEJADO;IMPRUDENCIA DEL CONDUCTOR;ADELANTAR INDEBIDAMENTE;;NINGUNO
A-2023-09-106;07/09/2023;16:20;DESPISTE;Y ATROPELLO POR APLASTAMIENTO;1;1;TROCHA CARROZABLE PENETRACION AL ANEXO DE PUNA - JULCAN ;;-11.74488;-75.41777;SOLEADO;IMPRUDENCIA DEL CONDUCTOR;OTRO (IMPRUDENCIA DEL CONDUCTOR);ACCION DEL CONDUCTOR QUE DEBIDO A LA PERDIDA DE CONTROL DE SU UNIDAD POR CAUSAS QUE LINDARIAN EXCESO DE CONFIANZA GUIO SU UNIDAD CON LA INTENCION DE SALIR DEL TERRENO FANGOSO, EN ESA CIRCUNSTANCIA QUE CONFLUYE CON EL DESPLAZAMIENTO DE LA SPERSONAS PRODUCIENDOSE EL ATROPELLO;NINGUNO
A-2023-09-107;09/09/2023;19:30;CHOQUE;;1;2;CARRETERA CENTRAL LA OROYA - PASCO KM. 61 900;;-11.0874824;-75.9970533;DESPEJADO;IMPRUDENCIA DEL CONDUCTOR;OTRO (IMPRUDENCIA DEL CONDUCTOR);LA ACCION DEL CONDUCTOR BFE-537 AL DESPLAZAR SU UNIDAD A UNA VELOCIDAD QUE RESULTO NO APROPIADA, QUE SI BIEN PODRIA PRESUMIRSE ESTA DENTRO DE LO PERMITIDO PARA LA CLASE DE VIA, NO FUE LA PRUDENTE PORQUE NO LE PERMITIO REALIZAR UNA MANIBRA EFICAZ PARA EVITAR EL ACCIDNETE;NINGUNO
A-2023-09-108;15/09/2023;14:25;CHOQUE;;1;4;CARRETERA CENTRAL LA OROYA-CERRO DE PASCO KM. 88 100;;-10.892565;-76.081715;DESPEJADO;IMPRUDENCIA DEL CONDUCTOR;OTRO (IMPRUDENCIA DEL CONDUCTOR);LA ACCION DEL CONDUCTOR DEL VEHICUL F9B398, AL NO VALORAR LOS RISGOS EXISTENTES EN SU EJE DE MARCHA ;NINGUNO
A-2023-09-109;30/09/2023;19:00;ATROPELLO;ATROPELLO POR APLASTAMIENTO;1;1;CARRETERA ANTIGUA A CALANA KM 10;;-17.962042;-70.187507;DESPEJADO;IMPRUDENCIA DEL CONDUCTOR;OTRO (IMPRUDENCIA DEL CONDUCTOR);;
A-2023-09-11;12/09/2023;05:50;ATROPELLO;ATROPELLO DE PEATÓN;1;1;AV. JUAN PARDO DE MIGUEL CDRA. 04 ;;-6.391068;-77.497284;DESPEJADO;EN PROCESO DE INVESTIGACIÓN;NO CUENTA CON CAUSA ESPECIFICA;;FALTA ALGUNAS DILIGENCIAS, COMO PERITAJE DE DAÑOS ENTRE OTROS PARA DETERMINAS LAS CAUSAS
A-2023-09-110;24/09/2023;05:00;CHOQUE;DESPISTE Y ATROPELLO;1;1;AV. MARISCAL CASTILLA INTERSECCION JR. JORGE CHAVEZ;;-12.05062;-75.221539;DESPEJADO;IMPRUDENCIA DEL CONDUCTOR;GIRAR IMPRUDENTEMENTE;;NINGUNO
A-2023-09-111;28/09/2023;20:50;ATROPELLO;;1;0;AV. 02 DE MAYO CDRA. 02;;-12.12396787;-75.1731287049671;DESPEJADO;IMPRUDENCIA DEL PEATÓN;ESTADO DE EBRIEDAD Y/O DROGADICCIÓN;;NINGUNO
A-2023-09-112;30/09/2023;17:30;DESPISTE;;1;2;CARRETERA DE PENETRACION CARHUAMAYO-PAUCARTAMBO PARAJE MANCAN;;-10.89983119;-75.97681054863266;LLUVIOSO;;;;NINGUNO
A-2023-09-113;08/09/2023;06:30;ESPECIAL;ESPECIAL;1;0;PARAJE PICHAS DEL C.P CASACANCHA - DISTRITO DE INGENIO;;-11.923284;-75.273948;DESPEJADO;IMPRUDENCIA DEL CONDUCTOR;CONDUCIR EN ESTADO DE EBRIEDAD Y/O DROGADICCIÓN;;NINGUNO
A-2023-09-114;25/09/2023;06:15;CHOQUE;MUERTE ;1;1;CARRETERA FEDERICO BASADRE KM 26;CARRIL SUR DEL KM 26 DE LA CFB;-8.448886763;-74.76860408192664;DESPEJADO;IMPRUDENCIA DEL CONDUCTOR;EXCESO DE VELOCIDAD;;IMPRUDENCIA DEL CONDUCTOR DE LA UT2: LA PERSONA DE ADER KRSITEL AMBICHO SABINO, AL CONDUCIR SU VEHICULO A UNA VELOCIDAD QUE RESULTO NO APROPIADO PARA LA CIRCUNSTANCIAS DEL MOMENTO
A-2023-09-115;12/09/2023;11:00;DESPISTE;VOLCADURA Y CHOQUE;2;35;CARRETERA VIA LOS LIBERTADORES ;SALLALLI;-13.281071;-74.307477;DESPEJADO;IMPRUDENCIA DEL CONDUCTOR;EXCESO DE VELOCIDAD;;VIA ASFALTADA EN BUEN ESTADO DE CONSERVACION
A-2023-09-116;18/09/2023;23:30;ATROPELLO;-;1;0;AV CIRCUNVALACION ESTE ;JR SUCRE;-15.485922;-70.124254;DESPEJADO;NEGLIGENCIA DEL CONDUCTOR;OTRO (NEGLIGENCIA DEL CONDUCTOR);NEGLIGENCIA DE LOS PROGENITORES;NINGUNA 
A-2023-09-117;18/09/2023;20:10;ESPECIAL;MUERTE Y DAÑOS MATERIALES;1;0;VIA LOS LIBERTADORES;;-13.340325;-74.43667;DESPEJADO;IMPRUDENCIA DEL CONDUCTOR;OTRO (IMPRUDENCIA DEL CONDUCTOR);LLEVAR OBJETOS SIN ASEGURAR;EL VEHICULO FUGADO LLEVABA UN PALO DE BAMBU SIN ASEGURAR QUE ATRAVESÓ AL OMNIBUS
A-2023-09-118;02/09/2023;23:00;DESPISTE;-;1;0;KM 517 440;COMUNIDAD POTONI;-14.498504;-69.281092;DESPEJADO;IMPRUDENCIA DEL CONDUCTOR;FATIGA Y/O CANSANCIO;;NINGUNA 
A-2023-09-119;22/09/2023;17:15;ATROPELLO;-;1;0;KM 38 460;-;-15.2768256;-69.9119287;DESPEJADO;IMPRUDENCIA DEL PEATÓN;CRUCE INDEBIDO POR LA CALZADA;;NINGUNA 
A-2023-09-120;08/09/2023;11:00;CHOQUE;;1;0;AV. PERU CDRA. 33;ALTURA AV. 27 DE NOVIEMBRE;-12.03111589;-77.08406933;DESPEJADO;NO IDENTIFICA LA CAUSA;;;SIN OBSERVACIONES
A-2023-09-121;08/09/2023;18:00;CHOQUE;VOLCADURA Y CAÍDA;1;0;AV. 3 DE OCTUBRE CON AV. AGROINDUSTRIAL;;-12.21545873;-76.92889863;DESPEJADO;IMPRUDENCIA DEL CONDUCTOR;OTRO (IMPRUDENCIA DEL CONDUCTOR);;NINGUNA
A-2023-09-122;08/09/2023;23:50;ATROPELLO;;1;0;AV. ALFREDO BENAVIDES CDRA. 14 CON AV. ROOSEVELT CDRA. 61;;-12.12627945;-77.01810026;DESPEJADO;IMPRUDENCIA DEL PEATÓN;OTRO (IMPRUDENCIA DEL PEATÓN);;NINGUNA
A-2023-09-123;11/09/2023;03:40;ATROPELLO;VOLCADURA;2;0;CARRETERA PANAMERICANA NORTE KM. 32;ALTURA PUENTE GRANADAL;-11.85076964;-77.0919663;DESPEJADO;IMPRUDENCIA DEL CONDUCTOR;OTRO (IMPRUDENCIA DEL CONDUCTOR);;NINGUNA
A-2023-09-124;09/09/2023;06:30;CHOQUE;;1;0;CARRETERA PANAMERICANA SUR KM. 14.800;ALTURA BYPASS VILLA EL SALVADOR;-12.18818944;-76.97369258;DESPEJADO;IMPRUDENCIA DEL CONDUCTOR;OTRO (IMPRUDENCIA DEL CONDUCTOR);;NINGUNA
A-2023-09-125;10/09/2023;18:20;ATROPELLO;;1;0;JR. GENERAL FEDERICO VARELA C10;ALTURA GRIFO PRIMAX;-12.05928678;-77.04611754;DESPEJADO;IMPRUDENCIA DEL CONDUCTOR;OTRO (IMPRUDENCIA DEL CONDUCTOR);;NO SE DETALLA LA CAUSA ESPECIFICA
A-2023-09-126;13/09/2023;00:30;ATROPELLO;;1;0;VIA DE EVITAMIENTO KM 7.500;ALTURA PARADERO ACHO;-12.04306636;-77.02281888;DESPEJADO;NO IDENTIFICA LA CAUSA;;;NINGUNA
A-2023-09-127;14/09/2023;09:00;CHOQUE;;1;23;CARRETERA PANAMERICANA SUR KM 43.500;;-12.355944;-76.800663;DESPEJADO;IMPRUDENCIA DEL CONDUCTOR;OTRO (IMPRUDENCIA DEL CONDUCTOR);;NINGUNA
A-2023-09-128;14/09/2023;18:00;CHOQUE;;1;2;AV. LAS FLORES CON AV. LOS GERANIOS;;-11.94939127;-76.72162645;DESPEJADO;NO IDENTIFICA LA CAUSA;;;NINGUNA
A-2023-09-129;15/09/2023;19:40;CHOQUE FUGA;CON ATROPELLO;3;0;AV. ELOY URETA CDRA 03 CON AV. MARISCAL GAMARRA CDRA 02;;-12.0685103;-76.99195231;DESPEJADO;NO IDENTIFICA LA CAUSA;;;NINGUNA
A-2023-09-13;16/09/2023;08:50;CHOQUE;VOLCADURA ;2;0;CARRETERA PANAMERICANA NORTE;.;-3.488623786;-80.2643809685904;DESPEJADO;IMPRUDENCIA DEL CONDUCTOR;OTRO (IMPRUDENCIA DEL CONDUCTOR);FALTA DE CUIDADO Y PREVENCION ;
A-2023-09-130;16/09/2023;01:40;CHOQUE;;1;0;CARRETERA PANAMERICANA SUR;ALTURA PUENTE PENTAGONITO;-12.10280091;-76.97927519;DESPEJADO;IMPRUDENCIA DEL CONDUCTOR;OTRO (IMPRUDENCIA DEL CONDUCTOR);;NINGUNA
A-2023-09-131;16/09/2023;17:30;ATROPELLO;;1;0;CARRETERA CENTRAL KM. 10.300;;-12.017053;-76.892538;DESPEJADO;IMPRUDENCIA DEL PEATÓN;OTRO (IMPRUDENCIA DEL PEATÓN);;NINGUNA
A-2023-09-132;16/09/2023;19:50;CHOQUE;CON ATROPELLO;1;0;VIA DE EVITAMIENTO KM 5.100;;-12.10124;-76.979505;DESPEJADO;NO IDENTIFICA LA CAUSA;;;NINGUNA
A-2023-09-133;19/09/2023;06:00;CHOQUE;;1;0;JR. LAMPA CDRA. 08 CON JR. PUNO CDRA. 02;;-12.05112478;-77.03211089;DESPEJADO;IMPRUDENCIA DEL CONDUCTOR;OTRO (IMPRUDENCIA DEL CONDUCTOR);;NINGUNA
A-2023-09-134;19/09/2023;08:00;CAÍDA DE PASAJERO;;1;0;CARRETERA PANAMERICANA SUR KM. 10.000;;-12.144557;-76.981742;DESPEJADO;NO IDENTIFICA LA CAUSA;;;NINGUNA
A-2023-09-135;21/09/2023;11:20;ATROPELLO;;1;0;CARRETERA CENTRAL KM. 3.500;;-12.023776;-76.961846;DESPEJADO;IMPRUDENCIA DEL PEATÓN;OTRO (IMPRUDENCIA DEL PEATÓN);;NINGUNA
A-2023-09-136;24/09/2023;02:00;ATROPELLO FUGA;;1;0;AV. FERROCARRIL ;ALTURA AV. CESAR VALLEJO CDRA. 21;-12.04066253;-76.98161261717986;DESPEJADO;NO IDENTIFICA LA CAUSA;;;NINGUNA
A-2023-09-137;22/09/2023;09:45;CHOQUE;;1;1;VIA DE EVITAMIENTO KM 5.914;ALTURA PUENTE PEATONAL CAJA DE AGUA;-12.03497018;-77.01010964;DESPEJADO;IMPRUDENCIA DEL CONDUCTOR;OTRO (IMPRUDENCIA DEL CONDUCTOR);;NINGUNA
A-2023-09-138;26/09/2023;01:30;VOLCADURA;CON CAIDA;1;0;VIA DE EVITAMIENTO;ALTURA PARADERO RAYITO DE SOL ;-12.0424368;-77.03060399;DESPEJADO;IMPRUDENCIA DEL CONDUCTOR;OTRO (IMPRUDENCIA DEL CONDUCTOR);;NINGUNA
A-2023-09-139;26/09/2023;19:25;ATROPELLO;;1;1;CARRETERA PANAMERICANA NORTE KM. 44.900;ALTURA DE ASOC. PYME;-11.769943;-77.158992;DESPEJADO;NO IDENTIFICA LA CAUSA;;;NINGUNA
A-2023-09-14;01/09/2023;05:30;ATROPELLO FUGA;ATROPELLO FATAL Y FUGA DE VEHICULO;1;0;CARRETERA AREQUIPA LA JOYA INGRESO ASOC. LAS LOMAS EL EDEN;LA JOYA;-16.362204;-71.624628;DESPEJADO;NO IDENTIFICA LA CAUSA;;;SIN OBSERVACIONES
A-2023-09-140;27/09/2023;18:30;CHOQUE;CON VOLCADURA;1;0;AV. HUARACAY CON CALLE SAN PABLO;ALTURA CLINICA MUNICIPAL DE SANTA ANITA;-12.03663367;-76.95139408;DESPEJADO;NO IDENTIFICA LA CAUSA;;;NINGUNA
A-2023-09-141;27/09/2023;06:30;CHOQUE;CON VOLCADURA;1;1;CALLE MADRID CON JR. ASUNCION;ALTURA CENTRO COMERCIAL HONDURAS;-11.95251972;-77.05317792;DESPEJADO;NO IDENTIFICA LA CAUSA;;;NINGUNA
A-2023-09-142;28/09/2023;19:30;ATROPELLO FUGA;;1;0;CARRETERA CENTRAL KM. 18;FRENTE A INMUEBLE ASOC. VIVIENDA VILLA RICA;-11.992203;-76.825113;DESPEJADO;NO IDENTIFICA LA CAUSA;;;NINGUNA
A-2023-09-143;27/09/2023;15:50;DESPISTE;;1;0;CARRETERA CENTRAL KM. 95.500;;-11.747355;-76.291037;DESPEJADO;NO IDENTIFICA LA CAUSA;;;NINGUNA
A-2023-09-144;29/09/2023;05:30;ATROPELLO FUGA;;1;0;CARRETERA PANAMERICANA NORTE KM. 41.900;ALTURA CONTROL SUNAT ANCON;-11.792218;-77.147074;DESPEJADO;NO IDENTIFICA LA CAUSA;;;NINGUNA