COD_ACCIDE;FechaDelAccidente;HoraDelAccidente;ClaseDelAccidente;SecuenciaAccidente;CantidadDeFallecidos;CantidadDeLesionados;Direccion;LugarReferencia;y;x;CondClimatica;CausaFactorPrincipal;CausaEspecifica;OtraCausa;Observaciones
A-2023-09-145;28/09/2023;21:00;CHOQUE CON OBJETO FIJO;APLASTAMIENTO DE CONDUCTOR;1;0;AV. ANTONIO RAYMONDI CON CALLE 23;;-12.09060189;-76.77498552;DESPEJADO;NO IDENTIFICA LA CAUSA;;;NINGUNA
A-2023-09-146;29/09/2023;22:40;CHOQUE;;1;0;AV. LAS TORRES CON CALLE LAS FLORES;ALTURA DE LA ASOC. SAN VALENTIN;-11.9985009;-76.92684323;DESPEJADO;NO IDENTIFICA LA CAUSA;;;NINGUNA
A-2023-09-147;30/09/2023;19:45;CHOQUE;;1;1;AV. LA MARINA CDRA. 32;;-12.07537112;-77.0976693;DESPEJADO;NO IDENTIFICA LA CAUSA;;;NINGUNA
A-2023-09-148;25/09/2023;00:20;ATROPELLO;ATROPELLO;1;0;CALLE MARIA PARADO DE BELLIDO CON AV. MARIANO NECOCHEA;;-17.97841;-70.2373;DESPEJADO;IMPRUDENCIA DEL PEATÓN;ESTADO DE EBRIEDAD Y/O DROGADICCIÓN;;SIN OBSERVACIONES.
A-2023-09-149;30/09/2023;22:10;CHOQUE;POR DETERMINAR;1;0;CALLE ENTRE EL AH. EL CONDADO Y EL AH ROSA DE GUADALUPE ;ALTURA DEL INMUEBLE UBICADO EN LA MZ 2H LT 5 ;-5.190595;-80.684413;DESPEJADO;;;;
A-2023-09-15;03/09/2023;08:00;ATROPELLO;ATROPELLO FATAL;1;0;KM. 44.400 CARRETERA AREQUIPA;CIUDAD MUNICIPAL;-16.331323;-71.590875;SOLEADO;NO IDENTIFICA LA CAUSA;;;SIN OBSERVACIONES
A-2023-09-150;01/09/2023;13:00;DESPISTE;VOLCADURA;1;0;LUGAR DENOMINADO TRANCA PATA;;-13.705622;-73.757363;DESPEJADO;IMPRUDENCIA DEL CONDUCTOR;OTRO (IMPRUDENCIA DEL CONDUCTOR);EXCESO DE CONFIANZA;TERRENO DEPRESIVO ABISMO
A-2023-09-151;02/09/2023;04:30;DESPISTE;PARCIAL, SEGUIDO DE CHOQUE CON SUBSECUENTE VOLCADURA;1;0;CARRETERA QUE CONDUCE DE CAJAMARCA A OTUZCO;;-7.1456624;-78.4917039;DESPEJADO;IMPRUDENCIA DEL CONDUCTOR;CONDUCIR EN ESTADO DE EBRIEDAD Y/O DROGADICCIÓN;;
A-2023-09-152;05/09/2023;11:30;INCENDIO;;1;8;CARRETERA QUE CONDUCE CELENDIN A HUASMIN;;-6.875006447;-78.1747825924907;DESPEJADO;NO IDENTIFICA LA CAUSA;;;
A-2023-09-153;02/09/2023;06:30;DESPISTE;;1;1;CARRETERA QUEROCOTILLO AL C.P. INGUER;;-6.239888;-79.051608;DESPEJADO;IMPERICIA DEL CONDUCTOR;;;
A-2023-09-154;06/09/2023;05:40;CHOQUE;FRONTAL SUBSECUENTE VOLCADURA EN TONEL DERECHO;1;2;CARRETERA FERNANDO BELAUNDE TERRY. SECTOR EL ALMENDRAL;;-5.780258437;-78.7060654849252;DESPEJADO;IMPRUDENCIA DEL CONDUCTOR;EXCESO DE VELOCIDAD;;
A-2023-09-155;09/09/2023;10:30;ATROPELLO;CON PROYECCIÓN;1;0;JR. 28 DE JULIO - SITACOCHA - LLUCHUBAMBA;;-7.516598;-77.969934;DESPEJADO;IMPRUDENCIA DEL CONDUCTOR;EXCESO DE VELOCIDAD;;
A-2023-09-156;30/09/2023;13:30;VOLCADURA;TONEL IZQUIERDO;1;0;CARRETERA DEL CASERÍO YANOCUNA AL DISTRITO DE QUEROCOTO. CASERIO CUSIHUAN;;-6.430171;-79.007861;DESPEJADO;IMPRUDENCIA DEL CONDUCTOR;OTRO (IMPRUDENCIA DEL CONDUCTOR);;
A-2023-09-157;21/09/2023;18:30;VOLCADURA; TONEL DERCHO;1;0;CARRETERA C.P. HUALLANGATE - CP SUSANGATE;;-6.298809;-78.521754;DESPEJADO;IMPRUDENCIA DEL CONDUCTOR;EXCESO DE VELOCIDAD;;
A-2023-09-159;08/09/2023;18:00;CHOQUE;VOLCADURA;1;0;AV. 3 DE OCTUBRE CON AV. AGROINDUSTRIAL;;-12.22711923;-76.9491190048052;DESPEJADO;IMPRUDENCIA DEL CONDUCTOR;EXCESO DE VELOCIDAD;;NINGUNA
A-2023-09-16;05/09/2023;08:15;ATROPELLO;ATROPELLO CONSECUENCIA FATAL;1;1;AREQUIPA CUADRA 13 PP.JJ. MIGUEL GRAU;MIGUEL GRAU;-16.40645;-71.478831;DESPEJADO;NO IDENTIFICA LA CAUSA;;;SIN OBSERVACIONES
A-2023-09-160;08/09/2023;23:50;ATROPELLO;;1;0;AV. ALFREDO BENAVIDES CDRA 14 CON AV. ROOSEVELT CDRA 61;;-12.12633814;-77.01808096564302;DESPEJADO;IMPRUDENCIA DEL PEATÓN;DESACATO DE SEÑAL DE TRÁNSITO;;NINGUNA
A-2023-09-161;11/09/2023;03:40;ATROPELLO;VOLCADURA;2;0;CARRETERA PANAMERICANA NORTE KM. 32;ALTURA PUENTE GRAMADAL;-11.856257;-77.084979;DESPEJADO;EN PROCESO DE INVESTIGACIÓN;NO CUENTA CON CAUSA ESPECIFICA;;NINGUNA
A-2023-09-162;10/09/2023;18:20;ATROPELLO;;1;0;JR. GENERAL FELIPE VARELA CDRA. 10;ALTURA GRIFO PRIMAX;-12.05909353;-77.04594513297138;DESPEJADO;IMPRUDENCIA DEL CONDUCTOR;OTRO (IMPRUDENCIA DEL CONDUCTOR);;NINGUNA
A-2023-09-163;13/09/2023;00:30;ATROPELLO;;1;0;VÍA DE EVITAMIENTO;ALTURA PUENTE ACHO;-12.04314419;-77.02277267372399;DESPEJADO;EN PROCESO DE INVESTIGACIÓN;NO CUENTA CON CAUSA ESPECIFICA;;NINGUNA
A-2023-09-164;14/09/2023;09:00;CHOQUE;;1;23;CARRETERA PANAMERICANA SUR KM. 43.500;;-12.355931;-76.800488;DESPEJADO;IMPRUDENCIA DEL CONDUCTOR;EXCESO DE VELOCIDAD;;NINGUNA
A-2023-09-165;15/09/2023;19:40;ATROPELLO;CHOQUE FUGA;3;2;AV. MARISCAL ELOY URETA CON AV. MARISCAL AGUSTÍN GAMARRA;;-12.06848315;-76.99187390655781;DESPEJADO;EN PROCESO DE INVESTIGACIÓN;NO CUENTA CON CAUSA ESPECIFICA;;NINGUNA
A-2023-09-166;16/09/2023;01:40;CHOQUE;CON VOLCADURA;1;0;CARRETERA PANAMERICANA SUR KM. 5.270;ALTURA PUENTE PENTAGONITO;-12.10260785;-76.9796761745535;DESPEJADO;IMPRUDENCIA DEL CONDUCTOR;EXCESO DE VELOCIDAD;;NINGUNA
A-2023-09-167;16/09/2023;17:30;ATROPELLO;;1;0;CARRETERA CENTRAL KM. 10.300;;-12.0171;-76.892522;DESPEJADO;IMPRUDENCIA DEL PEATÓN;CRUCE INDEBIDO POR LA CALZADA;;NINGUNA
A-2023-09-168;16/09/2023;19:50;ATROPELLO;CHOQUE;1;0;VIA EVITAMIENTO KM. 5.100;;-12.031244;-77.003756;DESPEJADO;EN PROCESO DE INVESTIGACIÓN;NO CUENTA CON CAUSA ESPECIFICA;;NINGUNA
A-2023-09-169;19/09/2023;06:00;CHOQUE;VOLCADURA;1;0;JR. LAMPA CON JR. PUNO;;-12.05121229;-77.03199145348823;DESPEJADO;IMPRUDENCIA DEL CONDUCTOR;CONDUCIR EN ESTADO DE EBRIEDAD Y/O DROGADICCIÓN;;IMPRUDENCIA DEL CONDUCTOR DEL VEHICULO MOTOCICLETA
A-2023-09-17;07/09/2023;12:20;ATROPELLO FUGA;ATROPELLO CONSECUENCIA FATAL Y FUGA;1;0;AV. FORJA CERCADO;PUENTE SAN ISIDRO;-16.41013373;-71.5510387;DESPEJADO;NO IDENTIFICA LA CAUSA;;;SIN OBSERVACIONES
A-2023-09-170;19/09/2023;08:00;CAÍDA DE PASAJERO;Y POSTERIOR ARRASTRE;1;0;CARRETERA PANAMERICANA SUR KM. 10;;-12.144546;-76.981882;DESPEJADO;EN PROCESO DE INVESTIGACIÓN;NO CUENTA CON CAUSA ESPECIFICA;;NINGUNA
A-2023-09-171;21/09/2023;11:20;ATROPELLO;;1;0;CARRETERA CENTRAL KM. 3.500;;-12.04636019;-76.94413567550122;DESPEJADO;IMPRUDENCIA DEL PEATÓN;DESACATO DE SEÑAL DE TRÁNSITO;;NINGUNA
A-2023-09-172;22/09/2023;09:45;CHOQUE;;1;1;VÍA DE EVITAMIENTO KM. 5.914;ALTURA PUENTE PEATONAL CAJA DE AGUA;-12.03491147;-77.01016074610052;DESPEJADO;IMPRUDENCIA DEL CONDUCTOR;ADELANTAR INDEBIDAMENTE;;IMPRUDENCIA DEL CONDUCTOR DEL VEHÍCULO MOTOCICLETA
A-2023-09-173;24/09/2023;02:00;ATROPELLO FUGA;;1;0;AV. FERROCARIL ;ALTURA AV. CESAR VALLEJO CDRA. 21;-12.04039924;-76.98118165786065;DESPEJADO;EN PROCESO DE INVESTIGACIÓN;NO CUENTA CON CAUSA ESPECIFICA;;NINGUNA
A-2023-09-174;26/09/2023;01:30;VOLCADURA;;1;0;VÍA DE EVITAMIENTO KM. 8.600;ALTURA PARADERO RAYITO DE SOL - PUENTE PEATONAL TRUJILLO;-12.04184022;-77.03216902750951;DESPEJADO;IMPRUDENCIA DEL CONDUCTOR;EXCESO DE VELOCIDAD;;NINGUNA
A-2023-09-178;28/09/2023;19:30;ATROPELLO FUGA;;1;0;CARRETERA CENTRAL KM. 18;FRENTE A INMUEBLE ASOC. VIVIENDA VILLA RICA;-11.993605;-76.828542;DESPEJADO;EN PROCESO DE INVESTIGACIÓN;NO CUENTA CON CAUSA ESPECIFICA;;NINGUNA
A-2023-09-179;09/09/2023;17:40;CHOQUE;CON CONSECUENCIA FATAL;1;0;CARRETERA HUARAZ-CARAZ;ALTURA DEL CASERIO DE LLACTA FRONTIS AL LAVADERO;-9.159621878;-77.733460206841;DESPEJADO;IMPERICIA DEL CONDUCTOR;;;NN
A-2023-09-18;13/09/2023;06:30;DESPISTE;CHOQUE, VOLCADURA;1;0;INTEROCEANICO SUR KM. 20.500;UCHUMAYO;-16.420045;-71.646365;DESPEJADO;NO IDENTIFICA LA CAUSA;;;SIN OBSERVACIONES
A-2023-09-182;27/09/2023;15:50;DESPISTE;VOLCADURA;1;0;CARRETERA CENTRAL KM. 95.500;;-11.747348;-76.291009;DESPEJADO;EN PROCESO DE INVESTIGACIÓN;NO CUENTA CON CAUSA ESPECIFICA;;NINGUNA
A-2023-09-183;29/09/2023;05:30;ATROPELLO FUGA;;1;0;CARRETERA PANAMERICANA NORTE KM. 41.900;ALTURA CONTROL SUNAT - ANCÓN;-11.793869;-77.145334;DESPEJADO;EN PROCESO DE INVESTIGACIÓN;NO CUENTA CON CAUSA ESPECIFICA;;NINGUNA
A-2023-09-184;30/09/2023;19:45;CHOQUE;;1;1;AV. LA MARINA CDRA. 32;;-12.07497453;-77.09869219070956;DESPEJADO;EN PROCESO DE INVESTIGACIÓN;NO CUENTA CON CAUSA ESPECIFICA;;NINGUNA
A-2023-09-19;14/09/2023;13:14;CHOQUE;-;1;0;CARRETERA FERNANDO BELAUNDE TERRY KM 533 800;ALTURA AL GRIFO MAYKOL;-6.27617;-76.767232;DESPEJADO;IMPRUDENCIA DEL CONDUCTOR;OTRO (IMPRUDENCIA DEL CONDUCTOR);;
A-2023-09-2;04/09/2023;20:00;CHOQUE;-;1;0;CARRETERA PANAMERICANA SUR KM. 426;-;-14.70235213;-75.105315495226;DESPEJADO;EN PROCESO DE INVESTIGACIÓN;NO CUENTA CON CAUSA ESPECIFICA;;
A-2023-09-20;14/09/2023;19:00;ATROPELLO;-;1;0;AV. ROMA CON AV. BUENOS AIRES ;-;-14.040949;-75.701914;DESPEJADO;NO IDENTIFICA LA CAUSA;;;
A-2023-09-21;02/09/2023;08:00;DESPISTE;VOLCADURA;1;0;CARRETERA BINACIONAL MOQUEGUA DESAGUADERO KM. 157 450CARRETERA BINACIONAL MOQUEGUA DESAGUADERO ;KM. 157 450;-17.20364588;-69.76388548947651;DESPEJADO;IMPRUDENCIA DEL CONDUCTOR;EXCESO DE VELOCIDAD;;
A-2023-09-22;09/09/2023;03:10;DESPISTE;DESPISTE, VOLCADURA;3;2;ALTURA DEL KM. 4.800 DE LA VIA PENETRACION TINTAYA ESPINAR;ESPINAR;-15.734174;-71.031393;DESPEJADO;NO IDENTIFICA LA CAUSA;;;SIN OBSERVACIONES
A-2023-09-23;14/09/2023;20:50;DESPISTE;VOLCADURA;1;0;CARRETERA ACCESO A HUATA;SECTOR JUCHUYMURO;-15.657703;-69.952775;DESPEJADO;IMPRUDENCIA DEL CONDUCTOR;EXCESO DE VELOCIDAD;;
A-2023-09-24;17/09/2023;21:35;ATROPELLO;FATAL;1;0;CARRETERA PANAMERICANA SUR PUNO-DESAGUADERO;KM. 1384 100;-15.94125;-69.862361;DESPEJADO;IMPRUDENCIA DEL PEATÓN;ESTADO DE EBRIEDAD Y/O DROGADICCIÓN;;
A-2023-09-25;14/09/2023;18:30;DESPISTE;-;1;0;AV. AYABACA S/N - COMATRANA ;-;-14.07878031;-75.77511070970381;DESPEJADO;EN PROCESO DE INVESTIGACIÓN;NO CUENTA CON CAUSA ESPECIFICA;;
A-2023-09-26;17/09/2023;04:45;CHOQUE FUGA;-;1;1;CARRETERA YURACYACU A NUEVA CAJAMARCA KM 6 170;-;-5.944139;-77.250069;DESPEJADO;IMPRUDENCIA DEL CONDUCTOR;OTRO (IMPRUDENCIA DEL CONDUCTOR);;SE INVESTIGA
A-2023-09-27;19/09/2023;21:30;ATROPELLO;-;1;0;C.P.SUR KM 488;ENTRADA   MARCONA ;-15.14306;-74.980013;DESPEJADO;EN PROCESO DE INVESTIGACIÓN;NO CUENTA CON CAUSA ESPECIFICA;;
A-2023-09-28;23/09/2023;01:20;CHOQUE;EL VEHÍCULO CATG. M3-C3, DE PLACA DE RODAJE D7S-966, ERA CONDUCIDO POR LA CARRETERA PANAMERICANA NORTE, EN SENTIDO DE SUR A NORTE POR EL CARRIL ESTE, AL LLEGAR AL KM. 165.630.30, IMPACTA FRONTALMENTE CON EL VEHÍCULO M1, DE PLACA BQI-100, QUIEN CIRCULABA CONTRA EL SENTIDO DEL TRÁNSITO.;1;0;CARRETERA PANAMERICANA NORTE KM. 165.630.30;CENTRO POBLADO MAR DORADO;-10.98612;-77.64243;DESPEJADO;IMPRUDENCIA DEL CONDUCTOR;CONDUCIR EN ESTADO DE EBRIEDAD Y/O DROGADICCIÓN;;NINGUNA
A-2023-09-29;13/09/2023;20:00;VOLCADURA;;1;0;INTERSECCION DE LAS CALLES ARICA Y ANGAMOS ;FRENTE AL ESTADIO  MUNICIPAL SANTO TOMAS ;-14.450285;-72.083568;DESPEJADO;IMPRUDENCIA DEL CONDUCTOR;CONDUCIR EN ESTADO DE EBRIEDAD Y/O DROGADICCIÓN;;NINGUNO
A-2023-09-3;05/09/2023;20:30;ATROPELLO FUGA;-;1;0;CARRETERA PANAMERICANA SUR KM. 253 200;-;-13.91609138;-76.00936130489674;DESPEJADO;EN PROCESO DE INVESTIGACIÓN;NO CUENTA CON CAUSA ESPECIFICA;;
A-2023-09-30;24/09/2023;23:40;ATROPELLO FUGA;EL PEATÓN NN, INTENTÓ REALIZAR EL CRUCE DE LA CALZADA OESTE DE LA CARRETERA PANAMERICANA NORTE,  ALTURA DEL KM. 151, EN MOMENTOS EN LOS QUE UN VEHÍCULO EN PROCESO DE IDENTIFICACIÓN LO IMPACTA;1;0;CARRETERA PANAMERICANA NORTE;KM. 151 - CERRO VISPÁN;-11.10219;-77.58955;DESPEJADO;EN PROCESO DE INVESTIGACIÓN;NO CUENTA CON CAUSA ESPECIFICA;;CONDUCTOR Y VEHÍCULO FUGADO
A-2023-09-31;09/09/2023;02:30;ESPECIAL;DESCARRILAMIENTO SEGUIDO DE VOLCADURA ;1;1;VÍA FÉRREA ALTURA DE LA CURVA N°. 285R306P400- HITO DE KILOMETRO 79  700. SECTOR DENOMINADO OLMIRON TRAMO DE LÍNEA FÉRREA COMPRENDIDO ENTRE MACHUPICCHU – OLLANTAYTAMBO ;SECTOR DENOMINADO OLMIRON;-13.218509;-72.354399;DESPEJADO;INFRAESTRUCTURA Y ENTORNO VIAL;OTRO (INFRAESTRUCTURA Y ENTORNO VIAL);HECHO FORTUITO ;NINGUNO
A-2023-09-32;15/09/2023;16:30;ATROPELLO;ATROPELLO SEGUIDO DE PROYECCION;1;0;AV. TULLUMAYU DEL CERCADO DEL CUSCO. ALTURA DEL INMUEBLE N° 274 FRONTIS DE HOTELES ABC. CASA CAMPESINA.;FRONTIS DE HOTELES ABC. CASA CAMPESINA;-13.517041;-71.974792;DESPEJADO;IMPRUDENCIA DEL PEATÓN;OTRO (IMPRUDENCIA DEL PEATÓN);INTERPONESER EN EL EJE DE MARCHA DEL VEHICULO;NINGUNO
A-2023-09-33;18/09/2023;03:40;VOLCADURA;VOLCADURA ;1;0;RED VIAL NACIONAL . LONGITUDINAL SIERRA SUR. TRAMO CUSCO- SICUANI. ALTURA DEL KM.1105. SECTOR PAMPA ANSA;A DOCIENTOS METROS HACIA EL OESTE DEL COLEGIO AGROPECUARIO DE SICUANI.;-14.24812487;-71.2390992764435;DESPEJADO;IMPRUDENCIA DEL CONDUCTOR;EXCESO DE VELOCIDAD;;NINGUNO
A-2023-09-34;05/09/2023;05:00;DESPISTE;VOLCADURA;1;0;JOSÉ MARIA ARGUEDAS;MINA ANCASILLA;-13.916403;-73.241813;LLUVIOSO;IMPRUDENCIA DEL CONDUCTOR;EXCESO DE VELOCIDAD;;
A-2023-09-35;23/09/2023;08:30;DESPISTE;EL VEHICULO MENOR MOTOCICLETA SIN PLCA DE RODAJE SE DESPLAZABA POR LKA VIA EN SENTIDO DE NOR OESTE, SUR ESTE  EN CIRCUNSTACIAS QUE PIERDE EL CONTROL Y EQUILIBRIO DEL VEHICULO  SE DESPISTA Y VUELCA EN CAPANA  ARRASTRANDOSE 50 METROS  APROX. MATERIALIZANDOCE EL EVENTO;1;0;CARRETERA SALVACION PILCOPATA SECTOR ARIZONA KM. 04;KILOMETRO 04;-12.860916;-71.360603;DESPEJADO;IMPRUDENCIA DEL CONDUCTOR;EXCESO DE VELOCIDAD;;NINGUNA
A-2023-09-36;20/09/2023;06:45;ATROPELLO FUGA;CONSECUENCIA FATAL;1;0;CARRETERA PUNO-DESAGUADERO;KM. 1482 520;-16.40989;-69.18978;DESPEJADO;IMPRUDENCIA DEL CONDUCTOR;OTRO (IMPRUDENCIA DEL CONDUCTOR);REALIZAR SU DESPLAZAMIENTO POR LA VIA EN ESTUDIO, CON EVIDENTE APEGO AL PRINCIPIO DE CONFIANZA;FALTA DE UN ELEMENTO ( VEHICULO)
A-2023-09-37;21/09/2023;06:50;DESPISTE;VOLCADURA;1;1;CARRETERA PUNO-DESAGUADERO ;KM. 1949 800;-16.48876;-69.109906;DESPEJADO;IMPRUDENCIA DEL CONDUCTOR;FATIGA Y/O CANSANCIO;;
A-2023-09-38;23/09/2023;10:45;CHOQUE;CONSECUENCIA FATAL;2;0;CARRETERA MAZOCRUZ-TACNA;KM.201;-16.74280844;-69.71780054364821;DESPEJADO;IMPRUDENCIA DEL CONDUCTOR;EXCESO DE VELOCIDAD;;
A-2023-09-39;25/09/2023;08:30;ESPECIAL;ACCIDENTE DE TRABAJO;1;0;SECTOR DENOMINADO TUTACANI;POMATA;-16.26475075;-69.29588359557465;DESPEJADO;IMPRUDENCIA DEL CONDUCTOR;OTRO (IMPRUDENCIA DEL CONDUCTOR);MAL CALCULO DURANTE SU DESPLAZAMIENTO EN RETROCESO SOBRE EL BORDE DEL TERRENO;
A-2023-09-4;13/09/2023;07:30;CHOQUE;EL VEHÍCULO CTG. M2-C3, DE PLACA T2O-796, SE DESPLAZABA POR LA CARRETERA DE PENETRACIÓN EL PARAISO - IRRIGACIÓN SANTA ROSA, EN SENTIDO DE ESTE A OESTE, OCUPANDO EL CARRIL NORTE, AL LLEGAR AL KM. 09.395.00, INVADE EL CARRIL SUR, DONDE IMPACTA FRONTALMENTE CON EL VEHÍCULO CATG. M3-C3 DE PLACA  A2U-959;1;7;CARRETERA DE PENETRACIÓN EL PARAISO - IRRIGACIÓN SANTA ROSA;KM. 09.395.00;-11.19186769;-77.48083449283679;LLUVIOSO;IMPRUDENCIA DEL CONDUCTOR;INVASIÓN DE CARRIL;;NINGUNA
A-2023-09-40;17/09/2023;02:00;ATROPELLO FUGA;;1;0;SECTOR WIRACOCHAPAMPA;;-13.47277307;-73.82694475932732;DESPEJADO;EN PROCESO DE INVESTIGACIÓN;NO CUENTA CON CAUSA ESPECIFICA;;
A-2023-09-41;25/09/2023;05:40;CHOQUE FUGA;;1;0;CARRETERA AL DISTRITO DE YORONGOS KM 7 240;-;-6.112580986;-77.1445935258612;DESPEJADO;EN PROCESO DE INVESTIGACIÓN;NO CUENTA CON CAUSA ESPECIFICA;;SE INVESTIGA
A-2023-09-42;12/09/2023;21:10;CHOQUE;CHOQUE, DESPISTE;10;7;CARRETERA SUR KM. 951.900;;-16.466055;-71.954075;DESPEJADO;NO IDENTIFICA LA CAUSA;;;SIN OBSERVACIONES
A-2023-09-43;21/09/2023;09:00;ATROPELLO;;1;0;AUTOPISTA LA JOYA ;;-16.35174;-71.610933;SOLEADO;NO IDENTIFICA LA CAUSA;;;SIN OBSERVACIONES
A-2023-09-44;21/09/2023;18:30;ATROPELLO;;1;0;CARRETERA KM. 2.300;INGRESO ANEXO FERNANDO BELAUNDE;-16.537847;-71.477564;DESPEJADO;NO IDENTIFICA LA CAUSA;;;SIN OBSERVACIONES
A-2023-09-45;26/09/2023;07:55;CHOQUE;;1;0;AV. INDEPENDENCIA CON CALLE TRABADA;CERCADO;-16.409531;-71.533565;DESPEJADO;NO IDENTIFICA LA CAUSA;;;SIN OBSERVACIONES
A-2023-09-46;25/09/2023;18:30;ATROPELLO FUGA;ATROPELLO Y FUGA;1;1;CARRETERA PANAMERICANA KM. 970;LA JOYA;-16.5123924;-71.8091597;DESPEJADO;NO IDENTIFICA LA CAUSA;;;SIN OBSERVACIONES
A-2023-09-47;27/09/2023;19:30;CHOQUE;CHOQUE;1;1;KM. 153.236 CARRETERA PUNO-AREQUIPA;VIA AREQUIPA PUNO;-15.896758;-71.179783;DESPEJADO;NO IDENTIFICA LA CAUSA;;;SIN OBSERVACIONES
A-2023-09-48;28/09/2023;01:30;DESPISTE;DESPISTE, CHOQUE, VOLCADURA;1;2;MATARANI KM. 39.400;CARRETERA AREQUIPA;-16.921003;-72.052476;DESPEJADO;NO IDENTIFICA LA CAUSA;;;SIN OBSERVACIONES
A-2023-09-49;08/09/2023;17:00;CHOQUE;CHOQUE SEGUIDO VOLCADURA;1;0; RED VIAL NACIONAL TRANSVERSAL QUINUA - HUARCARPAY.  TRAMO URUBAMBA - CALCA. FRONTIS DEL HOTEL SAN AGUSTIN;HOTEL SAN AGUSTIN;-13.31145;-72.10592;DESPEJADO;IMPRUDENCIA DEL CONDUCTOR;FATIGA Y/O CANSANCIO;;NINGUNO
A-2023-09-5;08/09/2023;15:20;ATROPELLO;-;1;0;CARRETERA PANAMERICANA SUR KM. 449;COSTADO DEL PUENTE NUEVO;-14.83116;-74.943432;DESPEJADO;EN PROCESO DE INVESTIGACIÓN;NO CUENTA CON CAUSA ESPECIFICA;;
A-2023-09-50;29/09/2023;18:30;CHOQUE;CHOQUE SEGUIDO DE VOLCADURA;1;0;RED VIAL NACIONAL TRANVERSAL QUINUA - HUARCARPAY. TRAMO URUBAMBA - CALCA;INGRESO AL DISTRITO YUCAY;-13.315694;-72.092662;DESPEJADO;IMPRUDENCIA DEL CONDUCTOR;CONDUCIR EN ESTADO DE EBRIEDAD Y/O DROGADICCIÓN;;NINGUNO
A-2023-09-51;28/09/2023;15:40;CHOQUE;CHOQUE SEGUIDO DESPISTE;3;0; TRAMO CUSCO-URCOS. ALTURA DEL CF-CUSCO ;FRENTE AL ESTADIO  GARCILASO;-13.60728772;-71.75006585222444;LLUVIOSO;IMPRUDENCIA DEL CONDUCTOR;INVASIÓN DE CARRIL;;NINGUNO
A-2023-09-52;18/09/2023;11:45;DESPISTE;DESPISTE SEGUIDO VOLCADURA;1;0;CARRETERA CUSCO - QORQA SECTOR HUANCABAMBA ;CAMINO HACIA EL BOTADERO DE BASURA HAQUIRA;-13.54554;-72.014757;DESPEJADO;IMPRUDENCIA DEL CONDUCTOR;FATIGA Y/O CANSANCIO;;NINGUNO
A-2023-09-53;11/09/2023;04:30;CHOQUE;CHOQUE SEGUIDO VOLCADURA;1;1;RED VIAL NACIONAL TRANSVERSAL URCOS - PUENTE IÑAPARI. TRAMO C.P. KCAURI-OCONGATE. ALTURA DEL KM. 44 939 SECTOR COMUNPATA DE LA COMUNIDAD JULLICUNCA DEL DISTRITO DE OCONGATE.;SECTOR COMUNPATA DE LA COMUNIDAD JULLICUNCA;-13.66012;-71.42599;DESPEJADO;IMPRUDENCIA DEL CONDUCTOR;INVASIÓN DE CARRIL;;NINGUNO
A-2023-09-54;16/09/2023;14:30;DESPISTE;DESPISTE SEGUIDO DE VOLCADURA ;1;2;RED VIAL NACIONAL LONGITUDINAL CHALLHUAHUACHO - AYAVIRI. ALTURA  DEL KM. 059 DEL SECTOR YANACCASA DEL DISTRITO DE QUIÑOTA - CHUMBIVILCAS;SECTOR YANACCASA DEL DISTRITO DE QUIÑOTA;-14.3178344;-72.1382859;DESPEJADO;IMPRUDENCIA DEL CONDUCTOR;EXCESO DE VELOCIDAD;;NINGUNO
A-2023-09-55;25/09/2023;22:30;DESPISTE;DESPISTE SEGUIDO DE VOLCADURA ;1;0;LONGITUDINAL DE LA SIERRA SUR. TRAMO PAMPAMARCA  - YANAOCA;PARADERO PAPA CARLOS ;-14.200679;-71.43924058;DESPEJADO;IMPRUDENCIA DEL CONDUCTOR;EXCESO DE VELOCIDAD;;NINGUNO
A-2023-09-56;16/09/2023;16:20;ATROPELLO;ATROPELLO POR COMPRESION ;1;0;AV AEROPUERTO DEL DISTRITO DE ESPINAR;PROXIMO A LA INTERSECCION DE SIETE ESQUINAS ALTURA DEL INMUEBLE Nº 10;-14.796816;-71.413482;DESPEJADO;IMPRUDENCIA DEL CONDUCTOR;CONDUCIR EN ESTADO DE EBRIEDAD Y/O DROGADICCIÓN;;NINGUNO
A-2023-09-57;03/09/2023;22:30;CHOQUE;-;1;0;CARRETERA PANAMERICANA NORTE ALTURA DEL KM. 565.1;-;-8.1466663;-79.0302184;DESPEJADO;NO IDENTIFICA LA CAUSA;;;
A-2023-09-58;02/09/2023;22:48;ATROPELLO;EL VEHICULO MENOR MOTOCICLETA SIN PLACA DE RODAJE SE DESPLAZABA POR LA VIA EN SENTIDO DE OESTE A ESTE, EN CIRCUNSTANCIAS  QUE PIERDE EL CONTROL  Y EQULIBRIO DEL VEHICULO QUR CONDUCIAM VOLCANDOSE EN TONEL IZQUIERDO Y ARRASTRANDOSE 18 METROS APROX., MATERIALIZANDOSE EL EVENTO;1;0;LONGITUDINAL DE LA SIERRA SUR. TRAMO COMBAPATA - SICUANI. ALTURA DE LA COMUNIDAD PAMPA ANSA. BARRIO CRUZ CUNCA ;ALTURA DE LA COMUNIDAD DE KATANIRAY ;-13.468504;-72.283308;DESPEJADO;IMPRUDENCIA DEL PEATÓN;CRUCE INDEBIDO POR LA CALZADA;;NINGUNA
A-2023-09-59;03/09/2023;20:00;DESPISTE;-;2;0;CARRETERA DE ACCESO DE CHOMBOS - UCHUMARCA;-;-7.160296647;-77.69923457189383;DESPEJADO;NO IDENTIFICA LA CAUSA;;;