COD_ACCIDE;FechaDelAccidente;HoraDelAccidente;ClaseDelAccidente;SecuenciaAccidente;CantidadDeFallecidos;CantidadDeLesionados;Direccion;LugarReferencia;y;x;CondClimatica;CausaFactorPrincipal;CausaEspecifica;OtraCausa;Observaciones
A-2023-09-60;03/09/2023;22:00;CHOQUE;-;1;0;INTERSECCION DE LA CALLE MARISCAL CACERES Y CALLE ESPAÑA;;-8.145349;-78.1717949;DESPEJADO;NO IDENTIFICA LA CAUSA;;;
A-2023-09-61;04/09/2023;15:20;ATROPELLO;-;1;0;INTERSECCION DEL PASAJE  MANUEL SCORZA CON PASAJE ESMERALDA;-;-7.821764252;-78.03807443047148;DESPEJADO;IMPRUDENCIA DEL CONDUCTOR;OTRO (IMPRUDENCIA DEL CONDUCTOR);CONDUCCION SIN EL DEBIDO CUIDADO Y PREVENCION;
A-2023-09-62;04/09/2023;07:40;ATROPELLO;-;1;0;AV PERU;HOSPITAL CARLOS MONJE MEDRANO;-15.48218729;-70.12115114504586;DESPEJADO;IMPRUDENCIA DEL PEATÓN;CRUCE INDEBIDO POR LA CALZADA;;NINGUNA 
A-2023-09-63;06/09/2023;17:10;DESPISTE;-;1;0;CARRETERA DE PENETRACION FARIAS - CHOCOPE;-;-7.795505;-79.219141;DESPEJADO;IMPRUDENCIA DEL CONDUCTOR;CONDUCIR EN ESTADO DE EBRIEDAD Y/O DROGADICCIÓN;;
A-2023-09-64;02/09/2023;18:45;CHOQUE;VOLCADURA;1;0;KM 02;MALLKINI;-14.74671924;-69.9384659719067;DESPEJADO;IMPRUDENCIA DEL CONDUCTOR;INVASIÓN DE CARRIL;;NINGUNA 
A-2023-09-65;10/09/2023;13:40;ATROPELLO FUGA;-;1;0;CARRETERA PANAMERICANA NORTE ALTURA DEL KM. 524.4;-;-8.40655;-78.822965;DESPEJADO;NO IDENTIFICA LA CAUSA;;;
A-2023-09-66;01/09/2023;04:00;ATROPELLO FUGA;-;1;0;KM 18 800;-;-15.35784827;-70.05109186182491;DESPEJADO;NO IDENTIFICA LA CAUSA;;;VEHICULO FUGADO
A-2023-09-67;10/09/2023;14:00;DESPISTE;-;1;0;CARRETERA DE ACCESO DE HUACA BLANCA BAJA - SECTOR CRUZ BAJO;-;-7.153818383;-79.38419858413377;DESPEJADO;IMPRUDENCIA DEL CONDUCTOR;CONDUCIR EN ESTADO DE EBRIEDAD Y/O DROGADICCIÓN;;
A-2023-09-68;15/09/2023;18:30;CHOQUE;;1;0;KM 74 443;-;-14.7696937;-70.3384084;DESPEJADO;IMPRUDENCIA DEL CONDUCTOR;EXCESO DE VELOCIDAD;;NINGUNA 
A-2023-09-69;09/09/2023;18:40;ATROPELLO FUGA;-;1;0;AV JULIACA;-;-15.2962592;-70.0206447;DESPEJADO;NO IDENTIFICA LA CAUSA;;;VEHICULO FUGADO 
A-2023-09-7;10/09/2023;10:45;DESPISTE;DESPISTE, VOLCADURA, CAIDA DE CONDUCTOR Y PASAJEROS;1;4;CARRETERA LUYA - ANEXO DE SALAZAR KM 18   559.5;;-6.078438;-78.126134;DESPEJADO;EN PROCESO DE INVESTIGACIÓN;NO CUENTA CON CAUSA ESPECIFICA;;PARA DETERMINAR LAS CAUSAS AÚN FALTA EL RESULTADO DE DOSAJE ETÍLICO, PERICIA DE CONSTATACIÓN DE DAÑOS Y OTRAS DILIGENCIAS
A-2023-09-70;14/09/2023;17:15;CHOQUE;-;1;0;KM 1242 91;-;-14.9834147;-70.4124364;DESPEJADO;IMPRUDENCIA DEL CONDUCTOR;INVASIÓN DE CARRIL;;NINGUNA 
A-2023-09-71;13/09/2023;21:30;CHOQUE;-;2;0;CARRETERA DE PENETRACION CASA GRANDE - ROMA;-;-7.761322;-79.157668;DESPEJADO;NO IDENTIFICA LA CAUSA;;;
A-2023-09-72;17/09/2023;03:20;CHOQUE FUGA;-;2;0;CARRETERA PANAMERICANA NORTE ALTURA DEL KM. 517.3;-;-8.434086;-78.768788;DESPEJADO;NO IDENTIFICA LA CAUSA;;;
A-2023-09-73;17/09/2023;06:15;DESPISTE;-;1;0;CARRETERA DE PENETRACION A CAJAMARCA ALTURA DEL KM. 6;-;-7.304836959;-79.43457265070167;DESPEJADO;NO IDENTIFICA LA CAUSA;;;
A-2023-09-74;18/09/2023;16:00;ATROPELLO;-;1;0;INTERSECCION DE LA AVENIDA LOS LAURELES Y CALLE FELIX ALDAO;-;-8.087224181;-79.0330512838194;DESPEJADO;NO IDENTIFICA LA CAUSA;;;
A-2023-09-75;19/09/2023;20:10;ATROPELLO FUGA;-;1;0;CARRETERA DE PENETRACION A LA SIERRA LIBERTEÑA ALTURA DEL KM. 22.5;-;-8.045565484;-78.84785615104636;DESPEJADO;NO IDENTIFICA LA CAUSA;;;
A-2023-09-76;19/09/2023;17:00;ATROPELLO;-;1;0;CARRETERA DE CONEXION SANTIAGO DE CHUCO - CALIPUY ;-;-8.336584689;-78.20781891674532;DESPEJADO;IMPRUDENCIA DEL CONDUCTOR;OTRO (IMPRUDENCIA DEL CONDUCTOR);DESATENCION EN LA CONDUCCION - DISTRACCION;
A-2023-09-77;17/09/2023;17:30;DESPISTE;-;1;0;CARRETERA DE CONEXION MAMAHUAGE ALTURA DEL KM. 327;-;-8.515026;-77.292021;DESPEJADO;NO IDENTIFICA LA CAUSA;;;
A-2023-09-78;20/09/2023;13:30;DESPISTE;-;1;0;CARRETERA DE PENETRACION A LA SIERRA LIBERTEÑA ALTURA DEL KM. 53.2;-;-7.957323;-78.623727;DESPEJADO;NEGLIGENCIA DEL CONDUCTOR;OTRO (NEGLIGENCIA DEL CONDUCTOR);ACCION NEGLIGENTE DEL CONDUCTOR DEL VEHICULO EN PROCESO DE IDENTIFICACION, AL REALIZAR LA MANIOBRA DE SOBREPASAR POR EL LADO IZQUIERDO DE SU EJE Y SENTIDO DE DESPLAZAMIENTO, PARA LUEGO REALIZAR UNA MANIOBRA INTEMPESTIVA DE FRENADO, OBLIGANDO EN ESAS CIRCUNSTANCIAS AL CONDUCTOR DE LA CAMIONETA EFECTUAR UNA MANIOBRA DE VIRAJE A LA IZQUIERDA PARA EVITAR UN DAÑO MAYOR, RESULTANDO NO SER EFICAZ, DEBIDO AL ESTRECHAMIENTO DE LA VIA, POR ENCONTRARSE REALIZANDO TRABAJOS;ACCION NEGLIGENTE DEL CONDUCTOR DEL VEHICULO EN PROCESO DE IDENTIFICACION, AL REALIZAR LA MANIOBRA DE SOBREPASAR POR EL LADO IZQUIERDO DE SU EJE Y SENTIDO DE DESPLAZAMIENTO, PARA LUEGO REALIZAR UNA MANIOBRA INTEMPESTIVA DE FRENADO, OBLIGANDO EN ESAS CIRCUNSTANCIAS AL CONDUCTOR DE LA CAMIONETA EFECTUAR UNA MANIOBRA DE VIRAJE A LA IZQUIERDA PARA EVITAR UN DAÑO MAYOR, RESULTANDO NO SER EFICAZ, DEBIDO AL ESTRECHAMIENTO DE LA VIA, POR ENCONTRARSE REALIZANDO TRABAJOS
A-2023-09-79;23/09/2023;05:30;CHOQUE;-;2;0;CARRETERA PANAMERICANA NORTE ALTURA DEL KM. 678;-;-7.404729076;-79.557508393;DESPEJADO;NO IDENTIFICA LA CAUSA;;;
A-2023-09-8;02/09/2023;19:30;CHOQUE;FATAL;1;0;CARRETERA PUNO-DESAGUADERO;COMUNIDAD ANCASAYA;-16.096086;-69.620287;DESPEJADO;IMPRUDENCIA DEL CONDUCTOR;OTRO (IMPRUDENCIA DEL CONDUCTOR);TRANSITAR CON EVIDENTE EXCESO DE CONFIANZA SIN CONSERVAR SU DERECHA;
A-2023-09-80;25/09/2023;17:00;DESPISTE;-;3;0;CARRETERA DE ACCESO A SINSICAP - CURVA DEL PELIGRO SECTOR YERBA BUENA;-;-7.872818325;-78.76951014581378;DESPEJADO;NO IDENTIFICA LA CAUSA;;;
A-2023-09-81;27/09/2023;18:00;CHOQUE FUGA;-;1;0;INTERSECCION DE LA CALLE 29 DE JUNIO Y CALLE 20 DE JUNIO;-;-8.08367955;-79.0257049;DESPEJADO;NO IDENTIFICA LA CAUSA;;;
A-2023-09-82;28/09/2023;17:30;CHOQUE;-;1;0;CARRETERA PANAMERICANA NORTE ALTURA DEL KM. 729.5;-;-7.091828;-79.526483;DESPEJADO;IMPRUDENCIA DEL CONDUCTOR;CONDUCIR EN ESTADO DE EBRIEDAD Y/O DROGADICCIÓN;;
A-2023-09-83;29/09/2023;22:30;CHOQUE;-;1;1;CARRETERA PANAMERICANA NORTEFRENTE AL GRIFO EL CHE;-;-8.157584446;-79.01213760061023;DESPEJADO;IMPRUDENCIA DEL CONDUCTOR;ADELANTAR INDEBIDAMENTE;;
A-2023-09-84;02/09/2023;01:45;DESPISTE;CHOQUE;1;0;VIA EXPRESA JAVIER PRADO ESTE ALTRA. CENTRO COMERCIAL LA RAMBLA;;-12.0884082;-77.00519157;DESPEJADO;EN PROCESO DE INVESTIGACIÓN;NO CUENTA CON CAUSA ESPECIFICA;;
A-2023-09-85;02/09/2023;20:56;ATROPELLO;;1;0;AV. UNIVERSITARIA ALTRA DE LA AV. PACAYAL ;;-11.8645445;-77.01586153;DESPEJADO;EN PROCESO DE INVESTIGACIÓN;NO CUENTA CON CAUSA ESPECIFICA;;
A-2023-09-86;23/09/2023;22:00;CHOQUE;-;1;0;CARRETERA DE PENETRACION A CASCAS ALTURA DEL KM. 5;-;-7.773028086;-79.12517625987621;DESPEJADO;NO IDENTIFICA LA CAUSA;;;
A-2023-09-87;23/09/2023;18:40;CHOQUE;;1;0;KM. 15 DE LA VIA PENETRACION MATARANI;MATARANI;-16.736232;-71.951757;DESPEJADO;NO IDENTIFICA LA CAUSA;;;SIN OBSERVACIONES
A-2023-09-88;28/09/2023;18:00;ESPECIAL;ATRICCIONAMIENTO;1;0;MINERA TAMBOMAYO SOCAVON;MINERA TAMBOMAYO;-15.470647;-71.958601;DESPEJADO;NO IDENTIFICA LA CAUSA;;;SIN OBSERVACIONES
A-2023-09-89;27/09/2023;19:15;CHOQUE;-;1;2;CARRETERA FERNANDO BELAUNDE TERRY KM 418 500;;-5.745433;-77.484213;DESPEJADO;IMPRUDENCIA DEL CONDUCTOR;OTRO (IMPRUDENCIA DEL CONDUCTOR);;
A-2023-09-9;14/09/2023;17:25;CHOQUE CON OBJETO FIJO;LA MAQUINARIA ESPECIAL AMARILLA, RETROEXCAVADORA, SE ENCONTRABA REALIZANDO TRABAJOS, CIRCUNSTANCIAS EN LAS QUE GOLPEA UN POSTE DE CONRETO ARMADO, OCASIONANDO QUE CAYERA APLASTANDO UN PEATÓN.;1;0;PROLONGACIÓN MARISCAL CASTILLA CDRA. N° 1;CONTINUACIÓN DE LA CALLE CRUZ DE MAYO;-10.80949;-76.87457;DESPEJADO;NO IDENTIFICA LA CAUSA;;;EN INVESTIGACIÓN
A-2023-09-90;03/09/2023;21:30;DESPISTE;DESPISTE, VOLCADURA, SUMERCION ;1;0;AH. VICTOR RAUL - CASTILLA ;ALTURA DEL PTE TACALA CANAL BIAGGIO ARBULO ;-5.193018;-80.6073;DESPEJADO;IMPRUDENCIA DEL CONDUCTOR;OTRO (IMPRUDENCIA DEL CONDUCTOR);DISTRACCIÓN - FALTA DE PRECAUCIÓN ;
A-2023-09-91;04/09/2023;20:50;ATROPELLO;ATROPELLO ;1;0;CARRETERA PIURA- SULLANA ;ALTURA KM 1006;-5.153668;-80.695158;DESPEJADO;;;;
A-2023-09-92;05/09/2023;19:10;DESPISTE;DESPISTE SUBSECUENTE VOLCADURA Y CAIDA ;1;0;CARRETERA BERNAL. AL CENTRO POBLADO SAN CLEMENTE ;ALTURA DEL PUENTE RIO ;-5.438252;-80.737267;DESPEJADO;;;;
A-2023-09-93;10/09/2023;10:30;CHOQUE;CHOQUE ;1;1;CARRETERA CUCUNGARA - CATACAOS ;ALTURA DEL AH. SAN MARTIN DISTRITO CURA MORI ;-5.317156;-80.664956;DESPEJADO;;;;
A-2023-09-94;14/09/2023;19:10;DESPISTE;ATROPELLO CON SUBSECUENTE DESPISTE ;1;0;CARRETERA PANAMERICANA NORTE - PIURA ;ALTURA DEL KM 1006 500 FRENTE A BACKUS ;-5.1486916;-80.696743;DESPEJADO;;;;
A-2023-09-95;15/09/2023;11:30;CHOQUE;CHOQUE FRONTAL ;1;12;CARRETERA PIURA - CHULUCANAS ;ALTURA DE LA URB VILLA JERUSALEN ;-5.17575;-80.556944;DESPEJADO;;;;
A-2023-09-96;15/09/2023;12:30;CHOQUE;CHOQUE ;1;0;AV. PROLONGACION SULLANA ESP CEMENTERIO METROPOLITANO LADO NORTE ;;-5.179405;-80.63822;DESPEJADO;;;;
A-2023-09-97;23/09/2023;01:00;CHOQUE FUGA;CHOQUE Y FUGA ;1;0;CARRETERA PANAMERICANA NORTE PAITA ;KM 20 PAITA ;-5.112458;-80.854823;DESPEJADO;;;;
A-2023-09-98;30/09/2023;13:15;ATROPELLO;ATROPELLO ;1;0;CARRETERA INTEROCEANICA PIURA CHULUCANAS ;ALTURA DEL KM 242;-5.159041;-80.502282;DESPEJADO;;;;
A-2023-09-99;25/09/2023;15:00;CHOQUE;CHOQUE ;1;1;CARRETERA PANAMERICANA NORTE TRAMO PIURA CHICLAYO ;ALTURA DEK KM 976 CASERIO CIUDAD DE DIOS ;-5.345303;-80.6183499;DESPEJADO;;;;
A-2023-10-1;01/10/2023;16:50;ATROPELLO;-;1;0;C.P. SANTA MONICA ;MZ. C LT. 02;-13.929576;-75.922216;DESPEJADO;EN PROCESO DE INVESTIGACIÓN;NO CUENTA CON CAUSA ESPECIFICA;;
A-2023-10-100;09/10/2023;14:10;ATROPELLO;;1;0;AV. BAUZATE Y MEZA CON AV. AVIACION;;-12.06244303;-77.01280273;DESPEJADO;EN PROCESO DE INVESTIGACIÓN;NO CUENTA CON CAUSA ESPECIFICA;;NINGUNA
A-2023-10-101;09/10/2023;19:30;ATROPELLO;;1;0;AUTOPISTA RAMIRO PRIALE;CERCA A PUENTE HUAYCOLORO;-12.02049653;-76.95266395;DESPEJADO;IMPRUDENCIA DEL PEATÓN;OTRO (IMPRUDENCIA DEL PEATÓN);;NINGUNA
A-2023-10-102;10/10/2023;15:45;ATROPELLO;;1;0;AV. BRASIL CDRA. 34;ALTURA JR. SAN MARTIN CON FELIX DIBOS;-12.09143431;-77.06724141;DESPEJADO;IMPRUDENCIA DEL PEATÓN;OTRO (IMPRUDENCIA DEL PEATÓN);;NINGUNA
A-2023-10-103;11/10/2023;23:00;ATROPELLO;;1;0;AV. METROPOLITANA  CON AV. LA CULTURA;;-12.03580596;-76.94906151;DESPEJADO;NO IDENTIFICA LA CAUSA;;;NINGUNA
A-2023-10-104;12/10/2023;06:45;CHOQUE;;1;0;AUTOPISTA RAMIRO PRIALE;ALTURA PUENTE SANTA CLARA;-12.01146887;-76.89196235;DESPEJADO;NO IDENTIFICA LA CAUSA;;;NINGUNA
A-2023-10-105;12/10/2023;14:00;ATROPELLO;;1;0;AV. CANTA CALLAO;A 60MT DE LA AV. DOMINICOS;-11.99113432;-77.10739491;DESPEJADO;NO IDENTIFICA LA CAUSA;;;NINGUNA
A-2023-10-106;12/10/2023;20:15;ATROPELLO FUGA;;1;0;ANTIGUA PANAMERICANA SUR KM. 35.000;ALTURA CAMAL SAN PEDRO;-12.26403368;-76.88118789;DESPEJADO;NO IDENTIFICA LA CAUSA;;;NINGUNA
A-2023-10-107;13/10/2023;03:55;ATROPELLO;;1;1;AV. PACHACUTEC CDRA. 22;;-12.16713023;-76.95165266;DESPEJADO;NO IDENTIFICA LA CAUSA;;;NINGUNA
A-2023-10-108;15/10/2023;07:50;ATROPELLO;;1;1;AV. LIMA CDRA. 24;ALTURA PARADERO 12;-12.22760672;-76.90909286;DESPEJADO;IMPRUDENCIA DEL CONDUCTOR;OTRO (IMPRUDENCIA DEL CONDUCTOR);;NINGUNA
A-2023-10-109;15/10/2023;11:00;ATROPELLO;;1;0;AV. IGNACIO MERINO CON JR. PEDRO CONDE;;-12.08776286;-77.03198609;DESPEJADO;IMPRUDENCIA DEL CONDUCTOR;OTRO (IMPRUDENCIA DEL CONDUCTOR);;NINGUNA
A-2023-10-11;14/10/2023;04:20;ATROPELLO;;1;0;AV. NESTOR GAMBETTA KM 13;ALT. DEL FONTIS DE LA EMPRESA PAMOLSA;-11.9507783;-77.13154311775;DESPEJADO;IMPRUDENCIA DEL PEATÓN;CRUCE INDEBIDO POR LA CALZADA;;
A-2023-10-111;15/10/2023;21:45;DESPISTE;;1;0;AV. LOS CEDROS CDRA. 2;;-11.97987364;-76.77468805;DESPEJADO;NO IDENTIFICA LA CAUSA;;;NINGUNA
A-2023-10-112;15/10/2023;20:05;CHOQUE;;1;0;AV. EL DERBY CDRA. 5;;-12.09859749;-76.97776456;DESPEJADO;IMPRUDENCIA DEL CONDUCTOR;OTRO (IMPRUDENCIA DEL CONDUCTOR);;NINGUNA
A-2023-10-113;16/10/2023;10:20;ATROPELLO;;1;0;CARRETERA PANAMERICANA NORTE KM. 44.700;ALTURA COMPLEJO DEPORTIO SAN PEDRO;-11.771752;-77.159192;DESPEJADO;NO IDENTIFICA LA CAUSA;;;NINGUNA
A-2023-10-114;16/10/2023;12:00;ATROPELLO;;1;0;CALLE ASOC. VIRGEN DE COCHARCAS MZ M LTE 16;;-12.19457061;-76.96104695;DESPEJADO;IMPRUDENCIA DEL CONDUCTOR;OTRO (IMPRUDENCIA DEL CONDUCTOR);;NINGUNA
A-2023-10-115;18/10/2023;07:40;DESPISTE;CON ATROPELLO;1;8;AV. FERNANDO WIESSE CON AV. SAN MARTIN DE PORRES;;-11.97214164;-76.99659911;DESPEJADO;IMPRUDENCIA DEL CONDUCTOR;OTRO (IMPRUDENCIA DEL CONDUCTOR);;NINGUNA
A-2023-10-116;18/10/2023;19:40;ATROPELLO FUGA;;1;0;VIA DE EVITAMIENTO KM. 1.800;ALTURA PUENTE PALMERAS - SALAMANCA;-12.07414826;-76.97435069;DESPEJADO;NO IDENTIFICA LA CAUSA;;;NINGUNA
A-2023-10-117;19/10/2023;06:00;DESPISTE;VOLCADURA;1;0;CARRETERA PANAMERICANA NORTE KM. 15.804;;-11.993519;-77.063545;DESPEJADO;NO IDENTIFICA LA CAUSA;;;NINGUNA
A-2023-10-118;21/10/2023;17:35;VOLCADURA;;1;0;AV. UNIVERSITARIA CDRA. 68;ALTURA AV. GUILLERMO LA FUENTE;-11.94234917;-77.06034459;DESPEJADO;NO IDENTIFICA LA CAUSA;;;NINGUNA
A-2023-10-119;22/10/2023;02:10;DESPISTE;;1;0;AV. PACASMAYO CON CALLE 3;A UNA CDRA DE LA AV. CANTA CALLAO;-11.99458396;-77.10969428;DESPEJADO;NO IDENTIFICA LA CAUSA;;;NINGUNA
A-2023-10-12;03/10/2023;15:00;DESPISTE;-;1;2;CARRETERA CRUCE DIST. SAN FERNANDO CASERIO NUEVO ORIENTE;-;-5.876039;-77.277891;DESPEJADO;IMPRUDENCIA DEL CONDUCTOR;OTRO (IMPRUDENCIA DEL CONDUCTOR);;SE INVESTIGA
A-2023-10-120;22/10/2023;05:50;DESPISTE;;1;0;CARRETERA PANAMERICANA SUR KM. 42.500;;-12.349599;-76.807167;DESPEJADO;NO IDENTIFICA LA CAUSA;;;NINGUNA
A-2023-10-121;22/10/2023;12:40;CHOQUE;;2;0;CARRETERA PANAMERICANA SUR KM. 17.500;;-12.20997537;-76.97553830208496;DESPEJADO;NO IDENTIFICA LA CAUSA;;;NINGUNA
A-2023-10-122;25/10/2023;02:40;ATROPELLO FUGA;;1;0;CARRETERA PANAMERICANA NORTE KM. 21.415;ALTURA CDRA 67 AV. ALFREDO MENDIOLA REF GRIFO PRIMAX;-11.9438279;-77.07116192;DESPEJADO;NO IDENTIFICA LA CAUSA;;;NINGUNA
A-2023-10-123;27/10/2023;01:30;ATROPELLO FUGA;;1;0;CARRETERA PANAMERICANA NORTE KM. 22.000;ALTURA PRIMERA DE PRO;-11.93712142;-77.07179395;DESPEJADO;NO IDENTIFICA LA CAUSA;;;NINGUNA
A-2023-10-124;23/10/2023;07:00;CHOQUE;;1;0;CARRETERA PANAMERICANA SUR KM. 33.000;ALTURA COMPLEJO DEPORTIVO CAMPOMAR U;-12.27658158;-76.88905695;DESPEJADO;NO IDENTIFICA LA CAUSA;;;NINGUNA
A-2023-10-125;24/10/2023;07:00;CHOQUE;;2;0;CARRETERA PANAMERICANA SUR KM. 27.000;ALTURA RESIDENCIAL SOL MAR;-12.262158;-76.912015;DESPEJADO;NO IDENTIFICA LA CAUSA;;;NINGUNA
A-2023-10-126;27/10/2023;06:30;ATROPELLO;;1;0;AV. UNIVERSITARIA CDRA. 36;ALTURA CALLE 5;-11.99380244;-77.08386695;DESPEJADO;NO IDENTIFICA LA CAUSA;;;NINGUNA
A-2023-10-127;26/10/2023;05:45;ATROPELLO;;1;0;AV. CIRCUNVALACION CDRA. 17;;-12.07004287;-76.99492787;DESPEJADO;NO IDENTIFICA LA CAUSA;;;NINGUNA
A-2023-10-128;25/10/2023;00:23;ATROPELLO;;1;0;AV. ANGAMOS CON PASAJE SAN FERNANDO;;-12.11273705;-77.01369594;DESPEJADO;NO IDENTIFICA LA CAUSA;;;NINGUNA
A-2023-10-129;28/10/2023;02:00;ATROPELLO;;1;2;AUTOPISTA RAMIRO PRIALE KM. 7;ALTURA DERCO ;-12.02116315;-76.92976775024461;DESPEJADO;NO IDENTIFICA LA CAUSA;;;NINGUNA
A-2023-10-13;07/10/2023;22:00;ATROPELLO;-;1;0;CARRETERA FERNANDO BELAUNDE TERRY  541 400;CASERIO LEJÍA;-6.30653;-76.725493;DESPEJADO;IMPRUDENCIA DEL CONDUCTOR;OTRO (IMPRUDENCIA DEL CONDUCTOR);;
A-2023-10-130;28/10/2023;04:30;ATROPELLO FUGA;;1;0;AV. 1ERO DE MAYO CDRA. 19;;-12.04343902;-76.98602879;DESPEJADO;NO IDENTIFICA LA CAUSA;;;NINGUNA
A-2023-10-131;29/10/2023;00:40;ATROPELLO;;1;0;CARRETERA CENTRAL KM. 14.800;;-12.00698;-76.853398;DESPEJADO;NO IDENTIFICA LA CAUSA;;;NINGUNA
A-2023-10-132;29/10/2023;06:10;CHOQUE;;1;0;CARRETERA PANAMERICANA NORTE KM. 9.709;ALTURA PUENTE CAQUETA;-12.03665;-77.043149;DESPEJADO;NO IDENTIFICA LA CAUSA;;;NINGUNA
A-2023-10-133;19/10/2023;05:50;DESPISTE;PRECIPITACION Y VOLCADURA;2;12;CARRETERA DE PENETRACION SAYACC HUAYCCO;SECTOR DENOMINADO ALTARPATA;-13.56977527;-74.0076451725366;DESPEJADO;INFRAESTRUCTURA Y ENTORNO VIAL;SUPERFICIE DETERIORADA;;AL ACCIDENTE CONTRIBUYÓ LA  IMPERICIADEL CONDUCTOR
A-2023-10-134;22/10/2023;19:00;ATROPELLO;;1;0;AV. CH. HIRAOKA;ALTURA DEL GRASS SINTETICO TOKTOK;-12.9384113;-74.25021219999999;DESPEJADO;IMPRUDENCIA DEL PEATÓN;CRUCE INDEBIDO POR LA CALZADA;;AUNADO A LA VELOCIDAD CONSTANTE DEL VEHICULO
A-2023-10-135;22/10/2023;19:00;ATROPELLO FUGA;ATROPELLO Y FUGA;1;0;CARRETERA COSTANERA SUR KM 19 500;;-18.150442;-70.444978;DESPEJADO;IMPRUDENCIA DEL PEATÓN;CRUCE INDEBIDO POR LA CALZADA;;DOS VEHICULOS ATROPELLAN AL PEATON UNO ES INTERVENIDO Y EL OTRO SE DIO A LA FUGA 
A-2023-10-136;08/10/2023;10:30;ATROPELLO;ATROPELLO;1;1;CARRETERA HOSPICIO LOS PALOS ;INGRESO AL DISTRITO LA YARADA LOS PALOS;-18.16467025;-70.43743723441393;DESPEJADO;IMPRUDENCIA DEL PEATÓN;CRUCE INDEBIDO POR LA CALZADA;;SIN OBSERVACIONES
A-2023-10-137;23/10/2023;04:10;CHOQUE CON OBJETO FIJO;CHOQUE CON OBJETO FIJO;1;0;AV. SAN MARTIN NRO. 880 (FRONTIS);;-18.0102861;-70.24608055555555;DESPEJADO;IMPRUDENCIA DEL CONDUCTOR;CONDUCIR EN ESTADO DE EBRIEDAD Y/O DROGADICCIÓN;;SIN OBSERVACIONES
A-2023-10-138;15/10/2023;14:30;ATROPELLO;ATROPELLO;1;0;AV. HUMBOLDT CON CALLE LAS AMAPOLAS;;-18.034512;-70.244819;DESPEJADO;IMPRUDENCIA DEL PEATÓN;OTRO (IMPRUDENCIA DEL PEATÓN);DESCUIDO DE LOS PADRES DEL MENOR DE 02 AÑOS;SIN OBSERVACIONES
A-2023-10-139;18/10/2023;20:15;CHOQUE;;1;0;AV. ALAMEDA CENTRAL FRONTIS DE LA MZ M LT 5 ;AMPLIACION VILLAS DE OQUENDO;-11.98233702;-77.1177450785481;DESPEJADO;IMPRUDENCIA DEL CONDUCTOR;OTRO (IMPRUDENCIA DEL CONDUCTOR);CONDUCCION SIN MEDIDAS DE SEGURIDAD;
A-2023-10-14;14/10/2023;09:40;DESPISTE;DESPISTE, VOLCADURA FATAL;1;0;KM. 20.800 CARRETERA YURA HACIA HUANCA;YURA;-16.231648;-71.819151;DESPEJADO;NO IDENTIFICA LA CAUSA;;;SIN OBSERVACIONES
A-2023-10-140;07/10/2023;18:00;CHOQUE;;1;0;AV. JOSE GALVEZ ALTURA DEL HOSPITAL SABOGAL;;-12.06572395;-77.1214311651844;DESPEJADO;IMPRUDENCIA DEL CONDUCTOR;CONDUCIR EN ESTADO DE EBRIEDAD Y/O DROGADICCIÓN;;
A-2023-10-141;21/10/2023;20:05;ATROPELLO FUGA;;1;0;KM 1321 900;-;-15.55211058;-70.1077107742993;DESPEJADO;IMPRUDENCIA DEL CONDUCTOR;OTRO (IMPRUDENCIA DEL CONDUCTOR);FALTA DE UNOS DE LOS ELEMENTO FUGADO;NINGUNA
A-2023-10-142;27/10/2023;16:30;ATROPELLO;-;1;0;KM 15;-;-15.436153;-70.243903;DESPEJADO;IMPRUDENCIA DEL PEATÓN;CRUCE INDEBIDO POR LA CALZADA;;NINGUNA 
A-2023-10-143;27/10/2023;15:00;ATROPELLO;-;1;0;JR DANIEL ROBLES ;-;-15.47691406;-70.11482919129101;DESPEJADO;IMPRUDENCIA DEL CONDUCTOR;NO DAR PASO PREFERENTE AL PEATÓN;;NINGUNA 
A-2023-10-144;31/10/2023;08:30;CHOQUE;-;1;0;KM 1321 50;-;-15.545217;-70.110825;DESPEJADO;IMPRUDENCIA DEL CONDUCTOR;EXCESO DE VELOCIDAD;;NINGUNA 
A-2023-10-145;13/10/2023;16:30;ATROPELLO;-;1;0;KM 1302 750;-;-15.4032042;-70.1523401;DESPEJADO;IMPRUDENCIA DEL PEATÓN;CRUCE INDEBIDO POR LA CALZADA;;NINGUNA 
A-2023-10-146;15/10/2023;11:38;DESPISTE;-;1;0;KM 126;-;-14.41511738;-70.2682208376032;DESPEJADO;IMPRUDENCIA DEL CONDUCTOR;EXCESO DE VELOCIDAD;;NINGUNA
A-2023-10-147;01/10/2023;19:20;ATROPELLO FUGA;-;1;0;KM 1295 693;-;-15.3452921;-70.1809546;DESPEJADO;NO IDENTIFICA LA CAUSA;;;NINGUNA
A-2023-10-148;18/10/2023;09:50;DESPISTE;-;1;0;PUENTE VIZCACHANI SECTOR TULANI;-;-14.26026444;-70.41806095649035;NUBLADO;IMPRUDENCIA DEL CONDUCTOR;EXCESO DE VELOCIDAD;;NINGUNA
A-2023-10-149;29/10/2023;06:30;CHOQUE;-;1;0;AV CIRCUNVALACION;AV MANCO CAPAC;-15.480436;-70.130458;DESPEJADO;IMPRUDENCIA DEL CONDUCTOR;INVASIÓN DE CARRIL;;NINGUNA 