COD_ACCIDE;FechaDelAccidente;HoraDelAccidente;ClaseDelAccidente;SecuenciaAccidente;CantidadDeFallecidos;CantidadDeLesionados;Direccion;LugarReferencia;y;x;CondClimatica;CausaFactorPrincipal;CausaEspecifica;OtraCausa;Observaciones
A-2023-10-15;13/10/2023;16:15;CHOQUE;-;1;2;CARRETERA FERNANDO BELAUNDE TERRY KM489 850;ENTRADA AL CEMENTERIO INDAÑE MOYOBAMBA;-6.045746;-77.002821;DESPEJADO;IMPRUDENCIA DEL CONDUCTOR;OTRO (IMPRUDENCIA DEL CONDUCTOR);;
A-2023-10-150;14/10/2023;04:30;ATROPELLO FUGA;-;1;0;KM 49 200;-;-14.90198413;-70.2009150699197;DESPEJADO;NO IDENTIFICA LA CAUSA;;;NINGUNA 
A-2023-10-151;08/10/2023;18:00;ATROPELLO FUGA;-;1;0;KM 293 200;-;-15.5200114;-70.1781321;DESPEJADO;NO IDENTIFICA LA CAUSA;;;NINGUNA 
A-2023-10-152;15/10/2023;19:30;ATROPELLO;-;1;0;CALLEO CORREO;-;-14.6313762;-69.44577367658343;LLUVIOSO;IMPRUDENCIA DEL CONDUCTOR;VEHÍCULO MAL ESTACIONADO;;NINGUNA 
A-2023-10-153;09/10/2023;13:40;CHOQUE;POR ALCANCE CON SUBSECUENTE VOLCADURA;1;4;CARRETERAJAEN-SAN IGNACIO. A LA ALTURA DE LA UNIVERSIDAD NACIONAL DE JAEN;;-5.67153;-78.773026;DESPEJADO;IMPRUDENCIA DEL CONDUCTOR;OTRO (IMPRUDENCIA DEL CONDUCTOR);;
A-2023-10-154;11/10/2023;10:00;DESPISTE;PARCIAL CON SUBSECUENTE DE VOLCADURA EN TONEL IZQUIERDO Y CHOQUE ;1;1;CARRETERA CHOTA - CHICLAYO;;-6.538145;-79.20083;DESPEJADO;IMPRUDENCIA DEL CONDUCTOR;EXCESO DE VELOCIDAD;;
A-2023-10-155;13/10/2023;05:30;CHOQUE FUGA;;1;1;AV. AVIACION CDRA. 02;;-6.396261;-78.612985;DESPEJADO;IMPRUDENCIA DEL CONDUCTOR;CONDUCIR EN ESTADO DE EBRIEDAD Y/O DROGADICCIÓN;;
A-2023-10-156;07/10/2023;12:50;CAÍDA DE PASAJERO;;1;0;AV. AVIACION CDRA. 02;;-7.1673763;-78.5109605;DESPEJADO;IMPRUDENCIA DEL CONDUCTOR;OTRO (IMPRUDENCIA DEL CONDUCTOR);;
A-2023-10-157;17/10/2023;05:30;DESPISTE;TOTAL CON CONSECUENCIA VOLCADURA EN TONEL ERECHO 1/2;1;0;CARRETERA DE TACABAMBA AL DISTRITO CONCHAN ALTURA EL PUENTE LA LEGUS;;-6.422162;-78.632533;DESPEJADO;IMPRUDENCIA DEL CONDUCTOR;EXCESO DE VELOCIDAD;;
A-2023-10-158;19/10/2023;07:50;DESPISTE;SUBSECUENTE ATROPELLO SEGUIDO DE CHOQUE;1;2;CARRETERA CAJAMARCA - BAMBAMARCA. CASERIO HUAMBOCANCHA;;-7.103537;-78.549797;DESPEJADO;IMPRUDENCIA DEL CONDUCTOR;EXCESO DE VELOCIDAD;;
A-2023-10-159;17/10/2023;06:30;DESPISTE;EGUIDO VOLCADURA;1;0;CARRETERA CHADIN - CHOROPAMPA;;-6.381552;-78.404302;DESPEJADO;IMPRUDENCIA DEL CONDUCTOR;OTRO (IMPRUDENCIA DEL CONDUCTOR);;
A-2023-10-16;18/10/2023;05:10;CHOQUE;POR ALCANSE;1;1;CARRETERA PANAMERICANA 186 800;-;-13.33906;-76.2317293;DESPEJADO;NO IDENTIFICA LA CAUSA;;;
A-2023-10-160;23/10/2023;15:20;DESPISTE; TOTAL CON SUBSECUENTE VOLCADURA EN TONEL DERECHO;2;7;CARRETERA QUE CONDUCE DEL CASERIO EL PUQUIO AL DISTRITO DE SOCOTA;;-6.294487;-78.662876;DESPEJADO;IMPRUDENCIA DEL CONDUCTOR;NO DAR PASO PREFERENTE AL PEATÓN;;
A-2023-10-161;22/10/2023;07:30;DESPISTE;;5;0;TOTAL CON SUBSECUENTE VOLCADURA EN TONEL DERECHO;;-7.298050298;-78.8064632905543;DESPEJADO;IMPRUDENCIA DEL CONDUCTOR;OTRO (IMPRUDENCIA DEL CONDUCTOR);;
A-2023-10-162;06/10/2023;07:40;CHOQUE;POR ALCANCE SUBSECUENTE DESPISTE SEGUIDO DE VOLCADURA;1;4;CARRETERA CUTERVO - LA PAILLA;;-6.284175225;-78.8361387751002;DESPEJADO;NEGLIGENCIA DEL CONDUCTOR;CONDUCIR CON FALLAS DE FRENOS;;
A-2023-10-163;08/10/2023;01:00;CHOQUE CON OBJETO FIJO;DESPISTE;1;0;CARRETERA FERNANDO BELAUNDE TERRY. DISTRITO POMAHUACA;;-5.94432;-79.256122;DESPEJADO;IMPRUDENCIA DEL CONDUCTOR;OTRO (IMPRUDENCIA DEL CONDUCTOR);;
A-2023-10-164;12/10/2023;07:45;CHOQUE; LATERAL NEGATIVO;1;0;JR. YAHUAR HUACA CDRA. 07;;-7.167186;-78.459529;DESPEJADO;NO IDENTIFICA LA CAUSA;;;
A-2023-10-165;15/10/2023;04:00;VOLCADURA; TONEL IZQUIERDO;1;1;AV. VÍA DE EVITAMIENTO NORTE CDRA. 18;;-7.145209;-78.509326;DESPEJADO;IMPRUDENCIA DEL CONDUCTOR;CONDUCIR EN ESTADO DE EBRIEDAD Y/O DROGADICCIÓN;;
A-2023-10-166;15/10/2023;16:30;ATROPELLO;;1;0;CARRETERA CAJAMARCA - JESÚS;;-7.217339;-78.432768;DESPEJADO;IMPRUDENCIA DEL CONDUCTOR;FATIGA Y/O CANSANCIO;;
A-2023-10-167;22/10/2023;05:00;DESPISTE;SEGUIDO DE CHOQUE;1;1; CARRETERA  CAJAMARCA - CELENDIN;;-7.115858;-78.330569;DESPEJADO;IMPRUDENCIA DEL CONDUCTOR;CONDUCIR EN ESTADO DE EBRIEDAD Y/O DROGADICCIÓN;;
A-2023-10-168;20/10/2023;23:50;DESPISTE;;1;0;CARRETERA CAJAMARCA - CAJABAMBA;;-7.37952;-78.125574;DESPEJADO;IMPRUDENCIA DEL CONDUCTOR;CONDUCIR EN ESTADO DE EBRIEDAD Y/O DROGADICCIÓN;;
A-2023-10-169;22/10/2023;07:26;DESPISTE;;1;0;AV. PRIMAVERA CDRA 06;;-7.324751; -78.170838;DESPEJADO;IMPRUDENCIA DEL CONDUCTOR;EXCESO DE VELOCIDAD;;
A-2023-10-17;08/10/2023;07:32;CHOQUE;FRONTAL;1;3;AV. SESQUICENTENARIO;PUERTA DE INGRESO POS GRADO UNA PUNO;-15.826657;-70.013769;DESPEJADO;IMPRUDENCIA DEL CONDUCTOR;INVASIÓN DE CARRIL;;
A-2023-10-170;17/10/2023;20:30;ATROPELLO;;1;0; CARRETERA DISTRITO UNION AGUA BLANCA - SAN MIGUEL;ALTURA DE LA E.I. AGUA BLANCA JEC, DE LA PROVINCIA SAN MIGUEL;-7.043479;-79.058026;LLUVIOSO;IMPRUDENCIA DEL CONDUCTOR;NO DAR PASO PREFERENTE AL PEATÓN;;
A-2023-10-171;06/10/2023;20:20;CHOQUE;FRONTAL SUBSECUENTE VOLCADURA;1;1;CARRETERA JAÉN - SAN IGNACIO. CASERÍO SAN AGUSTÍN;;-5.598953;-78.781142;DESPEJADO;IMPRUDENCIA DEL CONDUCTOR;OTRO (IMPRUDENCIA DEL CONDUCTOR);;
A-2023-10-172;13/10/2023;05:30;ATROPELLO;;1;1;AV. MANUEL ANTONIO MESONES MURO - JAÉN;;-5.722853;-78.799423;DESPEJADO;IMPRUDENCIA DEL PEATÓN;CRUCE INDEBIDO POR LA CALZADA;;
A-2023-10-173;23/10/2023;10:30;DESPISTE;TOTAL, SEGUIDO VOLCADURA,;1;0;CARRETERA COSPAN - SUNCHUBAMBA;;-7.477163;-78.426502;DESPEJADO;IMPRUDENCIA DEL CONDUCTOR;OTRO (IMPRUDENCIA DEL CONDUCTOR);;
A-2023-10-174;28/10/2023;17:50;ATROPELLO;POR PROYECCIÓN;1;0;JR. JORGE CHAVEZ CDRA. 02;;-5.719661653;-78.8020669933226;DESPEJADO;IMPRUDENCIA DEL CONDUCTOR;EXCESO DE VELOCIDAD;;
A-2023-10-177;02/10/2023;12:35;ATROPELLO;;1;0;AV. EL PORTILLO MZ K LT1A;;-11.99692956;-76.86487527071786;DESPEJADO;IMPRUDENCIA DEL CONDUCTOR;GIRAR IMPRUDENTEMENTE;;NINGUNA
A-2023-10-178;02/10/2023;19:00;DESPISTE;VOLCADURA;1;0;AV. TUPAC AMARU REF. ESTACION PACÍFICO;ALTURA CDRA. 06 AV. MARÍA PARADO DE BELLIDO;-11.99411483;-77.05628997078512;DESPEJADO;EN PROCESO DE INVESTIGACIÓN;NO CUENTA CON CAUSA ESPECIFICA;;NINGUNA
A-2023-10-179;05/10/2023;07:30;ATROPELLO;;1;0;AV. LAS LOMAS DE CARABAYLLO MZ. A ;;-11.83141848;-77.06865083000119;DESPEJADO;EN PROCESO DE INVESTIGACIÓN;NO CUENTA CON CAUSA ESPECIFICA;;NINGUNA
A-2023-10-18;14/10/2023;13:05;ATROPELLO;CONSECUENCIA FATAL;1;0;CARRETERA PUNO-MAÑAZO;KM. 1500;-15.81854;-70.038923;DESPEJADO;IMPRUDENCIA DEL PEATÓN;CRUCE INDEBIDO POR LA CALZADA;;
A-2023-10-180;04/10/2023;10:48;ATROPELLO FUGA;;1;0;AV. LAS CALANDRIAS ;ALTURA CALLE 1 DE MAYO;-12.0269011;-76.95011943110866;DESPEJADO;EN PROCESO DE INVESTIGACIÓN;NO CUENTA CON CAUSA ESPECIFICA;;NINGUNA
A-2023-10-181;06/10/2023;04:20;ATROPELLO;;1;0;AV. TUPAC AMARU CDRA. 74;ALTURA LOZA DEPORTIVA;-11.92244839;-77.04229990163223;DESPEJADO;EN PROCESO DE INVESTIGACIÓN;NO CUENTA CON CAUSA ESPECIFICA;;NINGUNA
A-2023-10-182;09/10/2023;14:10;ATROPELLO;;1;0;AV. BAUZATE Y MEZA CON AV. AVIACIÓN ;;-12.06240049;-77.01260424273467;DESPEJADO;EN PROCESO DE INVESTIGACIÓN;NO CUENTA CON CAUSA ESPECIFICA;;NINGUNA
A-2023-10-183;09/10/2023;19:30;ATROPELLO;;1;0;AUTOPISTA RAMIRO PRIALE;ALTURA PUENTE HUAYCOLORO;-12.02011441;-76.95208465588;DESPEJADO;IMPRUDENCIA DEL PEATÓN;ESTADO DE EBRIEDAD Y/O DROGADICCIÓN;;NINGUNA
A-2023-10-19;08/10/2023;22:50;CHOQUE;-;1;7;AV. LAS AMERICAS CON CALLE EL COMERCIO - SAN ANDRES ;;-13.717245;-76.204005;DESPEJADO;EN PROCESO DE INVESTIGACIÓN;NO CUENTA CON CAUSA ESPECIFICA;;
A-2023-10-2;01/10/2023;21:20;ATROPELLO FUGA;-;1;0;CARRETERA VIA LOS LIBERTADORES KM. 01 900;-;-13.679633;-76.143351;DESPEJADO;EN PROCESO DE INVESTIGACIÓN;NO CUENTA CON CAUSA ESPECIFICA;;
A-2023-10-20;16/10/2023;20:30;CHOQUE FUGA;CONSECUENCIA FATAL;1;0;CARRETERA ILVE-MAZOCRUZ;KM. 5 100;-16.127999;-69.641889;DESPEJADO;IMPRUDENCIA DEL CONDUCTOR;EXCESO DE VELOCIDAD;;
A-2023-10-21;14/10/2023;06:00;ATROPELLO;SEGUIDO DE VOLCADURA;1;0;CARRETERA DE PENETRACION INGENIO - OTOCA;C.P ESTUDIANTE;-14.660909;-75.115472;DESPEJADO;EN PROCESO DE INVESTIGACIÓN;NO CUENTA CON CAUSA ESPECIFICA;;
A-2023-10-22;14/10/2023;11:00;DESPISTE;-;1;0;C.P BELLA VISTA (POLLERIA TOLEDO)-SECTOR MANUELITA. DISTRITO LOS AQUIJES- ICA;-;-14.0938171;-75.68518220651333;DESPEJADO;EN PROCESO DE INVESTIGACIÓN;NO CUENTA CON CAUSA ESPECIFICA;;
A-2023-10-23;18/10/2023;06:40;ESPECIAL;-;1;0;AA. HH.  VIRGEN DEL CHAPI. REF. ALTURA DEL PUNTO CRIOLLO-SUBTANJALLA ;-;-14.01932406;-75.7503560174169;DESPEJADO;IMPRUDENCIA DEL PEATÓN;OTRO (IMPRUDENCIA DEL PEATÓN);NO TOMAR SUS PRECAUCIONES;
A-2023-10-24;21/10/2023;18:40;CHOQUE;-;1;4;CARRETERA PANAMERICANA SUR KM 469;-;-14.968164;-74.985823;DESPEJADO;EN PROCESO DE INVESTIGACIÓN;NO CUENTA CON CAUSA ESPECIFICA;;
A-2023-10-25;01/10/2023;18:30;ATROPELLO FUGA;VEHICULO PARTICIPANTE NO IDENTIFICADO SE DIO A LA FUGA;1;0;RED VIAL REGIONAL CUSCO – CHUQUICAHUANA. TRAMO COMPRENDIDO ENTRE CUSCO – OCCOPATA. ALTURA DEL KM. 04   800 DEL SECTOR DENOMINADO AFUNSURAYOC – CACHONA - HUANCARO;KM. 04 800;-13.5615;-71.993886;DESPEJADO;IMPRUDENCIA DEL PEATÓN;ESTADO DE EBRIEDAD Y/O DROGADICCIÓN;;NINGUNO
A-2023-10-26;08/10/2023;23:05;ATROPELLO FUGA;VEHICULO PARTICIPANTE EN EL ACCIDENTE FUGADO NO IDENTIFICADO ;1;0;RED VIAL NACIONAL LONGITUDINAL SIERRA SUR. LA OROYA - PUENTE DESAGUADERO. TRAMO COMPRENDIDO ENTRE COMBAPATA - TINTA. ALTURA DEL KM. 1079 DEL SECTOR DENOMINADO ITUÑA.;KM 1079;-14.10699846;-71.4211097485868;DESPEJADO;IMPRUDENCIA DEL PEATÓN;ESTADO DE EBRIEDAD Y/O DROGADICCIÓN;;NINGUNO
A-2023-10-27;14/10/2023;17:30;ATROPELLO;ATROPELLO CON PROYECCION;1;0;RED VIAL NACIONAL TRANSVERSAL SIERRA SUR. URCOS - PUENTE INTERNACIONAL IÑAPARI. TRAMO COMPRENDIDO ENTRE OCONGATE - MAHUAYANI. ALTURA DEL KM. 69 575 DEL SECTOR DENOMINADO SUTUQNATI DE LA COMUNIDAD CAMPESINA DE CHEQASPAMPA ALTA;KM 69 575;-13.647913;-71.291826;DESPEJADO;EN PROCESO DE INVESTIGACIÓN;NO CUENTA CON CAUSA ESPECIFICA;;NINGUNO
A-2023-10-28;20/10/2023;20:32;CHOQUE;CHOQUE, FUGA;1;0;INGRESO ASENTAMIENTO 5   IRRIGACION SAN CAMILO;;-16.6878486;-71.8914404;DESPEJADO;NO IDENTIFICA LA CAUSA;;;SIN OBSERVACIONES
A-2023-10-29;14/10/2023;17:50;CHOQUE;CHOQUE, VOLCADURA, ATROPELLO;1;0;EN INVESTIGACION;;-15.927939;-71.191227;DESPEJADO;NO IDENTIFICA LA CAUSA;;;SIN OBSERVACIONES
A-2023-10-3;02/10/2023;15:30;DESPISTE;VOLCADURA ;3;2;VIA LOS LIBERTADORES KM 127;-;-13.591039;-75.29508;DESPEJADO;NO IDENTIFICA LA CAUSA;;;
A-2023-10-30;22/10/2023;17:40;DESPISTE;DESPISTE, CHOQUE VOLCADURA;1;11;ASOCIACION VILLA REAL CHUMBIVILCAS;FALDA DE CHACHANI;-16.2952277;-71.5448658;DESPEJADO;NO IDENTIFICA LA CAUSA;;;SIN OBSERVACIONES
A-2023-10-31;27/10/2023;21:45;ATROPELLO;-;2;0;CARRETERA PANAMERICANA SUR KM 326- SECTOR LA JOYA SANTIAGO;REF. FRENTE A LA ENTRADA DEL FUNDO SAN FERNANDO ;-14.2639002;-75.68571;DESPEJADO;EN PROCESO DE INVESTIGACIÓN;NO CUENTA CON CAUSA ESPECIFICA;;
A-2023-10-32;11/10/2023;05:30;DESPISTE;DESPISTE SEGUIDO DE VOLCADURA;1;0;CARRETERA TRANSVERSAL (INTEROCEÁNICO SUR) TRAMO MARCAPATA – QUINCEMIL SECTOR DE MOROTO KM 171 100 DEL DISTRITO DE CAMANTI PROVINCIA DE QUISPICANCHIS;;-13.350407;-70.878125;DESPEJADO;EN PROCESO DE INVESTIGACIÓN;NO CUENTA CON CAUSA ESPECIFICA;;NINGUNO
A-2023-10-33;27/10/2023;12:00;ATROPELLO;ATROPELLO SUB SECUENTE MUERTE;1;0;CALLE PUENTE BOLOGNESI CERCADO;;-16.39808;-71.54057;DESPEJADO;NO IDENTIFICA LA CAUSA;;;SIN OBSERVACIONES
A-2023-10-34;02/10/2023;18:15;CHOQUE;-;1;0;CARRETERA INDUSTRIAL ALTURA DEL PORTICO UBICADO EN LA MZ A LT 19 - COCA COLA. SECTOR SANTA ROSA;-;-8.118218;-79.003657;DESPEJADO;IMPRUDENCIA DEL CONDUCTOR;OTRO (IMPRUDENCIA DEL CONDUCTOR);AL REALIZAR SU DESPLAMIENTO POR LA BERMA DE FORMA ANTIRREGLAMENTARIA, A PESAR QUE MOMENTOS PREVIOS DURANTE SU  DESPLAZAMIENTO ESTE YA HABIA EXPRIMENTADO LA LIGERACION VARIACION DE SU EQUILIBRIO;
A-2023-10-35;15/10/2023;15:00;DESPISTE;DESPISTE SEGUIDO DE VOLCADURA;1;31;ED RURAL TRANSVERSAL EMP. P3S CUSIPATA-CHILLIHUANI-QUISACANCHA (PTA-CARRETERA). TRAMO TINTICO-CHILLIHUANI. SECTOR SILLATAYOQ. DE LA COMUNIDAD DE TINTICO. DISTRITO DE CUSIPATA - PROVINCIA DE QUISPICANCHIS ;SECTOR DENOMINADO SILLETAYOC;-13.877322;-71.452612;SOLEADO;IMPRUDENCIA DEL CONDUCTOR;OTRO (IMPRUDENCIA DEL CONDUCTOR);TRATAR DE REBASAR;NINGUNO
A-2023-10-36;05/10/2023;04:40;CHOQUE;-;1;0;CARRETERA DE PENETRACION A LA SIERRA LIBERTEÑA ALTURA DEL KM. 23.5;-;-8.0439928;-78.846576;DESPEJADO;IMPRUDENCIA DEL CONDUCTOR;OTRO (IMPRUDENCIA DEL CONDUCTOR);POR CONDUCIR CON DENOTADA DESATENCION EN LA CONDUCCION;
A-2023-10-37;07/10/2023;13:40;ATROPELLO;-;1;0;CARRETERA PANAMERICANA NORTE ALTURA DEL FRONTIS DE LA I.E. PLEVANDS ;-;-8.548686;-78.67475;DESPEJADO;IMPRUDENCIA DEL PEATÓN;CRUCE INDEBIDO POR LA CALZADA;;
A-2023-10-38;10/10/2023;01:45;DESPISTE;-;2;2;AV. CHAN CHAN ALTURA DEL FRONTIS DEL CENTRO ARQUEOLOGICO CHAN CHAN;-;-8.0988506;-79.067713;DESPEJADO;NO IDENTIFICA LA CAUSA;;;
A-2023-10-39;11/10/2023;07:40;CHOQUE;-;1;0;CARRETERA DE PENETRACION A LA SIERRA LIBERTEÑA ALTURA DEL KM. 171.5;-;-7.846758356;-78.0971019854308;DESPEJADO;IMPRUDENCIA DEL CONDUCTOR;CONDUCIR EN ESTADO DE EBRIEDAD Y/O DROGADICCIÓN;;
A-2023-10-4;06/10/2023;21:00;ATROPELLO;ATROPELLO CONSECUENCIA FATAL;1;0;BALANZA AUTODEMA;EL PEDREGAL;-16.36383655;-72.1605508747011;DESPEJADO;NO IDENTIFICA LA CAUSA;;;SIN OBSERVACIONES
A-2023-10-40;15/10/2023;01:00;CHOQUE;-;1;0;CARRETERA PANAMERICANA NORTE ALTURA DEL INGRESO AL CPM CALIFORNIA;-;-8.409816;-78.809919;DESPEJADO;NO IDENTIFICA LA CAUSA;;;
A-2023-10-41;17/10/2023;16:50;ATROPELLO;-;1;0;CARRETERA DE ACCESO A MOCAN S/N;-;-7.658556;-79.243271;DESPEJADO;IMPRUDENCIA DEL CONDUCTOR;OTRO (IMPRUDENCIA DEL CONDUCTOR);DESTATENCION EN LA CONDUCCION DISTRACCION;
A-2023-10-42;18/10/2023;13:00;CHOQUE;-;1;0;CARRETERA PANAMERICANA NORTE ALTURA DEL KM. 693;-;-7.323775;-79.4810385;DESPEJADO;NO IDENTIFICA LA CAUSA;;;
A-2023-10-43;18/10/2023;19:15;DESPISTE;-;1;2;CARRETERA DE ACCESO A LA MINA QUIRUVILCA S/N;-;-7.997279654;-78.31764369228196;DESPEJADO;NO IDENTIFICA LA CAUSA;;;
A-2023-10-44;20/10/2023;04:30;ATROPELLO;-;1;0;CARRETERA PANAMERICANA NORTE ALTURA DEL KM. 597;-;-7.92058;-79.11048;DESPEJADO;NO IDENTIFICA LA CAUSA;;;
A-2023-10-45;20/10/2023;05:00;CHOQUE;-;1;0;CARRETERA PANA.MERICANA NORTE ALTURA DEL KM. 647;-;-7.574162;-79.370599;DESPEJADO;IMPRUDENCIA DEL CONDUCTOR;OTRO (IMPRUDENCIA DEL CONDUCTOR);DESATENCION EN LA CONDUCCION;
A-2023-10-46;21/10/2023;23:00;CHOQUE;-;1;0;INTERSECCION DE LA AV. FEDERICO VILLARREAL Y LA AV. MIRAFLORES;-;-8.092607;-79.018043;DESPEJADO;IMPRUDENCIA DEL CONDUCTOR;CONDUCIR EN ESTADO DE EBRIEDAD Y/O DROGADICCIÓN;;
A-2023-10-47;21/10/2023;10:00;ATROPELLO;-;1;0;JIRON COMERCIO S/N PLAZA DE ARMAS DE CHILLIA;-;-8.124813;-77.51463;DESPEJADO;IMPRUDENCIA DEL PEATÓN;OTRO (IMPRUDENCIA DEL PEATÓN);USO INDEBIDO DE LA VIA, AL JUGAR DENTRO DE LA CALZADA;
A-2023-10-48;29/10/2023;04:40;CHOQUE;-;1;4;CARRETERA PANMERICA SUR KM 441.500;PEAJE DE NASCA ;-14.803779;-75.000062;DESPEJADO;EN PROCESO DE INVESTIGACIÓN;NO CUENTA CON CAUSA ESPECIFICA;;
A-2023-10-49;05/10/2023;14:50;CHOQUE;-;1;0;KM 13 982;-;-14.75773249;-70.1459186728382;DESPEJADO;IMPRUDENCIA DEL CONDUCTOR;EXCESO DE VELOCIDAD;;NINGUNA 
A-2023-10-5;02/10/2023;02:50;CHOQUE;ATROPELLO ;1;0;CARRETERA PANAMERICANA NORTE KM 1271;.;-3.554904507;-80.43617063825494;DESPEJADO;IMPRUDENCIA DEL CONDUCTOR;OTRO (IMPRUDENCIA DEL CONDUCTOR);FALTA DE CUIDADO Y PREVENCION ;
A-2023-10-50;21/10/2023;13:00;DESPISTE;DESPISTE SEGUDIDO DE VOLCADURA Y CHOQUE;1;0;LONGITUDINAL DE LA SIERRA SUR. TRAMO CUSCO SICUANI. ALTURA DEL KM. 1000 SECTOR CRUZ PATA  ;;-13.6135215;-71.72405856994195;DESPEJADO;IMPRUDENCIA DEL CONDUCTOR;FATIGA Y/O CANSANCIO;;NINGUNO
A-2023-10-51;08/10/2023;15:00;DESPISTE;DESPISTE SEGUIDO VOLCADURA;1;0;CARRETERA CUSCO - QUILLABAMBA KM. 108 70 SECTOR PEÑAS DEL DISTRITO DE OLLANTAYTAMBO;SECTOR PEÑAS;-13.20151181;-72.29708512671704;DESPEJADO;IMPRUDENCIA DEL CONDUCTOR;CONDUCIR EN ESTADO DE EBRIEDAD Y/O DROGADICCIÓN;;NINGUNO
A-2023-10-52;23/10/2023;01:50;CHOQUE CON OBJETO FIJO;VOLCADURA;1;0;AV. TUPAC AMARU CON JR. TITICACA YUNGUYO;;-16.241691;-69.092277;DESPEJADO;INFRAESTRUCTURA Y ENTORNO VIAL;OBRAS TEMPORALES;;
A-2023-10-53;10/10/2023;19:30;ATROPELLO;ATROPELLO SEGUIDO DE PROYECCION;1;0;CARRETERA CUSCO - SICUANI KM.1089 550;PARADERO DE SAN JOSE DEL CENTRO POBLADO QUEA;-14.182708;-71.367209;DESPEJADO;IMPRUDENCIA DEL PEATÓN;ESTADO DE EBRIEDAD Y/O DROGADICCIÓN;;NINGUNO
A-2023-10-54;26/10/2023;06:00;CHOQUE;CONSECUENCIA FATAL;1;1;VIA ILLPA - CAPACHICA;KM. 21;-15.56586224;-69.9565131310587;DESPEJADO;IMPRUDENCIA DEL CONDUCTOR;GIRAR IMPRUDENTEMENTE;;
A-2023-10-55;14/10/2023;02:00;CHOQUE;CHOQUE SEGUIDO DESPISTE;2;1;RED VIAL NACIONAL TRANSVERSAL PE-34 J (RAMAL)TRAYECTORIA: EMP. PE-34 A (IMATA) - MOROCAQUE - OSCOLLO - ABRA TALOCASA - NEGRO MAYO - OCCORURO - EMP. PE-3S G (HÉCTOR TEJADA).. ALTURA DEL KM. 44 300 DEL SECTOR OSCOLLO DEL DISTRITO DE CONDOROMA. PROVINCIA ESPINAR  DPTO. DEL CUSCO;SECTOR OSCOLLO;-15.40549552;-71.07847991;DESPEJADO;IMPRUDENCIA DEL CONDUCTOR;INVASIÓN DE CARRIL;;NINGUNO
A-2023-10-56;25/10/2023;12:10;DESPISTE;-;1;0;CARRETERA DE ACCESO AL CPM HUASCAR. ALTURA DE LA GRANGA DOÑA SILVIA;-;-7.345671;-79.52181;DESPEJADO;IMPRUDENCIA DEL CONDUCTOR;OTRO (IMPRUDENCIA DEL CONDUCTOR);SIN EL DEBIDO CUIDADO Y PREVENCION;
A-2023-10-57;27/10/2023;19:40;DESPISTE;-;1;1;CARRETERA PANAMERICANA NORTE ALTURA DEL KM. 721.2;-;-7.131068;-79.473718;DESPEJADO;NO IDENTIFICA LA CAUSA;;;
A-2023-10-58;30/10/2023;18:20;CHOQUE;-;1;2;CARRETERA PANAMERICANA NORTE ALTURA DEL KM. 723.7;-;-7.122333314;-79.4840239937687;DESPEJADO;NO IDENTIFICA LA CAUSA;;;
A-2023-10-59;09/10/2023;01:30;ATROPELLO;ATROPELLO CON PROYECCCION;1;0;ED VIAL NACIONAL LONGITUDINAL SIERRA SUR. LA OROYA - PUENTE DESAGUADERO. TRAMO COMPRENDIDO ENTRE COMBAPATA - TINTA. ALTURA DEL KM. 1079 DEL SECTOR DENOMINADO ITUÑA.;KM 1079;-14.107019;-71.421132;DESPEJADO;IMPRUDENCIA DEL PEATÓN;OTRO (IMPRUDENCIA DEL PEATÓN);INTERPONERSE EN EL EJE DE MARCHA DE LA UT-1;NINGUNO
A-2023-10-6;09/10/2023;03:30;DESPISTE;VOLCADURA ;1;0;QUEBRADA EL PALMO (REF. A 200 METROS AL SUR DE LA IGLESIA DEL PALMO);4.6 KM DE LA CPNP CAÑAVERAL.;-3.971665846;-80.6539337766366;DESPEJADO;IMPRUDENCIA DEL CONDUCTOR;OTRO (IMPRUDENCIA DEL CONDUCTOR);FALTA DE CUIDADO Y PREVENCION ;
A-2023-10-60;29/10/2023;18:30;CHOQUE FUGA;CONSECUENCIA FATAL;1;0;CARRETERA CHASQUI CACHIPUCARA;KM 02;-16.10697221;-69.55916854146624;DESPEJADO;IMPRUDENCIA DEL CONDUCTOR;EXCESO DE VELOCIDAD;;
A-2023-10-61;02/10/2023;15:30;CHOQUE;CHOQUE FRONTAL;1;14;RED VIAL NACIONAL TRANSVERSAL VARIANTE (SIERRA SUR) HUACARPAY - PACAYCASA. TRAMO COMPRENDIDO ENTRE URUBAMBA - OLLANTAYTAMBO. ALTURA DEL KM. 85  250. DEL SECTOR DENOMINADO TIOPUNKU DEL DISTRITO DE OLLANTAYTAMBO. PROVINCIA URUBAMBA Y DPTO. DEL CUSCO.;FRONTIS DE LA TIENDA DE ARTESANIAS MAXIMILIANO VILCAS;-13.26044223;-72.2462892493201;DESPEJADO;IMPRUDENCIA DEL CONDUCTOR;INVASIÓN DE CARRIL;;NINGUNO
A-2023-10-62;25/10/2023;02:00;CHOQUE;CHOQUE FRONTAL ;5;47;RED VIAL NACIONAL TRANSVERSAL (SIERRA SUR) IMATA - HÉCTOR TEJADA (PALLPATA). TRAMO COMPRENDIDO ENTRE CONDOROMA - HECTOR TEJADA.. ALTURA DEL KM. 81 250 DEL SECTOR DENOMINADO MARQUIRI ALTO. DEL DISTRITO DE OCCORURO - ESPINAR - CUSCO.;;-15.142256;-71.122031;DESPEJADO;IMPRUDENCIA DEL CONDUCTOR;INVASIÓN DE CARRIL;;NINGUNO
A-2023-10-63;31/10/2023;23:30;CHOQUE;-;2;1;CARRETERA PANAMERICANA NORTE ALTURA DEL KM. 690;-;-7.3389259;-79.5007404;DESPEJADO;NO IDENTIFICA LA CAUSA;;;