COD_ACCIDE;FechaDelAccidente;HoraDelAccidente;ClaseDelAccidente;SecuenciaAccidente;CantidadDeFallecidos;CantidadDeLesionados;Direccion;LugarReferencia;y;x;CondClimatica;CausaFactorPrincipal;CausaEspecifica;OtraCausa;Observaciones
A-2023-10-64;30/10/2023;19:10;ATROPELLO;.;1;3;CARRETERA DE PENETRACION DE DE ZARUMILLA A PAPAYAL KM 7.7 ;.;-3.549202377;-80.22660463446178;DESPEJADO;IMPRUDENCIA DEL CONDUCTOR;CONDUCIR EN ESTADO DE EBRIEDAD Y/O DROGADICCIÓN;;
A-2023-10-65;31/10/2023;09:00;DESPISTE;VOLCADURA Y CHOQUE;1;0;CARRETERA DESAGUADERO-MOQUEGUA ;KM. 158 700;-16.80188512;-70.03709084660409;DESPEJADO;IMPRUDENCIA DEL CONDUCTOR;OTRO (IMPRUDENCIA DEL CONDUCTOR);EXCESO DE CONFIANZA;
A-2023-10-66;02/10/2023;22:00;CHOQUE;CHOQUE FRONTAL ;1;0;CARRETERA QUE UNE LOS CASERIOS PALO PARADO - SAN JACINTO VILLA LA LEGUA ;;-5.247609;-80.678845;DESPEJADO;;;;
A-2023-10-67;06/10/2023;12:50;CHOQUE;CHOQUE, DESPISTE CHQOUE ;1;1;CARRETERA PIURA SULLANA ;KM 1011 500;-5.102839;-80.704;DESPEJADO;;;;
A-2023-10-68;19/10/2023;19:00;CHOQUE;CHOQUE, DESPISTE E INCENDIO ;1;1;CARRETERA INTEROCEANICA. TRAMO PIURA - OLMOS ;ALTURA KM 171-750;-5.41045;-80.03939;DESPEJADO;;;;
A-2023-10-69;16/10/2023;01:00;ATROPELLO;ATROPELLO POR APLASTAMIENTO ;1;0;CARRETERA HUANCABMBA PIURA CASERIO SINGO A 150 M AL NORTE DEL CRUCE SUCCHIL ;;-5.279396;-79.47701;DESPEJADO;;;;
A-2023-10-7;09/10/2023;15:00;CHOQUE;VOLCADURA ;1;1;CARRETERA DE PENETRACION DE ZARUMILLA A PAPAYAL KM 07.5;.;-3.54563652;-80.22734484128469;SOLEADO;IMPRUDENCIA DEL CONDUCTOR;INVASIÓN DE CARRIL;;
A-2023-10-70;03/10/2023;10:20;VOLCADURA;VOLCADURA, CAÍDA DEL CONDUCTOR;1;0;CASERIO MICHAN KM 1.600;FRONSTIS DEL DOMICILIO SR. JOSE FERNANDEZ FERNANDEZ;-6.388276;-77.529105;SOLEADO;EN PROCESO DE INVESTIGACIÓN;NO CUENTA CON CAUSA ESPECIFICA;;SE ENCUENTRA EN PROCESO DE INVESTIGACIÓN FALTA DILIGENCIAS COMO TOMA DE DECLARACIONES PERITAJES ENTRE OTROS
A-2023-10-71;15/10/2023;19:45;CHOQUE;EL VEHÍCULO DE LA CATG. N3, VOLQUETE DE PLACA ADL-724, POR FALLAS MECÁNICAS, SE ESTACIONA SOBRE LA ZONA DE BERMA Y PARTE DEL CARRIL NORTE DE LA CALZADA EN ESTUDIO,  ES EN ESAS CIRCUNSTANCIAS QUE EL VEHÍCULO CATG. N1, CAMIONETA PICK UP DE PLACA F0S-915, LO IMPACTA EN LA ESTRUCTURA POSTERIOR.;1;1;CARRETERA TRASVERSAL HUAURA - SAYÁN - CHURÍN - OYÓN;KM. 45.740.54;-11.134274;-77.198307;DESPEJADO;IMPRUDENCIA DEL CONDUCTOR;OTRO (IMPRUDENCIA DEL CONDUCTOR);CONDUCIR CON FALTA DE CUIDADO Y PREVENCIÓN;NINGUNA
A-2023-10-72;24/10/2023;03:50;DESPISTE;DESPISTE Y VOLCADURA ;1;0;CARRETERA LA MATANZA HBBA ;ALTURA DEL NATU PERU ;-5.239378;-80.080188;DESPEJADO;;;;
A-2023-10-73;28/10/2023;07:10;CHOQUE FUGA;CHOQUE Y FUGA ;1;0;INTERSECCION DE LA AV. GUARDIA CIVIL CON PROLONGACION ANDRES AVELINO CACERES ;CASTILLA ;-5.191842;-80.608285;DESPEJADO;;;;
A-2023-10-74;14/10/2023;05:00;ATROPELLO;ATROPELLO ;1;0;CARRETERA MEDIO PIURA ;ALTURA DEL CP RIO SECO ;-5.1424783;-80.6080116;DESPEJADO;;;;
A-2023-10-75;29/10/2023;22:00;CHOQUE;CHOQUE;1;0;CARRETERA PANAMERICANA NORTE. TRAMO PIURA SULLANA ;ALTURA KM 1008 63;-5.1339;-80.699741;DESPEJADO;;;;
A-2023-10-76;07/10/2023;20:50;CHOQUE;CHOQUE, VOLCADURA Y CAIDA DE CONDUCTOR;1;1;AV. CHACHAPOYAS CDRA. 33;;-5.758099;-78.43166;DESPEJADO;EN PROCESO DE INVESTIGACIÓN;NO CUENTA CON CAUSA ESPECIFICA;;EL PRESENTE CASO SE ENCUENTRA EN PROCESO DE INVESTIGACIÓN, QUE HASTA LA PRESENTE FECHA SE CONTINUA CON LAS DILIGENCIAS
A-2023-10-77;09/10/2023;14:00;DESPISTE;DESPISTE, CHOQUE, VOLCADURA Y CAIDA DEL CONDUCTOR;1;0;CARRETERA FERNANDO BELAÚNDE TERRY KM 212 970;;-5.7141033;-78.553582;DESPEJADO;EN PROCESO DE INVESTIGACIÓN;NO CUENTA CON CAUSA ESPECIFICA;;SE ENCUENTRA EN INVESTIGACIÓN REALIZANDO DILIGENCIA PARA EL ESCLARECIMIENTO DEL PRESENTE CASO
A-2023-10-78;22/10/2023;23:00;CHOQUE;FRONTAL EXCENTRICO IZQUIERDO SEGUIDO CON VOLCADURA EN TONEL DERECHO MEDIO Y DESPISTE;1;9;ANTIGUA CARRETERA PANAMERICANA SUR KM 204;-;-13.490222;-76.139538;DESPEJADO;EN PROCESO DE INVESTIGACIÓN;NO CUENTA CON CAUSA ESPECIFICA;;
A-2023-10-79;17/10/2023;16:40;DESPISTE;EL VEHÍCULO CATG. N1, CARROCERÍA PICK UP, DE PLACA DE RODAJE C6O-879, SE DESPLAZABA EN SENTIDO DE NORTE A SUR, AL LLEGAR AL LUGAR DEL ACCIDENTE, ENFRENTA UNA CURVA CERRADA, DESPISTÁNDOSE HACIA LA ZONA DE TIERRA CON DESNIVEL EN PROFUNDIDAD.;1;3;CARRETERA CARROZABLE DE LA COMUNIDAD CAMPESINA QUICHAS A LA MINA DE CARBÓN SANTA MERCEDES Y LAGUNA SURASACA.;CURVA BLANCA;-10.50807073;-76.74588572107888;NIEBLA;IMPRUDENCIA DEL CONDUCTOR;OTRO (IMPRUDENCIA DEL CONDUCTOR); CONDUCIR CON FALTA DE CUIDADO Y PREVENCIÓN;NINGUNA
A-2023-10-8;15/10/2023;19:50;CHOQUE;CHOQUE CON SUB SECUENTE MUERTE;1;0;CARRETERA PENETRACION MATARANI KM. 14-500;SAN ISIDRO;-16.730864;-71.947974;SOLEADO;NO IDENTIFICA LA CAUSA;;;SIN OBSERVACIONES
A-2023-10-80;17/10/2023;05:30;DESPISTE;EL VEHÍCULO CATG. M1, CARROCERÍA SEDÁN, DE PLACA DE RODAJE Z6J-024, SE DESPLAZABA EN SENTIDO DE NORTE A SUR, AL LLEGAR A LA ZONA DEL ACCIDENTE SE DESPISTA TOTALMENTE, DANDO INICIO A LA CADENA DE EVENTOS.;1;5;CARRETERA PANAMERICANA NORTE;KM. 112.156.50;-11.33571;-77.46727;DESPEJADO;IMPRUDENCIA DEL CONDUCTOR;FATIGA Y/O CANSANCIO;;NINGUNA
A-2023-10-81;17/10/2023;23:20;DESPISTE;EL VEHÍCULO CATG, M2-C3, DE PLACA DE RODAJE ASD-738, SE DESPLAZABA POR EL CARRIL SUR DE LA CARRETERA DE PENETRACIÓN HUAURA - SAYÁN - CHURÍN - OYÓN, AL LLEGAR AL KM. 25.160.80, SE DESPISTA, DANDO INICIO A LO ACONTECIDO.;2;7;CARRETERA TRASVERSAL HUAURA - SAYÁN - CHURÍN - OYÓN;KM. 25.160.80;-11.10141397;-77.40114921141894;DESPEJADO;IMPRUDENCIA DEL CONDUCTOR;FATIGA Y/O CANSANCIO;;NINGUNA
A-2023-10-82;20/10/2023;09:30;DESPISTE;EL VEHÍCULO CATG. M1, DE PLACA DE RODAJE D9A-665, SE DESPLAZABA EN SENTIDO DE SUR A NORTE,  POR LA CARRETERA PANAMERICANA NORTE, AL LLEGAR AL KM. 25.560.70, SE DESPISTA, DANDO INICIO A LO ACONTECIDO.;1;5;CARRETERA PANAMERICANA NORTE;KM. 25.560.70;-11.3287;-77.4721;DESPEJADO;IMPRUDENCIA DEL CONDUCTOR;FATIGA Y/O CANSANCIO;;NINGUNA
A-2023-10-83;29/10/2023;18:30;DESPISTE;DESPISTE VOLCADURA Y SUMERCION ;1;0;TROCHA CARROZABLE ;ALTURA DEL PREDIO CRUZ VERDE - LA ARENA ;-5.35234692;-80.72421371;DESPEJADO;;;;
A-2023-10-84;29/10/2023;05:20;DESPISTE;-;1;0;CARRETERA COLLANA - TARACO ;PUENTE COLLANA;-15.293861;-69.977401;DESPEJADO;IMPRUDENCIA DEL CONDUCTOR;EXCESO DE VELOCIDAD;;NINGUNA 
A-2023-10-85;30/10/2023;23:50;DESPISTE;-;1;0;KM 108 262;-;-14.53900823;-70.28918346384991;DESPEJADO;INFRAESTRUCTURA Y ENTORNO VIAL;OTRO (INFRAESTRUCTURA Y ENTORNO VIAL);FALLA MECANICA ;NINGUNA
A-2023-10-86;31/10/2023;20:30;DESPISTE;-;1;1;KM 86 600;PUENTE CHURARA;-14.937619;-69.867581;DESPEJADO;IMPRUDENCIA DEL CONDUCTOR;EXCESO DE VELOCIDAD;;NINGUNA 
A-2023-10-87;09/10/2023;09:30;DESPISTE;CHOQUE Y VOLCADURA;3;0;CARRETERA CENTRAL LA OROYA-HUANCAYO KM. 05 200;;-11.54494036;-75.88144236359715;LLUVIOSO;IMPRUDENCIA DEL CONDUCTOR;OTRO (IMPRUDENCIA DEL CONDUCTOR);LA ACCION DEL CONDUCTOR DE LA UT1 AL DEJAR DE RECONOCER LOS RIESGO SQUE ESTABA REPRESENTADA POR EL TRAMO CURVO DE LA VIA AUNAD O A ELLO LA VELOCIDAD DESARROLLADA, ORIGINO LA PERDIDA DE CONTROL FISICO DE SU SUNIDAD QUIEN AL TENER PERCEPCION REAL DEL PELIOGRO NO TUVO TIEMPO NI DISTANCIA PARA EVITAR O AMINORAR SUS CONSECUENCIAS;NINGUNO
A-2023-10-88;17/10/2023;19:15;ATROPELLO;;1;0;CARRETERA CENTRAL LA OROYA-HUANCAYO MARGEN IZQUIERDA KM. 06;;-12.017494;-75.242797;DESPEJADO;IMPRUDENCIA DEL PEATÓN;CRUCE INDEBIDO POR LA CALZADA;;NINGUNO
A-2023-10-89;22/10/2023;11:00;CHOQUE CON OBJETO FIJO;DESPISTE Y VOLCADURA;1;0;CARRETERAJAUJA ANEXO DE JAJAPOQUI;;-11.55544766;-75.51647355135484;DESPEJADO;;;;
A-2023-10-9;07/10/2023;19:00;ATROPELLO;;1;0;AV. HERNAN DELGADILLO;FRENTE AL COLEGIO I.E. 5096 AA.HH. HIJOS DE VENTANILLA;-11.87721848;-77.1166004247827;DESPEJADO;IMPRUDENCIA DEL CONDUCTOR;OTRO (IMPRUDENCIA DEL CONDUCTOR);OPERATIVO DEL CONDUCTOR DE LA UT-1, AL DESPLAZAR SU UNIDAD SIN CUIDADO Y PREVENCION.;
A-2023-10-90;11/10/2023;21:10;ATROPELLO FUGA;;1;0;CARRETERA CENTRAL LA OROYA - HUANCAYO MARGEN IZQUIERDA KM. 104;;-11.927006;-75.315396;DESPEJADO;IMPRUDENCIA DEL CONDUCTOR;OTRO (IMPRUDENCIA DEL CONDUCTOR);DESPLAZAR SU UNIDAD CON UN EXCESO DE CONFIANZA Y DESATENCION EN SU LINEA DE MARCHA ANTE LA PRESENCIA DEL VIANDANTE QUIN SE ENCONTRABA PARADO EN LA PARTE EXTREMA DEL CARRIL ESTE;NINGUNO
A-2023-10-91;10/10/2023;13:30;CHOQUE;VOLCADURA Y CAIDA;1;1;CARRETERA AYACUCHO ANDAHUAYLAS;;-13.197496;-74.203549;DESPEJADO;IMPRUDENCIA DEL CONDUCTOR;GIRAR IMPRUDENTEMENTE;;ACCION IMPRUDENTE DEL CONDUCTOR
A-2023-10-92;05/10/2023;11:00;DESPISTE;VOLCADURA;1;0;SARAHUARCA;;-14.06539029;-73.83334945850414;DESPEJADO;IMPRUDENCIA DEL CONDUCTOR;OTRO (IMPRUDENCIA DEL CONDUCTOR);INEXPERIENCIA EN EL MANEJO DE MAQUINARIAS;EXCESO DE CONFIANZA
A-2023-10-93;29/10/2023;12:10;ATROPELLO;;1;0;AV. TUPAC AMARU KM 16 ;REF. PASANDO AV CHIMPU OCLLO FRENTE A GRIFO REPSOL;-11.8922989;-77.02813565;DESPEJADO;;;;
A-2023-10-94;30/10/2023;05:40;DESPISTE;VOLCADURA;1;8;CARRETERA AYACUCHO ANDAHUAYLAS;DISTRITO DE CHIARA;-13.27810787;-74.23038639661108;DESPEJADO;IMPRUDENCIA DEL CONDUCTOR;EXCESO DE VELOCIDAD;;CURVA PRONUNCIADA A LA DERECHA
A-2023-10-95;02/10/2023;12:35;ATROPELLO;;1;0;AV. EL POTRILLO MZ. K LTE 1A;;-12.00262488;-76.86713909;DESPEJADO;IMPRUDENCIA DEL CONDUCTOR;OTRO (IMPRUDENCIA DEL CONDUCTOR);;NINGUNA
A-2023-10-96;02/10/2023;19:00;DESPISTE;;1;0;AV. TUPAC AMARU;ALTURA ESTACION PACIFICO;-11.99322374;-77.05684144;DESPEJADO;NO IDENTIFICA LA CAUSA;;;NINGUNA
A-2023-10-97;04/10/2023;10:48;ATROPELLO FUGA;;1;0;AV. LAS CALANDRIAS ;ALTURA DE LA URB. 1 DE MAYO;-12.0268189;-76.9497764;DESPEJADO;NO IDENTIFICA LA CAUSA;;;NINGUNA
A-2023-10-98;06/10/2023;04:20;ATROPELLO;;1;0;AV. TUPAC AMARU CDRA. 74;ALTURA LOZA DEPORTIVA;-11.92211197;-77.0421882;DESPEJADO;NO IDENTIFICA LA CAUSA;;;NINGUNA
A-2023-10-99;09/10/2023;18:35;ATROPELLO;;1;0;AV. ALEJANDRO BERTELLO;ALTURA ASOC. VIV. TRABAJADORES MTC;-11.7963214;-77.16488888;DESPEJADO;NO IDENTIFICA LA CAUSA;;;NINGUNA
A-2023-11-1;01/11/2023;18:44;CHOQUE;FRONTAL;3;3;CARRETERA PUNO-JULIACA;TRAMO 5 KM. 31 100;-15.78705963;-70.03850691114089;DESPEJADO;IMPRUDENCIA DEL CONDUCTOR;CONDUCIR EN ESTADO DE EBRIEDAD Y/O DROGADICCIÓN;;
A-2023-11-10;04/11/2023;18:00;CHOQUE;CHOQUE - DESPISTE VOLCADURA ;1;0;AV. LAS CASUARINAS / AV. MARISCAL TITO ;;-5.183442;-80.61185;DESPEJADO;;;;
A-2023-11-101;19/11/2023;02:00;DESPISTE;DESPISTE VOLCADURA;2;0;VIA DE INGRESO A FUNDO GAMBOA;FUNDO GAMBOA;-16.489694;-71.854093;DESPEJADO;NO IDENTIFICA LA CAUSA;;;SIN OBSERVACIONES
A-2023-11-102;18/11/2023;22:00;CHOQUE;CHOQUE ;2;2;CARRETERA QUE UNE EL CASERIO SANTA ROSA - CUCUNGARA;;-5.316261;-80.67095;DESPEJADO;;;;
A-2023-11-103;21/11/2023;20:30;CHOQUE;CHOQUE ;1;0;CARRETERA PENETRACION BUENOS AIRES - CANCHAQUE ;;-5.434296;-79.77158;DESPEJADO;;;;
A-2023-11-104;28/11/2023;11:45;CHOQUE;;1;0;AV. GRAU;ALTURA DE LA INTERSECCION CON LA AV. FRNACISCO VEGAS ;-5.17956957;-80.6778761225774;DESPEJADO;IMPRUDENCIA DEL CONDUCTOR;OTRO (IMPRUDENCIA DEL CONDUCTOR);DESCOMPESACION FISICA ;
A-2023-11-105;01/11/2023;05:20;ATROPELLO;;1;0;AV. GERARDO UNGER CDRA. 07;;-11.96297688;-77.0632051;DESPEJADO;;;;
A-2023-11-106;01/11/2023;19:00;ESPECIAL;CAÍDA DE ROCAS CON CHOQUE;1;0;CIRCUITO DE PLAYAS DE LA COSTA VERDE ;- ALT SALTO DEL FRAILE ;-12.16949027;-77.03635813;DESPEJADO;;;;
A-2023-11-107;02/11/2023;04:40;ATROPELLO;;1;0;AV. PERU CDRA. 17;;-12.03225906;-77.06423077;DESPEJADO;;;;
A-2023-11-108;02/11/2023;05:00;ATROPELLO;;1;0;INTERSECCION DE AV.PROCERES DE LA INDEPENDENCIA CON INTERSECCION DE LA AV LIMA ;;-12.02576411;-77.01010623;DESPEJADO;;;;
A-2023-11-109;02/11/2023;11:45;ATROPELLO FUGA;;1;0;CARRETERA PAN. SUR KM 47.500- SAN BARTOLO;;-12.381164;-76.774431;DESPEJADO;;;;
A-2023-11-110;02/11/2023;19:45;ATROPELLO;;1;0;CARRETERA CENTRAL KM 13;FRENTE AL CLUB RECREACIONAL SAN JUAN;-12.009693;-76.868245;DESPEJADO;;;;
A-2023-11-111;02/11/2023;17:40;CHOQUE;VOLCADURA, CAÍDA Y APLASTAMIENTO;1;0;AV. LURIGANCHO CDRA 08;ALT MERCADO MALVINAS SIGLO XXI;-12.01796391;-77.00180065;DESPEJADO;;;;
A-2023-11-112;03/11/2023;03:06;ATROPELLO;;1;0;VIA EVITAMIENTOALT PUENTE RAYITO DE SOL ;KM 9   270;-12.04125586;-77.03303703;DESPEJADO;;;;
A-2023-11-113;05/11/2023;06:30;CHOQUE;VOLCADURA Y CAIDA FATAL;1;0;AV. UNIVERSITARIA CON AV. JAMAICA;;-11.92577677;-77.05206846;DESPEJADO;;;;
A-2023-11-114;06/11/2023;05:40;ATROPELLO;;1;0;AV. EDUARDO HABICH CDRA.04;;-12.02683672;-77.0552162;DESPEJADO;;;;
A-2023-11-115;08/11/2023;12:00;ATROPELLO;;1;0;JR.ABTAO C-4 ALT INTERSECCION CON GARCIA NARANJO - LA VICTORIA;;-12.06099302;-77.02302769;DESPEJADO;;;;
A-2023-11-116;09/11/2023;17:40;CHOQUE FUGA;;1;0;AV TÚPAC AMARU KM 26.750 ;REF. ALT ENTRADA HACIENDA PUNCHAUCA CARABAYLLO;-11.83463782;-76.99971482;DESPEJADO;;;;
A-2023-11-117;11/11/2023;22:10;CHOQUE;VOLCADURA Y APLASTAMIENTO;1;0;CARRETERA LIMA- CANTA KM 31.500;KM 31.500;-11.793955;-76.982986;DESPEJADO;;;;
A-2023-11-118;12/11/2023;10:20;ATROPELLO;;1;0;AV. TOMAS MARZANO  CDRA. 52 ;ALT. 100 MTS;-12.14921673;-76.98387065;DESPEJADO;;;;
A-2023-11-119;12/11/2023;20:20;ATROPELLO FUGA;;1;0;PANAMERICANA  SUR KM. 36.500;;-12.30567;-76.838985;DESPEJADO;;;;
A-2023-11-12;18/11/2023;15:28;ATROPELLO;COMPRESION;1;0;JR. PRECURSORES Nº 581;;-15.862453;-70.020058;DESPEJADO;NEGLIGENCIA DEL CONDUCTOR;CONDUCIR CON FALLAS DE FRENOS;;
A-2023-11-120;15/11/2023;06:15;ATROPELLO;;1;0;AV. LAS PALMERAS CDRA. 54 -LOS OLIVOS ;REF. 150 MTRS A LA AV. MARAÑON;-11.97078095;-77.0725454;DESPEJADO;;;;
A-2023-11-121;15/11/2023;11:40;ESPECIAL;MUERTE POR APLASTAMIENTO DE PASAJERA DEL VEHÍCULO MAYOR;1;0;CALLE COLLAR CDRA. 04-SJL;;-11.97046575;-76.9943926;DESPEJADO;;;;
A-2023-11-122;15/11/2023;07:20;ATROPELLO;;1;0;AV. UNIVERSITARIA FRENTE A LA MZ. A LTE. 4 URB. LOS JARDINES DE CARABAYLLO;ALT.  APV LOS SAUCES DE CARABAYLLO;-11.8737479;-77.02348169;DESPEJADO;;;;
A-2023-11-123;15/11/2023;17:10;DESPISTE;VOLCADURA Y CAÍDA;1;0;AV. RAMIRO PRIALE ALT. KM. 04;ALT. KM. 04;-12.020908;-76.954216;DESPEJADO;;;;
A-2023-11-124;18/11/2023;00:20;DESPISTE;VOLCADURA, CAÍDA Y DAÑOS MATERIALES CON CONSECUENCIA MUERTE;1;0;AC. CARRETERA PANAMERICANA NORTE ;REF. ALT. SENATI-INDEPENDENCIA;-11.99914034;-77.06266004;DESPEJADO;;;;
A-2023-11-125;18/11/2023;07:10;DESPISTE;CHOQUE CON OBJETO FIJO Y ATROPELLO;1;1;CALLE ANILLO VIAL ALTURA DE LA  MZ C LT 07 AA HH SANTA MARIA SJL;;-11.96844547;-76.96975104;DESPEJADO;;;;
A-2023-11-126;19/11/2023;05:30;ATROPELLO FUGA;;1;0;PANAMERICANA SUR KM. 14.085 ;ALT. PTE. ELECTRO -SJM;-12.179902;-76.976303;DESPEJADO;;;;
A-2023-11-127;19/11/2023;14:15;ATROPELLO;;1;0;CARRETERA PANAMERICANA NORTE KM. 49.700; REF. ASOC.VIV. HUERTOS DE LA PLANICIE ANCON;-11.73451895;-77.13611622;DESPEJADO;;;;
A-2023-11-128;20/11/2023;17:20;CHOQUE;;2;0;PANAMERICANA SUR KM 35.214 PTE. PEAT.CUARENTA-LURÍN ;;-12.300015;-76.849084;DESPEJADO;;;;
A-2023-11-129;21/11/2023;03:10;ATROPELLO;;1;0;AV. ALFREDO MENDIOLA CDRA. 05 CARR. PAN. NORTE PTE. CAYETANO HEREDIA SMP;;-12.024616;-77.05868041;DESPEJADO;;;;
A-2023-11-13;02/11/2023;23:10;CHOQUE;CHOQUE ;1;1;CARRETERA CASERIO LA OBRILLA ;;-4.982013;-80.56318;DESPEJADO;;;;
A-2023-11-130;22/11/2023;23:30;CHOQUE;VOLCADURA Y CAÍDA;1;0;CARRETERA PANAMERICANA NORTE KM. 28.100 PUENTE PIEDRA ;REF. ALTURA PARADERO FAMESA;-11.88600505;-77.06853415;DESPEJADO;;;;
A-2023-11-131;24/11/2023;12:45;ATROPELLO FUGA;;1;0;AV. PALMERAS ATRA. CENTRO JUZGADOS;;-11.82885522;-77.11022089;DESPEJADO;;;;
A-2023-11-132;25/11/2023;01:30;ATROPELLO FUGA;;1;0;PANAMERICANA SUR KM. 44.000 REF. PJE PTA NEGRA;;-12.36371115;-76.79252318;DESPEJADO;;;;
A-2023-11-133;26/11/2023;00:30;ATROPELLO FUGA;;1;0;PANAMERICANA SUR KM. 34.500;;-12.297378;-76.8552;DESPEJADO;;;;
A-2023-11-134;27/11/2023;21:10;ATROPELLO FUGA;;1;0;CARRETERA PANAMERICANA SUR KM. 45.500;;-12.368539;-76.787526;DESPEJADO;;;;
A-2023-11-135;27/11/2023;17:45;ATROPELLO;;1;0;AV. NARANJAL CDRA 10 REF. AV. UNIVERSITARIA;;-11.97830745;-77.07583634;DESPEJADO;;;;
A-2023-11-136;27/11/2023;20:30;DESPISTE;VOLCADURA Y ATROPELLO;1;6;AV. EL RETABLO CDRA. 11 ;;-11.92831933;-77.05579317;DESPEJADO;;;;
A-2023-11-137;27/11/2023;20:20;CHOQUE;VOLCADURA, CAÍDA Y FUGA;1;0;CARRETERA PANAMERICANA SUR KM.19.000;;-12.222561;-76.974531;DESPEJADO;;;;
A-2023-11-138;28/11/2023;04:40;ATROPELLO FUGA;;1;0;VIA EVITAMIENTO ;ATRA. PTE HUANUCO ;-12.04196646;-77.01998696;DESPEJADO;;;;
A-2023-11-139;09/11/2023;18:00;DESPISTE;VOLCADURA;1;12;VIA CARROZABLE SANTA ROSA DE CCOCHAMARCA ;VALLE PAMPAS;-13.986602;-73.850651;DESPEJADO;IMPRUDENCIA DEL CONDUCTOR;EXCESO DE VELOCIDAD;;CONDUCCION CON EXVESIVA VELOCIDAD AUNADO AL TIPO DE VIA
A-2023-11-14;18/11/2023;15:00;CHOQUE;MULTIPLE CHOQUE FRONTAL ;2;0;CARRETERA INTEROCEANICA PIURA - OLMOS ;KM 169;-5.212804;-80.122035;DESPEJADO;;;;
A-2023-11-140;07/11/2023;10:30;DESPISTE;VOLCADURA;3;0;CARRETERA ANTAPITE;ACCESO AL ANEXO SANTA ROSA;-13.599089;-73.85935;DESPEJADO;IMPRUDENCIA DEL CONDUCTOR;EXCESO DE VELOCIDAD;;EXCESO DE CONFIANZA
A-2023-11-141;05/11/2023;18:00;CHOQUE;VOLCADURA Y CAIDA;1;0;AV. SAU PABLO;AEROPUERTO;-13.16384963;-74.20762316868363;NUBLADO;IMPRUDENCIA DEL CONDUCTOR;CONDUCIR EN ESTADO DE EBRIEDAD Y/O DROGADICCIÓN;;UNA DE LAS UNIDADES MOVILES SE ENCONTRABA ESTACIONADA
A-2023-11-142;13/11/2023;13:30;DESPISTE;DESPISTE;1;0;CARRETERA TACNA - TARATA;KM 79;-17.52532592;-70.03849085687142;DESPEJADO;IMPRUDENCIA DEL CONDUCTOR;CONDUCIR EN ESTADO DE EBRIEDAD Y/O DROGADICCIÓN;;
A-2023-11-143;20/11/2023;04:18;ATROPELLO;ATROPELLO;1;0;AV. INTERNACIONAL CON AV. MARIA PARADO DE BELLIDO;ALTURA DE LA MZ. 66 A.H. APLIACION CIUDAD NUEVA COMITE 17;-17.981544;-70.234855;DESPEJADO;IMPRUDENCIA DEL CONDUCTOR;NO DAR PASO PREFERENTE AL PEATÓN;;
A-2023-11-144;28/11/2023;15:50;ATROPELLO;ATROPELLO;1;0;CARRETERA CAMBAYA - BOROGUEÑA KM 109;;-17.320923;-70.433619;DESPEJADO;IMPRUDENCIA DEL PEATÓN;CRUCE INDEBIDO POR LA CALZADA;;
A-2023-11-145;29/11/2023;19:30;ATROPELLO FUGA;;1;0;CARRETERA CENTRAL LA OROYA - HUANCAYO MARGEN IZQUIERDA KM. 110;;-11.957444;-75.276379;DESPEJADO;NO IDENTIFICA LA CAUSA;;;LA FALTA DE UNO DE LOS ELEMENTOS DEL TRANSITO PARTICIPNATE EN EL CITADO EVENTO NO PERMITE DETERMINAR FEHACIENTEMENTE LAS CAUSAS QUE MOTIVARON LA PRODUCCION DL SUSCESO
A-2023-11-146;29/11/2023;04:47;ATROPELLO;ATROPELLO;1;0;CARRETERA PANAMERICANA SUR KM 1261 300;;-17.833542;-70.536717;DESPEJADO;IMPRUDENCIA DEL PEATÓN;ESTADO DE EBRIEDAD Y/O DROGADICCIÓN;;SIN OBSERVACIONES
A-2023-11-148;26/11/2023;14:30;DESPISTE;DESPISTE Y VOLCADURA ;1;0;CARRETERA QUE UNE LOS CASERIOS DE CURICAS Y EL HUABO ;;-4.946504;-79.57293;DESPEJADO;;;;
A-2023-11-149;16/11/2023;12:10;ATROPELLO;;1;1;AV. TOMAS VALLE;FRENTE AL MERCADO SANTA ROSA;-12.01916639;-77.1008733202518;DESPEJADO;IMPRUDENCIA DEL PEATÓN;CRUCE INDEBIDO POR LA CALZADA;;
A-2023-11-150;29/11/2023;10:30;CHOQUE;;1;0;AV. PANAMERICANA NORTE KM 37-5 REF PARADERO HOGAR;;-11.8250424;-77.1229566205;DESPEJADO;IMPERICIA DEL CONDUCTOR;;;
A-2023-11-151;29/11/2023;12:30;CHOQUE;-;1;2;KM 18;-;-15.3610386;-70.0521189;DESPEJADO;IMPRUDENCIA DEL CONDUCTOR;CONDUCIR EN SENTIDO CONTRARIO;;NINGUNA
A-2023-11-152;04/11/2023;12:00;CHOQUE;LATERAL DERECHO;1;1;CARRETRA CAJAMARCA-BALSAS CHACHAPOYAS;;-6.891779228;-78.1167969906998;DESPEJADO;IMPRUDENCIA DEL CONDUCTOR;EXCESO DE VELOCIDAD;;