COD_ACCIDE;FechaDelAccidente;HoraDelAccidente;ClaseDelAccidente;SecuenciaAccidente;CantidadDeFallecidos;CantidadDeLesionados;Direccion;LugarReferencia;y;x;CondClimatica;CausaFactorPrincipal;CausaEspecifica;OtraCausa;Observaciones
A-2023-11-153;15/11/2023;21:30;CHOQUE;FRONTAL;1;1;CARRETERA SAN IGNACIO - JAEN. ALTURA DEL SECTOR EL REJITO;;-5.139634;-78.990668;DESPEJADO;IMPRUDENCIA DEL CONDUCTOR;CONDUCIR EN ESTADO DE EBRIEDAD Y/O DROGADICCIÓN;;
A-2023-11-154;13/11/2023;04:10;DESPISTE; TOTAL SUBSECUENTE VOLCADURA;2;0;CARRETERA SAN IGNACIO - CHIRINOS . CASERIO INDO AMERICA;;-5.221654;-78.933761;DESPEJADO;NEGLIGENCIA DEL CONDUCTOR;OTRO (NEGLIGENCIA DEL CONDUCTOR);;
A-2023-11-155;02/11/2023;16:00;DESPISTE;OTAL CON SUBSECUENTE VOLCADURA;1;0;CARRETERA  CONDUCE DEL C.P AMBATO TAMBORAPA AL C.P COCHALAN ;;-5.221688;-78.933737;LLUVIOSO;IMPRUDENCIA DEL CONDUCTOR;OTRO (IMPRUDENCIA DEL CONDUCTOR);;
A-2023-11-156;16/11/2023;19:00;DESPISTE;;1;1;CARRETERA QUINDEN-SAN LUIS;;-7.477095;-78.426412;DESPEJADO;NEGLIGENCIA DEL CONDUCTOR;OTRO (NEGLIGENCIA DEL CONDUCTOR);;
A-2023-11-157;02/11/2023;15:30;DESPISTE; TOTAL SEGUIDO DE VOLCADURA;1;3;CARRETERA ALTURA DEL CP SHAHUAC.;;-6.686448;-78.454184;LLUVIOSO;IMPRUDENCIA DEL CONDUCTOR;OTRO (IMPRUDENCIA DEL CONDUCTOR);;
A-2023-11-158;21/11/2023;09:22;DESPISTE; TOTAL CON SUBSECUENTE VOLCADURA ;2;4;CARRETERA SANTA CRUZ - CATACHE ;;-6.608457109;-78.9807254976289;DESPEJADO;IMPRUDENCIA DEL CONDUCTOR;FATIGA Y/O CANSANCIO;;
A-2023-11-159;16/11/2023;01:10;DESPISTE;TOTAL CON SUBSECUENTE VOLCADURA;1;1; CARRETERA SAN FELIPE- PIQUIJACA;;-5.774709;-79.32;DESPEJADO;IMPRUDENCIA DEL CONDUCTOR;OTRO (IMPRUDENCIA DEL CONDUCTOR);;
A-2023-11-160;13/11/2023;08:00;ESPECIAL;FORTUITO;1;0;CARRETERA SOCOTA - NUEVO ORIENTE;;-6.263568;-78.660124;DESPEJADO;NO IDENTIFICA LA CAUSA;;;
A-2023-11-19;02/11/2023;14:30;DESPISTE;VOLCADURA;1;2;SECTOR CANCARHUAY - CP. COTAHUACHO;;-13.569;-73.289505;DESPEJADO;;;;
A-2023-11-2;01/11/2023;17:00;ATROPELLO;;1;0;CARRETERA DE ACCESO A LA COMUNIDAD DE MOLINO KAPIA;KM.1498;-16.414853;-69.088975;DESPEJADO;IMPRUDENCIA DEL CONDUCTOR;NO ENCENDER LAS LUCES;;
A-2023-11-20;14/11/2023;13:40;DESPISTE;DESPISTE SEGUIDO DE VOLCADURA ;1;0;CAMINO DE HERRADURA ACONDICIONADO PARA LA CIRCULACIÓN DE VEHÍCULOS MENORES QUE UNE EL ANEXO DE CHEQASPAMPA CON LA COMUNIDAD DE JURUTA. DEL SECTOR DENOMINADO SURAPATA.;COMUNIDAD CHEQASPAMPA;-13.631193;-71.317345;LLUVIOSO;EN PROCESO DE INVESTIGACIÓN;NO CUENTA CON CAUSA ESPECIFICA;;NINGUNO
A-2023-11-21;25/11/2023;18:30;ATROPELLO;ATROPELLO SEGUIDO DE PROYECCION;1;0;RED VIAL NACIONAL TRANSVERSAL SIERRA SUR. URCOS - PUENTE INTERNACIONAL IÑAPARI. TRAMO COMPRENDIDO ENTRE OCONGATE - MAHUAYANI. ALTURA DEL KM. 68 900 DEL SECTOR DENOMINADO LLOQLLOPO DE LA COMUNIDAD CAMPESINA DE CHEQASPAMPA.;KM. 68 900;-13.649487;-71.298013;NUBLADO;IMPRUDENCIA DEL PEATÓN;OTRO (IMPRUDENCIA DEL PEATÓN);FALTO DE CUIDADO DE LA PROGENITORA DEL MENOR EDAD.;NINGUNO
A-2023-11-22;05/11/2023;04:30;ATROPELLO;ATROPELLO SEGUIDO DE PROYECCION Y  ARRASTRE;1;0;CARETERA COMUNIDAD TTIOMAYO-ANDAHUAYLILLAS. DISTRITO DE ANDAHUAYLILLAS. PROVINCIA DE QUISPICANCHIS. DEPARTAMENTO DEL CUSCO;;-13.696585;-71.720025;DESPEJADO;IMPRUDENCIA DEL CONDUCTOR;CONDUCIR EN ESTADO DE EBRIEDAD Y/O DROGADICCIÓN;;NINGUNO
A-2023-11-23;11/11/2023;05:40;ATROPELLO;ATROPELLO SEGUIDO DE PROYECCION ;1;0;INTERSECCION  DE LA AV. LOS OLIVOS CON AV. AREQUIPA. SICUANI-CUSCO;ALTURA DEL PARADERO HACIA MARANGANI;-14.28813161;-71.2230098708344;NUBLADO;IMPRUDENCIA DEL CONDUCTOR;OTRO (IMPRUDENCIA DEL CONDUCTOR);DESATENCION  EN LA CONDUCCION;NINGUNO
A-2023-11-24;03/11/2023;00:20;CHOQUE CON OBJETO FIJO;CHOQUE SEGUIDO DE VOLCADURA ;1;1;TRANSVERSAL DE LA SIERRA SUR. TRAMO QUILLABAMBA  -ALFAMAYO. SECTOR DE UCHUMAYO ;POBLADO DE UCHUMAYO;-12.943439;-72.67007;NUBLADO;IMPRUDENCIA DEL CONDUCTOR;CONDUCIR EN ESTADO DE EBRIEDAD Y/O DROGADICCIÓN;;NINGUNO
A-2023-11-25;04/11/2023;19:30;DESPISTE;DEPISTE SEGUIDO DE VOLCADURA ;1;0;TROCHA CAROZABLE ANTENA FUYANI-COLQUEMARCA. DISTRITO DE COLQUEMARCA. PROVINCIA DE CHUMBIVILCAS. DEPARTAMENTO DEL CUSCO;COMUNIDAD LACCA LACCA YANQUE;-14.174067;-72.005272;DESPEJADO;IMPRUDENCIA DEL CONDUCTOR;EXCESO DE VELOCIDAD;;NINGUNO
A-2023-11-26;24/11/2023;06:00;VOLCADURA;VOLVADURA SEGUIDO DE CHOQUE;2;1;RED VIAL NACIONAL TRANSVERSAL VARIANTE HUACARPAY CUSCO- PACAYCASA AYACUCHO. TRAMO OLLANTAYTAMBO-ABRA MALAGA KM.79 SECTOR PAMPALLACTA DEL DISTRITO DE OLLANTAYTAMBO PROVINCIA URUBAMBA DEPARTAMENTO CUSCO ;KM.79 SECTOR PAMPALLACTA;-13.209254;-72.299232;DESPEJADO;IMPRUDENCIA DEL CONDUCTOR;EXCESO DE VELOCIDAD;;NINGUNO
A-2023-11-27;18/11/2023;04:00;DESPISTE;VOLCADURA ;1;1;SECTOR CHAUPOMOLLE ;RAMAL TURPO - HUANCARAY;-13.776478;-73.498398;DESPEJADO;IMPRUDENCIA DEL CONDUCTOR;OTRO (IMPRUDENCIA DEL CONDUCTOR);DISTRACCIÓN ;
A-2023-11-28;11/11/2023;15:15;CHOQUE;-;1;0;INTERSECCIÓN CONFORMADA POR  EL JIRON Y EL JIRON LIMA;-;-13.396273;-76.139316;DESPEJADO;EN PROCESO DE INVESTIGACIÓN;NO CUENTA CON CAUSA ESPECIFICA;;
A-2023-11-29;14/11/2023;14:10;DESPISTE;DESPISTE SEGUIDO DE VOLCADURA;1;0;RED RURAL VECINAL. EMP. P28F  - DV TAUCA- PONGOGAMBA-PIURAY- EMP CU 1119. TRAMO COMUNIDAD CAMPESINA OCCUTUAN JUMASBAMB. SECTOR DE PONGOBAMBA- BARRIO COSTA VERDE  DISTRITO DE CHINCHERO. PROVINCIA URUBAMBA. DTO CUSCO. ;SECTOR PONGOBAMBA;-13.424269;-72.02432569;DESPEJADO;EN PROCESO DE INVESTIGACIÓN;NO CUENTA CON CAUSA ESPECIFICA;;NINGUNO
A-2023-11-3;04/11/2023;02:10;CHOQUE;-;1;1;CARRETERA PANAMERICANA SUR KM 305.5;PUENTE LOS MAESTROS. ;-14.090215;-75.71941;DESPEJADO;EN PROCESO DE INVESTIGACIÓN;NO CUENTA CON CAUSA ESPECIFICA;;
A-2023-11-30;27/11/2023;17:30;DESPISTE;DESPISTE SEGUIDO DE VOLCADURA ;1;0;RED VIAL RURAL VECINAL CHUQUICAHUANA - ACOPIA KM. 4 950 SECTOR KUSURA;SECTOR DE KUSURASIKI DEL DISTRITO DE ACOPIA;-14.04519593;-71.49847893716822;LLUVIOSO;EN PROCESO DE INVESTIGACIÓN;NO CUENTA CON CAUSA ESPECIFICA;;NINGUNO
A-2023-11-31;25/11/2023;20:30;CHOQUE;-;1;0;CARRETERA FERNANDO BELAUNDE TERRY KM 415 500;GRIFO MAYLUX;-5.730906;-77.513107;DESPEJADO;EN PROCESO DE INVESTIGACIÓN;NO CUENTA CON CAUSA ESPECIFICA;;SE INVESTIGA
A-2023-11-32;07/11/2023;08:00;CHOQUE;CHOQUE SEGUIDO DE VOLCADURA ;1;0;RED VIAL NACIONAL TRANSVERSAL VARIANTE HUACARPAY CUSCO- PACAYCASA AYACUCHO. TRAMO URUBAMBA-CALCA SECTOR HUAYOCCOLLO DEL CENTRO POBLADO DE HUAYOCCARI DEL DISTRITO DE HUAYLLABAMBA PROVINCIA URUBAMBA DEPARTAMENTO CUSCO ;SECTOR HUAYOCCOLLO;-13.329566;-72.05532;DESPEJADO;IMPRUDENCIA DEL CONDUCTOR;EXCESO DE VELOCIDAD;;NINGUNO
A-2023-11-33;17/11/2023;11:50;DESPISTE;VOLCADURA;3;0;SECTOR ORCCONMAYO - TALAVERA ;KM. 05 140;-13.624194;-73.455308;DESPEJADO;IMPRUDENCIA DEL CONDUCTOR;CONDUCIR EN ESTADO DE EBRIEDAD Y/O DROGADICCIÓN;;CONDUCTOR DEL VEHICULO MENOR DE EDAD FALLECIDO EN EL EVENTO
A-2023-11-34;19/11/2023;09:30;CHOQUE CON OBJETO FIJO;CHOQUE, VOLCADURA Y DESPISTE ;1;0;RED VECINAL. SECTOR CHAUPI ORCCO  PROVINCIA URUBAMBA DEPARTAMENTO CUSCO ;SECTOR CHAUPI ORCCO;-13.269785;-72.103578;DESPEJADO;IMPRUDENCIA DEL CONDUCTOR;EXCESO DE VELOCIDAD;;NINGUNO
A-2023-11-35;17/11/2023;22:45;ATROPELLO;CHOQUE;1;0;AV. LA TORRE CON JR. JUAN SOTO MAYOR;;-15.826731;-70.029974;DESPEJADO;IMPRUDENCIA DEL PEATÓN;ESTADO DE EBRIEDAD Y/O DROGADICCIÓN;;
A-2023-11-36;19/11/2023;11:20;CHOQUE;CONSECUENCIA FATAL;1;0;CARRETERA BINACIONAL DESAGUDERO-MOQUEGUA;KM. 229 300;-16.80554664;-69.72881843667389;DESPEJADO;IMPRUDENCIA DEL CONDUCTOR;INVASIÓN DE CARRIL;;
A-2023-11-37;15/11/2023;18:40;CHOQUE;SEGUIDO CON ATROPELLO;1;3;CARRETERA PANAMERICANA SUR KM 194;-;-13.481297;-76.184637;DESPEJADO;EN PROCESO DE INVESTIGACIÓN;NO CUENTA CON CAUSA ESPECIFICA;;
A-2023-11-39;25/11/2023;03:45;ATROPELLO;-;1;0;CARRETERA PANAMERICANA SUR   KM 203;-;-13.560465;-76.180318;DESPEJADO;EN PROCESO DE INVESTIGACIÓN;NO CUENTA CON CAUSA ESPECIFICA;;
A-2023-11-4;02/11/2023;12:04;ATROPELLO;CON SUBSECUENTE MUERTE DEL PEATON;1;0;JR. BOLOGNESI ;CUADRA 6;-13.649608;-73.363528;SOLEADO;IMPRUDENCIA DEL PEATÓN;CRUCE INDEBIDO POR LA CALZADA;;
A-2023-11-40;27/11/2023;18:55;ATROPELLO;-;1;0;CARRETERA FERNANDO BELAUNDE TERRY KM 518 300;CASERIO RAMIREZ;-6.170109;-76.833266;NUBLADO;EN PROCESO DE INVESTIGACIÓN;NO CUENTA CON CAUSA ESPECIFICA;;SE INVESTIGA
A-2023-11-41;22/11/2023;21:30;CHOQUE FUGA;CONSECUENCIA FATAL;1;1;CARRETERA PUNO-YUNGUYO COMUNIDAD CHATUMA;KM. 7;-16.28808441;-69.2259101218504;;;;;
A-2023-11-42;06/11/2023;20:30;DESPISTE;VOLCADURA ;1;0;AV. MONTEVIDEO S/N. DEL AAHH.  ALBERTO FUJIMORI.;CANAL DE REGADIO 28 DE JULIO. ;-3.485154078;-80.26634545858244;DESPEJADO;IMPRUDENCIA DEL CONDUCTOR;OTRO (IMPRUDENCIA DEL CONDUCTOR);FALTA DE CUIDADO Y PREVENCION.;
A-2023-11-43;23/11/2023;21:30;CHOQUE;CONSECUENCIA FATAL;1;1;CARRETERA ILAVE-JULI;ALTURA DE LA COMUNIDAD CHILLACOLLO;-16.076368;-69.6619044;DESPEJADO;IMPRUDENCIA DEL CONDUCTOR;OTRO (IMPRUDENCIA DEL CONDUCTOR);EXCESO DE CONFIANZA SIN VALORAR LOS RIESGOS PRESENTES;
A-2023-11-44;24/11/2023;00:40;CHOQUE FUGA;CONSECUENCIA FATAL;1;0;CARRETERA PUNO-DESAGUADERO;KM. 1406 600;-16.06202;-69.691973;DESPEJADO;NO IDENTIFICA LA CAUSA;;;FALTA DE UN ELEMENTO ( VEHICULO)
A-2023-11-45;04/11/2023;09:30;DESPISTE;-;1;4;CARRETERA DE ACCESO A PUEBLO NUEVO - YALEN;;-7.7585972;-77.56816824320808;DESPEJADO;NO IDENTIFICA LA CAUSA;;;
A-2023-11-46;07/11/2023;19:15;ATROPELLO;-;1;0;AV. LOS COCOS ALTURA DEL MOLINO SAMAN II;-;-7.309388416;-79.48448321442999;DESPEJADO;NO IDENTIFICA LA CAUSA;;;
A-2023-11-47;12/11/2023;23:25;DESPISTE;-;1;0;CARRETERA DE PENETRACION A PUEMAPE ALTURA DEL KM. 1.5;-;-7.450371067;-79.50387555052012;DESPEJADO;IMPRUDENCIA DEL CONDUCTOR;CONDUCIR EN ESTADO DE EBRIEDAD Y/O DROGADICCIÓN;;
A-2023-11-48;13/11/2023;04:30;ATROPELLO FUGA;-;1;0;CARRETERA DE PENETRACION A LA SIERRA LIBERTEÑA ALTURA DEL KM. 31.5;-;-8.011188;-78.795686;DESPEJADO;NO IDENTIFICA LA CAUSA;;;
A-2023-11-49;17/11/2023;05:50;ATROPELLO;-;1;0;CARRETERA PANAMERICANA NORTE ALTURA DEL KM. 518;-;-8.4327699;-78.7718468;DESPEJADO;IMPRUDENCIA DEL CONDUCTOR;OTRO (IMPRUDENCIA DEL CONDUCTOR);AL DESPLAZAR SU VEHICULO SIN EL DEBIDO CUIDADO, PREVENCION Y EXCESO DE CONFIANZA;
A-2023-11-5;10/11/2023;06:40;DESPISTE;VOLCADURA;2;1;CARRETERA PANAMERICANA SUR PUNO-DESAGUADERO ;KM. 1504 50;-16.545718;-69.052722;DESPEJADO;IMPRUDENCIA DEL CONDUCTOR;OTRO (IMPRUDENCIA DEL CONDUCTOR);CONDUCIR CON EXCESO DE CONFIANZA SIN VALORAR LOS RIESGOS PRESENTES;
A-2023-11-50;18/11/2023;06:30;DESPISTE;-;1;2;CARRETERA DE PENETRACION A CHOCOFAN S/N;ENTRADA DEL CP CHASCARRAPE;-7.397253158;-79.49910126191534;DESPEJADO;IMPRUDENCIA DEL CONDUCTOR;OTRO (IMPRUDENCIA DEL CONDUCTOR);SIN EL DEBIDO CUIDADO Y PREVENCION;
A-2023-11-51;18/11/2023;21:25;CHOQUE;-;1;0;AV. MANUEL SEOANE ALTURA DEL PARQUE DE LA PAZ ;-;-7.23887;-79.467492;DESPEJADO;NO IDENTIFICA LA CAUSA;;;
A-2023-11-52;28/11/2023;13:20;CHOQUE;-;1;0;CARRETERA DE ACCESO A HUANCHAQUITO ALTO S/N;-;-8.444481465;-78.81420865324863;DESPEJADO;IMPRUDENCIA DEL CONDUCTOR;GIRAR IMPRUDENTEMENTE;;
A-2023-11-53;30/11/2023;12:40;CHOQUE;-;1;0;CARRETERA PANAMERICANA NORTE ALTURA DEL KM. 566;-;-8.142941314;-79.02747500593753;DESPEJADO;IMPRUDENCIA DEL CONDUCTOR;CONDUCIR EN ESTADO DE EBRIEDAD Y/O DROGADICCIÓN;;
A-2023-11-54;30/11/2023;04:50;CHOQUE;-;1;0;CARRETERA PANAMERICANA NORTE ALTURA DEL KM. 477.9;-;-8.71773;-78.636349;DESPEJADO;NO IDENTIFICA LA CAUSA;;;
A-2023-11-55;30/11/2023;19:30;CHOQUE;-;1;1;CARRETERA DE PENETRACION A CAJAMARCA ALTURA DEL KM. 51 SECTOR HUABAL;-;-7.284048867;-79.31384107523171;DESPEJADO;IMPRUDENCIA DEL CONDUCTOR;DESACATO DE SEÑAL DE TRÁNSITO;;
A-2023-11-56;30/11/2023;19:35;ATROPELLO FUGA;CONSECUENCIA FATAL;1;0;CARRETERA POMATA-YUNGUYO;ALTURA DEL CENTRO POBLADO CHATUMA;-16.2931678;-69.2315312;DESPEJADO;NO IDENTIFICA LA CAUSA;;;FALTA DE UN ELEMENTO (VEHICULO)
A-2023-11-57;01/11/2023;07:45;CHOQUE;CHOQUE, DESPISTE, VOLCADURA, CAÍDA DE CONDUCTOR CON SUBSECUENTE MUERTE, LESIONES PERSONALES Y DAÑOS MATERIALES.;1;0;CARRETERA FERNANDO BELAÚNDE TERRY KM 222 13.40;;-5.723041;-78.477425;DESPEJADO;EN PROCESO DE INVESTIGACIÓN;NO CUENTA CON CAUSA ESPECIFICA;;SE CONTINUA CON LAS INVESTIGACIONES PARA EL PRONUNCIAMIENTO CORRESPONDIENTE  DEL PERITO
A-2023-11-58;22/11/2023;05:50;CHOQUE;CHOQUE FRONTAL CON CONSECUENCIA DE DAÑOS, LESIONES Y DAÑOS MATERIALES;2;4;CARRETERA TRASVERSAL HUAURA - SAYÁN - CHURÍN - OYÓN.;KM. 3.939.40;-11.06209;-77.55274;DESPEJADO;IMPRUDENCIA DEL CONDUCTOR;CONDUCIR EN ESTADO DE EBRIEDAD Y/O DROGADICCIÓN;;NINGUNA
A-2023-11-59;13/11/2023;13:30;DESPISTE;EL VEHÍCULO CATG. M1, DE PLACA DE RODAJE ATT-871, CIRCULABA EN SENTIDO DE OESTE A ESTE, OCUPANDO EL CARRIL SUR, AL LLEGAR A LA ZONA DEL ACCIDENTE, SE DESPISTA, DANDO INICIO A LO ACONTECIDO.;1;1;CARRETERA TRASVERSARL RIO SECO. SAYÁN - CHURÍN - OYÓN.;KM. 15.980.60;-11.30426;-77.32223;DESPEJADO;IMPRUDENCIA DEL CONDUCTOR;EXCESO DE VELOCIDAD;;NINGUNA
A-2023-11-6;10/11/2023;13:00;CHOQUE;FRONTAL;1;1;CARRETERA BINACIONAL DESAGUADERO-MOQUEGUA;KM. 160;-16.84247331;-70.08972600893924;DESPEJADO;IMPRUDENCIA DEL CONDUCTOR;ADELANTAR INDEBIDAMENTE;;
A-2023-11-60;28/11/2023;09:15;ATROPELLO;EL VEHÍCULO CIRCULABA EN SENTIDO DE NORTE A SUR POR LA CALZADA DE LA CALLE 4 DE SETIEMBRE, AL LLEGAR A LA INTERSECCIÓN CON L CALLE LOS JAZMINES, CAMBIA DE DIRECCIÓN, OCURRIENDO EL ACCIDENTE DE TRÁNSITO.;1;0;INTERSECCIÓN DE LA CALLE LOS JAZMINES CON CALLE 4 DE SETIEMBRE.;MZ. D.;-11.10956785;-77.58845593015225;DESPEJADO;IMPRUDENCIA DEL PEATÓN;CRUCE INDEBIDO POR LA CALZADA;;NINGUNA
A-2023-11-61;14/11/2023;16:05;DESPISTE;EL VEHÍCULO CATG. M1, DE PLACA B8Q-690, SE DESPLAZABA POR LA CALZADA EN ESTUDIO EN SENTIDO DE ESTE A OESTE, AL LLEGAR A LA ZONA DEL ACCIDENTE, SE DESPISTA, DANDO INICIO A LO ACONTECIDO;1;4;CARRETERA TRASVERSAL HUAURA - SAYÁN - CHURÍN - OYÓN;13.654.80;-11.08876947;-77.46909763804207;DESPEJADO;IMPRUDENCIA DEL CONDUCTOR;EXCESO DE VELOCIDAD;;NINGUNA
A-2023-11-62;06/11/2023;05:00;DESPISTE;VOLCADURA;1;4;CARRETERA HUANCAYO - AYACUCHO;KM 217;-12.4982311;-74.82433490056125;DESPEJADO;EN PROCESO DE INVESTIGACIÓN;NO CUENTA CON CAUSA ESPECIFICA;;
A-2023-11-63;25/11/2023;12:50;DESPISTE;VOLCADURA;1;3;CARRETERA LA OROYA - AYACUCHO;KM 169 400;-12.4117499;-75.0394585092174;DESPEJADO;EN PROCESO DE INVESTIGACIÓN;NO CUENTA CON CAUSA ESPECIFICA;;
A-2023-11-64;01/11/2023;16:50;DESPISTE;-;1;0;2;0;-14.8693689;-70.67279845512074;DESPEJADO;IMPRUDENCIA DEL CONDUCTOR;OTRO (IMPRUDENCIA DEL CONDUCTOR);FALLA MECANICA;NINGUNA
A-2023-11-65;02/11/2023;11:50;DESPISTE;-;1;0;KM 37 036;TIRAPATA;-15.0007276;-70.1823811;DESPEJADO;IMPRUDENCIA DEL CONDUCTOR;EXCESO DE VELOCIDAD;;NINGUNA 
A-2023-11-66;06/11/2023;18:00;CHOQUE;VOLCADURA ;1;0;KM 1321 200;-;-15.552096;-70.107664;DESPEJADO;IMPRUDENCIA DEL CONDUCTOR;CONDUCIR EN ESTADO DE EBRIEDAD Y/O DROGADICCIÓN;;NINGUNA 
A-2023-11-67;06/11/2023;20:40;ATROPELLO;-;1;0;KM 1320 950;-;-15.550033;-70.108568;DESPEJADO;IMPRUDENCIA DEL PEATÓN;CRUCE INDEBIDO POR LA CALZADA;;NINGUNA 
A-2023-11-68;10/11/2023;02:30;DESPISTE;VOLCADURA ;3;0;KM 228 450;-;-15.6619293;-70.6614533;DESPEJADO;IMPRUDENCIA DEL CONDUCTOR;EXCESO DE VELOCIDAD;;NINGUNA 
A-2023-11-69;10/11/2023;21:30;ATROPELLO FUGA;-;1;0;AV MARTIRES DEL 4 DE NOVIEMBRE ;EMPRESA COVISUR ;-15.525459;-70.118926;DESPEJADO;NO IDENTIFICA LA CAUSA;;;NINGUNA 
A-2023-11-7;11/11/2023;22:00;ATROPELLO;;1;0;CARRETERA PANAMERICANA SUR PUNO-DESAGUADERO;KM. 384 806;-15.941882;-69.857224;DESPEJADO;IMPRUDENCIA DEL PEATÓN;CRUCE INDEBIDO POR LA CALZADA;;
A-2023-11-70;11/11/2023;15:20;DESPISTE;-;1;0;KM 3 800;-;-14.893966;-70.614402;DESPEJADO;IMPRUDENCIA DEL CONDUCTOR;EXCESO DE VELOCIDAD;;NINGUNA 
A-2023-11-71;12/11/2023;23:10;ATROPELLO FUGA;;1;0;KM 292 500;-;-15.5247418;-70.1823241;DESPEJADO;NO IDENTIFICA LA CAUSA;;;NINGUNA 
A-2023-11-72;17/11/2023;05:00;CHOQUE;-;1;2;AV CIRCUNVALACION ;-;-15.50899076;-70.13181564361365;DESPEJADO;IMPRUDENCIA DEL CONDUCTOR;CONDUCIR EN ESTADO DE EBRIEDAD Y/O DROGADICCIÓN;;NINGUNA 
A-2023-11-73;17/11/2023;08:30;ATROPELLO;-;1;0;KM 284 870;-;-15.56271647;-70.24105123062142;DESPEJADO;IMPRUDENCIA DEL CONDUCTOR;EXCESO DE VELOCIDAD;;NINGUNA 
A-2023-11-74;21/11/2023;21:00;ATROPELLO;-;1;0;KM 89 600;-;-15.220533;-69.550224;DESPEJADO;IMPRUDENCIA DEL CONDUCTOR;EXCESO DE VELOCIDAD;;NINGUNA 
A-2023-11-76;12/11/2023;18:30;ATROPELLO FUGA;-;1;0;KM 30 900;-;-15.1639782;-69.99935205155246;LLUVIOSO;IMPRUDENCIA DEL CONDUCTOR;OTRO (IMPRUDENCIA DEL CONDUCTOR);NO SE IDENTIFICA LA CAUSA A FALTA DE EUNO DE LOS ELEMENTOS DE TRANSITO ;NINGUNA 
A-2023-11-77;28/11/2023;19:00;CHOQUE;-;1;1;CARRETERA DE PENETRACION A LA SIERRA LIBERTEÑA ALTURA DEL KM. 130 - PAMPA LA JULIA;-;-7.993094;-78.293283;LLUVIOSO;NO IDENTIFICA LA CAUSA;;;
A-2023-11-78;01/11/2023;14:30;DESPISTE;SEGUIDO DE VOLCADURA;1;0;CARRETERA YAUYOS - CHUPACA KM. 240 900;;-12.094406;-75.546458;DESPEJADO;IMPRUDENCIA DEL CONDUCTOR;OTRO (IMPRUDENCIA DEL CONDUCTOR);DESANTENCION EN SU EJE DE DESPLAZAMIENTO POR PARTE DEL CONDUCTOR DE LA UNIDAD ALEJANDOSE DE LOS PARAMETROS QUE INCLUYE UNA CONDUCION A LA DEFENSIVA ;NINGUNO
A-2023-11-79;02/11/2023;19:15;ATROPELLO FUGA;;1;0;CARRETERA YAUYOS-CHUPACA KM. 268;;-12.026391;-75.411418;DESPEJADO;IMPRUDENCIA DEL CONDUCTOR;OTRO (IMPRUDENCIA DEL CONDUCTOR);LA ACCION DEL CONDUCTOR AL CONDUCIR SU UNIDAD CON TOTAL DESATENCION , SIN ADOPTAR MEDIDAS PREVENTIVAS EN SU RECORRIDO;NINGUNO
A-2023-11-8;15/11/2023;18:30;DESPISTE;VOLCADURA;1;0;CARRETERA DESAGUADERO-MOQUEGUA ;KM. 178 650;-16.784123;-70.003715;DESPEJADO;IMPRUDENCIA DEL CONDUCTOR;FATIGA Y/O CANSANCIO;;
A-2023-11-80;04/11/2023;05:30;DESPISTE;CHOQUE Y VOLCADURA;1;5;CARRETERA CENTRAL LA OROYA - HUANCAYO KM. 13 200;;-11.586712;-75.84584888500075;LLUVIOSO;IMPRUDENCIA DEL CONDUCTOR;OTRO (IMPRUDENCIA DEL CONDUCTOR);FALTA DE PRECAUCION POR PARTE DEL CONDUCTOR AL MOMENTO DE CONDUCIR SIN ADOPTAR SUS MEDIDAS DE SGURIDAD ;NINGUNO
A-2023-11-81;05/11/2023;21:30;CHOQUE CON OBJETO FIJO;;1;0;AV. PACHACUTEC S/N;;-11.80235;-75.71653;DESPEJADO;IMPRUDENCIA DEL CONDUCTOR;CONDUCIR EN ESTADO DE EBRIEDAD Y/O DROGADICCIÓN;;NINGUNO
A-2023-11-82;06/11/2023;11:30;ATROPELLO;;1;0;CARRETERA CENTRAL HUANCAYO-AYACUCHO KM. 134 500;;-12.151213;-75.218905;SOLEADO;IMPRUDENCIA DEL CONDUCTOR;OTRO (IMPRUDENCIA DEL CONDUCTOR);EL ACCIONAR DEL CONDUCTOR DEL VEHICULO MENOR NO IDENTIFICADO AL NO ADOPTAR SUS MEDIDAS DE SEGURIDAD TENIENDO EN CONSIDERACION LA CONDICION DE LA VIA Y LA PRESENCIA DE PEATONES EN SU EJE DE MARCHA;NINGUNO
A-2023-11-84;17/11/2023;04:00;ATROPELLO;;1;0;CARRTERA APATA-C.P NUEVA ESPERANZA;;-11.836813;-75.332099;DESPEJADO;IMPRUDENCIA DEL CONDUCTOR;OTRO (IMPRUDENCIA DEL CONDUCTOR);CONDUCIR SU UNIDAD CON TOTAL DESATENCION AL ENCONTRARSE CON SUS FACULTADES PSICOFISICAS DISMINUIDAS POR LA INGESTA DE BEBIDAS ALCOHOLICAS EXAMEN CUALITATIVO POSITIVO;NINGUNO
A-2023-11-85;21/11/2023;01:43;ATROPELLO FUGA;;1;0;INTERSECCION CARRETERA CENTRAL LA OROYA - LIMA CON EL JR. MARIANO MELGAR ;;-11.5494319;-75.94024;DESPEJADO;;;;
A-2023-11-86;30/11/2023;09:00;ATROPELLO;;1;0;CARRETERA CENTRAL HUANCAYO - AYACUCHO KM. 295 200;;-12.12205343;-75.21870014405582;DESPEJADO;IMPRUDENCIA DEL CONDUCTOR;OTRO (IMPRUDENCIA DEL CONDUCTOR);CONDUCIR CON UN MARCADO EXCESO DE CONFIANZA Y DESATENCION;NINGUNO
A-2023-11-87;11/11/2023;16:49;CAÍDA DE PASAJERO;CAIDA DE PASAJERO;1;0;AV DANIEL ALCIDES CARRION S/N CERCADO;ALTURA MEDICINA LEGAL;-16.415154;-71.534074;DESPEJADO;NO IDENTIFICA LA CAUSA;;;SIN OBSERVACIONES