COD_ACCIDE;FechaDelAccidente;HoraDelAccidente;ClaseDelAccidente;SecuenciaAccidente;CantidadDeFallecidos;CantidadDeLesionados;Direccion;LugarReferencia;y;x;CondClimatica;CausaFactorPrincipal;CausaEspecifica;OtraCausa;Observaciones
A-2023-11-88;12/11/2023;06:40;CHOQUE FUGA;MUERTE, LESIONES Y DAÑOS MATERIALES;1;0;CARRETERA FEDERICO BASASDRE KM 8.500;CALZADA PRINCIPAL (CARRIL NORTE) DE LA CARRETERA FEDERICO BASADRE (KM 8.500);-8.397929;-74.603119;DESPEJADO;NO IDENTIFICA LA CAUSA;;;POR FALTA DE UNO DE LOS ELEMENTOS DE TRANSITO PARTICIPANTE EN EL CITADO EVENTO, NO PERMITE DETERMINAR FEASCIENTEMENTE LAS CAUSAS QUE MOTIVARON LA PRODUCCION DL SUCESO 
A-2023-11-89;29/11/2023;21:40;DESPISTE;DESPISTE ATROPELLO;1;0;KM 969.020 CARRETERA PANAMERICANA SUR;ALTURA LECHE GLORIA;-16.5050105;-71.8224081;DESPEJADO;NO IDENTIFICA LA CAUSA;;;SIN OBSERVACIONES
A-2023-11-9;03/11/2023;20:15;CHOQUE;POR ALCANCE;1;4;CARRETERA CENTRAL KM. 8.05. ;PADERO MILPO.;-12.00325;-75.250725;DESPEJADO;IMPRUDENCIA DEL CONDUCTOR;OTRO (IMPRUDENCIA DEL CONDUCTOR);ACCION DEL CONDUCTOR DEL VEHICULO A5H957, AL CONDUCIR CON UNA FALTA DE CUIDADO Y ATENCION EN SU EJE LONGITUDINAL;NINGUNO
A-2023-11-90;29/11/2023;04:30;CHOQUE;CHOQUE VOLCADURA DESPISTE;1;2;CARRETERA PEDREGAL HUAMBO ;ALTURA PARCELA 49 Y 35;-16.332863;-72.166079;DESPEJADO;NO IDENTIFICA LA CAUSA;;;SIN OBSERVACIONES
A-2023-11-91;25/11/2023;20:00;ATROPELLO;ATROPELLO;1;0;KM 970.700 CARRETERA PANAMERICANA SUR;KM 970;-16.512043;-71.809521;DESPEJADO;NO IDENTIFICA LA CAUSA;;;SIN OBSERVACIONES
A-2023-11-92;25/11/2023;16:00;CHOQUE;CHOQUE CON SUBSECUENTE MUERTE;1;4;KM 129.900 CARRETERA AREQUIPA PUNO;KM 129;-16.019116;-71.283545;DESPEJADO;NO IDENTIFICA LA CAUSA;;;SIN OBSERVACIONES
A-2023-11-93;22/11/2023;12:15;ATROPELLO;ATROPELLO DESPISTE CHOQUE;1;0;SECTOR TUNEL CHURQUINA ACHOOMA;ACHOMA;-15.68581865;-71.6811662831479;SOLEADO;NO IDENTIFICA LA CAUSA;;;SIN OBSERVACIONES
A-2023-11-94;18/11/2023;05:40;DESPISTE;DESPISTE VO,LCADURA;1;0;KM 84 CARRETERA PUNO;KM 84;-16.1045639;-71.6183088;DESPEJADO;NO IDENTIFICA LA CAUSA;;;SIN OBSERVACIONES
A-2023-11-95;17/11/2023;12:40;DESPISTE;DESPISTE VOLCADURA;1;1;SECTOR QUESOCOCHA;PARCIALIDAD JANANSAYA II;-14.75477685;-72.7354812705576;DESPEJADO;NO IDENTIFICA LA CAUSA;;;SIN OBSERVACIONES
A-2023-11-96;17/11/2023;10:30;DESPISTE;DESPISTE VOLCADURA;2;5;KM 32 CARRETERA AAREQUIPA HUANCA;KM 32;-16.059055;-71.871447;DESPEJADO;NO IDENTIFICA LA CAUSA;;;SIN OBSERVACIONES
A-2023-11-97;15/11/2023;07:02;ATROPELLO;ATROPELLO CON APLASTEAMIENTO;1;0;CARRETERA AREQUIPA LA JOYA;ASOCIACION VIRGEN DE COPACABANA;-16.360668;-71.6191802;DESPEJADO;NO IDENTIFICA LA CAUSA;;;SIN OBSERVACIONES
A-2023-11-98;13/11/2023;09:45;DESPISTE;DESPISTE VOLCADURA;1;0;INTESECCIÓN CALLE LAMBAYEQUE CON JR PIURA;JR PIURA;-16.401474;-71.577233;DESPEJADO;NO IDENTIFICA LA CAUSA;;;SIN OBSERVACIONES
A-2023-11-99;13/11/2023;04:00;ATROPELLO;ATROPELLO Y APLASTAMIENTO;1;0;KM 33 DE LA VARIANTE DE UHCUMAYO;KM 33;-16.408196;-71.6101992;DESPEJADO;NO IDENTIFICA LA CAUSA;;;SIN OBSERVACIONES
A-2023-12-1;04/12/2023;10:30;CHOQUE;CONSECUENCIA FATAL;1;0;CARRETERA ILA-JULI;KM. 1422 240;-16.134258;-69.579571;DESPEJADO;NEGLIGENCIA DEL CONDUCTOR;CONDUCIR CON FALLAS DE NEUMÁTICOS;;
A-2023-12-10;08/12/2023;05:30;CHOQUE;-;1;1;AVENIDA EVITAMIENTO S/N;ALTURA FUNDO MANUELITA;-14.09797832;-75.68375776;DESPEJADO;NO IDENTIFICA LA CAUSA;;;
A-2023-12-100;11/12/2023;18:20;ATROPELLO;;1;0;INTERSECCION AV. UNIVERSITARIA CON LA AV. LOS ANGELES;;-11.94011587;-77.05954281;DESPEJADO;;;;
A-2023-12-101;12/12/2023;10:00;ATROPELLO;;1;0;AV. SIMON BOLIVAR CDRA. 3 ;;-12.14289611;-76.95388416;DESPEJADO;;;;
A-2023-12-102;14/12/2023;06:30;DESPISTE;CHOQUE Y VOLCADURA;3;8;CARRETERA PANAMERICANA SUR KM. 25.000;;-12.251733;-76.92881;DESPEJADO;;;;
A-2023-12-103;14/12/2023;05:45;CHOQUE;Y DESPISTE;2;1;CARRETRA PANAMERICANA SUR KM 49.500;;-12.393781;-76.761351;DESPEJADO;;;;
A-2023-12-104;17/12/2023;07:00;DESPISTE;VOLCADURA Y CAÍDA FATAL;1;0;AV. PRINCIPAL INTERSECCION CON LA CALLE LOS ALAMOS DE PRIALE;;-12.02057149;-76.95790562;DESPEJADO;;;;
A-2023-12-105;18/12/2023;08:30;CHOQUE;MULTIPLE CON PEATONES FALLECIDOS;2;0;INTERSECCION DEL JR. MANUEL SEGURA CON JR. MONTERO ROSAS;;-12.07937206;-77.03324363;DESPEJADO;;;;
A-2023-12-106;18/12/2023;22:15;ATROPELLO;VOLCADURA Y CAIDA;1;0;AV. UNIVERSITARIA CDRA. 31 URB. EL PACIFICO;;-12.00390755;-77.08317803;DESPEJADO;;;;
A-2023-12-107;18/12/2023;16:00;CHOQUE;VOLCADURA Y CAIDA;1;0;AV. LA MARINA ALTRA INTERSECCION AV. SUCRE;;-12.08308744;-77.06718489;DESPEJADO;;;;
A-2023-12-108;19/12/2023;18:00;ATROPELLO;;1;0;AV. RAMOS VARGAS MACHUCA CON AV. CESAR  CANEVADO;;-12.16465691;-76.96921895;DESPEJADO;;;;
A-2023-12-109;22/12/2023;17:45;ATROPELLO;;1;0;AV. UNIVERSITARIA C-3;;-12.05552699;-77.08157899;DESPEJADO;;;;
A-2023-12-11;26/12/2023;19:30;ATROPELLO FUGA;CONSECUENCIA FATAL;1;0;CARRETERA BINACIONAL DESAGUADERO;SECTOR MAMANIRI;-16.61062348;-69.17170818280924;DESPEJADO;IMPRUDENCIA DEL PEATÓN;CRUCE INDEBIDO POR LA CALZADA;;
A-2023-12-110;23/12/2023;04:30;ATROPELLO FUGA;;1;0;CARRETERA PANAMERICANA NORTE KM. 15.221;;-11.998718;-77.062731;DESPEJADO;;;;
A-2023-12-111;23/12/2023;17:30;ATROPELLO;;1;0;AV. LOS EUCALIPTOS ALTRA. AV. FRANCISCO BOLOGNESI ;;-12.04496998;-76.97418154;DESPEJADO;;;;
A-2023-12-112;23/12/2023;22:00;CHOQUE;;1;0;PANAMERICANA SUR KM. 28.000;;-12.266209;-76.905593;DESPEJADO;;;;
A-2023-12-113;25/12/2023;05:45;DESPISTE;;1;0;JR. MORRO SOLAR CDRA. 02 ;;-12.11164265;-76.97831698;DESPEJADO;;;;
A-2023-12-114;26/12/2023;06:00;DESPISTE;CHOQUE Y VOLCADURA;1;1;CIRCUITO DE PLAYA ALTRA AGUA DULCE;;-12.16205808;-77.0258943;DESPEJADO;;;;
A-2023-12-115;27/12/2023;16:40;CHOQUE;DESPISTE Y ATROPELLO;1;1;AV. NARANJAL CDRA. 03 ;;-11.97705171;-77.06361958;DESPEJADO;;;;
A-2023-12-116;27/12/2023;19:30;DESPISTE;CON CHOQUE FATAL;1;0;ANTIGUA PANAMERICANA SUR KM.38.000;;-12.316706;-76.831093;DESPEJADO;;;;
A-2023-12-117;28/12/2023;21:10;ATROPELLO;;1;0;CARRETERA PANAMERICANA SUR KM 48.500;;-12.387481;-76.767881;DESPEJADO;;;;
A-2023-12-118;29/12/2023;21:10;ATROPELLO;;1;0;CALLE JOSE MANUEL ITURREGUI CDRA.07;;-12.11137253;-77.01930247;DESPEJADO;;;;
A-2023-12-119;30/12/2023;11:52;CHOQUE;;1;0;AV. LA MARINA CDRA. 32;;-12.07471664;-77.0989776;DESPEJADO;;;;
A-2023-12-12;01/12/2023;19:50;CHOQUE FUGA;CHOQUE, VEHICULO SE DIO A LA FUGA;2;0;RED VIAL NACIONAL TRANSVERSAL (VARIANTE) HUACARPAY- PACAYCASA. ALTURA DEL KM. 40 400 TRAMO COMPRENDIDO ENTRE COYA - LAMAY DEL SECTOR DENOMINADO COROTO DEL DISTRITO DE LAMAY. PROVINCIA DE CALCA Y DPTO. DEL CUSCO;POBLACION LAMAY;-13.377747;-71.916198;LLUVIOSO;IMPRUDENCIA DEL CONDUCTOR;CONDUCIR EN ESTADO DE EBRIEDAD Y/O DROGADICCIÓN;;NINGUNO
A-2023-12-120;30/12/2023;08:30;ATROPELLO;;1;0;INTERSECCION AV. GARCIA NARANJO CON JR. MENDOZA MERINO;;-12.06107519;-77.02373421;DESPEJADO;;;;
A-2023-12-122;30/12/2023;22:30;CHOQUE;-;1;0;CARRETERA FERNANDO BELAUNDE TERRY KM 445 350;FRENTE A LA II-EE. DEL CASERIO LA UNION;-5.908165635;-77.3238866475747;DESPEJADO;IMPRUDENCIA DEL CONDUCTOR;OTRO (IMPRUDENCIA DEL CONDUCTOR);ESTADO DE EBRIEDAD;NINGUNA
A-2023-12-123;04/12/2023;04:30;DESPISTE;VOLCADURA;1;0;CARRETERA AYACUCHO TAMBO;LUGAR DENOMINADO APACHETA;-13.00727993;-74.15014007542754;DESPEJADO;IMPRUDENCIA DEL CONDUCTOR;CONDUCIR EN ESTADO DE EBRIEDAD Y/O DROGADICCIÓN;;CONDUCTOR HABRIA CONSUMIDO BEBIDAS ALCOHOLICAS PREVIO AL ACCIDENTE
A-2023-12-124;14/12/2023;12:43;CHOQUE;VOLCADURA Y CAIDA;1;0;AV. JAVIER HERAUD ;FRONTIS DEL LOCAL MILLWA COUNTRY CLUB;-13.174876;-74.196616;DESPEJADO;IMPRUDENCIA DEL CONDUCTOR;CONDUCIR EN ESTADO DE EBRIEDAD Y/O DROGADICCIÓN;;CONDUCTOR EN ESTADO DE EBRIEDAD
A-2023-12-125;15/12/2023;13:30;VOLCADURA;;1;0;CARRETERA MOLLEPATA PONGORA;JURISDICCION DE LA COMISARIA DE CHACCO;-13.11049243;-74.22651350289297;DESPEJADO;IMPRUDENCIA DEL CONDUCTOR;OTRO (IMPRUDENCIA DEL CONDUCTOR);EXCESO DE CONFIANZA;CARRETERA EN CONSTRCCION
A-2023-12-126;17/12/2023;18:20;ATROPELLO;;1;0;INTERIOR DEL INMUEBLE AV. GERVASIO SANTILLANA N°1293 ;GRASS SEBAS;-12.9357256;-74.2607587;DESPEJADO;IMPRUDENCIA DEL CONDUCTOR;OTRO (IMPRUDENCIA DEL CONDUCTOR);NO ADOPTAR MANEJO PREVENTIVO;MENOR DESCUIDADA POR PADRES
A-2023-12-127;27/12/2023;14:42;FERROVIARIO;ARROLLAMIENTO;1;0;AV. FERROCARRIL INTERSECCION CON AV. 09 DE DICIEMBRE;;-12.090553;-75.21517;LLUVIOSO;IMPRUDENCIA DEL PEATÓN;ESTADO DE EBRIEDAD Y/O DROGADICCIÓN;;NINGUNO
A-2023-12-128;31/12/2023;11:57;ATROPELLO;POR PROYECCION;1;0;CARRETERA CENTRAL LA OROYA - HUANCAYO MARGEN IZQUIERDA KM. 105 700;;-11.938189;-75.309347;DESPEJADO;IMPRUDENCIA DEL PEATÓN;OTRO (IMPRUDENCIA DEL PEATÓN);EXCESO DE CONFIANZA POR PARTE DE LA MADRE, QUIEN CON COGIO DE  MANERA APROPIADA A L PEATON;NINGUNO
A-2023-12-129;13/12/2023;18:30;CHOQUE;CHOQUE;3;0;CARRETERA COSTANERA SUR KM 100 500;;-17.877327;-71.020774;DESPEJADO;IMPRUDENCIA DEL CONDUCTOR;OTRO (IMPRUDENCIA DEL CONDUCTOR);DESATENCION EN LA CONDUCCION DE PARTE DEL CONDUCTOR;
A-2023-12-13;28/12/2023;01:30;DESPISTE;-;1;0;CARRETERA YANAHUANCA PASCO;C.P GORGORIN;-10.60263868;-76.33222433217885;DESPEJADO;IMPRUDENCIA DEL CONDUCTOR;EXCESO DE VELOCIDAD;;
A-2023-12-130;28/12/2023;23:30;ATROPELLO;ATROPELLO;1;0;ANEXO NOSTRADAMUS COMUNIDAD ANCOMARCA CPM ALTO PERU;;-17.548349;-69.535402;DESPEJADO;IMPRUDENCIA DEL CONDUCTOR;OTRO (IMPRUDENCIA DEL CONDUCTOR);CONDUCTOR OLVIDÓ ENGANCHAR EL FRENO DE MANO.;EL CONDUCTOR OLVIDÓ ENGANCHAR EL FRENO DE MANO.
A-2023-12-131;10/12/2023;21:00;DESPISTE;;1;2;VALLE 2000 CARRETERA CHASTUDAL;;-18.103728;-70.257703;DESPEJADO;IMPRUDENCIA DEL CONDUCTOR;CONDUCIR EN ESTADO DE EBRIEDAD Y/O DROGADICCIÓN;;SIN OBSERVACIONES
A-2023-12-132;03/12/2023;18:20;ATROPELLO;ATROPELLO;1;0;AV. EXPEDICION LIBERTADORA CON PSJE. KELLUYO;;-17.9738389;-70.23355555555555;DESPEJADO;IMPRUDENCIA DEL CONDUCTOR;OTRO (IMPRUDENCIA DEL CONDUCTOR);CIRCULAR CON LA PUERTA ABIERTA;SIN OBSERVACIONES
A-2023-12-133;09/12/2023;18:20;CHOQUE;CHOQUE;2;17;CARRETERA PANAMERICANA SUR KM 1245 500;;-17.7888694;-70.666925;DESPEJADO;IMPRUDENCIA DEL CONDUCTOR;CONDUCIR EN ESTADO DE EBRIEDAD Y/O DROGADICCIÓN;;EL CONDUCTOR DEL VEHICULO Z4X239 SE ENCONTRABA EN ESTADO DE EBRIEDAD.
A-2023-12-134;12/12/2023;19:10;ATROPELLO FUGA;;1;0;CARRETERA PANAMERICANA SUR KM 1310;;-17.87857784;-70.44786570530901;DESPEJADO;NO IDENTIFICA LA CAUSA;;;SIN OBSERVACIONES
A-2023-12-135;31/12/2023;21:25;ATROPELLO;;1;0;AV. LITORAL CON AV. JOSE GALVEZ;FRONTIS REST. CARPA AMARILLA;-18.033175;-70.277754;DESPEJADO;IMPRUDENCIA DEL PEATÓN;CRUCE INDEBIDO POR LA CALZADA;;ADICIONAL AL CRUCE INDEBIDO DE LA CALZADA, EL PEATON ESTABA EN ESTADO DE EBRIEDAD.
A-2023-12-136;30/12/2023;05:00;ATROPELLO FUGA;;1;0;MERCADO SANTA ROSA;INMEDIACIONES PLAZA PATRICIO CONTI OLIVARES;-18.04527;-70.25699;DESPEJADO;IMPRUDENCIA DEL CONDUCTOR;OTRO (IMPRUDENCIA DEL CONDUCTOR);DESATENCION DEL CONDUCTOR;DIAS POSTERIORES AL EVENTO, LA PERSONA DE ELMER TICONA COTRADO CON DNI NRO. 76907385 SE PRESENTO CON SU ABOGADO A LA COMISARIA PNP GAL, REFIRIENDO SER EL CONDUCTOR DEL VEHICULO TRIMOTO DE PASAJEROS 8814-5Z Y QUE ATROPELLO A LA VICTIMA.
A-2023-12-141;11/12/2023;12:30;DESPISTE;-;1;0;SECTOR KPORIWARA CONUYO;-;-14.59830013;-69.2753080579089;DESPEJADO;IMPRUDENCIA DEL CONDUCTOR;OTRO (IMPRUDENCIA DEL CONDUCTOR);NO VALORAR LOS RIEGOS ;NINGUNA 
A-2023-12-142;31/12/2023;18:50;ATROPELLO;-;1;0;JR PIEROLA CON TUMBES;-;-15.492683;-70.130365;DESPEJADO;IMPRUDENCIA DEL PEATÓN;CRUCE INDEBIDO POR LA CALZADA;;NINGUNA 
A-2023-12-143;31/12/2023;19:15;DESPISTE;-;1;3;KM 1207 500;-;-14.8261374;-70.6743896;DESPEJADO;IMPRUDENCIA DEL CONDUCTOR;EXCESO DE VELOCIDAD;;NINGUNA 
A-2023-12-144;30/12/2023;18:50;CHOQUE;-;1;0;KM 238 100;-;-15.6931912;-70.5982846;DESPEJADO;IMPRUDENCIA DEL CONDUCTOR;INVASIÓN DE CARRIL;;NINGUNA 
A-2023-12-146;06/12/2023;12:30;ATROPELLO;;1;0;AV. OSCAR R. BENAVIDES CDRA 48;;-12.0549712;-77.1046262993682;DESPEJADO;IMPRUDENCIA DEL CONDUCTOR;OTRO (IMPRUDENCIA DEL CONDUCTOR);DESPLAZAR SU UNIDAD BAJO EL PRINCIPIO DE CONFIANZA;
A-2023-12-147;24/12/2023;02:30;DESPISTE;;1;1;CIRCUITO DE PLAYA ALT DEL COLEGIO LEONCIO PRADO;;-12.0740293;-77.122524217;DESPEJADO;IMPRUDENCIA DEL CONDUCTOR;CONDUCIR EN ESTADO DE EBRIEDAD Y/O DROGADICCIÓN;;
A-2023-12-148;26/12/2023;19:40;CAÍDA DE PASAJERO;-;1;0;COMUNIDAD CONDORCUYO;-;-14.85748505;-70.29490435768139;DESPEJADO;IMPRUDENCIA DEL PASAJERO/OCUPANTE;OTRO (IMPRUDENCIA DEL PASAJERO/OCUPANTE);ERRADA UBICACION DE LA PASAJERA SOBRE EL ASIENTO;NINGUNA 
A-2023-12-149;25/12/2023;11:50;DESPISTE;-;1;0;KM 324;-;-14.12179022;-69.06377609506747;DESPEJADO;IMPRUDENCIA DEL CONDUCTOR;EXCESO DE VELOCIDAD;;NINGUNA 
A-2023-12-15;21/12/2023;13:50;DESPISTE;VOLCADURA;1;1;CARRETERA HUAYTARA - HUANCAVELICA;KM 206;-12.83173437;-75.08390838623534;LLUVIOSO;NO IDENTIFICA LA CAUSA;;;
A-2023-12-150;25/12/2023;21:35;CHOQUE;-;1;0;KM 0 27;-;-15.3733736;-70.3673645;DESPEJADO;IMPRUDENCIA DEL CONDUCTOR;INVASIÓN DE CARRIL;;NINGUNA 
A-2023-12-151;22/12/2023;01:35;CHOQUE;-;3;1;KM 208 003;-;-15.693221;-70.813807;DESPEJADO;IMPRUDENCIA DEL CONDUCTOR;INVASIÓN DE CARRIL;;NINGUNA 
A-2023-12-152;13/12/2023;10:10;DESPISTE;-;1;1;KM 22 800;-;-14.352796;-70.081775;DESPEJADO;IMPRUDENCIA DEL CONDUCTOR;EXCESO DE VELOCIDAD;;NINGUNA 
A-2023-12-153;05/12/2023;17:15;ATROPELLO;-;1;0;KM 01 64;-;-14.92213833;-70.14353690304377;DESPEJADO;IMPRUDENCIA DEL CONDUCTOR;EXCESO DE VELOCIDAD;;NINGUNA 
A-2023-12-154;09/12/2023;19:40;CHOQUE;-;1;0;KM 42 371;-;-14.92251;-70.183183;DESPEJADO;IMPRUDENCIA DEL CONDUCTOR;EXCESO DE VELOCIDAD;;NINGUNA 
A-2023-12-155;12/12/2023;03:00;VOLCADURA;-;1;1;KM 400 185;-;-14.0553679;-70.43943277;DESPEJADO;IMPRUDENCIA DEL CONDUCTOR;EXCESO DE VELOCIDAD;;NINGUNA
A-2023-12-156;22/12/2023;21:30;ATROPELLO FUGA;-;1;0;KM 52;-;-15.20159555;-69.82884143686498;DESPEJADO;NO IDENTIFICA LA CAUSA;;;NINGUNA 
A-2023-12-157;18/12/2023;11:00;ATROPELLO;-;1;0;KM 89 800;-;-14.64756463;-70.36885057179829;DESPEJADO;IMPRUDENCIA DEL CONDUCTOR;EXCESO DE VELOCIDAD;;NINGUNA 
A-2023-12-158;07/12/2023;19:00;DESPISTE;-;1;0;CENTRO POBLADO HUILACOLLO VILQUECHICO;-;-15.110003;-69.682049;DESPEJADO;IMPRUDENCIA DEL CONDUCTOR;EXCESO DE VELOCIDAD;;NINGUNA 
A-2023-12-159;09/12/2023;04:30;CHOQUE;-;1;0;KM 1256 850;-;-15.09622318;-70.35588195391449;DESPEJADO;IMPRUDENCIA DEL CONDUCTOR;CONDUCIR EN ESTADO DE EBRIEDAD Y/O DROGADICCIÓN;;NINGUNA 
A-2023-12-16;25/12/2023;06:00;DESPISTE;VOLCADURA;2;0;VIA PAZOS - PICHOS;C.P HUAYANAY;-12.25171435;-75.08043804415979;NUBLADO;EN PROCESO DE INVESTIGACIÓN;NO CUENTA CON CAUSA ESPECIFICA;;
A-2023-12-160;05/12/2023;08:45;CHOQUE;-;1;0;KM 34 800;-;-15.289029;-69.947184;DESPEJADO;IMPRUDENCIA DEL CONDUCTOR;INVASIÓN DE CARRIL;;NINGUNA 
A-2023-12-161;07/12/2023;08:30;DESPISTE;-;1;2;KM 01 600;-;-15.29456429;-70.22315020084868;DESPEJADO;IMPRUDENCIA DEL CONDUCTOR;EXCESO DE VELOCIDAD;;NINGUNA 
A-2023-12-162;03/12/2023;04:20;CHOQUE;-;1;0;KM 8 400;-;-14.66751;-70.368807;DESPEJADO;IMPRUDENCIA DEL CONDUCTOR;CONDUCIR EN ESTADO DE EBRIEDAD Y/O DROGADICCIÓN;;NINGUNA 
A-2023-12-163;01/12/2023;11:30;CHOQUE CON OBJETO FIJO;-;1;1;JR RAYMONDI ;-;-14.321107;-69.465885;DESPEJADO;IMPRUDENCIA DEL CONDUCTOR;CONDUCIR EN ESTADO DE EBRIEDAD Y/O DROGADICCIÓN;;NINGUNA 
A-2023-12-164;25/12/2023;14:00;DESPISTE;DESPISTE Y VOLCADURA;1;1;CARRETERA PANAMERICANA NORTE KM 59 500;VARIANTRE DE PASAMAYO;-11.6910913;-77.1813526;DESPEJADO;EN PROCESO DE INVESTIGACIÓN;NO CUENTA CON CAUSA ESPECIFICA;;DESPISTE CON CONSECUENCIA FATAL,LESIONES Y DAÑOS MATERIALES
A-2023-12-165;03/12/2023;05:00;CHOQUE FUGA;CHOQUE CON CONSECUENCIA FATAL,LESIONES Y DAÑOS MATERIALES.;1;3;CARRETERA PANAMERICANA NORTE KM 67 350;VARIANTE DE PASAMAYO;-11.6287267;-77.2074235;DESPEJADO;EN PROCESO DE INVESTIGACIÓN;NO CUENTA CON CAUSA ESPECIFICA;;ACCIDENTE CON CONSECUENCIA FARAL, LESIONES Y DAÑOS MATERIALES
A-2023-12-166;02/12/2023;02:30;DESPISTE;;1;2;VÍA LONGITUDINAL DE LA SIETRRA - ALT. C.P. NEGROPAMPA;;-6.60763016;-78.62210422754289;DESPEJADO;IMPRUDENCIA DEL CONDUCTOR;OTRO (IMPRUDENCIA DEL CONDUCTOR);;
A-2023-12-167;07/12/2023;10:30;VOLCADURA;TONEL IZQUIERDO 1/1;1;1;CARRETERA CHILETE - SAN PABLO;;-7.161975;-78.838138;DESPEJADO;IMPRUDENCIA DEL CONDUCTOR;OTRO (IMPRUDENCIA DEL CONDUCTOR);;
A-2023-12-168;07/12/2023;21:00;DESPISTE;SUBSECUENTE VOLCADURA;1;2;CARRETERA CAJAMARCA- SAN MARCOS;;-7.187174;-78.356803;DESPEJADO;IMPRUDENCIA DEL CONDUCTOR;EXCESO DE VELOCIDAD;;
A-2023-12-169;04/12/2023;20:00;DESPISTE;SEGUIDO VOLCADURA;1;6;CARRETERA CASERÍO GUAYUS - COCHALAN;;-5.469562;-78.97762;DESPEJADO;IMPRUDENCIA DEL CONDUCTOR;OTRO (IMPRUDENCIA DEL CONDUCTOR);;
A-2023-12-17;07/12/2023;13:50;DESPISTE;VOLCADURA;2;0;CARRETERA HUACHON - QUIPARACHA;CARRETERA CENTRAL;-10.63551298;-75.9096359778084;DESPEJADO;IMPRUDENCIA DEL CONDUCTOR;FATIGA Y/O CANSANCIO;;
A-2023-12-170;11/12/2023;05:30;CHOQUE CON OBJETO FIJO;VOLCADURA;1;1;CARRETERA FERNANDO BELAUNDE TERRY ;;-5.887664;-78.82835;DESPEJADO;IMPRUDENCIA DEL CONDUCTOR;EXCESO DE VELOCIDAD;;
A-2023-12-171;06/12/2023;23:00;VOLCADURA;;2;0;CARRETRA SAN LORENZO - TRINIDAD. SECTOR  EL POTRERILO;;-7.348748;-79.029944;DESPEJADO;IMPRUDENCIA DEL CONDUCTOR;OTRO (IMPRUDENCIA DEL CONDUCTOR);;
A-2023-12-172;22/12/2023;20:15;ATROPELLO FUGA;;1;0;VÍA LONGITUDINAL DE LA SIETRRA - ALT. COMUNIDAD PINGOBAMBA;;-6.54677903;-78.6789278257513;DESPEJADO;IMPRUDENCIA DEL CONDUCTOR;OTRO (IMPRUDENCIA DEL CONDUCTOR);;
A-2023-12-173;18/12/2023;07:00;DESPISTE;TOTAL SUBSECUENTE VOLCADURA;1;0;CARRETERA CAS. LA FORTALEZA AL  CAS. SAN FRANCISCO;;-7.024679;-78.187867;DESPEJADO;IMPRUDENCIA DEL CONDUCTOR;OTRO (IMPRUDENCIA DEL CONDUCTOR);;
A-2023-12-174;23/12/2023;06:21;DESPISTE;SUBSECUENTE VOLCADURA;1;0;CARRETRA CAJAMARCA -CELENDIN. LUGAR DENOMINADO PEÑA BLANCA;;-7.109593;-78.327777;DESPEJADO;IMPRUDENCIA DEL CONDUCTOR;CONDUCIR EN ESTADO DE EBRIEDAD Y/O DROGADICCIÓN;;
A-2023-12-176;31/12/2023;11:00;CHOQUE;;1;1; CARRETERA QUE CONDUCE  EL DISTRITO DE BAMBAMARCA A CAJAMARCA ;;-6.710869;-78.546986;LLUVIOSO;IMPRUDENCIA DEL CONDUCTOR;OTRO (IMPRUDENCIA DEL CONDUCTOR);;
A-2023-12-177;24/12/2023;11:38;ATROPELLO;;1;0;AV. PAKAMUROS CDRA. 19;;-5.697833023;-78.8067434241607;DESPEJADO;IMPRUDENCIA DEL CONDUCTOR;EXCESO DE VELOCIDAD;;
A-2023-12-19;10/12/2023;16:30;CHOQUE;CHOQUE SEGUIDO DE VOLCADURA ;1;1;CARRETERA SANTO TOMAS-CHALLHUAHUACHO;COMUNIDAD MORONSIRAYOC;-14.298914;-72.139453;LLUVIOSO;NEGLIGENCIA DEL CONDUCTOR;OTRO (NEGLIGENCIA DEL CONDUCTOR);EXCESO DE CONFIANZA;NINGUNO
A-2023-12-2;07/12/2023;04:00;CHOQUE FUGA;CONSECUENCIA FATAL;1;0;CARRETERA MAÑAZP-PUNO;KM.18 760;-15.79087436;-70.32061636634705;DESPEJADO;IMPRUDENCIA DEL CONDUCTOR;CONDUCIR EN ESTADO DE EBRIEDAD Y/O DROGADICCIÓN;;
A-2023-12-20;10/12/2023;23:20;CAÍDA DE PASAJERO;CAIDA DE PASAJERO;1;0;AVENIDA JAQUIJAHUANA. ALTURA DE LSA INSTERSERCCION BREÑA. PROVINCIA  ANTA;CALLE BREÑA;-13.46280513;-72.14815721872162;DESPEJADO;IMPRUDENCIA DEL CONDUCTOR;CONDUCIR EN ESTADO DE EBRIEDAD Y/O DROGADICCIÓN;;NINGUNO
A-2023-12-21;23/12/2023;21:00;DESPISTE;DESPISTE Y VOLCADURA;1;0;TROCHA COMUNIDAD UCHULLUCLLO - SECTOR KALLANCA. SECTOR HUAYLLA HUAYLLA  -DISTRITO PITUMARCA - PROVINCIA D E CANCHIS  - CUSCONCIA DE CANCHIS. DEPARTAMENTO DEL CUSCO;SECTOR HUAYLLA HUAYLLA ;-13.97851095;-71.30501492111347;DESPEJADO;IMPRUDENCIA DEL CONDUCTOR;CONDUCIR EN ESTADO DE EBRIEDAD Y/O DROGADICCIÓN;;NINGUNO