COD_ACCIDE;FechaDelAccidente;HoraDelAccidente;ClaseDelAccidente;SecuenciaAccidente;CantidadDeFallecidos;CantidadDeLesionados;Direccion;LugarReferencia;y;x;CondClimatica;CausaFactorPrincipal;CausaEspecifica;OtraCausa;Observaciones
A-2023-12-22;05/12/2023;19:31;ATROPELLO;ATROPELLO  SEGUIDO DE ARRASTAMIENTO;1;0;CALLE  WIRACOCHA CON LA CALLE  REVOLCION DEL DISTRITO  DE SAN PEDRO PROVINCIA DE CANCHIS. DEPARTAMENTO DEL CUSCO;;-14.18801499;-71.34049527285484;DESPEJADO;IMPRUDENCIA DEL CONDUCTOR;CONDUCIR EN ESTADO DE EBRIEDAD Y/O DROGADICCIÓN;;NINGUNO
A-2023-12-23;07/12/2023;05:10;DESPISTE;DESPISTE SEGUIDO VOLCADURA;1;0;RED VIAL NACIONAL TRANSVERSAL CHECACUPE- MONTAÑA SIETE COLORES.ALTURA DEL KM.01 160. SECTOR CCALARA. ;COMUNIDAD DE HUITO;-13.965871;-71.408326;NUBLADO;IMPRUDENCIA DEL CONDUCTOR;FATIGA Y/O CANSANCIO;;NINGUNO
A-2023-12-24;12/12/2023;07:30;FERROVIARIO;ARROLLAMIENTO;1;0;VÍA FÉRREA UBICADO EN LA COMUNIDAD CAMPESINA HUAMPAR KM. 15 200 ALTURA DEL PARADERO GRADAS. DEL DISTRITO DE POROY;PARADERO GRADAS ;-13.50347775;-72.02330530357915;LLUVIOSO;IMPRUDENCIA DEL PEATÓN;CRUCE INDEBIDO POR LA CALZADA;;NINGUNO
A-2023-12-25;25/12/2023;21:30;ATROPELLO FUGA;ATROPELLO  CON FUGA DEL CONDCUTOR Y VEHICULO;1;0;RED NACIONAL LONGITUDINAL LA OROYA - PUENTE DESAGUADERO. TRAMO MARANGANI - LA RAYA ALTURA KM 1124 500 SECTOR CHOSECANI DE LA COMUNIDAD DE MAMUERA DEL DISTRITO DE MARANGANI.;SECTOR CHOSECANI;-14.37293159;-71.14914119457288;DESPEJADO;EN PROCESO DE INVESTIGACIÓN;NO CUENTA CON CAUSA ESPECIFICA;;NINGUNO
A-2023-12-26;17/12/2023;21:40;DESPISTE;DESPISTE SEGUIDO VOLCADURA;1;0;CARRETERA AMPARAES - COLCA;SECTOR HUAYRACPATA;-13.02482;-71.98756;DESPEJADO;IMPRUDENCIA DEL CONDUCTOR;FATIGA Y/O CANSANCIO;;NINGUNO
A-2023-12-27;15/12/2023;21:00;DESPISTE;DESPISTE SEGUIDO VOLCADURA ;1;0;RED VIAL NACIONAL LONGITUDINAL (RAMAL) PUENTE SAWINTO (APURIMAC - COMPONE (ANTA - CUSCO). ALTURA DEL KM 360. SECTO HUALLPA CHACA DEL DISTRITO DE CHINCHAYPUJIO;PUENTE HUALLPACHACA;-13.69002168;-72.33568609883423;DESPEJADO;IMPRUDENCIA DEL CONDUCTOR;CONDUCIR EN ESTADO DE EBRIEDAD Y/O DROGADICCIÓN;;NINGUNO
A-2023-12-28;01/12/2023;12:00;DESPISTE;DESPISTE, SEGUIDO VOLVADURA Y SUMERSION;1;0;CARRETERA  SUNCHUBAMBA - CUTIPATA SECTOR JAILO ALTURA DEL KM. 6 620 DEL CENTRO  POBLADO SONCHUBAMBA;;-13.269451;-71.619832;NUBLADO;IMPRUDENCIA DEL CONDUCTOR;OTRO (IMPRUDENCIA DEL CONDUCTOR);PERDIDA DEL CONTROL DE LA DIRECCIONALIDAD ;NINGUNO
A-2023-12-29;28/12/2023;18:50;DESPISTE;DESPISTE SEGUIDO VOLCADURA;1;5;RED VIAL REGIONAL CUSCO - CHUQUICAHUANA. TRAMO COMPRENDIDO ENTRE HUANCARO - OCCOPATA. ALTURA DEL KM. 11   800 ;POBLACION OCCOPATA;-13.588124;-71.977648;LLUVIOSO;IMPRUDENCIA DEL CONDUCTOR;EXCESO DE VELOCIDAD;;NINGUNO
A-2023-12-3;03/12/2023;22:00;ATROPELLO FUGA;-;1;0;CARRETERA FERNANDO BELAUNDE TERRY KM 430 800;CENTRO POBLADO NARANJILLO;-5.8048352;-77.3996292;DESPEJADO;NO IDENTIFICA LA CAUSA;;;
A-2023-12-30;26/12/2023;19:00;CHOQUE;CHPQUE SEGUIDO ATROPELLO ;1;1;EN EL RED VIAL REGIONAL-RUTA -CU-117. SECTOR DE  COMUNIDAD TTIO. ;COMUNIDAD DE TTIO;-13.956021;-71.588207;NUBLADO;IMPRUDENCIA DEL CONDUCTOR;EXCESO DE VELOCIDAD;;NINGUNO
A-2023-12-31;21/12/2023;14:47;ATROPELLO;ATROPELLO SEGUIDO DE CHOQUE;1;1;VIA DE INGRESO A SALON COMUNAL  DE CCACHONA ALTURA DEL KM. 3 DE LA  CARRETERA CUSCO - PARURO;ALTURA DEL KM. 3 DE LA  CARRETERA CUSCO - PARURO;-13.55038694;-71.98662865934945;SOLEADO;EN PROCESO DE INVESTIGACIÓN;NO CUENTA CON CAUSA ESPECIFICA;;NINGUNO
A-2023-12-32;07/12/2023;19:10;DESPISTE;DESPISTE SEGUIDO DE VOLCADURA ;1;1;TROCHA CARROZABLE YANATILE- CENTRO POBLADO QUEBRADA SECTOR TORRE BLANCA;SECTOR TORREBLANCA;-12.687034;-72.294879;DESPEJADO;INFRAESTRUCTURA Y ENTORNO VIAL;OTRO (INFRAESTRUCTURA Y ENTORNO VIAL);CONDICCIONES DE LA VIA;NINGUNO
A-2023-12-33;27/12/2023;17:00;ATROPELLO;ATROPELLO CON PROYECION;1;0;ANEXO ARMIRI COMUNIDAD CAMPESINA CHARAMURAY;;-14.24355445;-72.03712904981707;DESPEJADO;IMPRUDENCIA DEL PEATÓN;CRUCE INDEBIDO POR LA CALZADA;;NINGUNO
A-2023-12-34;25/12/2023;20:40;CHOQUE;.;1;2;CARRETERA PANAMERICANA NORTE KM 174.2;ALTURA DE LA BODEGA JESUS AMIGO FIEL ;-3.947829766;-80.94430414407145;DESPEJADO;IMPRUDENCIA DEL CONDUCTOR;OTRO (IMPRUDENCIA DEL CONDUCTOR);FALTA DE CUIDADO Y PREVENCION ;
A-2023-12-35;26/12/2023;17:15;CHOQUE;FRONTAL;1;1;CARRETERA PANAMERICA SUR PUNO-DESAGUADERO;KM. 1363 860;-15.876976;-69.926815;DESPEJADO;IMPRUDENCIA DEL CONDUCTOR;INVASIÓN DE CARRIL;;
A-2023-12-36;01/12/2023;21:13;DESPISTE;-;1;0;CARRETERA PANAMERICANA NORTE ALTURA DEL KM. 699.8;-;-7.259385;-79.489973;DESPEJADO;NO IDENTIFICA LA CAUSA;;;TRANSACCION EXTRADUDICIAL, DE FECHA 04DIC2023, DONDE EL NOTARIO VICTOR R. MERINO CASTILLO, , DONDE JOSE PALERMO TERRONES TAFUR SE HARA CARGHO DE TODOS LOS GASTOS DE SEPELIO, A FAVOR DEL AGRAVIADO ARISTIDES LOZANO SILVA, MOTIVO POR EL CUAL DON ALAMIRO LOZANO SILVA Y DON AMERICO LOZANO SILVA QUIENES INTERVIENEN EN REPRESENTACION DE SU HERMANO, DECLARAN ESTAR DE ACUERDO CON EL COMPROMISO DE EL AGRAVIANTE, SIN RECLAMO ALGUNO DE LAS PARTES.
A-2023-12-37;02/12/2023;19:00;ATROPELLO;-;1;0;AV. JOSE GABRIEL CONDORCANQUI CDRA. 23;-;-8.06603606;-79.05134333;DESPEJADO;NO IDENTIFICA LA CAUSA;;;
A-2023-12-38;03/12/2023;12:00;DESPISTE;-;1;3;CARRETERA DE PENETRACION A LA SIERRA LIBERTEÑA ALTURA DEL SECTOR EL ALTO MOLINO;-;-7.792644634;-77.77555664256874;DESPEJADO;NO IDENTIFICA LA CAUSA;;;
A-2023-12-39;04/12/2023;00:10;DESPISTE;-;1;0;CARRETERA PANAMERICANA NORTE ALTURA DEL KM. 582.2;-;-8.047964;-79.0859653;DESPEJADO;IMPRUDENCIA DEL CONDUCTOR;CONDUCIR EN ESTADO DE EBRIEDAD Y/O DROGADICCIÓN;;
A-2023-12-4;17/12/2023;05:00;DESPISTE;.;1;0;CARRETERA PANAMERICANA NORTE KM 272.8;FRENTE A LA COMPAÑIA DE LOS BOMBEROS DE AGUAS VERDES Nº 87  ;-3.487611789;-80.262036290587;DESPEJADO;IMPRUDENCIA DEL CONDUCTOR;CONDUCIR EN ESTADO DE EBRIEDAD Y/O DROGADICCIÓN;;
A-2023-12-40;07/12/2023;06:00;DESPISTE;-;1;0;CARRETERA PANAMERICANA NORTE ALTURA DEL KM. 620;-;-7.786496;-79.239554;DESPEJADO;NEGLIGENCIA DEL CONDUCTOR;OTRO (NEGLIGENCIA DEL CONDUCTOR);REALIZAR SU DESPLAZAMIENTO CON FALTA DE PREVISION DE UN POSIBLE RIESGO;
A-2023-12-41;10/12/2023;14:00;CHOQUE;-;1;1;CARRETERA PANAMERICANA NORTE ALTURA DEL KM. 477.2;-;-8.69736;-78.638;DESPEJADO;IMPRUDENCIA DEL CONDUCTOR;OTRO (IMPRUDENCIA DEL CONDUCTOR);AL DESPLAZAR SU VEHICULO SIN EL DEBIDO CUIDADO Y PREVENCION, EXCESO DE CONFIANZA Y DESATENCION A SU EJE DE MARCHA;
A-2023-12-42;12/12/2023;15:00;CHOQUE;-;1;1;AV. VICTOR RAUL CDRA. 02;-;-8.540948;-78.675924;DESPEJADO;IMPRUDENCIA DEL CONDUCTOR;OTRO (IMPRUDENCIA DEL CONDUCTOR);AL MANEJAR EL VEHICULO CON UN EXCESO DE CONFIANZA;
A-2023-12-43;17/12/2023;16:10;DESPISTE;-;1;0;AV. PUMACAHUA S/N AL FRENTE DEL COLEGIO SAN MARTIN DE PORRES;-;-8.0870723;-78.991273;DESPEJADO;NO IDENTIFICA LA CAUSA;;;
A-2023-12-44;24/12/2023;23:30;CHOQUE;-;1;0;CARRETERA DE ACCESO AL CP SANTA ELENA S/N;-;-8.409477664;-78.82451730642427;DESPEJADO;NO IDENTIFICA LA CAUSA;;;
A-2023-12-45;25/12/2023;10:30;DESPISTE;-;1;0;CARRETERA PANAMERICANA NORTE ALTURA DEL KM. 557;-;-8.13810223;-79.01567181001322;DESPEJADO;IMPRUDENCIA DEL CONDUCTOR;CONDUCIR EN ESTADO DE EBRIEDAD Y/O DROGADICCIÓN;;
A-2023-12-46;25/12/2023;20:15;CHOQUE;-;1;0;CARRETERA PANAMERICANA NORTE ALTURA DEL KM. 603 OVALO CHICAMA;-;-7.8605314;-79.1406393;DESPEJADO;IMPRUDENCIA DEL CONDUCTOR;CONDUCIR EN ESTADO DE EBRIEDAD Y/O DROGADICCIÓN;;
A-2023-12-47;26/12/2023;22:30;DESPISTE;-;1;0;CARRETERA DE ACCESO A LA PLAYA EL ENCANTO ALTURA DEL KM. 07;-;-8.601775645;-78.72191186286202;DESPEJADO;NO IDENTIFICA LA CAUSA;;;
A-2023-12-48;27/12/2023;15:00;CHOQUE;-;1;0;CARRETERA DE PENETRACION A LA SIERRA LIBERTEÑA ALTURA DEL KM. 66.8;-;-7.956949348;-78.62499827373745;LLUVIOSO;IMPRUDENCIA DEL CONDUCTOR;OTRO (IMPRUDENCIA DEL CONDUCTOR);REALIZAR SU DESPLAZAMIENTO VULNERANDO EL PRINCIPIO DE SEGURIDAD AL NO TOMAR LAS PRECAUSIONES NECESARIAS EN FUNCION A LOS RIESGOS PRESENTES COMO LA CONFIGURACION DE LA VIA Y LAS CONDICIONES CLIMAOLOGICAS  (LLOVIZNA);
A-2023-12-49;28/12/2023;17:00;CHOQUE;-;1;1;CARRETERA DE PENETRACION A LA SIERRA LIBERTEÑA ALTURA DEL KM. 126.74;-;-8.002955361;-78.28939473539764;DESPEJADO;IMPRUDENCIA DEL CONDUCTOR;INVASIÓN DE CARRIL;;
A-2023-12-5;16/12/2023;04:30;CHOQUE FUGA;-;1;1;CARRETERA FERNANDO BELAUNDE TERRY KM 432 800;ENTRADA AL CPM SAN FRANCISCO;-5.815621;-77.386;LLUVIOSO;EN PROCESO DE INVESTIGACIÓN;NO CUENTA CON CAUSA ESPECIFICA;;SE INVESTIGA
A-2023-12-50;29/12/2023;20:30;CHOQUE;-;1;0;CALLE EL TRIUNFO S/N ALTURA DEL GRIFO PRIMAX;-;-7.42177411;-79.55591726;DESPEJADO;NO IDENTIFICA LA CAUSA;;;
A-2023-12-51;30/12/2023;19:40;CHOQUE FUGA;-;1;2;CARRETERA PANAMERICANA NORTE ALTURA DEL KM. 503.1;-;-8.5245111;-78.68306559031146;DESPEJADO;NO IDENTIFICA LA CAUSA;;;
A-2023-12-52;31/12/2023;17:00;ATROPELLO;-;1;0;CARRTERA PANAMERICANA NORTE ALTURA DE LA EMPRESA DIEZ DEL SUR;-;-8.53974;-78.676508;DESPEJADO;NO IDENTIFICA LA CAUSA;;;
A-2023-12-53;26/12/2023;22:00;DESPISTE;-;1;23;CARRETERA DE ACCESO AL ANEXO ALPAMARCA - SECTOR EL PORVENIR;-;-7.97753582;-77.52872581979386;DESPEJADO;IMPRUDENCIA DEL CONDUCTOR;OTRO (IMPRUDENCIA DEL CONDUCTOR);DONDE EN UN MOMENTO DADO PIERDE EL CONTROL, MANIOBRABILIDAD Y GOBIERNO DEL VOLANTE;
A-2023-12-54;08/12/2023;17:04;ATROPELLO;ATROPELLO POR COMPRESION;1;0;AV. RAUL PORRAS BARRENECHEA;AV. HUMBOLDT;-18.05367;-70.242646;DESPEJADO;IMPRUDENCIA DEL CONDUCTOR;CONDUCIR EN ESTADO DE EBRIEDAD Y/O DROGADICCIÓN;;
A-2023-12-55;24/12/2023;02:50;CHOQUE FUGA;CHOQUE FRONTAL Y FUGA;1;1;CARRETERA COSTANERA SUR KM 07 200;;-18.10187315;-70.3391611262834;DESPEJADO;IMPRUDENCIA DEL CONDUCTOR;CONDUCIR EN ESTADO DE EBRIEDAD Y/O DROGADICCIÓN;;SIN OBSERVACIONES
A-2023-12-56;01/12/2023;05:55;CHOQUE;;1;0;CARRETERA LA OROYA - PASCO  KM. 87 750;;-10.8936;-76.08042;;;;;
A-2023-12-57;02/12/2023;07:28;ATROPELLO;;1;0;PROLONGACION HUANUCO CDRA.3 INTERSECCION CON JR. ATAHUALPA ;;-12.071005;-75.20299;DESPEJADO;IMPRUDENCIA DEL PEATÓN;OTRO (IMPRUDENCIA DEL PEATÓN);LA ACCIN DEL PEATON QUIEN PIERDE LA ESTABILIDAD EQUILIBRIO LUEGO DE HABER DESCENDIDO DEL VEHICULO Y TRATAR DE SUBIR A LA ACERA ORIGINANDO QUE CAIGA SOBRE LA CALZADA DE ESPALDAS Y SE EXPONGA AL NEUMATICO POSTERIOR;NINGUNO
A-2023-12-58;04/12/2023;15:10;ATROPELLO FUGA;;1;0;CQRRETERA CHUPACA - AHUAC ALTURA JR. ALONSO MERCADILLO  S/N;;-12.064318;-75.300338;DESPEJADO;;;;
A-2023-12-59;04/12/2023;23:58;ATROPELLO FUGA;;1;0;CARRETERA CENTRAL LA OROYA - HUANCAYO KM. 171 300;;-11.52477904;-75.9124270200028;DESPEJADO;;;;
A-2023-12-6;18/12/2023;18:30;CAÍDA DE PASAJERO;;1;0;SECTOR MACCMACCOCHA - SANTA MARIA DE CHICMO ; SECTOR MANCHANA ;-13.60984006;-73.5743559429463;NUBLADO;IMPRUDENCIA DEL PASAJERO/OCUPANTE;PASAJEROS FUERA DE LA CARROCERÍA;;CAIDA DE OCUPANTE
A-2023-12-60;05/12/2023;22:30;DESPISTE;Y VOLCADURA;1;0;CARRETERA CENTRAL LA OROYA - LIMA KM. 160 100;;-11.617519;-75.983458;;;;;
A-2023-12-61;10/12/2023;13:00;CHOQUE;;1;0;CARRETERA CENTRAL LA OROYA - LIMA KM. 145;;-11.594118;-76.092812;LLUVIOSO;;;;
A-2023-12-62;14/12/2023;04:00;CHOQUE;VOLCADURA , CHOQUE Y DESPISTE;1;2;CARRETERA CENTRAL LA OROYA-PASCO KM. 45 900;;-11.2148215;-75.9486199;;;;;
A-2023-12-63;14/12/2023;18:30;DESPISTE;CHOQUE;1;0;AV. PROGRESO CDRA. 03;;-12.113453;-75.245291;LLUVIOSO;;;;
A-2023-12-64;16/12/2023;16:20;ATROPELLO;;1;0;CARRETERA CENTRAL LA OROYA- PASCO KM. 50 650;;-11.182071;-75.975263;DESPEJADO;;;;
A-2023-12-65;23/12/2023;13:45;ATROPELLO;;1;0;AV. LAS COLINAS INTERSECCION JR. LOS BOSQUES;;-12.062483;-75.226161;DESPEJADO;;;;
A-2023-12-66;25/12/2023;05:30;ATROPELLO FUGA;;1;0;CARRETERA CHUPACA-HUACHAC;;-12.04307455;-75.31396169737516;NUBLADO;;;;
A-2023-12-68;30/12/2023;14:15;CHOQUE;CHOQUE;1;3;KM 985 CARRETERA PANAMERICANA SUR;KM 985;-16.600953;-71.855038;DESPEJADO;NO IDENTIFICA LA CAUSA;;;SIN OBSERVACIONES
A-2023-12-69;27/12/2023;06:58;ATROPELLO;ATROPELLO;1;0;ANTIGUA CARRETERA YURA ;ASOC NUEVA ESPERANZA ;-16.333175;-71.586086;DESPEJADO;NO IDENTIFICA LA CAUSA;;;SIN OBSERVACIONES
A-2023-12-7;03/12/2023;23:00;DESPISTE;DESPISTE, CHOQUE, VOLCADURA, CAIDA DE CONDUCTOR Y OCUPANTE;1;1;AV. AGROPECUARIO CUADRA 11 (SECTOR BRUJO PATA);;-5.636136233;-78.51941;DESPEJADO;NO IDENTIFICA LA CAUSA;;;POR DISPOCIÓN DEL REPRESENTANTE DEL MINISTERIO PÚBLICO EL CASO SE ENCUENTRA ARCHIVADO  TODA VEZ QUE LA AGRAVIADO E IMPUTADO SON HERMANOS
A-2023-12-70;24/12/2023;13:00;DESPISTE;DESPISTE VOLCADURA;1;1;KM115.100 CARRETERA COSTANERA;KM 115;-17.090562;-71.899891;DESPEJADO;NO IDENTIFICA LA CAUSA;;;SIN OBSERVACIONES
A-2023-12-71;23/12/2023;19:50;CHOQUE;CHOQUE DESPISTE VOLCADURA;1;1;FRONTIS VIVIENDA E 10 ZN 1 C MUNICIAPL;CIUDAD MUNICIPAL;-16.32015412;-71.5915550012864;DESPEJADO;NO IDENTIFICA LA CAUSA;;;SIN OBSERVACIONES
A-2023-12-72;17/12/2023;03:00;VOLCADURA;VOLCADURA DESPISTE;1;0;CARRETERA PENETRACION LAIVE ;PARCELA 274;-16.356588;-72.197789;DESPEJADO;NO IDENTIFICA LA CAUSA;;;SIN OBSERVACIONES
A-2023-12-73;14/12/2023;13:30;CHOQUE;CHOQUE DESPISTE;6;0;KM 169.500 CARRETERA AREQUIPA PUNO;KM 169;-15.811953;-71.063505;DESPEJADO;NO IDENTIFICA LA CAUSA;;;SIN OBSERVACIONES
A-2023-12-74;11/12/2023;14:00;DESPISTE;DESPISTE CHOQUE;1;1;KM 9.700 CARRETERA YURA HUANCA;KM 9;-16.24224;-71.738126;DESPEJADO;NO IDENTIFICA LA CAUSA;;;SIN OBSERVACIONES
A-2023-12-75;08/12/2023;22:00;DESPISTE;DESPISTE CHOQUE;5;1;KM 63. 500 CARRETERA AREQUIPA CHIVAY;KM 63;-15.650821; -71.641526;DESPEJADO;NO IDENTIFICA LA CAUSA;;;SIN OBSERVACIONES
A-2023-12-76;07/12/2023;07:10;CHOQUE;CHOQUE;1;0;KM 13.700 CARRETERA COSTANERA MOLLENDO MATARANI;KM 13;-17.030132;-71.992784;DESPEJADO;NO IDENTIFICA LA CAUSA;;;SIN OBSERVACIONES
A-2023-12-77;05/12/2023;07:15;ATROPELLO;ATROPELLO CHOQUE;1;2;KM 3.8 VIA DE EVITAMIENTO;CAMAL DON GOYO;-16.382663;-71.577492;DESPEJADO;NO IDENTIFICA LA CAUSA;;;SIN OBSERVACIONES
A-2023-12-78;12/12/2023;08:00;DESPISTE;EL VEHÍCULO L3, DE PLACA NI9268, ERA CONDUCIDA POR SU CONDUCTOR EN SENTIDO DE  OESTE A ESTE, AL LLEGAR A LA ZONA DEL ACCIDENTE, PIERDE DIRECCIONALIDAD DE MARCHA, DESPISTANDOSE HACIA EL SUR, IMPACTANDO CON LA BASE ROCOSA DEL SERRO;1;1;CARRETERA DE PENETRACIÓN RIO SECO - ANDAHUASI;KM. 33.598.50;-11.16081;-77.30128;SOLEADO;EN PROCESO DE INVESTIGACIÓN;NO CUENTA CON CAUSA ESPECIFICA;;PENDIENTE
A-2023-12-79;17/12/2023;10:30;ATROPELLO FUGA;EN INVESTIGACIÓN;1;0;CARRETERA PANAMERICANA NORTE;KM. 117.261.00;-11.39019713;-77.4275368674903;DESPEJADO;NO IDENTIFICA LA CAUSA;;;VEHÍCULO Y CONDUCTOR FUGADO
A-2023-12-8;03/12/2023;14:20;VOLCADURA;-;1;0;CAMINO A CENTRO POBLADO SAN REGIS;-;-13.506284;-76.0856;DESPEJADO;EN PROCESO DE INVESTIGACIÓN;NO CUENTA CON CAUSA ESPECIFICA;;
A-2023-12-80;19/12/2023;05:45;CHOQUE;EL COMBINADO VEHICULAR AUB-794//AYP-992, AL LLEGAR A LA INTERSECCIÓN, IMPACTA AL L3, DE PLACA 0193-KA, CUYO CONDUCTOR CAE SOBRE LA PORCIÓN CIRCULABLE, SIENDO ATROPELLADO;1;0;INTERSECCIÓN DE LA CALLE FERROCARRIL CON EL PASAJE SOLARI - TIROLER VEGUETA;TIROLER;-11.01062155;-77.57984335595006;DESPEJADO;IMPRUDENCIA DEL CONDUCTOR;NO ESTABLECER EL DERECHO DE PASO;;NINGUNA
A-2023-12-82;05/12/2023;15:40;CHOQUE;CHOQUE ;1;0;PROLONGACION DE LA AV. GULMAN ALTURA DEL CENTRO MEDICO SAGRADO CORAZON DE JESUS RADO ;CARRETEREA PIURA - LA LEGUA - EX POLVORINES ;-5.214341543;-80.6530346532596;DESPEJADO;;;;
A-2023-12-83;10/12/2023;02:20;CHOQUE;CHOQUE, DESPISTE ;1;1;CARRETERA DE PENETRACION PIURA - HUANCABAMBA ;TRAMO KM 65 BUENOS AIRES KM 8 700;-5.389853744;-79.5994902271649;DESPEJADO;IMPRUDENCIA DEL CONDUCTOR;INVASIÓN DE CARRIL;;
A-2023-12-84;03/12/2023;23:30;CHOQUE;CHOQUE, VOLCADURA Y CAIDA ;1;0;AV. RAMON CASTILLA CUADRA 1 ;ALTURA DEL MINISTERIO DE AGRICULTURA - HUANCABAMBA ;-5.2469066;-79.454381;DESPEJADO;;;;
A-2023-12-85;09/12/2023;15:35;CHOQUE;CHOQUE, VOLCADURA, CAIDA Y ATROPELLO ;1;1;JR. 1 DE ABRIL. ALTURA DEL RESTAURANTE . ;EL ESTADIO - CASERIO PALAMBLA ;-5.389598;-79.609396;DESPEJADO;;;;
A-2023-12-87;26/12/2023;16:10;DESPISTE;DESPISTE, VOLCADURA, CAIDA ;1;0;AV. LOS COCOS ;ALTURA DEL COLEGIO SAN ANTONIO ;-5.192199;-80.631063;DESPEJADO;;;;
A-2023-12-88;02/12/2023;16:30;DESPISTE;VOLCADURA Y CAÍDA;1;0;AV. CHIMPU OCLLO -AA.HH. LA LIBERTAD;;-11.82183549;-77.10313954;DESPEJADO;;;;
A-2023-12-89;02/12/2023;19:20;ATROPELLO;;1;0;AV. TRAPICHE CDRA.01;;-11.89026193;-77.04416421;DESPEJADO;;;;
A-2023-12-9;17/12/2023;20:30;CHOQUE;EXCENTRICO DERECHO;1;0;AV.ARNALDO ALVARADO;FRENTE LA URB. MAR VERDE;-13.45991;-76.170285;DESPEJADO;EN PROCESO DE INVESTIGACIÓN;NO CUENTA CON CAUSA ESPECIFICA;;
A-2023-12-90;04/12/2023;00:23;DESPISTE;VOLCADURA Y CAÍDA;1;0;AV.UNIVERSITARIA CDRA. 99;;-11.90797158;-77.04385492;DESPEJADO;;;;
A-2023-12-91;04/12/2023;02:30;ATROPELLO;;1;0;CARRETERA PAN. NORTE KM. 18.849 ;REF. ALTRA. PTE LOS TRES POSTES;-11.96652;-77.067755;DESPEJADO;;;;
A-2023-12-92;04/12/2023;18:30;ATROPELLO;;1;0;CARRETERA CENTRAL KM. 15.500 ;FTE AL GRIFO PRIMAX;-12.006244;-76.848847;DESPEJADO;;;;
A-2023-12-93;07/12/2023;23:50;ATROPELLO;;1;1;PANAMERICANA SUR KM. 20.000 ;REF. PJJE. DE VILLA;-12.229058;-76.968159;DESPEJADO;;;;
A-2023-12-94;08/12/2023;19:15;CHOQUE;;1;0;PANAMERICANA NORTE KM. 18.442 ;ALTRA. PTE. PEAT. CASETTA;-11.97016;-77.067188;DESPEJADO;;;;
A-2023-12-95;06/12/2023;17:00;ATROPELLO FUGA;;1;0;CARRETERA  CENTRAL (PE-22);ALTRA. KM. 11 ;-12.01491209;-76.88664516127183;DESPEJADO;;;;
A-2023-12-96;09/12/2023;04:20;ATROPELLO FUGA;;1;0;AV. UNIVERSITARIA ALTRA. MZ A LOTE 4 ASO. LAS LOMAS;;-11.8753391;-77.02459206;DESPEJADO;;;;
A-2023-12-97;09/12/2023;20:55;ATROPELLO;VOLCADURA Y CAÍDA;1;0;AV LAS PALMERAS CDRA.38;;-11.99063659;-77.07175319;DESPEJADO;;;;
A-2023-12-98;10/12/2023;22:40;ATROPELLO;;1;0;AV. MORALES DUAREZ CDRA. 12 INTERSECCION CON PSJE. LOS ANGELES;;-12.03636784;-77.05954158;DESPEJADO;;;;
A-2023-12-99;11/12/2023;10:30;ATROPELLO;;1;0;AV. PROCERES DE HUANDOY MZ. P LTE. 95 URB. SAN ROQUE;;-11.96125055;-77.07634762;DESPEJADO;;;;
A-2024-01-1;01/01/2024;01:30;ATROPELLO FUGA;MUERTE DEL PEATON;1;0;RED VIA NACIONAL ANDAHUAYLAS - ABANCAY;KM 683 828;-13.693044;-73.113426;DESPEJADO;IMPRUDENCIA DEL PEATÓN;ESTADO DE EBRIEDAD Y/O DROGADICCIÓN;;ACCIDENTE DE TRANSITO - ATROPELLO Y FUGA
A-2024-01-10;13/01/2024;19:30;ATROPELLO;VEHICULO IMPACTA A PEATON;1;0;KM 5.8 VARIANTE DE UCHUMAYO;KM 5.8;-16.407098;-71.603607;DESPEJADO;NO IDENTIFICA LA CAUSA;;;SIN OBSERVACIONES
A-2024-01-100;23/01/2024;18:20;DESPISTE;VOLCADURA;3;3;TROCHA CARROZABLE INGRESO HACIA LA MINA LUICHO;LUGAR DENOMINADO PASAMAYO;-15.206664;-73.286689;LLUVIOSO;IMPRUDENCIA DEL CONDUCTOR;OTRO (IMPRUDENCIA DEL CONDUCTOR);NO ADOPTAR MEDIDAS PREVENTIVAS;SIN OBSERVACIONES
A-2024-01-101;27/01/2024;16:07;CHOQUE;CON VOLCADURA DE LA UT-2;1;0;AV. COSTANERA 1539;CIRCUITO DE PLAYAS ALTURA DEL COLEGIO MILITAR LEONCIO PRADO;-12.07487;-77.12069;DESPEJADO;IMPRUDENCIA DEL CONDUCTOR;OTRO (IMPRUDENCIA DEL CONDUCTOR);CONDUCIR SIN CUIDADO Y PREVENCION;
A-2024-01-102-A;29/01/2023;07:30;DESPISTE;DESPISTE;1;1;SECTOR DE TAPUYACU VINKOS;---------;-11.39241633;-75.56244605493632;DESPEJADO;;;;
A-2024-01-102-B;06/01/2024;20:50;CHOQUE;-;1;0;CARRETRA CENTRAL LA OROYA - HUANUCO KM. 152;-;-10.56308671;-76.1928660536988;;;;;
A-2024-01-103;11/01/2024;07:46;DESPISTE;-;1;2;CARRETERA MILPO-YANACANCHA KM. 48 580;SALIDA DE MILPO;-10.65474167;-76.23984076254537;DESPEJADO;IMPRUDENCIA DEL CONDUCTOR;FATIGA Y/O CANSANCIO;;
A-2024-01-104;13/01/2024;15:00;CHOQUE;-;2;1;CARRETERA INTERPROVINCIAL PASCO - YANAHUANCA KM. 10 920;CRUCE SANTA ANA DE TUSI - GOYLLARISQUIZGA;-10.59079699;-76.33560766605758;DESPEJADO;IMPRUDENCIA DEL CONDUCTOR;EXCESO DE VELOCIDAD;;