COD_ACCIDE;FechaDelAccidente;HoraDelAccidente;ClaseDelAccidente;SecuenciaAccidente;CantidadDeFallecidos;CantidadDeLesionados;Direccion;LugarReferencia;y;x;CondClimatica;CausaFactorPrincipal;CausaEspecifica;OtraCausa;Observaciones
A-2024-01-105;21/01/2024;03:00;DESPISTE;-;1;0;CARRETERA DE SAN PEDRO DEPILLAO/COLQUIPUCRO-PASCO KM 10 450;CASERIO COLQUIPUCRO;-10.43853733;-76.5229298237029;NUBLADO;IMPRUDENCIA DEL CONDUCTOR;FATIGA Y/O CANSANCIO;;
A-2024-01-106;29/01/2024;01:50;CHOQUE;-;1;2;CARRETERA CENTRAL OROYA - HUANUCO KM 171 800;RESTAURANT SOL DE HUARIACA;-10.41961269;-76.198280783964;DESPEJADO;IMPRUDENCIA DEL CONDUCTOR;EXCESO DE VELOCIDAD;;
A-2024-01-107;01/01/2024;23:58;VOLCADURA;;1;1;KM 70 CARRETERA PANAMERICANA NORTE;VARIANTE DE PASAMAYO;-11.6088642;-77.1985057;DESPEJADO;EN PROCESO DE INVESTIGACIÓN;NO CUENTA CON CAUSA ESPECIFICA;;EL ACCIDENTE SE PRODUJO EN UNA PENDIENTE EN ASCENSO
A-2024-01-108;06/01/2024;09:40;ATROPELLO;ATROPELLO CON CONSECUENCIA FATAL;1;0;URB.JUSTINA VIUDA DE MATTA;ALTURA DEL GRIFO LOS NATURALES;-11.4888391;-77.2029653;DESPEJADO;EN PROCESO DE INVESTIGACIÓN;NO CUENTA CON CAUSA ESPECIFICA;;NO PRESENRA DAÑOS MATERIALES
A-2024-01-109;13/01/2024;09:40;CHOQUE FUGA;CHOQUE, VOLCADURA;1;0;CARRETERA PANAMERICANA NORTE KM 81;POR INMEDIACIONES DEL GRIFO EL NEGRO;-11.573817;-77.2631322;DESPEJADO;EN PROCESO DE INVESTIGACIÓN;NO CUENTA CON CAUSA ESPECIFICA;;ACCIDENTE DE TRANSITO CON CONSECUENCIA FATAL
A-2024-01-110;30/01/2024;07:00;CHOQUE CON OBJETO FIJO;CHOQUE, VOLCADURA, CAIDA DE CONDUCTOR Y OCUPANTE;1;1;CARRETERA CAJARURO - BAGUA (CENTRO POBLADO TOMAQUE);;-5.651065;-78.503129;DESPEJADO;EN PROCESO DE INVESTIGACIÓN;NO CUENTA CON CAUSA ESPECIFICA;;SE ENCUENTRA EN INVESTIGACIÒ A FIN DE DETERMINAR LA CAUSA DEL ACCIDENTE
A-2024-01-111;01/01/2024;13:00;DESPISTE;VOLCADURA EM CAMPANA ANTERIOR;1;3;CARRETERA CAJAMARCA - DISTRITO BALSAS . SECTOR EL LANCHE;;-6.894347193;-78.0908865964999;DESPEJADO;IMPRUDENCIA DEL CONDUCTOR;OTRO (IMPRUDENCIA DEL CONDUCTOR);;
A-2024-01-112;14/01/2024;02:10;CHOQUE;LATERAL POSITIVO CON SUBSECUENTE VOLCADURA EN TONEL DERECHO 1/1;1;3;CARRETERA JAÉN - SAN IGNACIO (REF. PROYECTO ESPECIAL);;-5.655685;-78.754393;DESPEJADO;IMPRUDENCIA DEL CONDUCTOR;CONDUCIR EN ESTADO DE EBRIEDAD Y/O DROGADICCIÓN;;
A-2024-01-113;06/01/2024;13:00;ATROPELLO;POR PROYECCIÓN;1;0;CARRETERA QUE CONDUCE DE CUTERVO A TACABAMBA;;-6.405112;-78.7398;DESPEJADO;IMPRUDENCIA DEL CONDUCTOR;EXCESO DE VELOCIDAD;;
A-2024-01-114;18/01/2024;06:00;DESPISTE;;1;1;PARCIAL Y VOLCADURA ;;-6.243248754;-78.5524646003141;DESPEJADO;IMPRUDENCIA DEL CONDUCTOR;OTRO (IMPRUDENCIA DEL CONDUCTOR);;
A-2024-01-115;21/01/2024;06:30;DESPISTE;PARCIAL Y VOLCADURA ;1;5;CARRETRA QUE CONDUCE DEL C.P. PATAHUAZ - CUTERVO ;;-6.476581;-78.769667;DESPEJADO;IMPRUDENCIA DEL CONDUCTOR;EXCESO DE VELOCIDAD;;
A-2024-01-116;22/01/2024;22:00;CAÍDA DE PASAJERO;SUBSECUNETE ATROPELLO POR APALASTAMINETO;1;0;CARRETERA DEL CENTRO POBLADO TAULIS- CASERIO VALDIVIA.;;-6.936034002;-78.9863424410408;DESPEJADO;NEGLIGENCIA DEL CONDUCTOR;OTRO (NEGLIGENCIA DEL CONDUCTOR);;
A-2024-01-118;24/01/2024;20:00;ATROPELLO;POR PROYECCIÓN;1;0;INTERIOR DE UN RECITO PRIVADO LOCAL DE AGREGADOS;;-6.504739;-78.48141;DESPEJADO;NEGLIGENCIA DEL CONDUCTOR;OTRO (NEGLIGENCIA DEL CONDUCTOR);LA ACCIÓN NEGLIGENTE DEL CONDUCTOR DE LA UT-1, AL DAR LA RESPONSABILIDAD DE AYUDANTE A UN MENOR DE EDAD AL REALIZAR LA MANIOBRA DE INGRESO AL LOCAL EN RETROCESO SIN CONTAR CON EL SISTEMA DE LUCES POSTERIORES DEL VEHÍCULO EN BUENAS CONDICIONES, SIN LUZ ARTIFICIAL Y EN UN TERRENO CON OBSTÁCULOS Y PRESENCIA DE DESNIVELES Y ESPACIO REDUCIDO PARA REALIZAR LA MANIOBRA DE DESCARGA.;
A-2024-01-12;17/01/2024;14:30;DESPISTE;VOLCADURA;1;0;CARRETERA PUNO-DESAGUADERO;KM. 1463 560;-16.27565241;-69.28982171871066;DESPEJADO;IMPRUDENCIA DEL CONDUCTOR;EXCESO DE VELOCIDAD;;
A-2024-01-13;14/01/2024;23:40;DESPISTE;;1;1;SECTOR ZETA - ANDAHUAYLAS;;-13.657647;-73.390972;LLUVIOSO;IMPRUDENCIA DEL CONDUCTOR;CONDUCIR EN ESTADO DE EBRIEDAD Y/O DROGADICCIÓN;;DESPISTE, CHOQUE CON CONSECUENCIA FATAL
A-2024-01-14-A;18/11/2023;00:30;ATROPELLO FUGA;ATROPELLO Y FUGA;1;0;CARRETERA SIBAYO A CALLALLI;PUENTE SIBAYO;-15.497639;-71.45739;DESPEJADO;NO IDENTIFICA LA CAUSA;;;SIN OBSERVACIONES
A-2024-01-14-B;2024-01-21 00:00:00;18:20;DESPISTE;DESPISTE VOLCADURA;1;0;KM 8 DE LA CARRTERA CHAPI YARABAMBA;PLAZA PEREGRINOS DE CHAPI ;-16.527119;-71.483392;DESPEJADO;NO IDENTIFICA LA CAUSA;;;SIN OBSERVACIONES
A-2024-01-15;24/01/2024;21:10;CHOQUE;CHOQUE CON SUBSECUENTE MUERTE;1;1;AV PRINCIPAL DEL SECTOR 5 ;COLEGIO SAN MARTIN;-16.323002;-71.591658;DESPEJADO;NO IDENTIFICA LA CAUSA;;;SIN OBSERVACIONES
A-2024-01-16;25/01/2024;20:20;ATROPELLO;ATROPELLO Y CHOQUE;1;0;INTERSECCIÓN CALLE NUEVA CON CALLE VICTOR LIRA;CENTRO COMERCIAL EL PALACIO;-16.404338;-71.532858;DESPEJADO;NO IDENTIFICA LA CAUSA;;;SIN OBSERVACIONES
A-2024-01-17;26/01/2024;19:00;ATROPELLO;ATROPELLO CON SUBSECUENTE MUERTE;1;0;KM 9.800 DE LA VIA DE PENETRACIÓN A MATARANI;KM 9;-16.697181;-71.923837;DESPEJADO;NO IDENTIFICA LA CAUSA;;;SIN OBSERVACIONES
A-2024-01-18;03/01/2024;17:00;CHOQUE FUGA;-;1;0;CARRETERA PANAMERICANA NORTE ALTURA DEL KM. 581.6;-;-8.047059898;-79.08575599323305;DESPEJADO;IMPRUDENCIA DEL CONDUCTOR;CONDUCIR EN ESTADO DE EBRIEDAD Y/O DROGADICCIÓN;;
A-2024-01-19;08/01/2024;20:20;DESPISTE;-;7;8;CARRETERA PANAMERICANA NORTE ALTURA DEL KM. 593;-;-7.957124;-79.088982;DESPEJADO;IMPRUDENCIA DEL CONDUCTOR;OTRO (IMPRUDENCIA DEL CONDUCTOR);AL DESPLAZARSE DE MANERA CONFIADA;
A-2024-01-2;01/01/2024;09:30;DESPISTE;VOLCADURA;1;0;CCACALLOJANA;;-13.557894;-73.276306;NUBLADO;IMPRUDENCIA DEL CONDUCTOR;CONDUCIR EN ESTADO DE EBRIEDAD Y/O DROGADICCIÓN;;ACCIDENTE DE TRANSITO DESPISTE VOLCADURA CON CONCECUENCIA MUERTE
A-2024-01-20;03/01/2024;23:00;CHOQUE CON OBJETO FIJO;DESPISTE Y CHOQUE ;1;1;CARRETERA CAJARURO - BAGUA KM 12 795.43;;-5.683117;-78.483259;DESPEJADO;EN PROCESO DE INVESTIGACIÓN;NO CUENTA CON CAUSA ESPECIFICA;;EL CASO, SE ENCUENTRA EN PROCESO DE INVESTIGACIÓN, FALTA RECOPILACIÓN DE DILIGENCIAS COMO, RML, DECLARACIONES, ENTRE OTRAS DILIGENCIAS PENDIENTES
A-2024-01-21;09/01/2024;00:55;CHOQUE;-;1;0;CARRETERA PANAMERICANA NORTE ALTURA DEL KM. 478;-;-8.716819451;-78.63644593856343;DESPEJADO;IMPRUDENCIA DEL CONDUCTOR;OTRO (IMPRUDENCIA DEL CONDUCTOR);DESATENCION EN LA CONDUCCION;
A-2024-01-22;14/01/2024;05:20;CHOQUE;-;4;0;CARRETER PANAMERICANA NORTE ALTURA DEL KM. 566;-;-8.142941;-79.027475;DESPEJADO;IMPRUDENCIA DEL CONDUCTOR;CONDUCIR EN ESTADO DE EBRIEDAD Y/O DROGADICCIÓN;;
A-2024-01-23;15/01/2024;20:15;CHOQUE;-;1;0;INTERSECCION DE LA CARRETERA INDUSTRIAL Y LA AV. FEDERICO VILLARREAL;-;-8.108898138;-78.9962266928641;DESPEJADO;NO IDENTIFICA LA CAUSA;;;
A-2024-01-24;21/01/2024;01:00;ATROPELLO FUGA;-;1;1;INTERSECCION DE LA AV. JOSE GABRIEL CONDORCANQUI Y LA AV. INDOAMERICANA;-;-8.062266762;-79.05231172886009;DESPEJADO;IMPRUDENCIA DEL PEATÓN;OTRO (IMPRUDENCIA DEL PEATÓN);NO LE ASISTIA EL DERECHO DE PASO;
A-2024-01-25;28/01/2024;01:00;DESPISTE;DESPISTE CHOQUE;1;0;AV ANDRES AVELINO CACERES;MERCADO NUEVA ESPERANZA;-16.424799;-71.53698;DESPEJADO;NO IDENTIFICA LA CAUSA;;;SIN OBSERVACIONES
A-2024-01-26;17/01/2024;17:10;ATROPELLO;ATROPELLO, SEGUIDO DESPISTE, VOLCADURA Y CHOQUE;1;2;AV. CUSCO CON LA CALLE LORETO;;-13.530218;-71.938333;DESPEJADO;IMPRUDENCIA DEL CONDUCTOR;EXCESO DE VELOCIDAD;;NINGUNO
A-2024-01-27;05/01/2024;18:30;ESPECIAL;ESPECIAL SEGUIDOO DE VOLCADURA ;1;1;RED REGIONAL. RUTA CU-765. TRAMO SANTO TOMAS-VELILLE. SECTOR  CHUÑOHUIRE.;;-14.515837;-72.036882;NUBLADO;IMPRUDENCIA DEL CONDUCTOR;EXCESO DE VELOCIDAD;;NINGUNO
A-2024-01-28;21/01/2024;19:00;CHOQUE;-;1;0;CARRETERA DE ACCESO A QUIRIHUAC ALTURA DEL KM. 7.46;-;-8.068459804;-78.82128769711494;DESPEJADO;IMPRUDENCIA DEL CONDUCTOR;CONDUCIR EN ESTADO DE EBRIEDAD Y/O DROGADICCIÓN;;
A-2024-01-29;11/01/2024;17:00;DESPISTE;DESPISTE SEGUIDO DE VOLCADURA ;1;1;TROCHA CARROZABLE COMUNIDAD INQUILLPATA-COMUNIDAD CONCHACALLA Y MANTOCLLA. SECTOR QUISCAPATA. DISTRITO DE ANTA. PROVINCIA DE ANTA. DEPARTAMENTO DE CUSCO;SECTOR QUISCAPATA;-13.55506537;-72.1724414712503;DESPEJADO;EN PROCESO DE INVESTIGACIÓN;NO CUENTA CON CAUSA ESPECIFICA;;NINGUNO
A-2024-01-3;02/01/2024;11:30;ATROPELLO;ATROPELLO CON SUBSECUENTE MUERTE;1;0;PASAJE UNION DEL PUEBLO TRAD PAMPAS DEL CUSCO ;PAMPAS DEL CUSCO;-16.448458;-71.565911;DESPEJADO;EN PROCESO DE INVESTIGACIÓN;NO CUENTA CON CAUSA ESPECIFICA;;S/O
A-2024-01-30;04/01/2024;11:00;CHOQUE;CHOQUE SEGUIDO DESPISTE;1;5;RED VIAL NACIONAL LONGITUDINAL  LA OROYA – PUENTE DESAGUADERO TRAMO SICUANI MARANGANI ALTURA DE LA COMUNIDAD SENCCA CHECTUYOC SECTOR LA PASCANA KM 1112 800 DEL DISTRITO DE SICUANI PROVINCIA CANCHIS Y DPTO. DEL CUSCO;COMUNIDAD SENCCA;-14.29386553;-71.21766143678256;DESPEJADO;IMPRUDENCIA DEL CONDUCTOR;INVASIÓN DE CARRIL;;NINGUNO
A-2024-01-31;22/01/2024;18:25;ESPECIAL;-;1;0;CARRETERA DE ACCESO A SEBASTROPOL S/N;-;-7.147052773;-79.41986076164667;DESPEJADO;NO IDENTIFICA LA CAUSA;;;
A-2024-01-32;23/01/2024;19:40;DESPISTE;-;1;3;CARRETERA PANAMERICANA NORTE ALTURA DEL KM. 725.5;-;-7.15546262;-79.44490654375898;DESPEJADO;NO IDENTIFICA LA CAUSA;;;
A-2024-01-33;24/01/2024;17:00;DESPISTE;-;1;1;CARRETERA DE ANEXO A RETAMAS ;-;-7.878126833;-77.62553922514466;DESPEJADO;NO IDENTIFICA LA CAUSA;;;
A-2024-01-34;25/01/2024;06:30;DESPISTE;-;1;0;CARRETERA DE ACCESO A SHINGUILLAN S/N;-;-7.837362763;-78.39338888675216;DESPEJADO;NO IDENTIFICA LA CAUSA;;;
A-2024-01-35;28/01/2024;19:30;CHOQUE;-;2;0;CARRETERA PANAMERICANA NORTE ALTURA DEL KM. 681;-;-7.389810801;-79.55393808511957;DESPEJADO;NO IDENTIFICA LA CAUSA;;;
A-2024-01-36;06/01/2024;07:52;ATROPELLO FUGA;ATROPELLO, EL VEHICHULO CAUSANTE SE DIO A LA FUGA;1;0;LONGITUDINAL DE LA SIERRA SUR. TRAMO COMBAPATA - SICUANI. ALTURA DE LA COMUNIDAD QQUEHUAR - SECTRO CCACHACCUNCA;SECTOR CCACHACUNCA;-14.22450645;-71.2596676030477;DESPEJADO;EN PROCESO DE INVESTIGACIÓN;NO CUENTA CON CAUSA ESPECIFICA;;NINGUNO
A-2024-01-37;05/01/2024;20:00;DESPISTE;DESPISTE, VOLCADURA SEGUIDO SUMERSION;1;0;PE-3S F TRAYECTORIA: EMP. PE-3S (DV. CHUQUIBAMBILLA) - MATARA - LAMBRAMA - ABRA LLULLITA - CHUQUIBAMBILLA - PROGRESO - CHALLHUAHUACHO (PE-3S G) - TAMBOBAMBA - ABRA CHANACAIRO - COTABAMBAS - CHINCHAYPUJIO - EMP. PE-3S (DV. COTABAMBAS).;PUENTE CHUSÑOS;-13.63374034;-72.23675544699353;DESPEJADO;IMPRUDENCIA DEL CONDUCTOR;FATIGA Y/O CANSANCIO;;NINGUNO
A-2024-01-38;28/01/2024;14:00;ATROPELLO;ATROPELLO CON PROYECCION;1;0;RED NACIONAL RAMAL URCOS - PUENTE INANBARI. TRAMO ABRA CUYUNI- ABRA PIRHUAYANI. DISTRITO OCONGATE. PROVINCIA QUISPICANCHIS. DEPARTAMENTO CUSCO ;FRONTIS DEL TALLER MECANICO ULISES;-13.63047018;-71.3863074300969;DESPEJADO;IMPRUDENCIA DEL PEATÓN;CRUCE INDEBIDO POR LA CALZADA;;NINGUNO
A-2024-01-39;01/01/2024;08:30;DESPISTE;DESPISTE, CHOQUE  SEGUIDO DE VOLCADURA ;1;0;A RED VIAL NACIONAL TRANSVERSAL VARIANTE (SIERRA SUR) HUACARPAY (CUSCO) - PACAYCASA (AYACUCHO). TRAMO COMPRENDIDO ENTRE CALCA - LAMAY. ALTURA DEL KM 46 400 SECTOR DENOMINADO CCAYTUPAMPA DEL DISTRITO Y PROVINCIA DE CALCA Y DPTO. DEL CUSCO;SECTOR  CCAYTUPAMPA;-13.338803;-71.951487;DESPEJADO;IMPRUDENCIA DEL CONDUCTOR;CONDUCIR EN ESTADO DE EBRIEDAD Y/O DROGADICCIÓN;;NINGUNO
A-2024-01-4;03/01/2024;02:00;DESPISTE;DESPISTE CHOQUE VOLCADURA;1;0;VIA DE INGRESO AL GRUPO AEREO NRO 2 FAP;GRUPO AEREO 2;-16.41918;-71.82605;DESPEJADO;NO IDENTIFICA LA CAUSA;;;S/O
A-2024-01-40;25/01/2024;15:00;ESPECIAL;VOLCADURA, CAIDADE OCUPANTE, ARRASTRE Y SUMERSION;1;1;LA RED VIAL NACIONAL TRANSVERSAL VARIANTE (SIERRA SUR) HUACARPAY (CUSCO) - PACAYCASA (AYACUCHO). TRAMO COMPRENDIDO ENTRE CARRISALES -SAN LUIS. ALTURA DEL KM 156 500 DEL SECTOR DENOMINADO BADEN SIRENACHAYUC DEL DISTRITO DE HUAYOPATA. PROVINCIA  LA CONVENCIÓN Y DPTO. DEL CUSCO;SECTOR SIRENACHAYOC;-13.08333444;-72.37108182;DESPEJADO;IMPRUDENCIA DEL CONDUCTOR;OTRO (IMPRUDENCIA DEL CONDUCTOR);EXCESO DE CONFIANZA;NINGUNO
A-2024-01-41;06/01/2024;10:00;CHOQUE;CHOQUE SEGUIDO DE VOLCADURA ;1;1;RED VIAL NACIONAL LONGITUDINAL RAMAL (3SG) CHALHUAHUACHO - MARANGANI (PUNO). TRAMO COMPRENDIDO ENTRE VELILLE - COPORAQUE.. ALTURA DEL KM. 417 DEL SECTOR DENOMINADO CONDORSAYANA DE LA COMUNIDAD DE OQUEBAMBA ;ABRA APACHETA ;-14.608693;-71.671846;DESPEJADO;IMPRUDENCIA DEL CONDUCTOR;INVASIÓN DE CARRIL;;NINGUNO
A-2024-01-42;04/01/2024;12:00;CHOQUE;.;1;1;CARRETERA PANAMERICANA NORTE KM 212.8;ALTURA DEL BORDE NORTE DEL PUENTE BOCAPAN;-3.711744571;-80.72526452116942;SOLEADO;IMPRUDENCIA DEL CONDUCTOR;OTRO (IMPRUDENCIA DEL CONDUCTOR);FALTA DE CUIDADO Y PREVENCION ;
A-2024-01-43;15/01/2024;14:05;CHOQUE;.;1;0;AVENIDA UNIVERSITARIA CUADRA II. PAMPA GRANDE ;REF. FRONTIS DE LA VIVIENDA Nº 375.;-3.579795363;-80.44893260337105;SOLEADO;IMPRUDENCIA DEL CONDUCTOR;OTRO (IMPRUDENCIA DEL CONDUCTOR);FALTA DE CUIDADO Y PREVENCION ;
A-2024-01-44;17/01/2024;21:00;CHOQUE FUGA;.;1;0;CARRETERA DE PENETRACION DE CORRALES A RICA PLAYA ;ALTURA DEL CASERIO ODIDOR;-3.715058174;-80.45305257065677;DESPEJADO;IMPRUDENCIA DEL CONDUCTOR;INVASIÓN DE CARRIL;;
A-2024-01-45;23/01/2024;05:10;DESPISTE;.;1;0;CARRETERA DE PENETRACION ZARUMILLA A PAPAYAL ;ALTURA DE LA PRIMERA ALCANTARILLA ;-3.535302954;-80.23492817048577;DESPEJADO;IMPRUDENCIA DEL CONDUCTOR;OTRO (IMPRUDENCIA DEL CONDUCTOR);FALTA DE CUIDADO Y PREVENCION ;
A-2024-01-46;28/01/2024;20:10;CHOQUE CON OBJETO FIJO;;1;1;CARRETERA DE PENETRACION DE CORRALES A RICA PLAYA KM 12.8;FRENTE A LA CONSTRUCCION DEL POZO DE OXIDACION ;-3.709474826;-80.45115354555172;DESPEJADO;IMPRUDENCIA DEL CONDUCTOR;OTRO (IMPRUDENCIA DEL CONDUCTOR);FALTA DE CUIDADO Y PREVENCION ;
A-2024-01-47;30/01/2024;22:40;CHOQUE;VOLCADURA ;1;0;CARRRETERA PANAMERICANA NORTE KM 1285.350;.;-3.519941599;-80.33883849157193;DESPEJADO;IMPRUDENCIA DEL CONDUCTOR;INVASIÓN DE CARRIL;;
A-2024-01-5;05/01/2024;14:50;CHOQUE;CHOQUE VOLCADURA;1;0;KM 14 CARRETERA INTEROCEANICA;KM 14;-16.470623;-71.694365;DESPEJADO;NO IDENTIFICA LA CAUSA;;;S/O
A-2024-01-50;15/01/2024;17:30;DESPISTE;VOLCADURA;4;0;CARRETERA HUANCAVELICA - CASTROVIRREYNA;C.P CALLQUI CHICO SECTOR CHUÑURANRA;-12.77963893;-75.02764086671536;DESPEJADO;EN PROCESO DE INVESTIGACIÓN;NO CUENTA CON CAUSA ESPECIFICA;;
A-2024-01-51;18/01/2024;06:00;DESPISTE;VOLCADURA;6;0;KM 04 480;CARRETERA HUANCAYO - AYACUCHO;-12.51075318;-74.96593179652756;DESPEJADO;EN PROCESO DE INVESTIGACIÓN;NO CUENTA CON CAUSA ESPECIFICA;;
A-2024-01-52;30/01/2024;06:00;DESPISTE;CAIDA;1;0;CARRETERA ANCO - TUCUCCASA;CP MANZANAYOC;-12.67684891;-74.58553920712949;DESPEJADO;EN PROCESO DE INVESTIGACIÓN;NO CUENTA CON CAUSA ESPECIFICA;;
A-2024-01-53;30/01/2024;20:00;CHOQUE;MUERTE, LESIONES Y DAÑOS MATERIALES;1;2;CARRETERA PANAMERICANA SUR ALTURA KM191;KM. 191;-13.451202;-76.179654;;;;;
A-2024-01-54;30/01/2024;06:00;ATROPELLO;;1;0;AV.ACAPULCO. FRONTIS MX U LT 6 URB. PRADERAS DE OQUENDO-CALLAO;;-11.9853807;-77.126034917;DESPEJADO;IMPRUDENCIA DEL CONDUCTOR;OTRO (IMPRUDENCIA DEL CONDUCTOR);DESPLAZAR SU VEHICULO (REINICIO DE MARCHA), SIN CUIDADO Y PRECAUCION, BAJO UN EXCESO DE CONFIANZA.;SIN OBSERVACION
A-2024-01-55;24/01/2024;21:10;CHOQUE;-;1;0;CARRETERA FERNANDO BELAUNDE TERRY KM 465 250;-;-6.032884;-77.203903;DESPEJADO;IMPRUDENCIA DEL CONDUCTOR;OTRO (IMPRUDENCIA DEL CONDUCTOR);;
A-2024-01-58;15/01/2024;14:30;CHOQUE;CHOQUE FRONTAL EXCENTRICO IZQUIERDO Y DESPISTE;1;0;CARRETERA REPOSO-BAGUA;;-5.711679;-78.614155;SOLEADO;EN PROCESO DE INVESTIGACIÓN;NO CUENTA CON CAUSA ESPECIFICA;;FALTA REALIZAR DILIGENCIAS PARA ESTABLECER CAUSAS
A-2024-01-59;11/01/2024;12:50;DESPISTE;;1;3;CARRETERA YARABAMBA - CANDARAVE KM 7 480;;-17.247328;-70.337243;DESPEJADO;INFRAESTRUCTURA Y ENTORNO VIAL;FACTOR AMBIENTAL;;SIN OBSERVACIONES
A-2024-01-60;05/01/2024;15:40;DESPISTE;;2;3;CARRETERA  TARATA - CHALLAPALCA KM 113;;-17.43739099;-69.97383887291441;NUBLADO;IMPRUDENCIA DEL CONDUCTOR;EXCESO DE VELOCIDAD;;SIN OBSERVACIONES
A-2024-01-61;31/01/2024;02:05;CHOQUE CON OBJETO FIJO;;1;0;AV. ALEXANDER VON HUMBOLDT (INTERSECCIÓN CON AV. MUNICIPAL);;-18.055101;-70.243549;DESPEJADO;IMPRUDENCIA DEL CONDUCTOR;OTRO (IMPRUDENCIA DEL CONDUCTOR);FALTA DE CUIDADO Y PREVENCION Y ESTADO DE EBRIEDAD;SIN OBSERVACIONES
A-2024-01-62;05/01/2024;12:15;CHOQUE;CAIDA Y VOLCADURA;1;8;CARRETERA CENTRAL LA OROYA - JAUJA MARGEN DERECHA KM. 114 800;INSTITUCION EDUCATIVA HEROES DEL CENEPA - PILCOMAYO;-12.035144;-75.261397;DESPEJADO;IMPRUDENCIA DEL CONDUCTOR;INVASIÓN DE CARRIL;;NINGUNO
A-2024-01-63;13/01/2024;07:03;DESPISTE;CHOQUE Y VOLCADURA;1;0;CARRETERA CENTRAL LA OROYA - HUANCAYO KM. 55 400;;-11.81468;-75.620389;DESPEJADO;IMPRUDENCIA DEL CONDUCTOR;OTRO (IMPRUDENCIA DEL CONDUCTOR);LA FALTA DE PRECAUCION POR PARTE DEL CONDUTOR AL MOMENTO DE CONDUCIR SU UNIDAD SIN ADOPTAR SUS MEDIDAS DE SEGURIDAD;NINGUNO
A-2024-01-64;01/01/2024;00:29;ATROPELLO;SEGUIDO DE VOLCADURA;1;1;AVENIDA ARENALES; (FRONTIS COLEGIO SANTA ROSA);-14.0595505;-75.7372631;DESPEJADO;IMPRUDENCIA DEL PEATÓN;CRUCE INDEBIDO POR LA CALZADA;;
A-2024-01-65;04/01/2024;15:45;CHOQUE;-;5;3;CARRETERA VIA LOS LIBERTADORES KM. 16.500;-;-13.6928243;-76.0222522;DESPEJADO;NO IDENTIFICA LA CAUSA;;;
A-2024-01-66;02/01/2024;01:00;DESPISTE;-;1;5;CARRETERA PANAMERICANA SUR KM. 242;-;-13.93429;-75.8748407;DESPEJADO;IMPRUDENCIA DEL CONDUCTOR;FATIGA Y/O CANSANCIO;;
A-2024-01-67;10/01/2024;14:30;CHOQUE;-;2;2;CARRETERA PANAMERICANA SUR KM. 336;-;-14.3350689;-75.6615314;SOLEADO;NO IDENTIFICA LA CAUSA;;;
A-2024-01-68;14/01/2024;16:15;ATROPELLO;-;1;0;AVENIDA FERMIN TANGUIS ;(PASANDO EL PUENTE NUEVO);-13.71229057;-76.16830907213804;DESPEJADO;NO IDENTIFICA LA CAUSA;;;
A-2024-01-69;16/01/2024;19:15;ATROPELLO;-;1;0;CPS KM. 225 ;SECTOR EDDY GARCIA;-13.6702363;-76.1543612;DESPEJADO;NO IDENTIFICA LA CAUSA;;;
A-2024-01-7;07/01/2024;13:50;DESPISTE;DESPISTE CHOQUE;1;0;KM 26 DE LA CARRETERA PANAMERICANA SUR;KM 26;-16.425136;-71.662889;SOLEADO;NO IDENTIFICA LA CAUSA;;;S/O
A-2024-01-70;26/01/2024;19:00;ATROPELLO;-;1;0;CALLE LIMA ;TERCERA CUADRA;-14.0462891;-75.70471;DESPEJADO;IMPRUDENCIA DEL CONDUCTOR;CONDUCIR EN ESTADO DE EBRIEDAD Y/O DROGADICCIÓN;;
A-2024-01-71;28/01/2024;02:40;DESPISTE;-;1;0;CALLE ALTURA DE LA ENTRADA AL CP SANTA BARBARA;-;-14.01119102;-75.70242705736425;DESPEJADO;NO IDENTIFICA LA CAUSA;;;
A-2024-01-72;31/01/2024;11:35;ATROPELLO;-;1;1;CARRETERA PANAMERICANA SUR KM. 229 APROX.;FRENTE A ELECTRODUNAS;-14.0477823;-75.7486046;DESPEJADO;IMPRUDENCIA DEL CONDUCTOR;NO DAR PASO PREFERENTE AL PEATÓN;;
A-2024-01-73;31/01/2024;11:20;CHOQUE;-;1;2;CARRETERA VIA LOS LIBERTADORES KM. 14;-;-13.687974;-76.036773;DESPEJADO;NO IDENTIFICA LA CAUSA;;;
A-2024-01-74;12/01/2024;19:00;CHOQUE;CHOQUE ;2;0;CARRETERA PIURA - LA UNION ;ALTURA DEL CASERIO DOS ALTOS - LA UNION ;-5.3674;-80.73084;DESPEJADO;;;;
A-2024-01-76;17/01/2024;02:00;DESPISTE;CHOQUE Y VOLCADURA;1;0;CARRETERA CHUPACA - HUACHAC ALTURA DEL PUENTE SAN JUAN ;;-12.046583;-75.305283;DESPEJADO;IMPRUDENCIA DEL CONDUCTOR;CONDUCIR EN ESTADO DE EBRIEDAD Y/O DROGADICCIÓN;;NINGUNO
A-2024-01-77;23/01/2024;00:10;DESPISTE;Y CHOQUE;1;2;CARRETERA CENTRAL LA OROYA - CERRO DE PASCO KM. 78;;-10.97244825;-76.03874266751114;DESPEJADO;IMPRUDENCIA DEL CONDUCTOR;OTRO (IMPRUDENCIA DEL CONDUCTOR);DESPLAZAR SU VEHICULO A UNA VELOCIDAD NO APROPIADA PARA LAS CIRCUNSTANCIAS DEL LUGAR Y MOMENTO;NINGUNO
A-2024-01-79;18/01/2024;17:31;CHOQUE;CHOQUE ;1;3;CARRETERA PIURA LA UNION ;CASERIO SANTA CRUZ - DOS ALTOS ;-5.37521;-80.73528;DESPEJADO;;;;