COD_ACCIDE;FechaDelAccidente;HoraDelAccidente;ClaseDelAccidente;SecuenciaAccidente;CantidadDeFallecidos;CantidadDeLesionados;Direccion;LugarReferencia;y;x;CondClimatica;CausaFactorPrincipal;CausaEspecifica;OtraCausa;Observaciones
A-2024-01-8;13/01/2024;07:10;VOLCADURA;VOLCADURA CHOQUE;1;0;AV LA MARINA ;ALTURA PUENTE BOLOGNESI;-16.397392;-71.541465;DESPEJADO;NO IDENTIFICA LA CAUSA;;;SIN OBSERVACIONES
A-2024-01-80;21/01/2024;17:40;DESPISTE;DESPISTE - CHOQUE ;1;0;CARRETERA PANAMERICANA NORTE KM 1011;TRAMO PIURA - SULLANA ;-5.10959;-80.70302;DESPEJADO;;;;
A-2024-01-81;24/01/2024;02:10;DESPISTE;DESPISTE SUBSECUENTE VOLCADURA ;1;0;AV. GUARDIA CIVIL ;ALTURA DEL COLEGIO MILITAR PEDRO RUIZ GALLO ;-5.18044;-80.598875;DESPEJADO;;;;
A-2024-01-82;04/01/2024;17:00;CHOQUE;-;1;0;KM 1305 98;-;-15.4239746;-70.1448474;DESPEJADO;IMPRUDENCIA DEL CONDUCTOR;CONDUCIR EN ESTADO DE EBRIEDAD Y/O DROGADICCIÓN;;NINGUNA
A-2024-01-83;07/01/2024;06:40;ATROPELLO;-;1;0;AV ANDRES AVELINO CACERES;ALTURA DE LA AV AUTRALIA ;-15.492295;-70.147604;DESPEJADO;IMPRUDENCIA DEL CONDUCTOR;EXCESO DE VELOCIDAD;;NINGUNA 
A-2024-01-84;20/01/2024;20:40;VOLCADURA;-;1;0;KM 1296 200;-;-15.314595;-70.205073;DESPEJADO;IMPRUDENCIA DEL CONDUCTOR;CONDUCIR EN ESTADO DE EBRIEDAD Y/O DROGADICCIÓN;;NINGUNA 
A-2024-01-85;24/01/2024;14:30;DESPISTE;-;2;3;KM 158;-;-14.11695723;-69.88846676825034;NUBLADO;IMPRUDENCIA DEL CONDUCTOR;CONDUCIR EN ESTADO DE EBRIEDAD Y/O DROGADICCIÓN;;NINGUNA
A-2024-01-86;27/01/2024;18:17;CHOQUE;-;1;1;KM 1303 500;-;-15.4093744;-70.1501147;DESPEJADO;IMPRUDENCIA DEL CONDUCTOR;EXCESO DE VELOCIDAD;;NINGUNA 
A-2024-01-87;28/01/2024;19:20;DESPISTE;-;1;0;KM 32 340;-;-14.75924203;-69.98416814582984;DESPEJADO;INFRAESTRUCTURA Y ENTORNO VIAL;FACTOR AMBIENTAL;;NINGUNA 
A-2024-01-88;07/01/2024;18:20;DESPISTE;-;1;0;PROLONGACION GRAU;-;-14.07351295;-70.42898559229926;LLUVIOSO;IMPRUDENCIA DEL CONDUCTOR;CONDUCIR EN ESTADO DE EBRIEDAD Y/O DROGADICCIÓN;;NINGUNA 
A-2024-01-89;15/01/2024;06:00;DESPISTE;-;1;0;SECTOR UNTUCA;-;-14.54685416;-69.41843646651559;NUBLADO;IMPRUDENCIA DEL CONDUCTOR;FATIGA Y/O CANSANCIO;;NINGUNA 
A-2024-01-9;13/01/2024;15:30;DESPISTE;DESPISTE VOLCADURA;2;2;KM 5 DE LA CARRETERA DE PENETRACION A CERRO VERDE;CARRETERA CERRO VERDE;-16.542312;-71.707481;DESPEJADO;NO IDENTIFICA LA CAUSA;;;SIN OBSERVACIONES
A-2024-01-90;19/01/2024;19:30;DESPISTE;-;1;1;KM 350 900;-;-13.2086247;-70.3664761;DESPEJADO;IMPRUDENCIA DEL CONDUCTOR;EXCESO DE VELOCIDAD;;NINGUNA 
A-2024-01-92;14/01/2024;16:00;CHOQUE;VOLCADURA CAIDA;1;0;AV. ARNALDO ALVARADO INTERSECCION CON EL JR. CABANA;ALTURA DE LA CASA COMUNAL DE CCOLLANA PUQUIO;-14.69072;-74.121177;NUBLADO;IMPRUDENCIA DEL CONDUCTOR;ADELANTAR INDEBIDAMENTE;;SIN OBSERVACIONES
A-2024-01-93;07/01/2024;15:50;DESPISTE;CHOQUE Y VOLCADURA;1;3;CARRETERA HUANCASANCOS POMABAMBA ;LUGAR DENOMINADO PUCA PUCA;-13.61998;-74.261692;DESPEJADO;IMPRUDENCIA DEL CONDUCTOR;EXCESO DE VELOCIDAD;;SIN OBSERVACIONES
A-2024-01-94;24/01/2024;14:40;DESPISTE;CHOQUE ;1;2;AV. LUIS CARRANZA CUADRA 3;DISTRITO SAN JUAN BAUTISTA;-13.16826253;-74.2217132817071;DESPEJADO;IMPRUDENCIA DEL CONDUCTOR;CONDUCIR EN ESTADO DE EBRIEDAD Y/O DROGADICCIÓN;;SIN OBSERVACIONES
A-2024-01-95;14/01/2024;17:00;DESPISTE;VOLCADURA;3;17;ICHUPUCRO;VILCAS HUAMAN;-13.645463;-73.980771;DESPEJADO;NEGLIGENCIA DEL CONDUCTOR;CONDUCIR CON FALLAS DE DIRECCIÓN;;SIN OBSERVACIONES
A-2024-01-96;04/01/2024;16:50;VOLCADURA;CAIDA;1;0;CARRETERA AYACUCHO SAN FRANCISCO;;-13.0115569;-74.1223643561845;LLUVIOSO;IMPRUDENCIA DEL CONDUCTOR;OTRO (IMPRUDENCIA DEL CONDUCTOR);EXCESO DE CONFIANZA;SIN OBSERVACIONES
A-2024-01-97;26/01/2024;14:00;VOLCADURA;;1;0;CARRETERA INGAHUASI ANGASMAYO;LUGAR DENOMINADO ANGAHUASI;-13.382;-74.376;LLUVIOSO;INFRAESTRUCTURA Y ENTORNO VIAL;FACTOR AMBIENTAL;;SIN OBSERVACIONES
A-2024-01-98;19/01/2024;16:00;CHOQUE;SEGUIDO DE DESPISTE;3;3;CARRETERA CENTRAL LA OROYA-HUANCAYO KM. 28 400;;-11.67806747;-75.77899216746763;DESPEJADO;IMPRUDENCIA DEL CONDUCTOR;INVASIÓN DE CARRIL;;NINGUNO
A-2024-01-99;11/01/2024;20:30;ATROPELLO;;1;0;AV. NESTOR GAMBETTA KM 20;LA PAMPILLA;-11.86935382;-77.1277735826605;DESPEJADO;NEGLIGENCIA DEL CONDUCTOR;OTRO (NEGLIGENCIA DEL CONDUCTOR);CONDUCIR CON ECXESO DE CONFIANZA;
A-2024-02-1;01/02/2024;20:00;DESPISTE;-;1;0;CARRETERA DE ACCESO AL CASERIO DE CHOROBAMBA;-;-7.734698953;-78.03052480256594;DESPEJADO;NO IDENTIFICA LA CAUSA;;;
A-2024-02-10;11/02/2024;06:35;DESPISTE;ATROPELLO POR COMPRESION;2;0;JR. PIURA CON JR. MARIANO H. CORNEJO;-;-15.834304;-70.029758;NUBLADO;IMPRUDENCIA DEL CONDUCTOR;EXCESO DE VELOCIDAD;;
A-2024-02-100;26/02/2024;22:50;CHOQUE FUGA;FATAL;1;0;AV. CANAVAL Y MOREYRA ALTRA. DE LA CDRA 05;ALTRA. DE LA CDRA 05;-12.09765303;-77.01926315421609;DESPEJADO;NO IDENTIFICA LA CAUSA;;;FALTA DE UN ELEMENTO PARA DETERMINAR CAUSA - FUGA
A-2024-02-11;10/02/2024;22:00;ATROPELLO;ATROPELLO, DESPISTE FATAL;1;0;AV. COLONIZADORES INGRESO PRINCIPAL AL PEDREGAL;FRONTIS TIENDA COMERCIAL FREDY;-16.359106;-72.169388;DESPEJADO;NO IDENTIFICA LA CAUSA;;;SIN OBSERVACIONES
A-2024-02-12;13/02/2024;20:00;ATROPELLO;ATROPELLO FATAL;1;0;AUTOPISTA AREQUIPA LA JOYA;ALTURA ASOC. PRO VIVIENDA JUVENTUD NUEVA;-16.364146;-71.63048;DESPEJADO;NO IDENTIFICA LA CAUSA;;;SIN OBSERVACIONES
A-2024-02-13;18/02/2024;20:45;ATROPELLO;ATROPELLO FATAL;1;0;CARRETERA PANAMERICANA SUR KM. 32;PORTALES DE OBANDO;-16.409664;-71.619861;DESPEJADO;NO IDENTIFICA LA CAUSA;;;SIN OBSERVACIONES
A-2024-02-14;04/02/2024;19:30;ATROPELLO;ATROPELLO SEGUIDO DE PROYECCION DEL PEATON;1;0;LONGITUDINAL DE LA SIERRA SUR. TRAMO COMBAPATA - SICUANI. ALTURA DEL SECTRO HATUMPAMPA -KM 1093 ;SECTOR DENOMINADO HATUMPAMPA;-14.191723;-71.334076;DESPEJADO;IMPRUDENCIA DEL CONDUCTOR;OTRO (IMPRUDENCIA DEL CONDUCTOR);EXCESO DE CONFIANZA DEL CONDUCTOR AL DESPLAZARSE  A UNA VELOCIDAD CONSTANTE;NINGUNO
A-2024-02-15;04/02/2024;04:20;CHOQUE;;1;1;RED VIAL NACIONAL LONGITUDINAL (SIERRA SUR) LA OROYA (JUNÍN) – PUENTE INTERNACIONAL DESAGUADERO (PUNO). ALTURA DEL KM. 1067 200 DE LA COMUNIDAD CAMPESINA DE CANGALLI. ;POBLACION DE CHECACUPE;-14.021116;-71.457318;DESPEJADO;IMPRUDENCIA DEL CONDUCTOR;INVASIÓN DE CARRIL;;NINGUNO
A-2024-02-16;19/02/2024;03:15;CHOQUE;;3;0;RED VIAL NACIONAL LONGITUDINAL LA OROYA - PUENTE DESAGUADERO. TRAMO COMPRENDIDO ENTRE SAYLLA Y OROPESA. ALTURA DEL KM. 990 DEL CENTRO POBLADO DE TIPON DEL DISTRITO DE OROPESA;CENTRO POBLADO DE TIPON;-13.59084763;-71.7892386920133;LLUVIOSO;IMPRUDENCIA DEL CONDUCTOR;INVASIÓN DE CARRIL;;NINGUNO
A-2024-02-17;16/02/2024;19:30;DESPISTE;;2;1;CENTRO POBLADO DE SACCLAYA;DISTRITO DE HUANCABAMBA;-13.760188;-73.376633;LLUVIOSO;NO IDENTIFICA LA CAUSA;;;DELITO CONTRA EL CUERPO, LA VIDA Y LA SALUD - HOMICIDIO CULPOSO
A-2024-02-19;05/02/2024;02:45;DESPISTE;-;1;2;CARRETERA FERNANDO BELAUNDE TERRY KM 485 500;PUENTE INDOCHE;-6.049091;-77.039877;DESPEJADO;IMPRUDENCIA DEL CONDUCTOR;OTRO (IMPRUDENCIA DEL CONDUCTOR);IMPRUDENCIA DEL CONDUCTOR;
A-2024-02-2;01/02/2024;19:30;CHOQUE;CHOQUE, DESPISTE FATAL;1;1;VARIANTE DE UCHUMAYO KM.3.6;ALTURA OVALO EL CONDOR;-16.405828;-71.590258;NUBLADO;NO IDENTIFICA LA CAUSA;;;SIN OBSERVACIONES
A-2024-02-20;07/02/2024;16:20;ATROPELLO;;1;0;CARRETERA FERNANDO BELAUNDE TERRY;PLANTA DE CEMENTO;-5.995798;-77.272301;DESPEJADO;IMPRUDENCIA DEL PEATÓN;CRUCE INDEBIDO POR LA CALZADA;;
A-2024-02-21;17/02/2024;23:30;ATROPELLO FUGA;ATROPELLO SEGUIDO DE FUGA, DEL VEHICULO CONJUNTAMENTE CON EL CONDUCTOR ;1;0;RED VIAL NACIONAL LONGITUDINAL LA OROYA - PUENTE DESAGUADERO PUNO. ALTURA DEL KM. 985 700 TRAMO COMPRENDIDO CUSCO - SAYLLA. PARADERO LLAMAGAS DEL DISTRITO DE SAYLLA;SECTOR ANGOSTURA;-13.5641;-71.8394;DESPEJADO;EN PROCESO DE INVESTIGACIÓN;NO CUENTA CON CAUSA ESPECIFICA;;NINGUNO
A-2024-02-22;09/02/2024;15:45;FERROVIARIO;FERROVIARIO - ARROLLAMIENTO;1;0;VIA FERREA. CUSCO- MACHUPICCHU. ALTURA DEL SECTOR PICCHU SAN MARTIN;CERCADO DEL CUSCO ;-13.52123;-71.988879;DESPEJADO;IMPRUDENCIA DEL PEATÓN;ESTADO DE EBRIEDAD Y/O DROGADICCIÓN;;NINGUNO
A-2024-02-23;18/02/2024;10:40;DESPISTE;DESPISTE SEGUIDO DE VOLCADURA;1;0;VIA VECINAL QUEBRADA -LACO LLAVERO;SECTOR  DE SAGRAMENTO DE LA SEGUNDA ZONA DE LA CUENTA LACO LLAVERO;-12.575459;-72.53775;DESPEJADO;IMPRUDENCIA DEL CONDUCTOR;OTRO (IMPRUDENCIA DEL CONDUCTOR);AL CRUZAR EL PUNETE PEATONAL, A BORDO DEL VEHICULO MENOR ;NINGUNO
A-2024-02-24;14/02/2024;05:30;DESPISTE;VOLCADURA;1;3;CARRETERA PANAMERICANA SUR PUNO-DESAGUADERO;KM. 1501;-16.4687741;-69.12988720003219;LLUVIOSO;INFRAESTRUCTURA Y ENTORNO VIAL;OTRO (INFRAESTRUCTURA Y ENTORNO VIAL);LLUVIA Y CHARCOS DE AGUA;
A-2024-02-25;14/02/2024;21:03;CHOQUE;FUGA;1;0;CARRETERA PANAMERICANA SUR PUNO-DESAGUADERO;COMUNIDAD ANCASAYA;-16.0952657;-69.6220801;DESPEJADO;NO IDENTIFICA LA CAUSA;;;FALTA DE UN ELEMENTO (VEHICULO)
A-2024-02-26;15/02/2024;05:20;CHOQUE;FATAL;1;0;CARRETERA ZEPITA-YUNGUYO;COMUNIDAD MACHACAHUYO;-16.46889242;-69.12971020673335;DESPEJADO;IMPRUDENCIA DEL CONDUCTOR;INVASIÓN DE CARRIL;;
A-2024-02-27;16/02/2024;08:00;ATROPELLO FUGA;FUGA;1;0;CARRETERA YAPURA-CAPACHICA;SECTOR PAMPILLA;-15.62074205;-69.83510993607737;DESPEJADO;IMPRUDENCIA DEL PEATÓN;CRUCE INDEBIDO POR LA CALZADA;;
A-2024-02-28;18/02/2024;02:00;ATROPELLO FUGA;FUGA;1;0;CARRATERA PANAMERICANA SUR PUNO-DESAGUADERO;SECTOR CABALLO CANSADO;-16.17741107;-69.53393190086886;DESPEJADO;IMPRUDENCIA DEL CONDUCTOR;OTRO (IMPRUDENCIA DEL CONDUCTOR);EXCESO DE CONFIANZA;FALTA DE UN ELEMENTO (VEHICULO)
A-2024-02-3;08/02/2024;05:00;CHOQUE;-;2;16;CARRETERA PANAMERICANA NORTE ALTURA DEL KM. 517;-;-8.4216244;-78.783933;DESPEJADO;NO IDENTIFICA LA CAUSA;;;
A-2024-02-30;18/02/2024;05:10;ATROPELLO;-;1;0;CARRETERA  EN EL INTERIOR DE LA COMPAÑIA MINERA PODEROSA S.A.;-;-7.71779537;-77.6632707699;DESPEJADO;NO IDENTIFICA LA CAUSA;;;
A-2024-02-31;17/02/2024;19:00;DESPISTE;-;1;3;CARRETERA DE PENETRACION A LA SIERRA LIBERTEÑA ALTURA DEL KM. 136;-;-8.012174999;-78.3037855466062;DESPEJADO;IMPRUDENCIA DEL CONDUCTOR;OTRO (IMPRUDENCIA DEL CONDUCTOR);NO CHEQUEAR EL SISTEMA DE FRENOS DEL VEHICULO;
A-2024-02-32;18/02/2024;20:10;ATROPELLO;-;1;0;AV. LA MARINA ALTURA DEL GRIFO EL CHE;-;-8.15767336;-79.01224176;DESPEJADO;NO IDENTIFICA LA CAUSA;;;
A-2024-02-33;22/02/2024;10:00;DESPISTE;-;1;4;CARRETERA DE ACCESO AL AAHH NUEVA ESPERANZA S/N;-;-8.33472185;-77.25402556301286;DESPEJADO;IMPRUDENCIA DEL CONDUCTOR;VEHÍCULO MAL ESTACIONADO;;
A-2024-02-34;22/02/2024;12:00;CHOQUE;-;1;2;CARRETERA PANAMERICANA NORTE ALTURA DEL KM. 626;-;-7.737051963;-79.2954011547;DESPEJADO;NO IDENTIFICA LA CAUSA;;;
A-2024-02-35;24/02/2024;15:50;CHOQUE;-;1;0;INTERSECCION DE LA CARRETERA PANAMERICANA NORTE CON LA CARRERERA DE ACCESO AL CP SANTA MARIA;-;-8.443392121;-78.7475442432;DESPEJADO;NO IDENTIFICA LA CAUSA;;;
A-2024-02-36;24/02/2024;22:00;DESPISTE;-;1;0;CARRETERA DE PENETRACION AL CP ÑAMPOL;-;-7.336321617;-79.47167834692206;DESPEJADO;NO IDENTIFICA LA CAUSA;;;
A-2024-02-37;24/02/2024;20:45;CHOQUE;CHOQUE FATAL;1;0;VARIANTE DE UCGUMAYO KM. 5;FRENET A LA BALANZA ELECTRONICA;-16.404679;-71.575925;DESPEJADO;NO IDENTIFICA LA CAUSA;;;SIN OBSERVACIONES
A-2024-02-38;25/02/2024;00:45;ATROPELLO FUGA;ATROPELLO FATAL Y FUGA;1;0;CALLE MISTI 101 PP.JJ. MARIANO MELGAR;FRENTE AL INMUEBLE 101;-16.40436657;-71.48982340649606;DESPEJADO;NO IDENTIFICA LA CAUSA;;;SIN OBSERVACIONES
A-2024-02-39;14/02/2024;00:30;DESPISTE;DESPISTE SEGUIDO DE VOLCADURA;1;3;RED VIAL NACIONAL LONGITUDINAL CHALLHUAHUANCHO - AYAVIRI. TRAMO COMPRENDIDO ENTRE ESPINAR - SANTO TOMAS. ALTURA DEL KM. 402  100 DEL SECTOR DE HUAYLLA APACHETA DEL DISTRITO DE LIVITACA. PROVINCIA DE CHUMBIVILCAS DPTO. DEL CUSCO.;KM 402 100;-14.5802815;-71.72681799304192;NIEBLA;IMPRUDENCIA DEL CONDUCTOR;OTRO (IMPRUDENCIA DEL CONDUCTOR);EXCESO DE CONFIANZA;NINGUNO
A-2024-02-4;03/02/2024;16:40;CHOQUE;MUERTE, LESIONES, DAÑOS MATERIALES;1;1;AV. DOS DE MAYO - JR. SAN MARTIN DE PORRES ;AV. DOS DE MAYO ;-13.403801;-76.132932;;;;;
A-2024-02-40;03/02/2024;19:20;ATROPELLO FUGA;ATROPELLO SEGUIDO VEHICULO Y CONDUCTOR SE DIERON A LA FUGA;1;0;LONGITUDINAL DE LA SIERRA SUR. TRAMO ANTA - CUSCO. ALTURA DEL KM 951 400;SECTOR CAJAMARCA;-13.48309722;-72.07851111;NUBLADO;EN PROCESO DE INVESTIGACIÓN;NO CUENTA CON CAUSA ESPECIFICA;;NINGUNO
A-2024-02-41;15/02/2024;12:20;ATROPELLO;;1;0;JR. BERNARDO ALCEDO;;-13.52876389;-71.97397222;DESPEJADO;IMPRUDENCIA DEL CONDUCTOR;OTRO (IMPRUDENCIA DEL CONDUCTOR);NO ESTABLECER EL DERECHO DE PASO;NINGUNO
A-2024-02-42;24/02/2024;14:20;DESPISTE;DESPISTE SEGUIDO DE VOLCADURA ;1;0;RED VIAL TRANSVERSAL. TRAMO OCNGATE  - MARCAPATA. KM 104 700;;-13.62705556;-71.06597222;DESPEJADO;IMPRUDENCIA DEL CONDUCTOR;EXCESO DE VELOCIDAD;;NINGUNO
A-2024-02-43;20/02/2024;09:30;ATROPELLO;FATAL;1;0;CARRETERA PANAMERICANA SUR PUNO-DESAGUADERO;KM. 1503, COMUNIDAD SANTA CRUZ CUMI;-16.5414055;-69.0579934;DESPEJADO;IMPRUDENCIA DEL PEATÓN;CRUCE INDEBIDO POR LA CALZADA;;
A-2024-02-44;25/02/2024;19:00;CHOQUE;FATAL;1;0;CARRETERA PANAMERICANA SUR PUNO-DESAGUADERO;ALTURA COMUNIDAD ANCASAYA;-16.10354488;-69.60962713043281;DESPEJADO;IMPRUDENCIA DEL CONDUCTOR;EXCESO DE VELOCIDAD;;
A-2024-02-45;19/02/2024;07:30;DESPISTE;;1;5;SECTOR SANTA MARÍA - KUTINACHACA;DISTRITO DE ORONCCOY;-13.427307;-73.400218;DESPEJADO;IMPRUDENCIA DEL CONDUCTOR;EXCESO DE VELOCIDAD;;ACCIDENTE DE TRANSITO DESPISTE, VOLCADURA
A-2024-02-46;28/02/2024;12:20;CHOQUE FUGA;CHOQUE Y FUGA FATAL,LESIONES Y DAÑOS MATERIALES;1;1;CARRETERA PANAMERICA SUR KM. 788.600;FRENET ESCUELA DE LA PNP;-16.552298;-71.815992;DESPEJADO;NO IDENTIFICA LA CAUSA;;;SIN OBSERVACIONES
A-2024-02-47;12/02/2024;03:10;DESPISTE;DESPISTE SEGUIDO DE VOLCADURA ;5;0;RED VIAL NCINAL TRANSVERSAL PACAYCAS - HUACARPAY. TAMO COMPRENDIDO ENTRE ABRA MALAGA - HUYRO. ATRUA DEL KM 155 290. SECTOR DENOMINADO CARRIZALES DELDISTRITO DE HUAYOPATA. PROVINICA DE LA CONVENCIÓN. DEPARTAMETNO DEL CUSCO.;SECTOR CARRIZALES;-13.085378;-72.380995;LLUVIOSO;IMPRUDENCIA DEL CONDUCTOR;FATIGA Y/O CANSANCIO;;NINGUNO
A-2024-02-48;25/02/2024;06:30;DESPISTE;DESPISTE Y VOLCADURA;1;3;RED VIAL NCINAL LONGITUDINAL (RAMAL)  CHALHUAHUACHO - AYAVIRI. TRAMO COMPRENDIDO ENTRE ABRA APACHETA - VELILLE.ALTURA DEL KM.  178. SECTOR DENOMINADO HUAYLLA APACHETA DELDISTRITO DE LIVITACA. PROVINICA DE SANTO TOMAS. DEPARTAMETNO DEL CUSCO.;SECTOR ABRA APACHETA;-14.58788196;-71.73256335113707;DESPEJADO;IMPRUDENCIA DEL CONDUCTOR;OTRO (IMPRUDENCIA DEL CONDUCTOR);INTERPOSICION EN SU EJE DE MARCHA DE OTRO VEHICULO ;NINGUNO
A-2024-02-49;23/02/2024;04:30;ATROPELLO FUGA;VEHICULO Y CONDUCTOR SE DIO A LA FUGA;1;0;CALLE JORGE BASADRE. APV ALTO WIMPILLAY;;-13.54513;-71.955572;LLUVIOSO;EN PROCESO DE INVESTIGACIÓN;NO CUENTA CON CAUSA ESPECIFICA;;NINGUNO
A-2024-02-5;03/02/2024;05:15;DESPISTE;DESPISTE, CHOQUE Y VOLCADURA FATAL;1;42;CARRETERA PANAMERICANA SUR KM.923.800;CARRETERA PANAMERICANA SUR;-16.344522;-72.13654;DESPEJADO;NO IDENTIFICA LA CAUSA;;;SIN OBSERVACIONES
A-2024-02-50;14/02/2024;10:00;ESPECIAL;CARGA DEL VEHICULO, SE DESPRENDE DE LA TOLVA DEL VEHICULO, ;1;0;TROCHA CARROZABLE DE LA COMUNIDAD ALTO SAUSAYA - CHECC;;-14.5453025;-71.39402028162532;LLUVIOSO;NEGLIGENCIA DEL CONDUCTOR;OTRO (NEGLIGENCIA DEL CONDUCTOR);NO CONOCER EL SISTEMA MECANICO DE LA PUERTA POSTERIOR ;NINGUNO
A-2024-02-51;20/02/2024;05:30;CHOQUE;FATAL, LESIONES Y DAÑOS MATERIALES ;1;4;CARRETERA PANAMERICANA SUR KM 185;KM 185;-13.400668;-76.195051;;;;;
A-2024-02-52;04/02/2024;02:40;CHOQUE;CHOQUE SEGUIDO DE VOLCADURA ;1;0;AVENIDA PRINCIPAL SIN NOMBRE ACCESO AL VALLE SAGRADO CCOTOHUINCHO ALTURA DEL DISTRIBUIDOR DE GAS (SEBAGAS) REFERENCIA SALIDA DEL TERMINAL DE URUBAMBA DE LA PROVINCIA DE URUBAMBA DEPARTAMENTO DE CUSCO;;-13.303219;-72.12661;DESPEJADO;IMPRUDENCIA DEL CONDUCTOR;CONDUCIR EN ESTADO DE EBRIEDAD Y/O DROGADICCIÓN;;NINGUNO
A-2024-02-53;29/02/2024;06:20;CHOQUE;CHOQUE FATAL CON SUB SECUENTE MUERTE ;1;1;CARRETERA AREQUIPA MATARANI KM.14;KM.14 LAGUNA SAN CAMILO;-16.728761;-71.946418;DESPEJADO;NO IDENTIFICA LA CAUSA;;;SIN OBSERVACIONES
A-2024-02-54;22/02/2024;21:00;DESPISTE;FATAL Y DAÑOS MATERIALES ;2;0;CARRETERA A SAN JUAN DE YANAC ALTURA KM 30;CARRETEREA SAN JUAN DE YANAC ;-13.235706;-75.898956;;;;;
A-2024-02-55;25/02/2024;03:32;CHOQUE;.;1;4;CARRETERA PANAMERICANA NORTE KM 238.3;.;-3.617406094;-80.53200598260511;DESPEJADO;IMPRUDENCIA DEL CONDUCTOR;NO ESTABLECER EL DERECHO DE PASO;;
A-2024-02-56;25/02/2024;06:20;ATROPELLO FUGA;.;1;0;CARRETERA PANAMERICANA NORTE KM 207.200;.;-3.735100122;-80.76705330187568;DESPEJADO;IMPRUDENCIA DEL PEATÓN;ESTADO DE EBRIEDAD Y/O DROGADICCIÓN;;
A-2024-02-57;21/02/2024;06:00;DESPISTE;;1;0;SECTOR CURAMPA;;-13.372159;-73.732751;DESPEJADO;IMPRUDENCIA DEL CONDUCTOR;EXCESO DE VELOCIDAD;;DESPISTE CON CONSECUENCIA FATAL
A-2024-02-59;23/02/2024;16:30;DESPISTE;DESPISTE Y VOCADURA;1;16;CARRETERA FERNANDO BELAÚNDE TERRY KM. 253 927.30 ;;-5.8406012;-78.236837;DESPEJADO;EN PROCESO DE INVESTIGACIÓN;NO CUENTA CON CAUSA ESPECIFICA;;FALTA PERICIA DE DOSAJE ETÍLICO, RML DE LOS LESIONADOS Y DECLARACIONES
A-2024-02-6;04/02/2024;07:30;CHOQUE;CHOQUE FRONTAL FATAL;1;6;CARRETERA COSTANERA KM.113;CARRETERA COSTANERA KM.113;-17.086773;-71.916507;DESPEJADO;NO IDENTIFICA LA CAUSA;;;SIN OBSERVACIONES
A-2024-02-61;26/02/2024;13:45;CAÍDA DE PASAJERO;EL VEHICULO  MOTOCICLETA CON PLACA DE RODAJE X57483,  SE DESPLAZABA POR LA VIA EN SENTIDO DE NORTE A SUR, EN CIRCUNSTANCIAS  QUE PIERDE EL CONTROL  Y EQULIBRIO DEL VEHICULO QUE CONDUCIA POR NO IMPACTAR  AL VEHICULO CAMION VOLQUETE  DE PLACA DE RODAJE   BTW-707, QUE CIRCULABA EN SENTIDO OPUESTO, PERD;2;0;LONGITUDINAL DE LA SIERRA SUR. TRAMO CENTRO POBLADO DE KITENI-IVOCHOTE . LATURA DEL SECTOR  KORIMANI;SECTOR KORIMANI;-12.617882;-73.08501;SOLEADO;IMPRUDENCIA DEL CONDUCTOR;EXCESO DE VELOCIDAD;;NINGUNA
A-2024-02-62;09/02/2024;10:30;CHOQUE;EL VEHICULO MENOR MOTOCICLETA SIN PLACA DE RODAJE SE DESPLAZABA POR LA VIA EN SENTIDO DE OESTE A ESTE, EN CIRCUNSTANCIAS  QUE PIERDE EL CONTROL  Y EQULIBRIO DEL VEHICULO QUR CONDUCIA DONDE IMPACTA EN LA PARTE LATERAL IZQUIERDA DEL VEHICULO DE PLACA DE RODAJEBJS-729 QUE CIRCULABA EN SENTIDO DE ESTE A;1;1;CARRETERA CENTRO POBLADO PALME REAL - CENTRO POBLADO QUITENI DEL DISTRITO DE ECHARATE;SECTOR SANGANATO DEL CENTRO POBLADO DE PALMA REAL;-12.5978;-72.7246;DESPEJADO;IMPRUDENCIA DEL CONDUCTOR;EXCESO DE VELOCIDAD;;NINGUNA
A-2024-02-63;18/02/2024;05:00;ATROPELLO FUGA;;1;0;CARRETERA COSTANERA SUR KM 26 500;;-18.177781;-70.504505;DESPEJADO;NO IDENTIFICA LA CAUSA;;;SIN OBSERVACIONES
A-2024-02-64;28/02/2024;19:30;ATROPELLO;;1;0;CARRETERA PANAMERICANA SUR KM 1308 500;FRONTIS ZOFRATACNA;-18.07845;-70.298265;DESPEJADO;IMPRUDENCIA DEL PEATÓN;CRUCE INDEBIDO POR LA CALZADA;;SIN OBSERVACIONES
A-2024-02-65;27/02/2024;20:00;CHOQUE;-;1;1;CARRETERA DE ACCESO AL DISTRITO DE SALAVERRY S/N;-;-8.205388758;-78.98356673130608;DESPEJADO;NO IDENTIFICA LA CAUSA;;;
A-2024-02-66;27/02/2024;23:43;DESPISTE;-;1;0;CARRETERA DE ACCESO AL PUENTE BALCON S/N;-;-8.00021936;-77.4851458;DESPEJADO;NO IDENTIFICA LA CAUSA;;;
A-2024-02-67;28/02/2024;23:45;DESPISTE;-;1;1;CARRETERA DE PENETRACION A LA PROVINCIA DE GRAN CHIMU;-;-7.508129867;-78.81948528190347;DESPEJADO;NO IDENTIFICA LA CAUSA;;;
A-2024-02-68;12/02/2024;07:15;CHOQUE;;1;3;PANAMERICANA SUR KM 226;BASE DE DESORCAR ;-13.760777;-76.16635;SOLEADO;EN PROCESO DE INVESTIGACIÓN;NO CUENTA CON CAUSA ESPECIFICA;;NINGUNA