COD_ACCIDE;FechaDelAccidente;HoraDelAccidente;ClaseDelAccidente;SecuenciaAccidente;CantidadDeFallecidos;CantidadDeLesionados;Direccion;LugarReferencia;y;x;CondClimatica;CausaFactorPrincipal;CausaEspecifica;OtraCausa;Observaciones
A-2024-02-69;13/02/2024;22:40;DESPISTE;;1;0;CARRETERA PENETRACION A PALPA LLAUTA  KM 14;;-14.458532;-75.134393;SOLEADO;EN PROCESO DE INVESTIGACIÓN;NO CUENTA CON CAUSA ESPECIFICA;;NINGUNA
A-2024-02-7;08/02/2024;23:00;ATROPELLO;ATROPELLO FATAL;1;0;CARRETERA PANAMERICANA SUR KM. 938.600;ALTURA DEL CRUCE CON LA CARRETARA A SANTA RITA DE SIGUAS;-16.4109775;-72.054234;DESPEJADO;NO IDENTIFICA LA CAUSA;;;SIN OBSERVACIONES
A-2024-02-70;17/02/2024;06:30;ATROPELLO FUGA;-;1;0;CARRETERA DE ACCESO A MARCONA KM 13;SHOUKAN ;-15.25923313;-75.04067431;DESPEJADO;NO IDENTIFICA LA CAUSA;;;NINGUNA
A-2024-02-71;17/02/2024;07:20;DESPISTE;-;1;1;VIA LOS LIBERTADORES KM 58;-;-13.718896;-75.868129;DESPEJADO;EN PROCESO DE INVESTIGACIÓN;NO CUENTA CON CAUSA ESPECIFICA;;NINGUNA
A-2024-02-74;27/02/2024;07:00;ATROPELLO;MULTIPLE - ATROPELLO ;1;0;AV. PERU - CHULUCANAS ;ALTURA DE LA INTERSECCION CON LA CALLE MANUEL A ODRIA ;-5.105059;-80.170582;DESPEJADO;;;;
A-2024-02-75;22/02/2024;15:30;CHOQUE;CHOQUE POR EMBISTE;1;1;AV. BANCOVER PASAJE S/N AH PERU CANADA ;;-5.188979;-80.67793;DESPEJADO;;;;
A-2024-02-76;05/02/2024;15:45;CHOQUE;CHOQUE, VOLCADURA, CAIDA Y APLASTAMIENTO SUBSECUENTE DESPISTE;1;1;CARRETERA PANAMERICANA NORTE KM 990;TRAMO CHICLAYO - PIURA ;-5.2430366;-80.631868;DESPEJADO;;;;
A-2024-02-77;08/02/2024;15:30;CHOQUE;CHOQUE ;1;1;CARRETERA INTEROCEANICA PIURA CHULUCANAS ;ALTURA DEL KM 219 200;-5.1395028;-80.299236;DESPEJADO;;;;
A-2024-02-78;12/02/2024;01:30;ATROPELLO;MULTIPLE ATROPELLO ;1;0;CARRETERA QUE UNE LOS DISTRITOS DE CATACAOS Y CURAMORI ;CATACAOS ;-5.295847;-80.68059;DESPEJADO;;;;
A-2024-02-79;12/02/2024;15:30;DESPISTE;DESPISTE ;1;0;CARRETERA INTEROCEANICA PIURA- OLMOS ;ALTURA DE HITO Nª 177;-5.365392926;-80.0604099705959;DESPEJADO;;;;
A-2024-02-8;10/02/2024;21:30;CHOQUE;CHOQUE FRONTAL Y DESPISTE;5;4;CARRETERA AREQUIPA JULIACA KM. 174.300;KM.174;-15.77775;-71.02783;DESPEJADO;NO IDENTIFICA LA CAUSA;;;SIN OBSERVACIONES
A-2024-02-80;19/02/2024;05:15;DESPISTE;DESPISTE ;1;1;AV. CACERES PIURA ;ALTURA DEL COLEGIO CONTARONES SEDE PIURA ;-5.183406873;-80.62150573803714;DESPEJADO;;;;
A-2024-02-81;28/02/2024;08:40;ATROPELLO FUGA;ATROPELLO Y FUGA ;1;0;AV. CIRCUNVALACION - URB PIURA ;ALTURA DEL INMUEBELE L4-15;-5.193558;-80.651878;DESPEJADO;;;;
A-2024-02-82;18/02/2024;13:30;ATROPELLO FUGA;;1;0;PANAMERICANA KM347;;-14.398034;-75.578175;DESPEJADO;NO IDENTIFICA LA CAUSA;;;NINGUNA
A-2024-02-84;10/02/2024;22:00;ATROPELLO FUGA;;1;0;PROLONGACION MOTOVIVANCO CDRA 17 - DISTRO DE PANCAN;;-11.765995;-75.492538;DESPEJADO;NO IDENTIFICA LA CAUSA;;;LA FALTA DE UNO DE LOS ELEMENTOS DE TRANSITO PARTICIPANTE EN EL CITADO EVENTO NO PRMITE DETERMINAR FEHACIENTEMENTE LAS CAUSAS QUE MOTIVARON LA PRODUCCION DEL SUSCESO
A-2024-02-85;19/02/2024;23:30;DESPISTE;PARCIAL, CHOQUE SEGUIDO DE DESPISTE TOTAL Y CAIDA;1;1;CARRETERA CENTRAL LA OROYA - CERRO DE PASCO KM. 21 750;;-11.40438493;-75.88275069550514;DESPEJADO;IMPRUDENCIA DEL CONDUCTOR;OTRO (IMPRUDENCIA DEL CONDUCTOR);FALTA DE PRECAUCION AL DESPLAZAR SU UNIDAD SIN HABER ADOPTADO SUS MEDIDAS DE SEGURIDAD Y PRECAUCION;NINGUNO
A-2024-02-86;25/02/2024;22:30;ATROPELLO FUGA;;1;0;AV. FIDEL MIRANDAALTURA DEL PARADERO 17 - SAPALLANGA;;-12.14942991;-75.15832348264678;LLUVIOSO;NO IDENTIFICA LA CAUSA;;;FALTA UNO DE LOS ELEMENTOS DE TRANSITO PARTICIPANTES EN EL CITADO EVENTO, NO PERMITE DETERMINAR FEHACIENTEMENTE LAS CAUSAS QUE MOTIVARON LA PRODUCCION DEL SUSCESO
A-2024-02-87;01/02/2024;13:00;DESPISTE;VOLCADURA Y APLASTAMIENTO;1;2;LUGAR DENOMINADO MARAYVILCA ;CHIARA;-13.291;-74.189;DESPEJADO;INFRAESTRUCTURA Y ENTORNO VIAL;SUPERFICIE DETERIORADA;;SIN OBSERVACIONES
A-2024-02-88;24/02/2024;09:38;CHOQUE;;1;0;AV. NESTOR GAMBETTA ;ALT DE LA CDRA 15 CALLAO;-12.03124933;-77.1275650443906;DESPEJADO;NO IDENTIFICA LA CAUSA;;;
A-2024-02-89;07/02/2024;12:00;ATROPELLO;;1;0;AV. SANTA ROSA CON PEREZ SALMON;;-12.0535541;-77.117413517;DESPEJADO;IMPRUDENCIA DEL CONDUCTOR;CONDUCIR EN ESTADO DE EBRIEDAD Y/O DROGADICCIÓN;;
A-2024-02-9;09/02/2024;20:20;CHOQUE; FATAL;1;1;CARRETERA ILAVE-MAZOCRUZ;COMUNIDAD CANGALLI;-16.35218383;-69.73449876880373;;;;;
A-2024-02-90;26/02/2024;03:00;ATROPELLO;;1;0;AV. NESTOR GAMBETTA KM 20;;-11.86072193;-77.1298851999003;;;;;
A-2024-02-91;26/02/2024;05:40;CHOQUE;-;1;0;CARRETERA PANAMERICANA NORTE ALTURA DEL KM. 731.5;-;-7.069800213;-79.56009032474562;DESPEJADO;IMPRUDENCIA DEL CONDUCTOR;OTRO (IMPRUDENCIA DEL CONDUCTOR); TODA VEZ QUE EN EL TRAMO DE LA CALZADA CUENTA CON DOS CARRILES DE CIRCULACION EN UN SOLO SENTIDO, TENIENDO EL ESPACIO SUFICIENTE DE EVITAR LA COLISION;
A-2024-02-92;11/02/2024;22:35;ATROPELLO;;1;0;PANAMERICANA SUR KM 229;;-13.712522;-76.153459;DESPEJADO;EN PROCESO DE INVESTIGACIÓN;NO CUENTA CON CAUSA ESPECIFICA;;INVESTIGACION EXTEMPORANEA
A-2024-02-93;10/02/2024;06:00;DESPISTE;CHOQUE Y VOLCADURA;2;3;CARRETERA VIA INTEROCEANIA;;-14.692914;-74.514535;DESPEJADO;IMPRUDENCIA DEL CONDUCTOR;EXCESO DE VELOCIDAD;;SIN OBSERVACIONES 
A-2024-02-94;28/02/2024;17:30;DESPISTE;-;1;2;CARRETRA PASCO - YANAHUANCA KM. 4 560;LAGUNA WICRA;-10.65263058;-76.29004025994703;;;;;
A-2024-02-95;10/03/2024;02:00;ATROPELLO FUGA;FATAL;1;0;CARRETERA PANAMERICANA NORTE KM 87;CENTRO POBLADO LAURE;-11.5282159;-77.2877995;DESPEJADO;NO IDENTIFICA LA CAUSA;;;FALTA UN ELEMENTO EN LA INVESTIGACION
A-2024-02-96;11/02/2024;11:16;CHOQUE CON OBJETO FIJO;DESPISTE Y CHOQUE CONTRA UN OBJETO FIJO;1;1;INTERSECCIÒN DE LOS JIRONES ANDRES AVELINO CACERES Y FRANCISCO BOLOGNESI - BAGUA GRANDE;;-5.756663;-78.450465;SOLEADO;NO IDENTIFICA LA CAUSA;;;EL CASO SE ENCUENTRA ARCHIVADO POR DISPOSICIÒN DEL REPRESENTANTE DEL MINISTERIO PÙBLICO
A-2024-02-97;01/02/2024;04:00;CHOQUE;;1;0;CALLE JOSE MARIA SEGUIN REF. ALTRA. JR. FRANCISCO BAJARANO;REF. ALTRA. JR. FRANCISCO BAJARANO;-12.16854035;-76.97067254025909;DESPEJADO;EN PROCESO DE INVESTIGACIÓN;NO CUENTA CON CAUSA ESPECIFICA;;
A-2024-02-98;01/02/2024;06:40;CHOQUE;FATAL;1;0;AV. ELOY ESPINOZA CDRA. 07;;-12.01985629;-77.05555832925123;DESPEJADO;IMPRUDENCIA DEL CONDUCTOR;EXCESO DE VELOCIDAD;;CONTRIBUTIVA IMPRUDENCIA DEL CONDUCTOR (CICLISTA)
A-2024-02-99;07/02/2024;13:00;CHOQUE;FATAL;1;0;AV. PROLONGACION JAVIER PRADO ESTE N°7540;;-12.05505314;-76.93773323199756;DESPEJADO;IMPRUDENCIA DEL CONDUCTOR;ADELANTAR INDEBIDAMENTE;;CAUSA DEL CAMIÓN
A-2024-03-1;01/03/2024;19:30;CHOQUE;CONSECUENCIA FATAL;1;1;CARRETERA PUNO - DESAGUADERO;KM. 1498 600;-16.491531;-69.107214;DESPEJADO;IMPRUDENCIA DEL CONDUCTOR;GIRAR IMPRUDENTEMENTE;;
A-2024-03-10;12/03/2024;10:30;DESPISTE;DESPISTE, VOLCADURA FATAL;2;4;CARRETERA PEDREGAL - HUAMBO KM.52;SECTOR YANABRA VISCAYACU;-16.040663;-72.143059;SOLEADO;NO IDENTIFICA LA CAUSA;;;OBS. EN ESTE ACCIDENTE NO HA ESTABLECIDO PLENAMENTE QUIEN CONDUCIA, POR LO QUE LA FISCAL A CARGO YESENIA TEJADA FORAQUITA, SOLICITA LA DETENCION DE 03 PERSONAS QUE VIAJABAN EN EL VEHICULO QUE POSIBLEMENTE SON LOS CONDUCTORES LOS MISMOS QUE SON: BELEN NASHIRA LLACHO CHOQUE, SANTIAGO CARHUA FLORES Y JOSE EDWAR SURCO HUAMANI.
A-2024-03-100;30/03/2024;06:10;VOLCADURA;CAIDA FATAL;1;0;JR. GUALBERTO GUEVARA CDRA.06;;-12.05131264;-77.0664524523711;DESPEJADO;IMPRUDENCIA DEL CONDUCTOR;CONDUCIR EN ESTADO DE EBRIEDAD Y/O DROGADICCIÓN;;
A-2024-03-11;18/03/2024;00:45;DESPISTE;VOLCADURA;1;0;CARRETERA TROCHA CARROZABLE POMATA-HUAPACA-SANTIAGO;-;-16.399664;-69.27306;DESPEJADO;IMPRUDENCIA DEL CONDUCTOR;OTRO (IMPRUDENCIA DEL CONDUCTOR);CONDUCIR SU VEHICULO CON EXCESO DE CONFIANZA;
A-2024-03-12;01/03/2024;01:30;DESPISTE;;6;0;ESTE A OESTE;;-13.654273;-73.365219;LLUVIOSO;IMPRUDENCIA DEL CONDUCTOR;CONDUCIR EN ESTADO DE EBRIEDAD Y/O DROGADICCIÓN;;CONDUCIR EN ESTADO DE EBRIEDAD
A-2024-03-13;12/03/2024;19:00;CHOQUE;CHOQUE, DEPISTE Y VOLCADURA FATAL;2;3;CARRETERA PANAMERICANA SUR KM.1000.500;A 100 METROS DE LA LINEA FERREA;-16.736004;-71.870004;DESPEJADO;NO IDENTIFICA LA CAUSA;;;SIN OBSERVACIONES
A-2024-03-14;17/03/2024;02:00;CHOQUE;CHOQUE, VOLCADURA FATAL;1;0;CALLE DE INGRESO A LA PAMPILLA;LA PAMPILLA-PUNTA DE BOMBON;-17.147878;-71.784527;DESPEJADO;NO IDENTIFICA LA CAUSA;;;SIN OBSERVACIONES
A-2024-03-15;19/03/2024;18:45;CHOQUE FUGA;CHOQUE, DESPISTE -CHOQUE Y FUGA - DESPISTE FATAL;1;1;CARRETERA AREQUIPA JULIACA KM.128.800;CERCA INGRESO A HUAYLLACUCHO;-16.02783;-71.280901;LLUVIOSO;NO IDENTIFICA LA CAUSA;;;SIN OBSERVACIONES
A-2024-03-16;20/03/2024;07:30;CAÍDA DE PASAJERO;CAIDA DE OCUPANTE CON SUB SECUENTE MUERTE;1;0;AV. CEMENTERIO S/N ;FRONTIS ESTADIO JOSE CARPIO ALARCON;-16.475883;-71.485256;DESPEJADO;NO IDENTIFICA LA CAUSA;;;SIN OBSERVACIONES
A-2024-03-17;22/03/2024;16:20;ATROPELLO;ATROPELLO FATAL;1;0;CARRETERA PANAMERICANA SUR KM.971.950;A 50 METROD DEL HITO 972 - EL TRIUNFO;-16.518255;-71.799233;DESPEJADO;NO IDENTIFICA LA CAUSA;;;SIN OBSERVACIONES
A-2024-03-18;17/03/2024;01:30;CHOQUE CON OBJETO FIJO;ARCEN;1;1;ESTE - OESTE;;-13.52336539;-73.68417624024546;LLUVIOSO;IMPRUDENCIA DEL CONDUCTOR;EXCESO DE VELOCIDAD;;EXESO DE VELOCIDAD
A-2024-03-19;22/03/2024;18:00;CHOQUE;EL VEHÍCULO CATG. M1, DE PLACA BCE-428, SE DESPLAZABA POR EL CARRIL DERECHO DE LA CALZADA ESTE DE LA NUEVA C.P.N, AL LLEGAR AL KM. 158.653.91, INGRESA UNA BICICLETA TRATANDO DE CRUZAR LA CALZADA EN SENTIDO DE ESTE A OESTE, SIENDO IMPACTADA POR EL VEHÍCULO CATG. M1;1;0;CARRETERA PANAMERICANA NORTE;KM. 158.653.91;-11.02663928;-77.59436482605076;DESPEJADO;IMPRUDENCIA DEL CONDUCTOR;NO ESTABLECER EL DERECHO DE PASO;;NINGUNA
A-2024-03-2;07/03/2024;23:30;DESPISTE;VOLCADURA;1;0;CARRETERA ILAVE-MAZOCRUZ;DESVIO CORARACA;-16.0972077;-69.6350236;DESPEJADO;IMPRUDENCIA DEL CONDUCTOR;FATIGA Y/O CANSANCIO;;
A-2024-03-20;20/03/2024;08:05;CHOQUE;VOLCADURA;1;0;AV. EJERCITO CON JR. SAN MARTIN - ILAVE;CUARTEL ILAVE;-16.083489;-69.635469;DESPEJADO;IMPRUDENCIA DEL CONDUCTOR;EXCESO DE VELOCIDAD;;
A-2024-03-21;23/03/2024;07:40;CHOQUE;FATAL;1;0;C.P. IMICATE - YUNGUYO;KM. 12 600;-16.26400404;-69.16516896929004;DESPEJADO;IMPRUDENCIA DEL CONDUCTOR;GIRAR IMPRUDENTEMENTE;;
A-2024-03-22;22/03/2024;15:30;DESPISTE;DESPISTE VOLCADURA FATAL;1;3;CARRETERA AREQUIPA JULIACA KM.144.900;;-15.50136331;-71.05974279742226;NUBLADO;NO IDENTIFICA LA CAUSA;;;SIN OBSERVACIONES
A-2024-03-23;05/03/2024;04:38;CHOQUE;EL VEHICULO CAMIONETA RURAL (COMBI) CON PLACA DE RODAJE Z2I-959 SE DESPLAZABA POR EL SECTOR DE YUNGAQUI DEL DISTRITO, PROVINCIA DE ANTA OPERATIVO QUE LO REALIZABA POR EL CARRIL SUR (ASIGNADO PARA SU CIRCULACION) EN SENTIDO DE OESTE A ESTE EN DONDE PROCEDENTE DEL SENTIDO DE CIRCULACION CONTRARIA EL V;1;9;RED VIAL NACIONAL LONGITUDINAL (SIERRA SUR) LA OROYA (JUNÍN) – PUENTE INTERNACIONAL DESAGUADERO (PUNO). ALTURA DEL KM. 939 500 DE LA COMUNIDAD CAMPESINA DE YUNGAQUI.  ;COMUNIDAD DE YUNGAQUI;-13.486048;-72.16768;DESPEJADO;IMPRUDENCIA DEL CONDUCTOR;EXCESO DE VELOCIDAD;;NINGUNO
A-2024-03-24;11/03/2024;19:15;CHOQUE;;1;0;LONGITUDINAL DE LA SIERRA SUR. LA  OROYA (JUNIN) - PUENTE INTERNACIONAL DESAGUADERO (PUNO)TRAMO CUSCO-POROY ALTURA DEL KM. 958 800 DEL SECTOR REPRESA  CHUSPIYOC DEL DISTRITO DE POROY - ANTA.;SECTOR REPRESA CHUSPIYOC;-13.50623;-72.022167;DESPEJADO;IMPRUDENCIA DEL CONDUCTOR;CONDUCIR EN SENTIDO CONTRARIO;;NINGUNA
A-2024-03-25;18/03/2024;14:00;ATROPELLO;EL VEHICULO MENOR (TRIMOTO)CON PLACA DE RODAJE 3356-NC, SE DESPLAZABA POR LA VIA EN SENTIDO DE SUR A NORTE Y EL PEATON SE DESPLAZABA DE ESTE A OESTE, EN EL LUGAR DE LA INTERSECCION EL VEHICULO MENOR NO VISUALIZA AL PEATON DEBIDO QUE CONCENTRA TODA SU ATENCION HACIA ADELANTE NO PUDIENDO VER A SU EXTR;1;0;AV. EDGAR DE LA TORRE INTERSECCION CON JIRON UNION. DISTRITO DE SANTA ANA. PROVINCIA DE LA CONVENCION. DEPARTAMENTO DEL CUSCO;ALTURA DE COCLA;-12.877701;-72.691292;SOLEADO;IMPRUDENCIA DEL PEATÓN;OTRO (IMPRUDENCIA DEL PEATÓN);IMPRUDENCIA;NINGUNA
A-2024-03-26;17/03/2024;19:00;ATROPELLO;EL VEHICULO CON PLACA DE RODAJE X4H-708 SE DESPLAZABA POR LA VIA EN SENTIDO DE SURESTE A NOROESTEE, EN LA QUE  LA VIANDANTE  SE INTERPONE EN SU EJE DE MARCHA   Y PRODUJE EL EVENTO  DE TRANSITO (ATROPELLO);1;0;TRANSVERSAL RAMAL. TRAMO COMBAPATA - YANAOCA. ALTURA DE LA COMUNIDAD DE PABELLONES ;SECTOR SAN PEDRO;-14.180895;-71.445859;DESPEJADO;IMPRUDENCIA DEL CONDUCTOR;EXCESO DE VELOCIDAD;;NINGUNA
A-2024-03-27;19/03/2024;07:30;CHOQUE;VEHICULO  MENOR SE DESPLAZABA POR EL CARRIL ESTE, MOMENTOS EN QUE INTENTA CAMBIAR DE DIRECCION HACIA SU LADO IZQUIERDO INSTANTES EN QUE ES ALCANZADO POR CAMIONETA SUV, MATERIALZIANDOSE EL EVENTO.;1;0;RED VIAL NACIONAL TRANSVERSAL : EMP. PE-34 A (IMATA)  - EMP. PE-3S G (HÉCTOR TEJADA). TRAMO CONDOROMA - IMATA. ALTURA  DEL SECTOR NORMA KM 40. DISTRITO CONDOROMA. PROVINCIA ESPINAR Y DEPARTAMENTO CUSCO;SECTOR NORMA;-15.323607;-71.124161;DESPEJADO;IMPRUDENCIA DEL CONDUCTOR;GIRAR IMPRUDENTEMENTE;;NINGUNA
A-2024-03-28;24/03/2024;06:00;CHOQUE;FATAL;1;0;C.P. JOSE CARLOS MARIATEGUI ZEPITA;;-16.513158;-69.087568;DESPEJADO;IMPRUDENCIA DEL CONDUCTOR;EXCESO DE VELOCIDAD;;
A-2024-03-29;26/03/2024;01:30;DESPISTE;VOLCADURA;1;1;CARRETERA PANAMERICANA SUR PUNO-DESAGUADERO;KM. 1401;-16.024359;-69.736909;DESPEJADO;IMPRUDENCIA DEL CONDUCTOR;CONDUCIR EN ESTADO DE EBRIEDAD Y/O DROGADICCIÓN;;
A-2024-03-3;12/03/2024;20:20;ATROPELLO FUGA;FATAL;1;0;CARRETERA PANAMERICANA SUR PUNO-JULIACA;KM.1337;-15.68461834;-70.07143393809483;DESPEJADO;NO IDENTIFICA LA CAUSA;;;FALTA DE UN ELEMENTO (VEHICULO)
A-2024-03-30;25/03/2024;16:15;DESPISTE;EL VEHICULO L3  DE PLACA DE  RODAJE 49954X, MOMENTOS PREVIOS AL ACCIENTE SE DESPLAZABA  POR LA CARRETERA  MARAS - URUBAMBA, ALTURAD EL SECTOR   TARAPATA , LUGAR   DONDE PIERDE EL CONTROL DE SU UNIDAD   DESPISTANDO   AHCIA LA ZONA SUR   E IMPACATR   A LA PARED DE UNA VIVIENDA  Y CUELCA , PRODICOENDOS;1;0;CARRETERA CUSCO - URUBAMBA . ALTURAD EL SECTOR  TARAPATA -DISTRITO MARAS - PROVINCIA DE URUBAMABA  - DEPARTAMENTO DEL CUSCO;SECTOR TARAPATA  -MARAS ;-13.31231139;-72.1184390085434;DESPEJADO;IMPERICIA DEL CONDUCTOR;;;NINGUNA
A-2024-03-31;29/03/2024;12:30;DESPISTE;VOLCADURA;1;0;CARRETERA PUNO-DESAGUADERO;KM. 1492;-16.46913935;-69.12946874617933;DESPEJADO;IMPRUDENCIA DEL CONDUCTOR;GIRAR IMPRUDENTEMENTE;;
A-2024-03-32;14/03/2024;18:30;ATROPELLO FUGA;EL PEATON ATROPELLADO FUE ENCONTRADO EN LA CALZADA ENTRE LA BERMA LATERAL SUR, Y EL VEHICULO CAUSANTE SE DIO A LA FUGA CON RUMBO DESCONOCIDO DEJANDO ABANDONADO AL PEATON HERIDO, LUEGO FUE AUXILIADO A LA CLINICA PERUANO SUIZO DE LA CIUDAD DEL CUSCO DONDE DEJO DE EXISTIR AL DIA SIGUIENTE POR LO QUE PE;1;0;RED VIAL TRANSVERSAL (VARIANTE) PACAYCASA-HUACARPAY TRAMO COMPRENDIDO ENTRE OLLANTAYTAMBO-PIRI SECTOR RUMIRA DEL DISTRITO D;LAVADERO DE CARROS ;-13.2513905;-72.27623645181572;DESPEJADO;IMPRUDENCIA DEL CONDUCTOR;EXCESO DE VELOCIDAD;;NINGUNA
A-2024-03-33;24/03/2024;22:00;CHOQUE;CHOQUE FATAL;1;0;CARRETERA INTEROCEANICA SUR KM. 29.300;INGRESO AL CURAL LATERAL 7;-16.415234;-71.640274;SOLEADO;NO IDENTIFICA LA CAUSA;;;SIN OBSERVACIONES
A-2024-03-34;26/03/2024;22:30;CHOQUE;CHOQUE, DESPISTE FATAL;2;5;CARRETERA AREQUIPA JULIACA KM. 133.800;KM. 133.800;-16.0026029;-71.2677608;DESPEJADO;NO IDENTIFICA LA CAUSA;;;SIN OBSERVACIONES
A-2024-03-35;24/03/2024;18:30;DESPISTE;EL VEHÍCULO CATG. M1, DE PLACA DE RODAJE BCH-207, SE DESPLAZABA EN SENTIDO DE SUR A NORTE, POR LA CARRETERA PANAMERICANA NORTE, AL LLEGAR AL KM. 131.792.90, SE DESPISTA HACIA LA ZONA DE TIERRA ESTE, INICIANDO SU FASE DE VOLCADURA;1;0;CARRETERA PANAMERICANA NORTE. KM. 131.792.90;SALINAS HUACHO;-11.23046384;-77.54308373677155;DESPEJADO;IMPRUDENCIA DEL CONDUCTOR;FATIGA Y/O CANSANCIO;;NINGUNA
A-2024-03-36;31/03/2024;20:45;CHOQUE;CHOQUE, DESPISTE FATAL;1;4;CARRETERA MATARANI-MOLLENDO KM.18;KM.18;-16.76297;-71.970914;DESPEJADO;NO IDENTIFICA LA CAUSA;;;SIN OBSERVACIONES
A-2024-03-38;29/03/2024;11:40;CHOQUE CON OBJETO FIJO;VOLCADURA;1;0;CARRETERA CHUACHUA-ZEPITA;-;-16.44855579;-69.12716740759494;DESPEJADO;NO IDENTIFICA LA CAUSA;;;FALTA DE UN ELEMENTO (VEHICULO)
A-2024-03-39;31/03/2024;07:30;DESPISTE;DESPISTE;5;6;ALTURA DEL KM SAN JUAN DE QUIHUARIS ;SAN JUAN DE QUIHUARIS ;-13.61962;-71.85423;DESPEJADO;EN PROCESO DE INVESTIGACIÓN;NO CUENTA CON CAUSA ESPECIFICA;;NINGUNA
A-2024-03-4;05/03/2024;05:45;CHOQUE;CHOQUE FATAL;1;9;CARRETERA COSTANERA MEJIA MOLLENDO KM.113;KM.113;-17.06563869;-71.94577130940831;DESPEJADO;NO IDENTIFICA LA CAUSA;;;SIN OBSERVACIONES
A-2024-03-40;13/03/2024;01:00;DESPISTE;EL VEHICULO MENOR MOTOCICLETA  CON PLACA DE RODAJE EX-2723 SE DESPLAZABA POR LA VIA EN SENTIDO DE  ESTE A OESTE EN CIRCUNSTANCIAS  QUE PIERDE EL CONTROL  Y EQULIBRIO DEL VEHICULO QUE CONDUCIA QUIEN DESPISTA  EN UNA CURVA ;1;0;CARRETERA  COLQUEPTA - PAUCARTAMBO ALTURA DE LA COMUNIDAD PAUCONA.;SALON COMUNAL DE LA COMUNIDAD  PAUCONA;-13.34184;-71.70344;SOLEADO;IMPRUDENCIA DEL CONDUCTOR;EXCESO DE VELOCIDAD;;NINGUNO
A-2024-03-41;26/03/2024;09:40;DESPISTE;EL VEHICULO  DE PLACA DE  RODAJE  AWV-705, MOMENTOS PREVIOS AL ACCIDENTESE DESPLAZABA POR LA CARRETERA    OLLANTAYTAMBO - ABRA MALAGA, ALTURA DEL KM 126 200,  EN UNA VIA DE CONFIGURACION RECTA  PIERDE EL CONTROL DE SU VEHICULO DESPISTA  Y VUELCA EN TONELD ERECHO A UNAPROFUNDIAD DE  150  M. DE CONSEC;1;2;LONGITUDINAL DE LA SIERRA SUR. TRAMO OLLANTAYTAMBO - ABRA  MALAGA  - KM 126 200;DISTRITO DE  OLLANTAYTAMBO;-13.2586911;-72.26394920340877;NIEBLA;IMPRUDENCIA DEL CONDUCTOR;EXCESO DE VELOCIDAD;;NINGUNA
A-2024-03-42;01/03/2024;12:30;DESPISTE;;2;2;CARRETERA BINACIONAL 145 200;SECTOR JACOPUNCO - CANDARAVE;-16.86079;-70.27348;LLUVIOSO;IMPRUDENCIA DEL CONDUCTOR;OTRO (IMPRUDENCIA DEL CONDUCTOR);FALTA DE CUIDADO Y PREVENCION DEL CONDUCTOR SUMADO AL FACTOR AMBIENTAL (LLUVIA Y GRANIZO);SIN OBSERVACIONES
A-2024-03-43;04/03/2024;14:30;ATROPELLO;;1;0;CARRETERA COSTANERA SUR KM 05 200;;-18.08805456;-70.32660836697112;DESPEJADO;IMPRUDENCIA DEL PEATÓN;CRUCE INDEBIDO POR LA CALZADA;;SIN OBSERVACIONES
A-2024-03-44;04/03/2024;14:30;DESPISTE;;1;3;CARRETERA BINACIONAL KM 138 600;;-16.883502;-70.328848;GRANIZADO;IMPRUDENCIA DEL CONDUCTOR;OTRO (IMPRUDENCIA DEL CONDUCTOR);EXCESO DE VELOCIDAD SUMADO A LA IMPERICIA DEL CONDUCTOR;SIN OBSERVACIONES
A-2024-03-45;10/03/2024;17:30;CHOQUE CON OBJETO FIJO;CHOQUE EN RETROCESO;1;0;CALLE PROCERES CON CALLE EMANCIPACION;;-17.979624;-70.234748;DESPEJADO;NO IDENTIFICA LA CAUSA;;;EL ACCIDENTE DE TRANSITO FUE A CONSECUENCIA QUE EL CONDUCTOR QUEDA INCONSCIENTE A CONSECUENCIA DE UNA ENFERMEDAD QUE PADECE, LO QUE OCASIONÓ QUE EL VEHICULO QUE CONDUCIA RETROCEDA SIN CONTROL E IMPACTE AL VEHICULO ESTACIONADO Y A LA PEATON.
A-2024-03-46;13/03/2024;14:00;CHOQUE;;1;0;CARRETERA COSTANERA SUR KM 53 (ANEXO VILA VILA);;-18.11418;-70.72238;DESPEJADO;IMPRUDENCIA DEL CONDUCTOR;OTRO (IMPRUDENCIA DEL CONDUCTOR);INVASION DE CARRIL Y ESTADO DE EBRIEDAD DE PARTE DEL CONDUCTOR FALLECIDO.;SIN OBSERVACIONES
A-2024-03-47;29/03/2024;03:00;CHOQUE CON OBJETO FIJO;;1;0;AV. MUNICIPAL; REF. PARADERO DE LA LINEA 101;-18.088985;-70.286894;DESPEJADO;IMPRUDENCIA DEL CONDUCTOR;OTRO (IMPRUDENCIA DEL CONDUCTOR);CIRCULAR POR LA BERMA EN ESTADO DE EBRIEDAD;SIN OBSERVACIONES