COD_ACCIDE;FechaDelAccidente;HoraDelAccidente;ClaseDelAccidente;SecuenciaAccidente;CantidadDeFallecidos;CantidadDeLesionados;Direccion;LugarReferencia;y;x;CondClimatica;CausaFactorPrincipal;CausaEspecifica;OtraCausa;Observaciones
A-2024-03-48;03/03/2024;19:50;CHOQUE;-;1;0;CARRETERA PANAMERICANA NORTE ALTURA DEL KM. 576.2;-;-8.03412959;-79.0809804;DESPEJADO;IMPRUDENCIA DEL CONDUCTOR;OTRO (IMPRUDENCIA DEL CONDUCTOR);AL NO MANTENER UNA DISTANCIA SUFICIENTE CON EL VEHICULO QUE LO PRECEDIA Y A UNA VELOCIDAD QUE RESULTO SER MAYOR A LA RAZONABLE Y A;
A-2024-03-49;05/03/2024;01:45;CAÍDA DE PASAJERO;-;1;0;CARRETERA DE ACCESO AL CENTRO POBLADO SEBASTROPOL S/N;-;-7.15463761;-79.4410544772877;DESPEJADO;NO IDENTIFICA LA CAUSA;;;
A-2024-03-5;05/03/2024;05:45;CHOQUE;CHOQUE, VOLCADURA FATAL;1;0;CARRETERA PANAMERICANA SUR KM. 914;KM.914 EL PEDREGAL;-16.395898;-72.210062;DESPEJADO;NO IDENTIFICA LA CAUSA;;;SIN OBSERVACIONES
A-2024-03-50;07/03/2024;20:20;DESPISTE;-;1;0;CARRETERA DE PENETRACION DE CASCAS A SAYAPULLO S/N;-;-7.592402753;-78.47473016501577;DESPEJADO;NO IDENTIFICA LA CAUSA;;;
A-2024-03-51;08/03/2024;08:30;DESPISTE;-;1;0;CARRETERA DE ACCESO AL CENTRO POBLADO EL PALTO SAYAPULLO;-;-7.593301391;-78.4780937119887;DESPEJADO;NO IDENTIFICA LA CAUSA;;;
A-2024-03-52;10/03/2024;16:35;DESPISTE;-;1;3;CARRETERA PANAMERICANA NORTE ALTURA DEL KM. 645;-;-7.589483497;-79.37012667340991;DESPEJADO;IMPRUDENCIA DEL CONDUCTOR;OTRO (IMPRUDENCIA DEL CONDUCTOR);SIN GUARDAR DISTANCIA PRUDENTE CON RESPECTO A LOS VEHICULOS QUE LO ANTECEDIAN;
A-2024-03-53;18/03/2024;01:35;DESPISTE;-;1;0;CARRETERA DE ACCESO AL CASERIO CHOCHOCONDA ALTO S/N;-;-7.811762947;-78.03042658736254;DESPEJADO;NO IDENTIFICA LA CAUSA;;;
A-2024-03-54;24/03/2024;13:00;CHOQUE;-;2;0;CARRETERA PANAMERICANA NORTE ALTURA DEL KM. 602;-;-7.875773988;-79.1322128472;DESPEJADO;INFRAESTRUCTURA Y ENTORNO VIAL;SEÑALIZACIÓN DEFECTUOSA;;
A-2024-03-55;29/03/2024;17:30;DESPISTE;-;1;2;CARRETERA PENETRACION A LA SIERRA LIBERTEÑA-CABLE MOROCOCHA;-;-8.001967296;-78.31115287991875;DESPEJADO;IMPRUDENCIA DEL CONDUCTOR;CONDUCIR EN ESTADO DE EBRIEDAD Y/O DROGADICCIÓN;;
A-2024-03-56;19/03/2024;18:25;DESPISTE;DESPISTE SUBSECUENTE VOLCADURA ;1;1;CARRETERA BAYOVAR - CHICLAYO ;ALTURA DEL KM 44 PARACHIQUE - SECHURA ;-5.895401;-80.897005;DESPEJADO;;;;
A-2024-03-57;25/03/2024;00:30;DESPISTE;DESPISTE CON SUBSECUENTE ;1;0;CARRETERA QUE UNE EL DISTRITO DE SONDOR HACIA EL CASERIO TABACONAS ;SONDOR ;-5.23145843;-80.6488168187739;DESPEJADO;;;;
A-2024-03-58;25/03/2024;00:30;DESPISTE;DESPISTE, SUBSECUENTE VOLCADURA ;1;0;AV. ANDRES AVELINO CACERES. ALTURA DEL INMUEBLE CON SUMINISTRO Nª 16975594 A 150 APROX. HACIA EL OESTE CON LA INTERSECCION CON LA AV COUNTRY ;;-5.182572;-80.632569;;;;;
A-2024-03-59;29/03/2024;05:00;DESPISTE;DESPISTE;2;0;AV. IGNACIO MERINO - ALGARROBOS ;ALTURA DEL COLEGIO FEDERICO HELGUERO ;-5.175045;-80.64503;DESPEJADO;;;;
A-2024-03-6;06/03/2024;07:05;ATROPELLO;;1;0;OESTE A ESTE;ALTURA DEL CEMENTERIO GENERAL DE CHINCHA;-13.411333;-76.125299;DESPEJADO;EN PROCESO DE INVESTIGACIÓN;NO CUENTA CON CAUSA ESPECIFICA;;SE INVESTIGA
A-2024-03-60;27/03/2024;21:40;CHOQUE FUGA;CHOQUE Y FUGA ;1;0;CARRETERA PANAMERICANA PIURA - SULLANA ;ALTURA KM 1013;-5.088159;-80.705994;DESPEJADO;;;;
A-2024-03-62;22/03/2024;12:20;DESPISTE;VOLCADURA;1;1;CARRETERA SIRIHUASI - ANCO ;KM 07 440;-12.66950697;-74.57024320214848;SOLEADO;NO IDENTIFICA LA CAUSA;;;
A-2024-03-63;07/03/2024;09:30;ESPECIAL;APLASTAMIENTO;1;0;INTERIOR DE COCHERA ;CERCA AL OVALO;-15.362239;-75.156284;DESPEJADO;EN PROCESO DE INVESTIGACIÓN;NO CUENTA CON CAUSA ESPECIFICA;;NINGUNA
A-2024-03-64;03/03/2024;01:36;ATROPELLO;;1;0;CARRETERA CENTRAL LIMA - LA OROYA KM. 163;GRIFO CURIPATA;-11.601806;-75.96812;DESPEJADO;IMPRUDENCIA DEL PEATÓN;CRUCE INDEBIDO POR LA CALZADA;;NINGUNO
A-2024-03-66;11/03/2024;09:50;ATROPELLO;;1;0;AV. CATALINA HUANCAY INTERSECCION CON JR. LIMA;;-12.07657;-75.223213;DESPEJADO;IMPRUDENCIA DEL CONDUCTOR;OTRO (IMPRUDENCIA DEL CONDUCTOR);DESPLAZAR SU UNIDAD CON EXCESO DE CONFIANZA Y EVIDENTE DESATENCION EN SU LINEA DE MARCHA;NINGUNO
A-2024-03-67;16/03/2024;23:30;CHOQUE;;1;0;CARRETERA CENTRAL LA OROYA-HUANCAYO KM. 16;;-11.61207197;-75.84257120446206;LLUVIOSO;IMPRUDENCIA DEL CONDUCTOR;INVASIÓN DE CARRIL;;NINGUNO
A-2024-03-68;22/03/2024;11:03;DESPISTE;SEGUIDO DE CHOQUE;1;0;CARRETERA CENTRAL LA OROYA - HUANCAYO KM. 51;;-11.800147;-75.653837;DESPEJADO;IMPRUDENCIA DEL CONDUCTOR;OTRO (IMPRUDENCIA DEL CONDUCTOR);AL DESPLAZAR SU UNIDAD A UNA VELOCIDAD NO APROPIADA PARA LAS CIRCUNSTANCIAS;NINGUNO
A-2024-03-69;03/03/2024;23:30;DESPISTE;VOLCADURA Y PRECIPITACION ;1;0;CUARTA CUADRA DEL JIRON PUNO;PERICO HUAYCO;-13.160939;-74.219694;LLUVIOSO;IMPRUDENCIA DEL CONDUCTOR;CONDUCIR EN ESTADO DE EBRIEDAD Y/O DROGADICCIÓN;;CONDUCTOR EN ESTADO DE EBRIEDAD
A-2024-03-7;17/03/2024;05:40;CHOQUE;EL VEHÍCULO CATG. M1, DE PLACA DE RODAJE A8J-610, SE DESPLAZABA POR EL CARRIL IZQUIERDO DE LA CALZADA OESTE DE LA C.P.N, AL LLEGAR AL KM. 146.990.10, ES IMPACTADA POR ALCANCE POR EL VEHÍCULO CATG. M3-C3 OMNIBUS DE PLACA DE RODAJE F1J-960;6;3;NUEVA CARRETERA PANAMERICANA NORTE;KM. 146.990.10;-11.1323;-77.5959;DESPEJADO;IMPRUDENCIA DEL CONDUCTOR;EXCESO DE VELOCIDAD;;NINGUNA
A-2024-03-70;21/03/2024;19:10;ATROPELLO;;1;0;OVALO DEL TERRAPUERTO MUNICIPAL LOS LIBERTADORES DE AMERICA;TERRAPUERTO MUNICIPAL ;-13.134532;-74.229607;DESPEJADO;IMPRUDENCIA DEL CONDUCTOR;OTRO (IMPRUDENCIA DEL CONDUCTOR);EXCESO DE CONFIANZA;SIN OBSERVACIONES
A-2024-03-71;30/03/2024;05:20;CHOQUE;;1;0;AV. SALVADOR CAVERO;CUADRA 5;-13.156;-74.213;DESPEJADO;IMPRUDENCIA DEL CONDUCTOR;GIRAR IMPRUDENTEMENTE;;SIN OBSERVACIONES
A-2024-03-72;12/03/2024;12:30;ATROPELLO;;1;0;AV. NESTOR CASTILLA S/N ;VIA PRIVADA;-15.278079;-73.347941;DESPEJADO;IMPRUDENCIA DEL CONDUCTOR;OTRO (IMPRUDENCIA DEL CONDUCTOR);FALTA DE MEDIDAS DE SEGURIDAD;CONDUCTOR ILESO
A-2024-03-73;06/03/2024;12:45;CHOQUE;-;1;1;CARRETERA PANAMERICANA SUR KM. 322;-;-14.23154183;-75.69959456;DESPEJADO;NO IDENTIFICA LA CAUSA;;;
A-2024-03-76;12/03/2024;07:00;DESPISTE;VOLCADURA;4;2;CARRETERA HUANCASANCOS POMABAMBA KM 208 332;DISTRITO DE SARHUA;-13.701;-74.312;DESPEJADO;IMPRUDENCIA DEL CONDUCTOR;CONDUCIR EN ESTADO DE EBRIEDAD Y/O DROGADICCIÓN;;SIN OBSERVACIONES
A-2024-03-77;29/03/2024;01:30;ATROPELLO FUGA;;1;0;ANGASMAYO;;-13.340377;-74.382811;DESPEJADO;IMPRUDENCIA DEL PEATÓN;ESTADO DE EBRIEDAD Y/O DROGADICCIÓN;;SIN OBSERVACIONES
A-2024-03-78;08/03/2024;07:10;CHOQUE;;1;0;AV. VICTOR RAUL HAYA DE LA TORRE;;-11.87052499;-77.1276858994913;DESPEJADO;NO IDENTIFICA LA CAUSA;;;
A-2024-03-79;15/03/2024;05:45;ATROPELLO FUGA;;1;0;CALLE JOSE CONRRADO CON JR. MANUEL ESCATE;;-14.05048673;-75.7043469316855;DESPEJADO;NO IDENTIFICA LA CAUSA;;;NINGUNA
A-2024-03-8;07/03/2024;10:20;DESPISTE;DESPISTE, COLCADURA SUS SECUENTE MUERTE;1;0;CARRETERA INGRESO A LA PUNTA DE BOMBON ;A 300 METROS DE LA BALANZA MUNICIPAL;-17.09368;-71.47387;SOLEADO;NO IDENTIFICA LA CAUSA;;;SIN OBSERVACIONES
A-2024-03-80;15/03/2024;05:45;ATROPELLO FUGA;;1;0;AVENIDA SIETE ;;-14.058877;-75.722746;DESPEJADO;EN PROCESO DE INVESTIGACIÓN;NO CUENTA CON CAUSA ESPECIFICA;;NINGUNA
A-2024-03-81;15/03/2024;16:45;ESPECIAL;APLASTAMIENTO;1;0;PANAMERICANA SUR KM 450;;-14.837916;-74.942439;DESPEJADO;EN PROCESO DE INVESTIGACIÓN;NO CUENTA CON CAUSA ESPECIFICA;;ACCIDENTE DE TRANSITO ESPECIAL
A-2024-03-82;24/03/2024;00:00;ATROPELLO;;1;0;PANAMERICANA SUR KM 215;;-13.6702;-76.1685;DESPEJADO;EN PROCESO DE INVESTIGACIÓN;NO CUENTA CON CAUSA ESPECIFICA;;NINGUNA
A-2024-03-83;24/03/2024;08:45;CHOQUE CON OBJETO FIJO;;1;0;CENTRO POBLADO CASA BLANCA ;;-13.726037;-76.183027;DESPEJADO;EN PROCESO DE INVESTIGACIÓN;NO CUENTA CON CAUSA ESPECIFICA;;NINGUNA
A-2024-03-84;25/03/2024;08:45;CHOQUE;;1;0;AVENIDA SAN CRISTÓBAL ;CERCA AL MERCADO PANGARAVI;-14.83786;-74.94163;DESPEJADO;EN PROCESO DE INVESTIGACIÓN;NO CUENTA CON CAUSA ESPECIFICA;;NINGUNA
A-2024-03-85;28/03/2024;04:50;VOLCADURA;DESPISTE Y VOLCADURA EN TONEL LADO DERECHO 1/2 CON CONSECUENCIA FATAL Y LESIONES ;1;21;CARRETERA PANAMERICA SUR KM 415;;-14.6456541;-75.1804584;DESPEJADO;EN PROCESO DE INVESTIGACIÓN;NO CUENTA CON CAUSA ESPECIFICA;;NINGUNA
A-2024-03-86;24/03/2024;18:30;ATROPELLO FUGA;;1;0;YAURECCAN;CHURCAMPA;-12.71108;-74.443487;LLUVIOSO;IMPRUDENCIA DEL CONDUCTOR;EXCESO DE VELOCIDAD;;
A-2024-03-87;28/03/2024;04:20;DESPISTE;DESPISTE Y VOLCADURA;1;3;PANAMERICA SUR KM 442;;-14.8161;-74.98039;DESPEJADO;EN PROCESO DE INVESTIGACIÓN;NO CUENTA CON CAUSA ESPECIFICA;;NINGUNA
A-2024-03-88;28/03/2024;02:40;CHOQUE;CHOQUE POR ALCANCE SEGUIDO DE DESPISTE;1;2;CARRETERA PANAMERICANA SUR KM191-TAMBO DE MORAKM ;;-13.453134;-76.1795333;DESPEJADO;EN PROCESO DE INVESTIGACIÓN;NO CUENTA CON CAUSA ESPECIFICA;;
A-2024-03-89;21/03/2024;23:55;DESPISTE;SEGUIDO DE CHOQUE;2;1;CARRETERA CENTRAL LA OROYA - LIMA  KM.156 800;PUENTE YAULI;-11.624472;-75.999669;DESPEJADO;IMPRUDENCIA DEL CONDUCTOR;OTRO (IMPRUDENCIA DEL CONDUCTOR);DESPLAZAR SU VEHICULO CON UN MARCADA IMPERICIA A UNA VELOCIDAD QUE RESULTO NO RAZONABLE (PARA TOMAR UNA CURVA ABIERTA) ;NINGUNA
A-2024-03-9;10/03/2024;13:30;DESPISTE;DESPISTE, VOLCADURA FATAL;1;0;CARRETERA DE PENETARCION AREQUIPA MATARANI KM. 47.500;KM. 47.500;-16.963857;-72.055883;DESPEJADO;NO IDENTIFICA LA CAUSA;;;SIN OBSERVACIONES
A-2024-03-90;23/03/2024;08:40;DESPISTE;SEGUIDO DE VOLCADURA Y SUMERSION;2;1;CARRETERA CENTRAL LIMA - HUANCAYO KM. 152 200;;-11.608938;-76.036395;;;;;
A-2024-03-91;10/03/2024;02:00;ATROPELLO;ATROPELLO CON CONSECUENCIA FATAL Y DAÑOS MATERIALES;1;0;CARRETERA HUARAL LIMA KM 05;FRENTE DE SAN FERNANDO;-11.5580842;-77.2033308;DESPEJADO;IMPRUDENCIA DEL CONDUCTOR;OTRO (IMPRUDENCIA DEL CONDUCTOR);AL HABER DESPLAZADO SU VEHICULO A UNA VELOCISDAD NO RAZONABLE;CAUSA CONTRIBUTIVA:ACCION NEGLIGENTE DEL CONDUCTOR DEL VEHICULO, AL CONDUCIR SU VEHICULO CON FALTA DE CUIDADO Y PREVENCION//ACCION DEL PEATON AL HABER REALIZADO EL INGRESO Y CRUCE DE LA CALZADA
A-2024-03-96;12/03/2024;07:20;CHOQUE;CHOQUE, VOLCADURA Y CAIDA;1;1;CARRETERA ALBERTO FUJIMORI KM 87;;-11.1570751;-76.6272413;DESPEJADO;EN PROCESO DE INVESTIGACIÓN;NO CUENTA CON CAUSA ESPECIFICA;;CARRETERA CARROZABLE
A-2024-03-97;28/03/2024;09:00;DESPISTE;DESPISTE, VOLCADURA Y CAIDA DE CONDUCTOR Y OCUPANTE;2;0;CARRETERA LONGAR - EL PORVENIR ;SECTOR GUALAMITA ;-6.368051851;-77.514785827684;DESPEJADO;EN PROCESO DE INVESTIGACIÓN;NO CUENTA CON CAUSA ESPECIFICA;;SE ENCUENTRA EN PROCESO DE INVESTIGACIÒN CON LA FINALIDAD DE DETERMINAR LAS CAUSAS
A-2024-03-98;18/03/2024;20:00;CHOQUE;CHOQUE, VOLCADURA, CAIDA DEL CONDUCTOR Y OCUPANTE;1;1;CARRETERA FERNANDO BELAUNDE TERRY KM 241;;-5.797684;-78.332197;DESPEJADO;IMPRUDENCIA DEL CONDUCTOR;CONDUCIR EN ESTADO DE EBRIEDAD Y/O DROGADICCIÓN;;EL CONDUCTOR DEL AUTOMOVIL SE ENCONTRABA CONDUCIENDO SU VEHÌCULO BAJO LOS EFECTOS DEL ALCOHOL
A-2024-03-99;25/03/2024;08:40;CHOQUE;VOLCADURA Y CAIDA FATAL;1;0;AV. ALFREDO BENAVIDES CDRA.30;;-12.12881648;-77.00238000955726;DESPEJADO;IMPRUDENCIA DEL CONDUCTOR;OTRO (IMPRUDENCIA DEL CONDUCTOR);OTROS: AL DESPLAZAR SU VEHÍCULO SIN ADOPTAR MEDIDAS DE PREVENCIÓN ANTE LA APROXIMACIÓN A UNA INTERSECCIÓN;
A-2024-04-1;05/04/2024;18:50;ATROPELLO FUGA;-;1;0;CARRETERA FERNANDO BELAUNDE TERRY KM 466;-;-6.043031;-77.185088;DESPEJADO;EN PROCESO DE INVESTIGACIÓN;NO CUENTA CON CAUSA ESPECIFICA;;SE INVESTIGA
A-2024-04-10;12/04/2024;19:20;CHOQUE;FATAL;1;1;CARRETERA MAZOCRUZ - CAPASO;210 150;-16.09254093;-69.62838108224628;DESPEJADO;IMPRUDENCIA DEL CONDUCTOR;EXCESO DE VELOCIDAD;;
A-2024-04-11;13/04/2024;05:00;DESPISTE;EL VEHICULO  MENOR MOTOCICLETA LINEAL SE DESPLAZABA EN SENTIDO DE SUR A NORTE, EN CIRCUNSTANCIAS QUE AL INGRESAR A LA PORCION DE CURVA EN FORMA RECTA, MATERIALZIANDOSE EL EVENTO.;1;0;RED VECINAL PAUCARTAMBO - CENTRO POBLADO PICHIGUA. ALTURA DEL SECTOR HUAYLLARO DE LA COMUNIDAD CAMPESINA DE MASHUAY. PROVINCIA DE PAUCARTAMBO. DEPARTAMENTO CUSCO.;SECTOR HUAYLLARO;-13.35414029;-71.5668891;DESPEJADO;IMPRUDENCIA DEL CONDUCTOR;EXCESO DE VELOCIDAD;;NINGUNA
A-2024-04-12;04/04/2024;15:00;CHOQUE;;1;1;AV. LOS MOLLES CON AV. ALAMEDA ECOLOGICA;;-18.059667;-70.251762;DESPEJADO;IMPRUDENCIA DEL CONDUCTOR;DESACATO DE SEÑAL DE TRÁNSITO;;EL VEHICULO MENOR SE ENCONTRABA ESTACIONADO.
A-2024-04-13;10/04/2024;22:30;ATROPELLO;;1;0;CARRETERA PANAMERICANA SUR KM 1327 20;;-18.234015;-70.323367;DESPEJADO;IMPRUDENCIA DEL PEATÓN;OTRO (IMPRUDENCIA DEL PEATÓN);INGRESO INDEBIDO A LA CALZADA DE PARTE DEL PEATON;SIN OBSERVACIONES
A-2024-04-14;14/04/2024;12:00;CHOQUE;VOLCADURA;1;0;CARRETERA PANAMERICANA SUR PUNO-DESAGUADERO;KM. 1407 500;-16.065127;-69.6880774;;;;;
A-2024-04-16;15/04/2024;22:30;CHOQUE;-;1;0;JR. TEOBALDO LOPEZ CUADRA N° 03;FRENTE A DISTRIBUIDORA GLORIA;-6.055918;-77.166683;DESPEJADO;IMPRUDENCIA DEL CONDUCTOR;OTRO (IMPRUDENCIA DEL CONDUCTOR);;
A-2024-04-17;17/04/2024;08:50;DESPISTE;DESPISTE CHOQUE POSTERIOR DE CONSECUENCIA FATAL MUERTE Y LESIONES;1;1;CARRETERA COSTANERA SUR KM 96 500 TRAMO MATARANI - MOLLENDO;KM 96 500;-16.999476;-72.019809;DESPEJADO;NO IDENTIFICA LA CAUSA;;;JEFE EMI 03/COMISION DEL SERVICIO
A-2024-04-18;22/04/2024;18:50;ATROPELLO FUGA;-;1;0;CARRETERA FERNANDO BELAUNDE TERRY KM 444 960;CASERIO LA UNION;-5.905603;-77.32527;DESPEJADO;EN PROCESO DE INVESTIGACIÓN;NO CUENTA CON CAUSA ESPECIFICA;;SE INVESTIGA
A-2024-04-19;19/04/2024;19:40;CHOQUE;SUBSECUENTE MUERTE;1;1;VIA E INGRESO EL SECTOR EL RANAL LATERAL 7 LA JOYA;FRENTE AL FUNDO VICENTE MANRIQUE;-16.47616;-71.81959;DESPEJADO;NO IDENTIFICA LA CAUSA;;;POR DETERMINAR - EN INVESTIGACION
A-2024-04-2;07/04/2024;14:25;ATROPELLO;CON PROYECCION;1;0;JR. LEONCIO PRADO;FRONTIS DE LA BASE DE SERENAZGO DE LA MUNICIPALIDAD PROVINCIAL PUNO;-15.861002;-70.012911;DESPEJADO;IMPRUDENCIA DEL CONDUCTOR;EXCESO DE VELOCIDAD;;
A-2024-04-20;14/04/2024;13:20;CHOQUE;CHOQUE - DESPISTE - CHOQUE CON CONSECUENCIA FATAL.;1;1;ANTIGUA CARRETERA PANAMERICANA SUR;CARRETERA AREQUIPA - CERRO VERDE;-16.3102;-71.37598;SOLEADO;NO IDENTIFICA LA CAUSA;;;POR DETERMINAR
A-2024-04-21;04/04/2024;08:00;DESPISTE;EL VEHICULO DE PLACA DE RODAJE BHH-887 CIRCULABA DE NOR ESTE A SUR ESTE, EN CIRCUNSTANCIAS QUE EL CONDUCTOR SE ABRE A LA DERECHA,MOTIVO POR EL CUAL SEDE LA TIERRA VOLCANDOSE EN TONEL DERECHO UNA TRAYECTORIA DE 35 METROS QUEDANDO EN SU POSICION FINAL ;1;0;RED VIAL VECINAL ANCAHUASI- PANTIPATA;COMUNIDAD PANTIPATA;-13.55849;-72.32591;DESPEJADO;IMPRUDENCIA DEL CONDUCTOR;OTRO (IMPRUDENCIA DEL CONDUCTOR);EXCESO DE CONFIANZA;NINGUNA
A-2024-04-22;08/04/2024;05:20;ATROPELLO FUGA;SE SUCITO CUANDO EL VEHICULO X5J-805 CIRCULABA POR EL LUGAR DEL EVENTO, EN SU DESPLAZAMIENTO ANTES DE INGRESAR AL REDUCTOR DE VELOCIDAD FUE INTERCEPTADO POR LOS MORADOPRES QUIENES ACATABAN UN PARO QUE TENIA POR OBJETO DE IMPEDIR EL PASO DE VEHICULOS CON MINERALES, EL PEATON SE UBICO EN LA PARTE ANTE;1;0;SECTOR SOL DE ORO DEL DISTRITO DE BELILLE PROVIOCIA CHUMBIBILCAS;SECTOR SOL DE ORO;-14.512244;-71.86787;DESPEJADO;IMPRUDENCIA DEL PEATÓN;CRUCE INDEBIDO POR LA CALZADA;;NINGUNA
A-2024-04-23;04/04/2024;01:00;VOLCADURA;EL VEHICULO TRANSITABA DE ESTE A OESTE INGRESANDO A LA ZONA DE VERMA LUEGO AL ABISMO A CONSECUENCIA DE ENCALEDAMIENTO DE OTRO VEHICULO NO IDENTIFICADO QUE CIRCULABA EN SENTIDO CONTRARIO ;1;0;COMUNIDAD PALMAREAL ALTURA DEL SECTOR PIGUIATO ;COMUNIDAD PALMA REAL ;-12.63934;-72.87988;DESPEJADO;IMPRUDENCIA DEL CONDUCTOR;EXCESO DE VELOCIDAD;;NINGUNA
A-2024-04-24;14/04/2024;17:00;CHOQUE;CHOQUE-DESPISTE Y SUBSECUENTE MUERTE;1;1;CARRETERA PANAMERICANA SUR KM 915 434;VIA INGRESO AL EPDREGAL SUR/ KM. 915 434;-16.363366;-72.156526;DESPEJADO;NO IDENTIFICA LA CAUSA;;;JEFE EMI 03/COMISION DEL SERVICIO
A-2024-04-25;15/04/2024;19:20;ATROPELLO;EL CONDUCTOR SE DESPLAZABA A UNA VELOCIDAD INAPROPIADA INSTANTES EN EL QUE ES SORPRENDIDO POR EL INGRESO DEL PEATON;1;1;CARRETERA CUSCO SICUANI ALTURA DE KM 1084 500;DISTRITO DE TINTA;-14.14442;-71.397666;DESPEJADO;IMPRUDENCIA DEL PEATÓN;CRUCE INDEBIDO POR LA CALZADA;;NINGUNA
A-2024-04-26;24/04/2024;06:00;VOLCADURA;FATAL;1;0;CARRETERAILAVE-MAZOCRUZ. ALTURA COMUNIDAD JACHOCO HUARACO-ILAVE;17 500;-16.230647;-69.678802;DESPEJADO;IMPRUDENCIA DEL CONDUCTOR;EXCESO DE VELOCIDAD;;
A-2024-04-27;25/04/2024;06:10;DESPISTE;DESPISTE - VOLCADURA CON SUBSECUENTE MUERTE;1;1;ALTURA DEL KM 146 DE LA CARRETERA COSTANERA SUR;POR LA CARRETERA;-17.174842;-71.76923;SOLEADO;NO IDENTIFICA LA CAUSA;;;JEFE EMI 01/COMISION DEL SERVICIO
A-2024-04-28;01/04/2024;10:30;DESPISTE;-;1;0;CARRETERA DE ACCESO AL CASERIO SAN JOSE DE PORCON - PUENTE MIRAFLORES;-;-8.00334315;-78.31784777760758;DESPEJADO;NO IDENTIFICA LA CAUSA;;;
A-2024-04-29;29/04/2024;22:00;DESPISTE;DESPISTE-CHOQUE Y VOLCADURA;1;0;ASOC. PRIMAVERA DE LOS ANGELES 1RA CUADRA DE LA IE FRANCISCO DE SALES;AUTOPISTA AREQUIPA AL JOYA ALTURA DE SOC. PRIMAVERA;-16.373933;-71.645825;NUBLADO;NO IDENTIFICA LA CAUSA;;;JEFE EMI 03/COMISION DEL SERVICIO
A-2024-04-3;07/04/2024;12:30;DESPISTE;EL VEHICULO MENOR MOTOCICLETA CON PLACA DE RODAJE 5339-1I SE DESPLAZABA POR LA VIA EN SENTIDO DE NOR ESTE A SUR OESTE, EN CIRCUNSTANCIAS  QUE PIERDE EL CONTROL  Y EQULIBRIO DEL VEHICULO QUR CONDUCIA VOLCANDOSE EN TONEL DERECHO Y ARRASTRANDOSE 25 METROS APROX., MATERIA;1;0;VIA INTEROCEANICA SUR KM 56 056;A ESPALDAS DE LA COMISARIA DE OCONGATE;-13.626946;-71.389015;LLUVIOSO;IMPRUDENCIA DEL CONDUCTOR;EXCESO DE VELOCIDAD;;NINGUNA
A-2024-04-30;02/04/2024;06:20;CHOQUE;-;1;11;CARRETERA PANAMERICANA NORTE ALTURA DEL KM. 600;-;-7.882915482;-79.12875608848309;DESPEJADO;IMPRUDENCIA DEL CONDUCTOR;FATIGA Y/O CANSANCIO;;
A-2024-04-31;05/04/2024;09:30;DESPISTE;-;1;2;CARRETERA DE ACCESO A VIJUS S/N;-;-7.733418563;-77.66625880256798;NUBLADO;NO IDENTIFICA LA CAUSA;;;
A-2024-04-32;05/04/2024;16:20;CHOQUE;-;1;1;CARRETERA A LA COSTANERA ALTURA DEL SECTOR TRES PALOS;-;-7.988286093;-79.21753460404763;DESPEJADO;IMPRUDENCIA DEL CONDUCTOR;CONDUCIR EN ESTADO DE EBRIEDAD Y/O DROGADICCIÓN;;
A-2024-04-33;07/04/2024;01:15;DESPISTE;-;1;0;CARRETERA PANAMERICANA NORTE ALTURA DEL KM. 714;-;-7.18931573;-79.43042277;DESPEJADO;IMPRUDENCIA DEL PASAJERO/OCUPANTE;SUBIR Y BAJAR DEL VEHÍCULO EN MOVIMIENTO;;
A-2024-04-34;08/04/2024;06:10;DESPISTE;-;3;1;CARRETERA DE ANEXO AL SECTOR SANTA MARIA S/N;-;-7.901820335;-77.60441776144371;DESPEJADO;NO IDENTIFICA LA CAUSA;;;
A-2024-04-35;12/04/2024;21:40;CHOQUE;-;1;0;CARRETERA PANAMERICANA NORTE ALTURA DEL GRIFO PECSA S/N - PUENTE SHIRACMACA;-;-7.815647891;-78.00949600349817;DESPEJADO;NO IDENTIFICA LA CAUSA;;;
A-2024-04-36;13/04/2024;20:20;CHOQUE;-;1;1;CARRETERA PANAMERICANA NORTE ALTURA DEL KM. 554;-;-8.167848812;-79.00640839403039;DESPEJADO;NO IDENTIFICA LA CAUSA;;;
A-2024-04-37;18/04/2024;15:26;ATROPELLO;-;1;0;CARRETERA DE ACCESO AL CASERIO PARANDAY S/N;-;-7.879843183;-78.72162308118214;DESPEJADO;NO IDENTIFICA LA CAUSA;;;
A-2024-04-38;21/04/2024;04:10;DESPISTE;-;1;0;CARRETERA DE PENETRACION A LA SIERRA LIBERTEÑA ALTURA DEL KM. 18.8;-;-8.08670354;-78.89023718;DESPEJADO;NO IDENTIFICA LA CAUSA;;;
A-2024-04-39;23/04/2024;20:18;CHOQUE;-;1;1;INTERSECCION DE LA AVENIDA MIGUEL GRAU CON LA CALLE JOSE GALVEZ;-;-8.017436088;-79.06676890206747;DESPEJADO;NO IDENTIFICA LA CAUSA;;;
A-2024-04-4;06/04/2024;14:30;VOLCADURA;VOLCADURA Y ATROPELLO FATAL;2;0;SECTOR DENOMINADO PAMPAS DE TOCCRA KM. 29 500 ;PAMPAS DE TOCCRA;-15.856426;-71.428309;NIEBLA;NO IDENTIFICA LA CAUSA;;;JEFE EMI 02/COMISION DEL SERVICIO