COD_ACCIDE;FechaDelAccidente;HoraDelAccidente;ClaseDelAccidente;SecuenciaAccidente;CantidadDeFallecidos;CantidadDeLesionados;Direccion;LugarReferencia;y;x;CondClimatica;CausaFactorPrincipal;CausaEspecifica;OtraCausa;Observaciones
A-2024-04-40;25/04/2024;02:40;DESPISTE;-;1;0;AVENIDA AMERICA SUR ALTURA DEL BYPASS DEL OVALO GRAU;-;-8.123541993;-79.02295564;DESPEJADO;IMPRUDENCIA DEL CONDUCTOR;CONDUCIR EN ESTADO DE EBRIEDAD Y/O DROGADICCIÓN;;
A-2024-04-41;25/04/2024;11:30;DESPISTE;-;1;11;CARRETERA DE ACCESO A MOLLEPATA ALTURA DE LA CRUVA DE ALTO MOLLEPATA S/N;-;-8.194142538;-77.95682844;DESPEJADO;NO IDENTIFICA LA CAUSA;;;
A-2024-04-42;28/04/2024;08:00;CHOQUE;-;1;0;CARRETERA PANAMERICANA NORTE ALTURA DEL KM. 516.8;-;-8.435843904;-78.76493985013009;DESPEJADO;NO IDENTIFICA LA CAUSA;;;
A-2024-04-44;14/04/2024;23:15;CHOQUE FUGA;EL VEHÍCULO CATG. L3, DE PLACA B7-4426, SE DESPLAZABA POR EL CARRIL DERECHO DE LA CALZADA OESTE Y EN SENTIDO DE NORTE A SUR, A LA ALTURA DEL KM. 154.779, ES CHOCADO POR ALCANCE POR EL VEHÍCULO CATG. N1, DE PLACA  X2U-920.;1;1;CARRETERA PANAMERICANA NORTE;KM. 154.779;-11.06132;-77.58895;DESPEJADO;EN PROCESO DE INVESTIGACIÓN;NO CUENTA CON CAUSA ESPECIFICA;;CONDUCTOR FUGADO - EN LA FISCALÍA
A-2024-04-45;15/04/2024;03:30;ATROPELLO;EL PEATÓN INGRESA Y TRATA DE CRUZAR EN SENTIDO DE OESTE A ESTE, HASTA OCUPAR PARTE DEL CARRIL DERECHO DE LA CALZADA OESTE DE LA C.P.N, INTERPONIENDOSE EN EL EJE DE MARCHA DEL VEHÍCULO PARTICIPANTE;1;0;CARRETERA PANAMERICANA NORTE;KM.148.757.20;-11.11468957;-77.59310419894447;DESPEJADO;IMPRUDENCIA DEL PEATÓN;ESTADO DE EBRIEDAD Y/O DROGADICCIÓN;;NINGUNA
A-2024-04-46;15/04/2024;14:50;ATROPELLO;EL PEATÓN INTENTA CRUZAR LA CALZADA ESTE DE LA C.P.N, AL INGRESAR AL CARRIL DERECHO, OCURRE EL ACCIDENTE DE TRÁNSITO;1;0;CARRETERA PANAMERICANA NORTE;KM. 157.382.90;-11.04594;-77.58882;DESPEJADO;IMPRUDENCIA DEL CONDUCTOR;OTRO (IMPRUDENCIA DEL CONDUCTOR);DESATENCIÓN EN SU EJE DE CIRCULACIÓN.;NINGUNA
A-2024-04-47;24/04/2024;10:30;DESPISTE;EL VEHÍCULO CATG. M1, DE PLACA  DE RODAJE D4H-464, SE DESPLAZABA EN SENTIDO DE ESTE A OESTE,  HASTA LLEGAR A LA ZONA DEL ACCIDENTE DONDE SE DESPISTA IMPACTANDO CON UN POSTE DE CONCRETO;1;0;INTERSECCIÓN DE LA AV. MIGUEL GRAU CON PASAJE SANTA MARÍA;INTERSECCIÓN;-10.81155981;-76.87521102435039;DESPEJADO;EN PROCESO DE INVESTIGACIÓN;NO CUENTA CON CAUSA ESPECIFICA;;EN LA FISCALÍA
A-2024-04-48;28/04/2024;18:50;ATROPELLO;ATROPELLO CON SUBSECUENTE MUERTE;1;0;ALTURA DEL KM 925 700;;-16.349813;-72.127218;DESPEJADO;NO IDENTIFICA LA CAUSA;;;JEFE EMI 01/COMISION DEL SERVICIO
A-2024-04-49;03/04/2024;07:50;CHOQUE FUGA;.;1;0;CARRETERA PANAMERICANA NORTE KM 270.3;.;-3.501367355;-80.27929739224587;SOLEADO;IMPRUDENCIA DEL CONDUCTOR;NO ESTABLECER EL DERECHO DE PASO;;
A-2024-04-5;10/04/2024;10:30;VOLCADURA;DESPISTE PARCIAL;1;0;CARRETERA BINACIONAL DESAGUADERO-MOQUEGUA;KM. 149 800 SANTA ROSA;-16.8468028;-70.2351222;DESPEJADO;IMPRUDENCIA DEL CONDUCTOR;INVASIÓN DE CARRIL;;
A-2024-04-50;08/04/2024;01:30;CHOQUE CON OBJETO FIJO;.;1;1;AVENIDA ALFONSO UGARTE CON INTERSECCION 07 DE ENERO;.;-3.574098741;-80.45422187038837;DESPEJADO;IMPRUDENCIA DEL CONDUCTOR;OTRO (IMPRUDENCIA DEL CONDUCTOR);FALTA DE CUIDADO Y PREVENCION ;
A-2024-04-51;26/04/2024;00:30;DESPISTE;.;1;0;CARRETERA PANAMERICANA NORTE KM 220;.;-3.674089605;-80.66283341438994;DESPEJADO;IMPRUDENCIA DEL CONDUCTOR;CONDUCIR EN ESTADO DE EBRIEDAD Y/O DROGADICCIÓN;;
A-2024-04-52;01/04/2024;23:40;CHOQUE;CHOQUE Y VOLCADURA ;1;0;AVENIDA EDUCATIVA ;ALTURA DEL COLISEO LA PLATA (FUNDO VICE );-5.166519;-80.639939;;;;;
A-2024-04-53;04/04/2024;02:00;ATROPELLO;ATROPELLO POR APLASTAMIENTO SEGUIDO DE FUGA ;1;0;CARRETERA PANAMERICANA NORTE PIURA - CHICLAYO ;ALTURA DEL KM 879 JURISDICCION DE LA CPNP CATACAOS ;-5.333727;-80.619572;DESPEJADO;;;;
A-2024-04-54;09/04/2024;21:15;ATROPELLO;ATROPELLO ;1;1;CARRETERA PIURA - SULLANA ;ALTURA DEL KM 1011;-5.107779674;-80.7034728522577;DESPEJADO;;;;
A-2024-04-55;06/04/2024;20:00;DESPISTE;DESPISTE - CHOQUE Y VOLCADURA ;1;0;CARRETERA BIGOTES LALAQUIZ ;ALTURA DE LA PARCELA ZURITA ROMAN ;-5.318531;-79.7766033;DESPEJADO;;;;
A-2024-04-56;13/04/2024;14:00;CHOQUE;CHOQUE POR ALCANCE ;1;1;CARRETERA PANAMERICANA NORTE PIURA - SULLANA ;KM 1006 800;-5.1473536;-80.697009;DESPEJADO;;;;
A-2024-04-57;21/04/2024;04:40;CHOQUE FUGA;CHOQUE Y FUGA ;1;5;AV. GUARDIA CIVIL - TACALA ;ALTURA DEL COLEGIO MILITAR PEDRO RUIZ GALLO ;-5.18904499;-80.59956;DESPEJADO;;;;
A-2024-04-58;02/04/2024;02:00;DESPISTE;VOLCADURA;3;2;CARRETERA LA OROYA - AYACUCHO ;KM 229 550;-12.4931823;-74.72242612376444;DESPEJADO;NO IDENTIFICA LA CAUSA;;;
A-2024-04-59;07/04/2024;06:30;DESPISTE;VOLCADURA;1;3;CARRETERA HUANCAVELICA - CHINCHA; KM 95   380;-13.14959538;-75.5542971142341;DESPEJADO;NO IDENTIFICA LA CAUSA;;;
A-2024-04-6;10/04/2024;18:30;DESPISTE;CHOQUE;2;4;AV. 4 DE NOVIEMBRE CON JR. ARENALES;-;-15.859174;-70.013567;DESPEJADO;NEGLIGENCIA DEL CONDUCTOR;CONDUCIR CON FALLAS DE FRENOS;;
A-2024-04-60;16/04/2024;14:30;DESPISTE;VOLCADURA;1;0;CARRETERA HUACHOCOLPA - KOLPA KM 26;KM 26;-13.0575711;-74.94395618268463;SOLEADO;NO IDENTIFICA LA CAUSA;;;
A-2024-04-61;19/04/2024;06:40;CHOQUE;;1;4;CARRETERA IMPERIAL - CHURCAMPA ;KM 09;-12.30939465;-75.04322437737389;DESPEJADO;NO IDENTIFICA LA CAUSA;;;
A-2024-04-62;11/04/2024;06:20;CHOQUE;DESPISTE;1;4;CARRETERA VIA LOS LIBERTADORES ;KM. 263 294;-13.34500996;-74.5314421324361;DESPEJADO;IMPRUDENCIA DEL CONDUCTOR;INVASIÓN DE CARRIL;;SIN OBSERVACIONES
A-2024-04-63;15/04/2024;17:30;CHOQUE;VOCADURA CAIDA;1;1;CARRETERA VIA AYACUCHO ANDAHUAYLAS;KM. 155 133;-13.437383;-73.829608;DESPEJADO;IMPRUDENCIA DEL CONDUCTOR;CONDUCIR EN ESTADO DE EBRIEDAD Y/O DROGADICCIÓN;;SIN OBSERVACIONES
A-2024-04-64;15/04/2024;10:20;ATROPELLO;MUERTE Y DAÑOS MATERIALES;1;0;AV. ARENALES ;CUADRA 2;-13.16851511;-74.20965074392826;DESPEJADO;IMPRUDENCIA DEL CONDUCTOR;EXCESO DE VELOCIDAD;;SIN OBSERVACIONES
A-2024-04-65;26/04/2024;09:45;DESPISTE;VOLCADURA;2;6;VIA CHILCA -ACOSVINCHOS KM 14;CITANA ;-13.177;-73.957;DESPEJADO;IMPRUDENCIA DEL CONDUCTOR;EXCESO DE VELOCIDAD;;SEGUN VERSION DE LOS PARTICIPANTES EXISTIÓ UNA UT2, LA MISMA QUE DESPUES DE PRODUCIDO EL ACCIDENTE CONTINUÓ SU RECORRIDO
A-2024-04-67;05/04/2024;18:00;CHOQUE;;1;0;INTERSECCION DE LA CALLE CARLOS A. SACO Y  LA CALLE MANUEL A. SEGURA;;-12.06675574;-77.1120735740057;DESPEJADO;IMPRUDENCIA DEL CONDUCTOR;CONDUCIR EN ESTADO DE EBRIEDAD Y/O DROGADICCIÓN;;
A-2024-04-68;06/04/2024;08:20;ATROPELLO;;1;0;PANAMERICANA;CHICHARONERIA LA CHINITA;-14.678984;-75.141221;DESPEJADO;EN PROCESO DE INVESTIGACIÓN;NO CUENTA CON CAUSA ESPECIFICA;;NINGUNA
A-2024-04-69;10/04/2024;19:40;ATROPELLO;;1;0;PANAMERICANA SUR KM 446;GRIFO REPSOL SECTOR CURVE;-14.823433;-74.96026;DESPEJADO;EN PROCESO DE INVESTIGACIÓN;NO CUENTA CON CAUSA ESPECIFICA;;NINGUNA
A-2024-04-7;08/04/2024;21:50;CAÍDA DE PASAJERO;CAIDA, ATROPELLO Y FUGA;1;0;AV. COLONIZADORES OVALO DEL TERMINAL;OVALO DEL TERMINAL TERRESTRE DE EL ´PEDREGAL;-16.346615;-72.190576;SOLEADO;NO IDENTIFICA LA CAUSA;;;EMI 03 - EN INVESTIGACION
A-2024-04-70;12/04/2024;15:10;CHOQUE;;1;0;PAAMERICANA SUR KM 292;ALTURA DE LA BODEGA LOVERA;-13.9839724;-75.7732386;DESPEJADO;EN PROCESO DE INVESTIGACIÓN;NO CUENTA CON CAUSA ESPECIFICA;;NINGUNA
A-2024-04-71;22/04/2024;06:30;ATROPELLO FUGA;;1;0;PANAMERICA SUR KM 219;;-13.70235;-76.16552;DESPEJADO;EN PROCESO DE INVESTIGACIÓN;NO CUENTA CON CAUSA ESPECIFICA;;NINGUNA
A-2024-04-72;27/04/2024;11:00;CHOQUE;CHOQUE POR ALCANCE ;1;0;PANAMERICA SUR KM 226;;-13.6809503;-76.1594931;DESPEJADO;EN PROCESO DE INVESTIGACIÓN;NO CUENTA CON CAUSA ESPECIFICA;;NINGUNA
A-2024-04-73;14/04/2024;05:30;ATROPELLO;HEHICULO QUE SE DESPLAZABA POR LA AVENIDA USANDO EL SENDERO IZQUIERDO LA PEATON INGRESABA A LA CALZADA SIENDO IMPACTADO Y PROYECTADO;1;0;AVENIDA DE LA CULTURA  PARADERO CAMIONERO;PARADERO CAMIONERO;-13.53279517;-71.92240478907334;DESPEJADO;IMPRUDENCIA DEL PEATÓN;OTRO (IMPRUDENCIA DEL PEATÓN);EXESO DE CONFIANZA DEL CONDUCTOR;NINGUNA
A-2024-04-74;12/04/2024;13:08;CHOQUE;INGRESO DE LA BICILETA A LA CARRETERA DE LA PANAMERICANA SUR COLISION Y PROYECCION DE LA BICICLETA;1;0;CARRETERA PANAMERICANA SUR ;KM 185 500;-13.404688;-76.193044;;;;;
A-2024-04-75;19/04/2024;23:30;DESPISTE;  VOLCADURA;1;0;CARRETERA PANAMERICANA SUR ;KM 212;-13.563411;-76.133899;;;;;
A-2024-04-76;28/04/2024;05:35;CHOQUE;FRONTAL EXENTRICO  DERECHO;1;0;ANTIGUA CARRETERA PANAMERICANA SUR ;KM 200;-13.62600524;-76.1519337048358;DESPEJADO;IMPRUDENCIA DEL CONDUCTOR;INVASIÓN DE CARRIL;;NINGUNA
A-2024-04-77;05/04/2024;17:00;DESPISTE;-;1;0;CARRETRA OYON - YANAHUANCA KM 167 950;-;-10.60609257;-76.6737603140502;NUBLADO;IMPRUDENCIA DEL CONDUCTOR;FATIGA Y/O CANSANCIO;;
A-2024-04-78;11/04/2024;14:00;DESPISTE;-;2;0;CARRETERA CENTRAL HUANUCO - LA OROYA KM. 128 710;-;-10.69360019;-76.1988484118591;DESPEJADO;IMPRUDENCIA DEL CONDUCTOR;FATIGA Y/O CANSANCIO;;
A-2024-04-79;02/04/2024;07:05;CHOQUE;FATAL;1;0;AV. TOMAS MARSANO CDRA 46. SNTGO DE SURCO ;;-12.1429153;-76.99040679746041;DESPEJADO;IMPRUDENCIA DEL CONDUCTOR;ADELANTAR INDEBIDAMENTE;;CAUSA DE LA CAMIONETA.
A-2024-04-8;09/04/2024;18:30;ATROPELLO;CHOQUE FATAL;1;0;AV. LAS CONVENCIONES ;FRENTE AL CAR WASH;-16.430746;-71.54062;DESPEJADO;NO IDENTIFICA LA CAUSA;;;EMI 03 - EN INVESTIGACION
A-2024-04-9;06/04/2024;15:30;DESPISTE;MUERTE;1;1;SUR - NORTE;;-13.588357;-73.278221;DESPEJADO;NO IDENTIFICA LA CAUSA;;;
A-2024-05-1;02/05/2024;05:30;ATROPELLO;CHOQUE Y DESPISTE PARCIAL;1;0;CARRETERA PUNO-DESAGUADERO;KM. 1397 500;-16.003964;-69.761705;DESPEJADO;NEGLIGENCIA DEL CONDUCTOR;CONDUCIR CON FALLAS ELÉCTRICAS;;
A-2024-05-10;03/05/2024;08:00;ATROPELLO FUGA;ATROPELLO Y FUGA;1;0;C.P CIUDAD DE MAJES MODULO G. FRONTIS DEL INMUEBLE B-10-14;FRONTIS DEL INMUEBLE 310-314;-16.30764139;-72.1892234441462;SOLEADO;NO IDENTIFICA LA CAUSA;;;JEFE EMI 02/COMISION DEL SERVICIO
A-2024-05-100;12/05/2024;21:10;ATROPELLO;MUERTE ;1;0;JR. UCAYALI CON EL JR. LIMA;CAMINO A SAN JOSE;-8.352035379;-74.59407151257452;DESPEJADO;NO IDENTIFICA LA CAUSA;;;S/O
A-2024-05-101;27/05/2024;01:40;ATROPELLO FUGA;MUERTE;1;0;CARRETERA FEDERICO BASADRE KM. 09.200;;-8.399332104;-74.60846295231482;DESPEJADO;NO IDENTIFICA LA CAUSA;;;LA FALTA DE LOS ELEMENTOS DE TRANSITO PARTICIPANTE EN EL PRESENTE EVENTO DE TRANSITO, NO PERMITE DETERMINAR FEHACIENTEMENTE LAS CQAUSAS QUE MOTIVARON LA PRODUCCION DEL SUCESO
A-2024-05-11;14/05/2024;03:00;ATROPELLO;ATROPELLO FATAL Y FUGA;1;0;AV. ANDRES AVELINO CACERES;OVALO DOLORES;-16.425284;-71.524861;DESPEJADO;NO IDENTIFICA LA CAUSA;;;JEFE EMI 01/COMISION DEL SERVICIO
A-2024-05-12;18/05/2024;13:21;CHOQUE;CHOQUE - DESPISTE PARCIAL;1;1;KM. 1033 800 CARRETERA PANAMERICANA SUR AQP;INGRESO EL FISCAL;-16.98382963;-71.7708158491995;NIEBLA;NO IDENTIFICA LA CAUSA;;;COMISION DEL SERVICIO
A-2024-05-13;01/05/2024;20:00;VOLCADURA;CHOQUE - VOLCADURA Y CAIDA ;2;0;AV. CESAFR VALLEJO. ;ALTURA DE LA EMPRESA DE SERVICIOS CHANCHAN S.A ;-5.185413;-80.64937;DESPEJADO;;;;
A-2024-05-14;04/05/2024;21:00;VOLCADURA;;1;0;AV. GRAU CASTILLA ;;-5.20492;-80.621518;DESPEJADO;;;;
A-2024-05-15;11/05/2024;21:32;DESPISTE;DESPISTE ;1;0;CARRETERA QUE UNE LOS CASERIOS CHANCAY Y EL CASERIO ONZA DE ORO ;DISTRITO BERNAL ;-5.476569;-80.745771;DESPEJADO;;;;
A-2024-05-17;17/05/2024;16:00;DESPISTE;-;1;3;CARRETERA ALTO PERÚ SECTOR EL PALTO KM 2;-;-6.292372908;-77.0997671755404;DESPEJADO;EN PROCESO DE INVESTIGACIÓN;NO CUENTA CON CAUSA ESPECIFICA;;SE INVESTIGA
A-2024-05-18;19/05/2024;16:15;CHOQUE;FATAL;1;0;AV. 28 DE JULIO CON CALLE JOSE OLAYA YUNGUYO;YUNGUYO;-16.2438482;-69.0894543;DESPEJADO;IMPRUDENCIA DEL CONDUCTOR;CONDUCIR EN SENTIDO CONTRARIO;;
A-2024-05-19;19/05/2024;21:20;DESPISTE;VOLCADURA;1;0;CARRETERA YUNGUYO-PUNO. ALTURA DEL PUENTE IMICATI;KM. 16 500;-16.2548724;-69.1277968;;;;;
A-2024-05-20;22/05/2024;20:21;CHOQUE;DESPISTE;1;1;AV. PANAMERICANA SUR - ILAVE;ALTURA PUENTE INTERNACIONAL ILAVE;-16.091724;-69.632402;DESPEJADO;IMPRUDENCIA DEL CONDUCTOR;OTRO (IMPRUDENCIA DEL CONDUCTOR);EXCESO DE CONFIANZA SIN TOMAR EN CUENTA LOS RIESGOS PRESENTES;
A-2024-05-21;01/05/2024;17:30;CHOQUE;-;1;2;CARRETERA DE PENETRACION A LA SIERRA LIBERTEÑA ALTURA DEL KM. 188;-;-7.800293586;-77.9881664265;DESPEJADO;NO IDENTIFICA LA CAUSA;;;
A-2024-05-22;01/05/2024;21:20;DESPISTE;-;1;0;CARRETERA PANAMERICANA NORTE ALTURA DEL KM. 706;-;-7.233167784;-79.4523904431;DESPEJADO;NO IDENTIFICA LA CAUSA;;;
A-2024-05-23;04/05/2024;17:00;DESPISTE;-;1;0;CARRETERA PANAMERICANA NORTE ALTURA DEL KM. 664.5;-;-7.423961087;-79.50308939406725;DESPEJADO;IMPRUDENCIA DEL CONDUCTOR;OTRO (IMPRUDENCIA DEL CONDUCTOR);CONDUCIR SIN  EL DEBIDO CUIDADO Y PREVENCION;
A-2024-05-24;05/05/2024;14:40;CHOQUE;-;1;0;INTERSECCION DE LA AV. LOS PINOS CON LA CA. CESAR ABRAHAM;-;-8.050661063;-79.05154544639286;DESPEJADO;IMPRUDENCIA DEL CONDUCTOR;GIRAR IMPRUDENTEMENTE;;
A-2024-05-25;04/05/2024;06:30;CHOQUE;EL VEHÍCULO CATG. M1, DE PLACA AAS-298, CIRCULABA EN SENTIDO DE ESTE A OESTE, HASTA LLEGAR A LA ZONA DEL ACCIDENTE, DONDE EL VEHÍCULO CATG. M1, DE PLACA U1C-665 EL CUAL CIRCULABA DE OESTE A ESTE, PIERTE EL CONTROL INTERPONIENDOSE EN EL EJE DE MARCHA DE LA UT-1.;1;0;CARRETERA TRASVERSAL RIO SECO - SAYÁN - CHURÍN - OYÓN;KM. 18.272.40;-11.28498139;-77.32506043281998;DESPEJADO;IMPRUDENCIA DEL CONDUCTOR;INVASIÓN DE CARRIL;;NINGUNA
A-2024-05-26;14/05/2024;13:15;CHOQUE;EL VEHÍCULO CATG, M1, DE PLACA CDW-545, SE DESPLAZABA POR LA CARRETERA PANAMERICANA NORTE,  POR EL CARRIL IZQUIERDO DE LA CALZADA OESTE, AL LLEGAR A LA ZONA DEL EVENTO, EL VEHÍCULO CATG. L5, DE PLACA 1827-HA, INGRESA A LA CALZADA  Y CRUZA TRASVERSALMENTE, PRODUCIENDOSE EL ACCIDENTE.;1;2;CARRETERA PANAMERICANA NORTE;KM. 146.233.40;-11.13583875;-77.59689150569524;DESPEJADO;IMPRUDENCIA DEL CONDUCTOR;GIRAR IMPRUDENTEMENTE;;NINGUNA
A-2024-05-27;19/05/2024;05:45;DESPISTE;EL VEHÍCULO CATG. M1, DE PLACA F2H-244, CIRCULABA POR LA CARRETERA PANAMERICANA NORTE, CARRIL DERECHO DE LA CALZADA OESTE Y EN SENTIDO DE NORTE  A SUR, AL LLEGAR A LA ZONA DEL ACCIDENTE SE DESPISTA;1;1;CARRETERA PANAMERICANA NORTE;KM. 122.913;-11.31428415;-77.48276560587419;DESPEJADO;IMPRUDENCIA DEL CONDUCTOR;FATIGA Y/O CANSANCIO;;NINGUNA
A-2024-05-28;26/05/2024;07:30;ATROPELLO;EL PEATÓN CIRCULABA EN SENTIDO DE ESTE A OESTE, TRATANDO DE CRUZAR LA CALZADA DE LA AV. MERCEDES INDACOCHEA, ALTURA DE LA UNIVERSIDAD NACIONAL J.F.S.C., AL LLEGAR AL CARRIL DERECHO SUCEDE EL ACCIDENTE.;1;0;AV. MERCEDES INDACOCHEA;ALTURA DE LA PUERTA NRO. 2 DE LA UNIVERSIDAD NACIONAL JOSÉ FAUSTINO SANCHEZ CARRIÓN;-11.1237958;-77.6104688217317;DESPEJADO;IMPRUDENCIA DEL CONDUCTOR;OTRO (IMPRUDENCIA DEL CONDUCTOR);CONDUCIR CON DESATENCIÓN;NINGUNA
A-2024-05-31;09/05/2024;15:05;ATROPELLO;-;1;0;INTERSECCION DE LA AV. MIRAFLORES CON LA AV. TUPAC AMARU;-;-8.103219628;-79.023969781;DESPEJADO;NO IDENTIFICA LA CAUSA;;;
A-2024-05-32;10/05/2024;20:30;ATROPELLO;-;1;2;CARRETERA PANAMERICANA NORTE ALTURA DEL KM. 669;-;-7.424026823;-79.50308374665642;DESPEJADO;IMPRUDENCIA DEL CONDUCTOR;GIRAR IMPRUDENTEMENTE;;
A-2024-05-33;11/05/2024;04:45;ATROPELLO FUGA;-;1;0;CARRETERA DE PENETRACION A GRAN CHIMU ALTURA DEL KM. 14.1;-;-7.746122048;-79.092496577822;DESPEJADO;NO IDENTIFICA LA CAUSA;;;
A-2024-05-34;13/05/2024;02:20;DESPISTE;-;1;0;INTERSECCION DE LA PROLONGACION JR. AYACUCHO CON EL JR. SAN EUGENIO;-;-7.246859108;-79.46301694413772;DESPEJADO;NO IDENTIFICA LA CAUSA;;;
A-2024-05-35;13/05/2024;10:40;DESPISTE;-;1;0;CARRETERA DE ACCESO AL CASERIO MACHINGON S/N;-;-7.892093557;-78.54110974854092;DESPEJADO;NO IDENTIFICA LA CAUSA;;;
A-2024-05-36;14/05/2024;00:30;CHOQUE;-;1;3;CARRETERA PANAMERICANA NORTE ALTURA DEL KM. 511;-;-8.460708795;-78.72292032308259;DESPEJADO;NO IDENTIFICA LA CAUSA;;;
A-2024-05-37;14/05/2024;21:50;CHOQUE;-;1;1;CARRETERA DE ACCESO AL CPM EL CARMELO S/N;-;-8.455583;-78.852323;DESPEJADO;NO IDENTIFICA LA CAUSA;;;
A-2024-05-38;15/05/2024;15:45;DESPISTE;-;1;0;CARRETERA DE PENETRACION A LA SIERRA LIBERTEÑA ALTURA DEL KM. 190.1;-;-7.790679254;-77.97043736315956;DESPEJADO;NO IDENTIFICA LA CAUSA;;;
A-2024-05-39;16/05/2024;05:40;ATROPELLO FUGA;-;1;0;CARRETERA PANAMERICANA NORTE ALTURA DEL KM. 541;-;-8.169461012;-79.0041184355;DESPEJADO;NO IDENTIFICA LA CAUSA;;;
A-2024-05-4;02/05/2024;18:50;CHOQUE;FATAL;1;0;CARRETERA COATA-JULIACA. C.P. CARATA;KM. 17 00;-15.56642171;-69.97179505563115;DESPEJADO;IMPRUDENCIA DEL CONDUCTOR;CONDUCIR EN ESTADO DE EBRIEDAD Y/O DROGADICCIÓN;;
A-2024-05-40;18/05/2024;05:30;DESPISTE;-;1;0;CARRETERA DE ACCESO AL CASERIO SANTA LUISA S/N;-;-7.079170572;-77.79556618362606;DESPEJADO;NO IDENTIFICA LA CAUSA;;;
A-2024-05-41;20/05/2024;11:00;ATROPELLO;-;1;0;AV. FEDERICO VILLARREAL ALTURA DE LA CDRA. 17;-;-8.093469954;-79.0268661407;DESPEJADO;NO IDENTIFICA LA CAUSA;;;
A-2024-05-42;21/05/2024;03:00;DESPISTE;-;1;0;INTERSECCION DE LA AV. MIGUEL GRAU CON LA CA. RICARDO PALMA;-;-8.040737875;-79.05935194068593;DESPEJADO;IMPRUDENCIA DEL CONDUCTOR;CONDUCIR EN SENTIDO CONTRARIO;;
A-2024-05-43;24/05/2024;09:30;DESPISTE;-;1;0;CARRETERA DE ACCESO AL ANEXO BULDIBUYO LA PACCHA Y MONTAÑAS;-;-8.331425175;-77.2509131115;DESPEJADO;NO IDENTIFICA LA CAUSA;;;
A-2024-05-44;30/05/2024;09:45;ATROPELLO;-;1;0;INTERSECCION DE LA AV. 2 DE MAYO CON L AV. VICTOR LARCO HERRERA;-;-8.140600574;-79.0524999253;DESPEJADO;IMPRUDENCIA DEL PEATÓN;CRUCE INDEBIDO POR LA CALZADA;;
A-2024-05-45;19/05/2024;23:40;CHOQUE;-;1;3;JR. PUCALLPA Y JR. 20 DE ABRIL;A ESPALDAS DE LA SANIDAD PNP MOYOBAMBA;-6.044131;-76.972011;DESPEJADO;IMPRUDENCIA DEL CONDUCTOR;OTRO (IMPRUDENCIA DEL CONDUCTOR);;
A-2024-05-46;29/05/2024;10:30;DESPISTE;VOLCADURA;1;4;AV. MANUEL A. QUIROGA-JULI;FRONTIS DEL TERMINAL ZONAL JULI;-16.212925;-69.454835;;;;;
A-2024-05-47;29/05/2024;20:30;DESPISTE;VOLCADURA;1;0;CARRETERA PUNO-DESAGUADERO KM. 1417;TECNOLOGICO ILAVE;-16.14884789;-69.56266699225276;DESPEJADO;IMPRUDENCIA DEL CONDUCTOR;ADELANTAR INDEBIDAMENTE;;
A-2024-05-48;06/05/2024;07:40;CHOQUE;.;1;0;CARRETERA PANAMERICANA NORTE KM 1278.950;.;-3.529353404;-80.36389408213292;DESPEJADO;IMPRUDENCIA DEL CONDUCTOR;OTRO (IMPRUDENCIA DEL CONDUCTOR);FALTA DE CUIDADO Y PREVENCION ;
A-2024-05-49;30/05/2024;06:00;ATROPELLO FUGA;FATAL;1;0;CARRETERA PUNO-DESAGUADERO ;KM. 1463 50;-16.27462767;-69.29014380638111;DESPEJADO;IMPRUDENCIA DEL PEATÓN;CRUCE INDEBIDO POR LA CALZADA;;FALTA DE UN ELEMENTO (VEHICULO)
A-2024-05-5;06/05/2024;15:50;DESPISTE;VOLCADURA;1;0;CARRETERA PANAMERICANA SUR PUNO-DESAGUADERO;KM. 1384 100;-15.94117228;-69.86260569;DESPEJADO;IMPRUDENCIA DEL CONDUCTOR;ADELANTAR INDEBIDAMENTE;;
A-2024-05-50;25/05/2024;06:17;DESPISTE;.;1;0;CARRETERA PANAMERICANA NORTE ;ALTURA DEL HOTEL ROYAL DECAMERO;-3.976005929;-80.95257632364411;DESPEJADO;IMPRUDENCIA DEL CONDUCTOR;OTRO (IMPRUDENCIA DEL CONDUCTOR);FALTA DE CUIDADO Y PREVENCION ;
A-2024-05-51;27/05/2024;10:00;CHOQUE;-;1;0;JR. SAN LUIS CRUCE CON EL JR. SAN CARLOS;-;-5.947354;-77.302978;DESPEJADO;IMPRUDENCIA DEL CONDUCTOR;OTRO (IMPRUDENCIA DEL CONDUCTOR);;
A-2024-05-52;30/05/2024;15:15;CHOQUE;Y VOLCADURA;1;0;CARRETERA PANAMERICANA SUR PUNO-DESAGUADERO ALTURA DE LA COMUNIDAD CHINCHERA;KM. 1378 900;-15.89847799;-69.88927924278664;DESPEJADO;IMPRUDENCIA DEL CONDUCTOR;INVASIÓN DE CARRIL;;