COD_ACCIDE;FechaDelAccidente;HoraDelAccidente;ClaseDelAccidente;SecuenciaAccidente;CantidadDeFallecidos;CantidadDeLesionados;Direccion;LugarReferencia;y;x;CondClimatica;CausaFactorPrincipal;CausaEspecifica;OtraCausa;Observaciones
A-2024-05-53;10/05/2024;21:00;ATROPELLO;EL VEHICULO SE DESPLAZABA EN SENTIDO DE OESTE A ESTE, POR EL CARRIL SUR DE LA CALZADA EN CIRCUNSTANCI AS QUE EL PEATON INGRESA DEL CARRIL NORTE  EN FORMA  INTESPECTIVA, DONDE FUE  IMPACTADO EL PEATON  CON  SU VERTICE ANTERIOR IZQUIERDO DEL  OMINBUS;1;0; RED VIAL NACIONAL LONGITUDINAL LA OROYA (JUNÍN) – PUENTE DESAGUADERO (PUNO). ALTURA DEL KM. 994 EN EL TRAMO COMPRENDIDO ENTRE TIPON - OROPESA. DEL SECTOR DENOMINADO K’AMI CANCHA DEL DISTRITO DE OROPESA. PROVINCIA DE QUISPICANCHIS Y DEPARTAMENTO DEL CUSCO;SECTOR K'AMICANCHA KM. 994;-13.597937;-71.773723;DESPEJADO;IMPRUDENCIA DEL PEATÓN;OTRO (IMPRUDENCIA DEL PEATÓN);;NINGUNA
A-2024-05-54;24/05/2024;11:00;CHOQUE;CHOQUE EN CADENA;2;0;SECTOR LA PUNTILLA -IBERIA/REFERENICA KM. 123 600;KM. 123 600;-17.133403;-71.856379;SOLEADO;NO IDENTIFICA LA CAUSA;;;JEFE EMI 02/COMISION DEL SERVICIO
A-2024-05-55;25/05/2024;23:00;CHOQUE;CHOQUE POR EMPISTE CON SUBSECUENTE MUERTE;1;2;INTERSECCIÓN AV. KENNEDY/CALLE ULRICH NEISER;A UNA CUADRA DEL GOBIERNO REGIONAL AQP;-16.424584;-71.505872;DESPEJADO;NO IDENTIFICA LA CAUSA;;;JEFE EMI 03/COMISION DEL SERVICIO
A-2024-05-56;27/05/2024;20:30;ATROPELLO FUGA;ATROPELLO Y FUGA;1;0;KM. 89 400 CARRETERA AREQUIPA-PUNO;FRENTE AL C.C PAMPA DE ARRIERAS;-16.07219021;-71.5931876876696;DESPEJADO;NO IDENTIFICA LA CAUSA;;;JEFE EMI 02/COMISION DEL SERVICIO
A-2024-05-57;01/05/2024;18:15;CHOQUE;ATROPELLO;1;1;AV. 190 ALT DEL PREDIO DEL A.H. PROYECTO PILOTO NUEVO PACHACUTEC.;;-11.8352697;-77.163536617;DESPEJADO;NEGLIGENCIA DEL CONDUCTOR;OTRO (NEGLIGENCIA DEL CONDUCTOR);NO EXTREMAR SUS MEDIDAS DE SEGURIDAD AL ESTACIONAR SU VEHICULO EN UNA VIA CON PENDIENTE PRONUNCIADA.;
A-2024-05-58;14/05/2024;05:30;DESPISTE;VOLCADURA;17;17;CARRETERA VIA LOS LIBERTADORES KM 242.900;LUGAR DENOMINADO ROSASPAMPA;-13.33201924;-74.50760101175511;DESPEJADO;IMPRUDENCIA DEL CONDUCTOR;FATIGA Y/O CANSANCIO;;SIN OBSERVACIONES 
A-2024-05-59;22/05/2024;21:30;DESPISTE;VOLCADURA;1;4;TROCHA CARROZABLE POMABAMBA-CHUSCHI;LUGAR DENOMINADO ROCCAY;-13.623384;-74.269101;DESPEJADO;IMPRUDENCIA DEL CONDUCTOR;CONDUCIR EN ESTADO DE EBRIEDAD Y/O DROGADICCIÓN;;SIN OBSERVACIONES
A-2024-05-6;07/05/2024;16:30;CHOQUE;FATAL;1;0;CARRETERA BINACIONAL DESAGUADERO-MOQUEGUA;KM. 215 300;-16.7389351;-69.71669550114505;DESPEJADO;IMPRUDENCIA DEL CONDUCTOR;GIRAR IMPRUDENTEMENTE;;
A-2024-05-60;10/05/2024;07:13;DESPISTE;EL VEHICULO SE DESPLAZABA EN SENTIDO DE OESTE A ESTE, POR EL CARRIL SUR DE LA CALZADA EN CIRCUNSTANCI AS QUE EL PEATON INGRESA DEL CARRIL NORTE  EN FORMA  INTESPECTIVA, DONDE FUE  IMPACTADO EL PEATON  CON  SU VERTICE ANTERIOR IZQUIERDO DEL  OMINBUS;1;1;RED VIAL NACIONAL LONGITUDINAL LA OROYA  JUNIN PUENTE DESAGUADERO PUNOALTURA DEL KILOMETRO994EN EL TRAMO COMPRENDIDOENTRE TIPON -OROPESA.DEL SECTORDENOMINADO K'AMI CANCHA;SECTOR K'AMICANCHA KM. 994;-13.31189558;-72.10391432;DESPEJADO;IMPRUDENCIA DEL PEATÓN;OTRO (IMPRUDENCIA DEL PEATÓN);;NINGUNA
A-2024-05-61;29/05/2024;19:30;CHOQUE;EL VEHICULO OMNIBUS DE  PLACA DE RODAJE D3Y-966, SE DESPLAZABA EN SENTIDO DE OESTE A ESTE, POR EL CARRIL SUR CIRCUNSTANCIA CUANDO EL  PEATON INGRESABA DEL CARRIL SUR HACIA EL NORTE, DONDE FUE IMPACTADO Y PROYECTADO Y ARRSATRADO, FINALMENTE CUANDO EL  PEATON QUEDÓ EN SU  POSICIÓN FINAL EN EL CARRIL N;1;0;ALTURA DEL KM  62 50 DEL DISTRITO DE OCONGATE  CARRETERA A TINKE;SECTOR K'AMICANCHA KM. 994;-13.62781167;-71.38850439742114;DESPEJADO;IMPRUDENCIA DEL PEATÓN;EXCESO DE VELOCIDAD;;NINGUNA
A-2024-05-62;26/05/2024;23:00;DESPISTE;EL VEHICULO  MENOR L5 TRIMOTO DE CARGA SE DESPLAZABA POR LA VIA EN ESTUDIO EN SENTIDO DE SUR A NORTE, EN CIRCUNSTANCIAS   QUE EL  CONDUCTOR   INICIA SU DESPISTE PARCIAL HACIA LA ZONA DE BERMA OESTE,  UE PIERDE EL CONTROL DEL VEHICULO AL IMPARTAR CON  EL MURO DE ALCANTARILLA  MATERIALIZANDOSE EL EVEN;1;0;RED VIAL REGIONAL TRANSVERSAL PUENTE HUAMBUTIO - ATALAYA MARNU. TRAMO PAUCARTAMBO - CHALLABAMBA. ACTURA DEL SECTOR LLAYCHUPATA. PROVINCIA PAUCARTAMBO;SECTOR LLAUCHUPATA;-13.298784;-71.596764;DESPEJADO;NEGLIGENCIA DEL CONDUCTOR;OTRO (NEGLIGENCIA DEL CONDUCTOR);;NINGUNA
A-2024-05-63;26/05/2024;10:31;DESPISTE;EL VEHICULO  L3 MOTOCICLETA LINEAL DE PLACA DE RODAJE 8876-JX, SE DESPLAZABA EN SENTIDO DE SUR A  NORTE, EN CIRCUNSTANCIAS  QUE AL SALIR DE LA PORCION DE CURVA  DESPLAZA EN FORMA DIRECTA   HACIA EL ABISMO MATERIALIZANDOSE EL EVENTO .;1;0;RED VIAL REGIONAL TRANSVERSAL OCONGATE - PAUCARTAMBO. TRAMO UMAMARCA- CARHUAYO. ALTURA DEL SECTOR HUAYNAPATA ALTA KM. 2.45 40 DE LA COMUNIDAD CAMPESINA DE HUMAN. PROVINCIA PAUCARTAMBO;;-13.44427;-71.474343;DESPEJADO;IMPRUDENCIA DEL CONDUCTOR;FATIGA Y/O CANSANCIO;;NINGUNA
A-2024-05-64;19/05/2024;11:30;VOLCADURA;;2;0;VIA REGIONAL CARRETERA IZCUCHACA - CRUZ PATA KM. 6 SECTOR HUAYPO - CHACAN - ANTA ;LAGUNA DE HUAYPO;-13.417462;-72.136983;DESPEJADO;IMPRUDENCIA DEL CONDUCTOR;EXCESO DE VELOCIDAD;;NINGUNA
A-2024-05-65;12/05/2024;22:25;ATROPELLO;EL PEATÓN INGRESO A LA CALZADA CUANDO EL VEHÍCULO AXP-438 CIRCULABA POR EL LUGAR, IMPACTO QUE SE PRODUJO CON SU ESTRUCTURA FRONTAL  Y LO PROYECTÓ A LA SUPERFICIE DE LA CALZADA, QUEDANDO EXPUESTO A LA CIRCULACIÓN VEHICULAR, MOMENTOS DEPUES OTRO VEHÍCULO X1T-649 IMPACTO AL CUERPO TENDIDO DEL PEATÓN, P;1;0;RED VIAL NACIONAL LONGITUDINAL SIERRA SUR LA OROYA - PUENTE INTERNACIONAL DESAGUADERO. SECTOR ANGOSTURA. ALTURA DEL KM. 984 600;HACIENDA ANGOSTURA;-13.561486;-71.845278;DESPEJADO;IMPRUDENCIA DEL PEATÓN;OTRO (IMPRUDENCIA DEL PEATÓN);IMPRUDENCIA;NINGUNA
A-2024-05-67;16/05/2024;19:05;ATROPELLO FUGA;;1;0;AV. NESTOR GAMBETTA ;ALT. DE LA ENTRADA DE LA AV. EL EMISOR CALLAO;-12.02854;-77.12784;LLUVIOSO;NO IDENTIFICA LA CAUSA;;;
A-2024-05-68;18/05/2024;15:45;CHOQUE;EL VEHICULO N3 DE PLACA DE RODAJE  F8Z-902, SE DEPLAZABA EN SENTIDO DE ESTE A OESTE,  POR LA CALZADA EN EL TRAMO RECTO, MIENTRAS EL VEHIUCLO MOTOCICLETA LINEAL DE PLACA DE RODAJE  9766-4X SE DESPLAZABA EN SENTIDO DE OESTE A ESTE  SALIDA DE CURVA, EN CIRCUNSTANCIAS QUE LA PARTE INFERIOR (PERNO ) DEL ;1;1;RED VIAL NACIONAL TRANVERSAL  LA QUINUA - HUARCARPAY. TRAMO ABRA MALAGA- QUILLABAMBA. ALTURA DEL SECTOR HUERTAHUAYCO. DISTRITO DE HUYRO. PROVINCIA LA CONVENCION. DEPARTAMENTO CUSCO ;SONCCO LODGE;-13.00242;-72.571308;DESPEJADO;IMPRUDENCIA DEL CONDUCTOR;CONDUCIR EN ESTADO DE EBRIEDAD Y/O DROGADICCIÓN;;NINGUNA
A-2024-05-69;01/05/2024;01:00;CHOQUE;EL VEHICULO MENOR MOTOCICLETA CON PLACA DE RODAJE 3097-0X SE DESPLAZABA POR EL SECTOR DE NUEVO HUASAO DEL DISTRITO DE OROPESA, POR EL CARRIL NORTE, EN SENTIDO DE OESTE A ESTE EN DONDE ES ALCANZADO CHOQUE POR ALCANCE POR EL VEHICULO DE PLACA DE RODAJE X5G-093, MATERIALIZANDOSE LA SECUENCIA DEL EVENTO;1;0;KILOMETRO 989 950 SECTOR DENOMINADO NUEVO HUASAO;EDIFICIO DE LA SEÑORA GOYA;-13.58416;-71.807641;;;;;
A-2024-05-7;11/05/2024;19:10;DESPISTE;DESPISTE-VOLCADURA-SUBSECUENTE MUERTE-LEISONES Y DAÑOS;1;0;KM 152 CARRETERA AREQUIPA PUNO. SECTOR IMATA.DISTRITO SNA ANTONIO DE CHUCA-CAYLLOMA -AREQUIPA;SECTOR IMATA;-15.90465;-71.188063;DESPEJADO;NO IDENTIFICA LA CAUSA;;;JEFE EMI 03/COMISION DEL SERVICIO
A-2024-05-70;26/05/2024;04:30;DESPISTE;EL VEHICULO SE DESPLAZA DE SUR A NORTE EN CIRCUNSTANCIA QUE HACE SU INGRESO A UNA CURVA CERRADA Y POR LOS MOTIVOS INEXPLICABLES PIERDE EL CONTROLY VIRA HACIA SU IZQUIERDA  DONDE L VIA ES MUY ANGOSTA Y SALE DE LA PORCION CIRCULABLE Y SE DESPISTA HACIA PRESIPICIO VOLCNDO EN TONEL IZQUIERDO;3;4;CARRETERA DE DESVIO A INQUILPATA COYLLURQUI ;SECTOR TRRES MARIA  ALTURA DE KILOMETRO 423  700 DE LA COMUNIDAD CAMPESINA DE CONCHACALLA  DEL DISTRITO DE ANTA;-13.542062;-72.194637;DESPEJADO;NEGLIGENCIA DEL CONDUCTOR;ABANDONO DE OBJETOS EN LA VÍA;;NINGUNA
A-2024-05-71;13/05/2024;04:00;DESPISTE;EL VEHICULO EN CIRCUNSATACIAS QUE TRANSITABA POR LA CARRETERA POR LA RED VIAL NACIONAL  CUSCO URCOS POR EL CARRIL DE NORTE  Y AL INGRESAR AL TRAMO CURVO  SE DESPISTA ;1;0;EN LA RED VIAL NACIONAL  CUSCO URCOS KILOMETRO 1000 ALTURA DE LUCRE;KILOMETRO 1000;-13.60648;-71.727483;DESPEJADO;IMPERICIA DEL CONDUCTOR;;;NINGUNA
A-2024-05-73;26/05/2024;17:41;CHOQUE;EL VEHICULO MENOR SE DESPLASABA  EN SENTIDO DE SUR NORTE EN DONDE PIERDE EL CONTROL INTERPONIENDOSE AL EJE DE MARCHA DEL VEHICULOIMPACTANDO N EL LADO LATERAL;1;0;LA RED VIAL ISCUCHACA  DE LLUSCAMAYODEL DISTRITO DE ISCUCHACA PROVINCIA DE ANTA;ALTURA DE KILOMETRO 0 40;-13.450167;-72.145675;DESPEJADO;IMPRUDENCIA DEL CONDUCTOR;EXCESO DE VELOCIDAD;;NINGUNA
A-2024-05-74;02/05/2024;04:00;VOLCADURA;VEHICULO MENOR VUELCA EN TONEL DERECHO LUEGO IMPACTA CONTRA VEHICULO ESTACIONADO;1;0;CALLE SANTO TOMAS ;INTERSECCION CON CALLE OSWALDO VALER;-14.78591848;-71.413439598388;DESPEJADO;IMPRUDENCIA DEL CONDUCTOR;EXCESO DE VELOCIDAD;;NINGUNO
A-2024-05-75;05/05/2024;11:00;DESPISTE; VEHICULO SE DESPISTA Y CHOCA CONTRA EL POSTE;1;0;CARRETERA CALCA URUBAMBA;KILOMETRO 58;-13.317981;-72.034401;DESPEJADO;IMPERICIA DEL CONDUCTOR;;;NINGUNA
A-2024-05-76;18/05/2024;16:20;ATROPELLO;VEHICULO MENOR TRIMOTO SE DESPLAZABAPOR LA VIA EN SENTIDO DE SUR A NORTE Y EL PEATON SE DESPLAZABA DE ESTE A OESTE Y EN LA INTERSECCION EL CONDUCTOR NO VISUALIZA AL PEATON ;1;1;EN LA INTERSECCION DE LA AVENIDA EDGAR DE LA TORRE CON JIRON DE LA UNION  DEL DISTRITO DE SANTA ANA PROVINCIA LA ONVENCION  CUSCO;ALTURA DE COCLA;-12.877701;-72.691292;DESPEJADO;IMPRUDENCIA DEL PEATÓN;CRUCE INDEBIDO POR LA CALZADA;;NINGUNA
A-2024-05-77;26/05/2024;19:00;CHOQUE;LAUT1 SE DESPLAZABA DE SUR ANORTE Y LA UT2 DE NORTE A SUR POR EL CARRIL OESTE DONDE SE ENCONTRARON EN UNA CURVA ABIERTA DONDE LA UT1 INVADE PARCIALMENTE EL CARRIL;1;6;TRAMO URCOS ABRA CUYONI SECTOR PILIYUC. DISTRITO DE URCOS QUISPICANCHIS;SECTOR PILIYUC;-13.660308;-71.591075;DESPEJADO;IMPERICIA DEL CONDUCTOR;;;NINGUNA
A-2024-05-79;05/05/2024;00:00;VOLCADURA;VEHICULO QUE TRANSITABA POR LA CARRETERA EN CIRCUNSTANCIAS QUE CIRCULABA EN DIRECCION DE ESTE A OESTE  IMPRIMIENDO VELOCIDADES INAPROPIADAS ;1;0;RED VIAL ESPINAR COOPORAQUI TRAMO CARRETERO ESPINAR SUICUTAMBO  SECTOR ANCAMAYO;KILOMETRO 44 ;-14.815048;-71.496903;DESPEJADO;IMPRUDENCIA DEL CONDUCTOR;EXCESO DE VELOCIDAD;;NINGUNA
A-2024-05-8;02/05/2024;03:45;CHOQUE CON OBJETO FIJO;CHOQUE-VOLCADURA;1;0;AV. 54 FRONTIS DEL HOTEL LEON DEL SUR DE LA AVIACION CIUDAD MUNICIPA;FRONTIS HOTEL LEON DEL SUR;-16.326364;-71.590201;DESPEJADO;NO IDENTIFICA LA CAUSA;;;JEFE EMI 01/COMISION DEL SERVICIO
A-2024-05-80;19/05/2024;14:40;ATROPELLO;VEHICULO QUE CIRCULABA POR LA CALLE CAMINO REAL DONDE APARECIO INTESPECTIVAMENTE UN PEATON  PARA BLUEGO SER ATROPELLADO POR VEHICULO;1;0;EN LA INTERSECCION DE CALLE CAMINO REAL Y LA AV. DE LA CULTURA;IGLESIA DE MORMONES ;-13.530289;-71.931615;DESPEJADO;IMPRUDENCIA DEL PEATÓN;CRUCE INDEBIDO POR LA CALZADA;;NINGUNA
A-2024-05-81;18/05/2024;12:35;ATROPELLO;ACCIDENTE SUCITADO EN LA CARRETERA IINQUILPATA ISCUCHA DONDE EL PEATON IGRESA A LA CALZADA INTESPECTIMENTE;1;1;CARRETERA INQUILPATA ISCUCHACA;ALTURA DEL PUENTE DE INQUILPATA;-13.47925746;-72.16122995243103;DESPEJADO;IMPRUDENCIA DEL PEATÓN;ESTADO DE EBRIEDAD Y/O DROGADICCIÓN;;NINGUNA
A-2024-05-82;22/05/2024;14:30;ATROPELLO;VEHICULO QUE TRANSITABA POR LA CALLE HABITAD DEL DISTRITO DE URUBAMBA ;1;0;APV.AVITAD PARADERO 13 DE LA PROVINCIA DE URUBAMBA;PARADERO DE LA APV, AVITAD;-13.303568;-72.131051;DESPEJADO;IMPRUDENCIA DEL PEATÓN;CRUCE INDEBIDO POR LA CALZADA;;NINGUNA
A-2024-05-83;04/05/2024;18:50;CHOQUE;EL VEHICULO MENOR TRANSITABA DE ESTE A OESTE  ASI MISMO LE VEHICULO MICROBUS CAUSANTE EN LA MIMSA DIRECCION CHOCANDO POR ALCANSE AL VEHICULO MENOR PARA LUEGO DARSE A LA FUGA ;1;0;CARRETERA  SICUANI MARANGANI ALTURA DE LA COMUNIDAD CAMPESINA DE CHEQTUYOC;FABRICA DE CHEQTUYOC;-14.3288253;-71.1955179;DESPEJADO;IMPRUDENCIA DEL CONDUCTOR;ADELANTAR INDEBIDAMENTE;;NINGUNA
A-2024-05-84;04/05/2024;06:30;ATROPELLO;EL  PEATON INGRESA AL CALZADA TEMERARIAMENTE DONDE LO ATROPELLA EL VHICULO ONNNIBUS;1;0;CARRETERA CUSCO - SICUANI. ALTURA DEL 1103 500 DEL DISTRITO DE SICUANI;SALIDA DEL DISTRITO DE SICUANI;-14.246629;-71.242679;DESPEJADO;IMPRUDENCIA DEL PEATÓN;CRUCE INDEBIDO POR LA CALZADA;;NINGUNA
A-2024-05-85;11/05/2024;23:55;CHOQUE;EN CIRCUNSTANCIAS QUE DOS VEHICULOS CHOA EN VIA PARA LUEGO CHOCAR CON VEHICULO TERCERO ONDE MUERE EL OCUPANTE DEL VEHICULO MENOR;1;1;CARRETRA CUSCO SICUAN ALTURA DE LA COMUNDAD CAMPESINA DE PAMPA CALASAYA;KILOMETRO1099 MAS 150;-14.21654598;-71.29374342360288;DESPEJADO;IMPRUDENCIA DEL CONDUCTOR;ADELANTAR INDEBIDAMENTE;;NINGUNA
A-2024-05-87;26/05/2024;23:00;DESPISTE;EL VEHICULO MENOR TRANSITABA POR LA CARRETERA PAUCARTAMBO CHALLABAMBA EN EL SENTIDO DE SUR A NORTE DONDE SE DESPISTO EL VEHICULO MENOR;1;0;CARRETERA PAUCARTAMBO A CHALLABAMBA  ALTURA DEL KILOMETRO 73 MAS 660;PUENTE PARA SUMIDERO DE AGUAS FLUBIALES;-13.298784;-71.596764;DESPEJADO;IMPRUDENCIA DEL CONDUCTOR;FATIGA Y/O CANSANCIO;;NINGUNA
A-2024-05-88;01/05/2024;06:00;ATROPELLO;ATROPELLO Y CHOQUE CON OTRO VEHICULO;1;0;CARRETERA LIBERTADORES KM.28;;-13.72784;-75.907835;DESPEJADO;EN PROCESO DE INVESTIGACIÓN;NO CUENTA CON CAUSA ESPECIFICA;;NINGUNA
A-2024-05-89;08/05/2024;20:40;CHOQUE;;1;0;AV. LOS MAESTROS CPN AV. SAN MARTIN ;ALTURA DEL CHIFA ORIENTAL;-14.086836;-75.727742;DESPEJADO;IMPRUDENCIA DEL CONDUCTOR;EXCESO DE VELOCIDAD;;NINGUNA
A-2024-05-9;09/05/2024;16:00;DESPISTE;DESPISTE-CHOQUE Y VOLCADURA;1;2;KM. 1055 CARRETERA AREQUIPA-MOQUEGUA;CERCA AL INGRESO DE COCACHACRA;-17.02992195;-71.6447817311079;SOLEADO;NO IDENTIFICA LA CAUSA;;;JEFE EMI 02/COMISION DEL SERVICIO
A-2024-05-90;11/05/2024;06:30;CHOQUE;CHOQUE POR ALCANCE;1;0;ANTIGUA PANAMERICA SUR ;ALTURA DE LA COMPUERTA DEL RIO ICA COOP VILLA VALVERDE;-14.087787;-75.718012;DESPEJADO;IMPRUDENCIA DEL CONDUCTOR;CONDUCIR EN ESTADO DE EBRIEDAD Y/O DROGADICCIÓN;;NINGUNA
A-2024-05-91;15/05/2024;20:05;ATROPELLO FUGA;;1;0;ANTIGUA PANAMERICA SUR ;A 100 METROS DEL INGRESO A LA COOP VILAL VALVERDE ;-14.087782;-75.718023;DESPEJADO;NO IDENTIFICA LA CAUSA;;;NINGUNA
A-2024-05-92;22/05/2024;13:00;DESPISTE;;1;0;PLAYA ARQUILLOS;;-14.05245901;-76.26107628030537;DESPEJADO;NO IDENTIFICA LA CAUSA;;;NINGUNA
A-2024-05-93;23/05/2024;11:20;ATROPELLO;;1;0;PANAMERICANA SUR KM 209;;-13.612964;-76.1687;DESPEJADO;IMPRUDENCIA DEL PEATÓN;CRUCE INDEBIDO POR LA CALZADA;;NINGUNA
A-2024-05-94;28/05/2024;11:30;ATROPELLO;;1;0;AV. PRIMAVERA ;ALTURA DE LA LOZA DEPORTIVA DEL CASERIO DE ARREBALES ;-14.029773;-75.754567;DESPEJADO;EN PROCESO DE INVESTIGACIÓN;NO CUENTA CON CAUSA ESPECIFICA;;NINGUNA
A-2024-05-95;27/05/2024;16:40;DESPISTE;;1;2;PANAMERICANA SUR KM 403;ALTURA DEL RESTAURANTE PUERTO CABALLA;-14.551381;-75.1938561;DESPEJADO;EN PROCESO DE INVESTIGACIÓN;NO CUENTA CON CAUSA ESPECIFICA;;NINGUNA
A-2024-05-96;01/05/2024;17:30;DESPISTE;-;1;0;CARRETERA INTERPROVINCIAL PASCO - YANAHUANCA;A 500 METROS APROX., DEL HOSPEDAJE LA RUTA;-10.49865951;-76.5293626256855;DESPEJADO;IMPRUDENCIA DEL CONDUCTOR;EXCESO DE VELOCIDAD;;
A-2024-05-97;20/05/2024;08:40;CHOQUE;-;12;1;CARRETERA CENTRAL OROYA -HUANUCO KM. 159 56;-;-10.52156864;-76.1803379146791;DESPEJADO;IMPRUDENCIA DEL CONDUCTOR;EXCESO DE VELOCIDAD;;
A-2024-05-98;26/05/2024;20:00;CHOQUE;CHOQUE FRONTAL, VOLCADURA, CAIDA DE CONDUCTOR Y OCUPANTE;1;1;CARRETERA CHACHAPOYAS - LEVANTO KM 300;;-6.244095;-77.85522;LLUVIOSO;EN PROCESO DE INVESTIGACIÓN;NO CUENTA CON CAUSA ESPECIFICA;;SE ENCUENTRA EN PROCESO DE INVESTIGACIÒN
A-2024-05-99;17/05/2024;04:50;CHOQUE;MUERTE Y DAÑOS MATERIALES;1;0;CARRETERA FEDERICO BASADRE KM. 14.000;GRIFO PENTA;-8.409284565;-74.64891322909108;DESPEJADO;IMPRUDENCIA DEL CONDUCTOR;GIRAR IMPRUDENTEMENTE;;S/O
A-2024-06-1;07/06/2024;04:00;DESPISTE;VOLCADURA;1;3;CARRETERA PANMERICANA SUR PUNO-DESAGUADERO;KM. 1435 200;-16.21776266;-69.4939086283114;DESPEJADO;IMPRUDENCIA DEL CONDUCTOR;CONDUCIR EN ESTADO DE EBRIEDAD Y/O DROGADICCIÓN;;
A-2024-06-10;06/06/2024;04:20;DESPISTE;VOLCADURA;1;0;CARRETERA TROCHA CARROZABLE DEL ANEXO DE CHANCAHUASI - AURAHUA;LUGAR DENOMINADO ZANJA;-13.05357438;-75.56683477305378;DESPEJADO;EN PROCESO DE INVESTIGACIÓN;NO CUENTA CON CAUSA ESPECIFICA;;
A-2024-06-100;14/06/2024;12:40;CHOQUE;FATAL;1;3;INTERSECCION AV. PACHACUTEC CON AV. LA MERCED;;-12.18234901;-76.94228037166593;DESPEJADO;EN PROCESO DE INVESTIGACIÓN;NO CUENTA CON CAUSA ESPECIFICA;;
A-2024-06-101;14/06/2024;17:30;CHOQUE;VOLCADURA, CAIDA FATAL;1;0;VIA DE EVITAMIENTO SENTIDO SUR A NORTE ALT. PARADERO ACHO;ALT. PARADERO ACHO;-12.04297648;-77.02266111511464;DESPEJADO;EN PROCESO DE INVESTIGACIÓN;NO CUENTA CON CAUSA ESPECIFICA;;
A-2024-06-102;14/06/2024;20:30;CHOQUE;VOLCADURA, CAIDA Y ATROPELLO FATAL;1;0;PANAMERICANA SUR SENTIDO NORTE A SUR- ALT. DE PTE. PROSEGUR;;-12.127299;-76.97704865225496;DESPEJADO;EN PROCESO DE INVESTIGACIÓN;NO CUENTA CON CAUSA ESPECIFICA;;
A-2024-06-103;14/06/2024;22:00;ATROPELLO;VOLCADURA Y CAIDA  FATAL;1;1;CARRETERA PANAMERICANA SUR KM 39.000;;-12.3243261;-76.82609434137815;DESPEJADO;EN PROCESO DE INVESTIGACIÓN;NO CUENTA CON CAUSA ESPECIFICA;;
A-2024-06-104;16/06/2024;02:30;DESPISTE;Y VOLCADURA FATAL;1;0;AV. JAVIER PRADO ESTE CDR 3-;;-12.0891354;-77.01020048194057;DESPEJADO;IMPRUDENCIA DEL CONDUCTOR;ADELANTAR INDEBIDAMENTE;;
A-2024-06-105;15/06/2024;20:00;CHOQUE;VOLCADURA Y CAIDA FATAL;1;0;VIA PANAMERICANA SUR/ PUENTE PRIMAVERA;PUENTE PRIMAVERA;-12.11008342;-76.97837558904305;DESPEJADO;EN PROCESO DE INVESTIGACIÓN;NO CUENTA CON CAUSA ESPECIFICA;;
A-2024-06-106;16/06/2024;17:30;ATROPELLO;FATAL;1;0;PANAMERICANA SUR 11.OOO;;-12.15335161;-76.98396179308388;DESPEJADO;EN PROCESO DE INVESTIGACIÓN;NO CUENTA CON CAUSA ESPECIFICA;;
A-2024-06-107;19/06/2024;05:45;ATROPELLO FUGA;FATAL;1;0;INTERSECCION DE LA AV. BOLOGNESI CON AV. ALFREDO MENDIOLA ALTRA. PARADERO PILAS;ALTRA. PARADERO PILAS;-12.00434312;-77.0612975762187;DESPEJADO;EN PROCESO DE INVESTIGACIÓN;NO CUENTA CON CAUSA ESPECIFICA;;
A-2024-06-108;19/06/2024;19:30;ATROPELLO FUGA;FATAL;1;0;CALLE CHAPARRAL S/N ALTRA. I.E.I NRO 200 LOS ANGELITOS DEL SABER;ALTRA. I.E.I NRO 200 LOS ANGELITOS DEL SABER;-12.00165293;-76.88359459393475;DESPEJADO;EN PROCESO DE INVESTIGACIÓN;NO CUENTA CON CAUSA ESPECIFICA;;
A-2024-06-109;20/06/2024;04:00;ATROPELLO;FATAL;1;0;CARRETERA PANAMERICANA NORTE KM. 17 REF. ALTRA AV. ALISOS;REF. ALTRA AV. ALISOS;-11.98271401;-77.06533237378656;DESPEJADO;EN PROCESO DE INVESTIGACIÓN;NO CUENTA CON CAUSA ESPECIFICA;;
A-2024-06-11;09/06/2024;19:00;DESPISTE;VOLCADURA;2;8;CARRETERA HUALLHUAYPATA - QUICHUAS;C.P HUAYLLHUAPATA;-12.46749159;-74.75613173388447;DESPEJADO;NO IDENTIFICA LA CAUSA;;;INVESTIGACION
A-2024-06-110;20/06/2024;07:30;ATROPELLO;FATAL;1;0;AV. GUILLERMO BILLINGHURTS CDRA. 10;;-12.16159976;-76.96524436950159;DESPEJADO;EN PROCESO DE INVESTIGACIÓN;NO CUENTA CON CAUSA ESPECIFICA;;
A-2024-06-111;21/06/2024;01:00;CHOQUE;DESPISTE Y VOLCADURA FATAL;1;0;COSTA VERDE ALTRA. DEL ESTCIONAMIENTO NRO 2;ALTRA. DEL ESTCIONAMIENTO NRO 2;-12.09758753;-77.07348284959961;DESPEJADO;EN PROCESO DE INVESTIGACIÓN;NO CUENTA CON CAUSA ESPECIFICA;;
A-2024-06-112;21/06/2024;07:40;DESPISTE;CHOQUE FATAL;1;1;CARRETERA PANAMERICANA SUR KM. 24.500;;-12.24910606;-76.93239072015122;DESPEJADO;EN PROCESO DE INVESTIGACIÓN;NO CUENTA CON CAUSA ESPECIFICA;;
A-2024-06-12;18/06/2024;14:40;CHOQUE;FRONTAL;2;7;CARRETERA IMPERIAL - PAMPAS - CHURCAMPA ;KM 04  500;-12.30544;-75.062555;DESPEJADO;EN PROCESO DE INVESTIGACIÓN;NO CUENTA CON CAUSA ESPECIFICA;;