COD_ACCIDE;FechaDelAccidente;HoraDelAccidente;ClaseDelAccidente;SecuenciaAccidente;CantidadDeFallecidos;CantidadDeLesionados;Direccion;LugarReferencia;y;x;CondClimatica;CausaFactorPrincipal;CausaEspecifica;OtraCausa;Observaciones
A-2024-06-13;14/06/2024;13:00;ATROPELLO;;1;0;VIA LIBERTADORES KM 181   500;DISTRITO DE PILPICHACA;-13.331149;-74.971501;SOLEADO;EN PROCESO DE INVESTIGACIÓN;NO CUENTA CON CAUSA ESPECIFICA;;
A-2024-06-14;21/06/2024;04:30;VOLCADURA;;1;0;CARRETERA LIRCAY - HUAYLLAY GRANDE KM 6.500;KM 6.500;-12.96458396;-74.70581886506412;DESPEJADO;EN PROCESO DE INVESTIGACIÓN;NO CUENTA CON CAUSA ESPECIFICA;;
A-2024-06-15;01/06/2024;17:00;CHOQUE;-;1;0;CARRETERA DE PENETRACION A CAJAMARCA ALTURA DEL KM. 23.7;-;-7.273730021;-79.28734084682289;DESPEJADO;NO IDENTIFICA LA CAUSA;;;
A-2024-06-16;01/06/2024;19:30;CHOQUE;-;1;0;CARRETERA PANAMERICANA NORTE  ALTURA DEL SECTOR JAGUEY;-;-7.341020661;-79.49572045823975;DESPEJADO;NO IDENTIFICA LA CAUSA;;;
A-2024-06-17;02/06/2024;09:20;CHOQUE;-;1;2;CARRETERA PANAMERICANA NORTE ALTURA DEL KM. 45.1;-;-8.011856275;-78.69948108366218;DESPEJADO;NO IDENTIFICA LA CAUSA;;;
A-2024-06-18;02/06/2024;23:05;ATROPELLO FUGA;-;1;0;CARRETERA PANAMERICANA NORTE ALTURA DEL KM. 584;-;-8.027387097;-79.0778542345;DESPEJADO;NO IDENTIFICA LA CAUSA;;;
A-2024-06-19;03/06/2024;16:14;ATROPELLO FUGA;-;1;0;AV. JUAN VELASCO ALVARADO MZ D LOTE 01 URB SANTA ELVIRA;-;-7.159154321;-79.44412667921272;DESPEJADO;NO IDENTIFICA LA CAUSA;;;
A-2024-06-2;07/06/2024;15:40;ATROPELLO;FATAL;1;0;CARREYERA ZEPITA-YUNGUYO;C.P. IZANI SECTOR CALACALA;-16.419187;-69.056112;DESPEJADO;IMPRUDENCIA DEL CONDUCTOR;EXCESO DE VELOCIDAD;;
A-2024-06-20;04/06/2024;05:30;CHOQUE;;1;0;CARRETERA DE PENETRACION A LA SIERRA LIBERTEÑA S/N;-;-8.126917155;-79.0104671173307;DESPEJADO;NO IDENTIFICA LA CAUSA;;;
A-2024-06-21;02/06/2024;16:20;CHOQUE FUGA;-;1;0;AV. CAJAMARCA S/N ALTURA DEL PUENTE MARTA CHAVEZ;-;-7.30391082;-79.47253181141778;DESPEJADO;NO IDENTIFICA LA CAUSA;;;
A-2024-06-22;05/06/2024;23:00;DESPISTE;-;2;3;CARRETERA DE ACCESO AL CP LARAMIE S/N;-;-8.57386461;-78.69886157;DESPEJADO;NO IDENTIFICA LA CAUSA;;;
A-2024-06-23;06/06/2024;07:00;DESPISTE;-;1;1;CARRETERA DE ANEXO UCHUS - URPAY S/N;-;-8.342476411;-77.37976987197702;DESPEJADO;NO IDENTIFICA LA CAUSA;;;
A-2024-06-24;06/06/2024;11:00;DESPISTE;-;1;1;CARRETERA DE PENETRACION A LA SIERRA LIBERTEÑA ALTURA DEL KM. 165 CACERIO LA PERDIZ;-;-7.889851426;-78.1263693118;DESPEJADO;IMPRUDENCIA DEL CONDUCTOR;OTRO (IMPRUDENCIA DEL CONDUCTOR);DESATENCIONEN SU CAMPO VISUAL, PPOOR PRESTAR ATENCION A LAS ACCIONES QUE REALIZABA SU OCUPANTE;
A-2024-06-25;06/06/2024;08:30;CHOQUE;-;1;0;CARRETERA PANAMERICANA NORTE ALTURA DEL KM. 12;-;-8.093293625;-78.92582198863045;DESPEJADO;NO IDENTIFICA LA CAUSA;;;
A-2024-06-26;27/06/2024;16:00;CHOQUE;.;1;0;CARRETERA PANAMERICANA NORTE KM 235.32 ;.;-3.623926913;-80.56110268836153;DESPEJADO;IMPRUDENCIA DEL CONDUCTOR;OTRO (IMPRUDENCIA DEL CONDUCTOR);FALTA DE CUIDADO Y PREVENCION ;
A-2024-06-27;06/06/2024;09:00;DESPISTE;-;1;0;CARRETERA DE PENETRACION A LA SIERRA LIBERTEÑA ALTURA DEL KM. 125;-;-8.01121989;-78.31332347685066;DESPEJADO;NO IDENTIFICA LA CAUSA;;;
A-2024-06-28;30/06/2024;08:00;DESPISTE;SEGUIDO DE VOLCADURA;1;2;CARRETERA DE PENETRACION DE ZORRITOS A CASITAS. KM 55.9;.;-3.961321264;-80.66078392398606;DESPEJADO;NEGLIGENCIA DEL CONDUCTOR;CONDUCIR CON FALLAS ELÉCTRICAS;;
A-2024-06-29;12/06/2024;19:50;ATROPELLO;-;1;0;INTERSECCION DE LA AV. VICTOR LARCO HERRERA Y EL JR. DESAMPARADOS;-;-8.143013367;-79.0547903821;DESPEJADO;NO IDENTIFICA LA CAUSA;;;
A-2024-06-3;06/06/2024;05:30;ATROPELLO FUGA;ATROPELLO Y FUGA;1;0;CARRETERA PANAMERICANA SUR KM. 918 VIA INGRESO A CERRO VERDE;INGRESO AL SECTOR CRUZ VERDE;-16.375891;-72.17704;SOLEADO;NO IDENTIFICA LA CAUSA;;;JEFE EMI 02/COMISION DEL SERVICIO
A-2024-06-30;26/06/2024;13:50;ATROPELLO;FATAL;1;0;CARRETERA YUNGUYO-TINICACHI. ALTURA COMUNIDAD CALAMPUNI;KM.02;-16.2505869;-69.0729939;DESPEJADO;IMPRUDENCIA DEL PEATÓN;CRUCE INDEBIDO POR LA CALZADA;;
A-2024-06-31;29/06/2024;18:30;ATROPELLO;FATAL;1;0;CARRETERA PANAMERICANA SURPUNO-ILAVE;ALTURA DEL JR. PALOMA-PUNO;-15.8631607;-69.9995871;;;;;
A-2024-06-32;29/06/2024;18:20;ATROPELLO FUGA;FUGA;1;0;AV. PUNO. ALTURA DE CAJA CUSCO - ILAVE;;-16.0852937;-69.6415498;DESPEJADO;IMPRUDENCIA DEL PEATÓN;CRUCE INDEBIDO POR LA CALZADA;;FALTA DE UN ELEMENTO (VEHICULO)
A-2024-06-33;14/06/2024;11:20;ATROPELLO;-;1;0;INTERSECCION DEL JR. HOSPITAL CON JR. INDEPENDENCIA;-;-7.814569698;-78.0436639773;DESPEJADO;NO IDENTIFICA LA CAUSA;;;
A-2024-06-34;14/06/2024;19:20;DESPISTE;-;1;0;CARRETERA PANAMERICANA NORTE ALTURA DEL KM. 623;-;-7.663099245;-79.3324267168397;DESPEJADO;NO IDENTIFICA LA CAUSA;;;"DISPOSICION FISCAL NRO. UNO, DISPOSICION FISCAL DE NO HA LUGAR FORMALIZAR Y CONTINUAR CON LA INVESTIGACION PREPARATORIA. DE FECHA 11SET2024. PAIJAN III. POR ESTAS CONSIDERACIONES: PRIMERO: NO  PROCEDE FORMALIZAR Y CONTINUAR LA INVESTIGACIONES PREPARATORIA, EN LOS SEGUIDOS CONTRA LOS QUE RESULTEN RESPONSABLES, POR LA PRESUNTA COMISION DEL DELITO CONTRA LA VIDA EL CUERPO Y LA SALUD, EN LA MODALIDAD DE HOMICIDIO CULPOSO, PREVISTO Y SANCIONADO EN EL ARTICULO 111° DEL CODIGO PENAL, EN AGRAVIO DEL OCCISO EVER JUAN MURGA REYNA; ARCHIVESE TODO LO ACTUADO UNA VEZ CONSENTIDA LA PRESENTE. SEGUNDO: NOTIFIQUESE A LA PARTE AGRAVIADA PARA QUE, DE CREERLO CONVENIENTE, EJERZA SU DERECHO CONFORME LO PREVISTO EN EL ARTICULO 334° INCISO 5 DEL CODIGO PROCESAL PENAL, DENTRO DEL PLAZO ESTABLECIDO POR LEY. FIRMADO.- HERMES AUGUSTO HIDALGO ROMERO - FISCAL PROVINCIAL DE LA FISCALIA PROVINCIAL MIXTA CORPORATIVA DE PAIJAN"
A-2024-06-35;15/06/2024;19:20;ATROPELLO;-;1;0;AV. 26 DE MARZO CDRA 01;-;-8.0855807;-79.0153628;DESPEJADO;NO IDENTIFICA LA CAUSA;;;
A-2024-06-36;28/06/2024;03:35;DESPISTE;-;1;1;CARRETERA PANAMERICANA NORTE ALTURA DEL KM. 703.6;-;-7.248234421;-79.4738378947;DESPEJADO;NO IDENTIFICA LA CAUSA;;;
A-2024-06-37;30/06/2024;19:00;DESPISTE;-;1;0;CARRETERA DE ACCESO AL SECTOR FACLO - JEQUETEPEQUE;-;-7.33051642;-79.5594441966;DESPEJADO;NO IDENTIFICA LA CAUSA;;;
A-2024-06-39;04/06/2024;05:30;DESPISTE;DESPISTE Y CHOQUE;1;3;KM 122 CARRETERA AQP-PUNO;KM 122;-16.05142;-71.338553;DESPEJADO;NO IDENTIFICA LA CAUSA;;;JEFE EMI 01/COMISION DEL SERVICIO
A-2024-06-4;08/06/2024;07:30;DESPISTE;VOLCADURA;1;0;CARRETERA C.P. SANTA ROSA;PUENTE PLATERIA;-16.76274;-69.8598;;;;;
A-2024-06-40;04/06/2024;13:31;CAÍDA DE PASAJERO;CAÍDA DE PASAJERO -CHOQUE;1;0;VIA PRINCIPAL DE PLATANOL HACIA EL PJ VILLA HERMOZA ALTURA PARCETA 1B-2023;PARCELA 1B-24 1ER ASENTAMIENTO IRRIGACIÓN SAN ISIDRO;-16.565759;-71.919435;DESPEJADO;NO IDENTIFICA LA CAUSA;;;JEFE EMI 03/COMISION DEL SERVICIO
A-2024-06-41;07/06/2024;11:40;CHOQUE;CHOQUE POR EMBISTE FATAL;1;0;LA VIA DE INGRESO A SECCION LOS MOLLES PEDREGAL;SECCION LOS MOLLES;-16.35972;-72.204468;DESPEJADO;NO IDENTIFICA LA CAUSA;;;JEFE EMI 03/COMISION DEL SERVICIO
A-2024-06-42;10/06/2024;05:45;DESPISTE;DESPISTE-  VOLCADURA;6;5;ALTURA DEL KM 4.5 DE LA VIA PENETRACION EN CERRO VERDE;NO INDICA;-16.542136;-71.71039;DESPEJADO;NO IDENTIFICA LA CAUSA;;;JEFE EMI 01/COMISION DEL SERVICIO
A-2024-06-43;25/06/2024;01:20;ATROPELLO;ATROPELLO SUBSECUENTE MUERTE;1;0;KM 90 710 CARRETERA PAANMERICANA SUR;KM 941;-16.41794;-72.037985;DESPEJADO;NO IDENTIFICA LA CAUSA;;;JEFE EMI 01/COMISION DEL SERVICIO
A-2024-06-44;13/06/2024;14:40;DESPISTE;DESPISTE, VOLCADURA DAÑOS CON CONSECUENCIA FATAL;1;0;ASOC. LAS CORS DEL GALLO CERRO COLORADO;ALTURA DE LOCAL SOCIAL;-16.352628;-71.632921;SOLEADO;NO IDENTIFICA LA CAUSA;;;JEFE EMI 03/COMISION DEL SERVICIO
A-2024-06-45;22/06/2024;21:30;DESPISTE;-;1;0;CARRETERA SECTOR SHICA -SORITOR;RECREO TURISTICO EL BOSQUE;-6.132131;-77.110711;DESPEJADO;IMPRUDENCIA DEL CONDUCTOR;OTRO (IMPRUDENCIA DEL CONDUCTOR);;
A-2024-06-46;25/06/2024;05:20;ATROPELLO;-;1;0;CARRETERA FERNANDO BELAUNDE TERRY KM 488 121;CASERIO SAN JOSÉ;-6.046114;-77.017086;DESPEJADO;IMPRUDENCIA DEL CONDUCTOR;OTRO (IMPRUDENCIA DEL CONDUCTOR);;
A-2024-06-47;26/06/2024;18:00;CHOQUE;-;1;0;CARRET. DE PENETRACIÓN A LA COMUNICADAD NATIVA HUASTA  KM 1;A UN KM DE LA COMUNIDAD NATIVA HUASTA;-5.698771;-77.44196;DESPEJADO;EN PROCESO DE INVESTIGACIÓN;NO CUENTA CON CAUSA ESPECIFICA;;SE INVESTIGA
A-2024-06-48;14/06/2024;06:00;DESPISTE;DESPISTE, CHOQUE Y VOLVADURA;2;3;CARRETERA AREQUIPA PUNO KM 134 100;DISTRITO DE SNA ANTONIO DE CHAUCA;-16.000328;-71.26475;DESPEJADO;NO IDENTIFICA LA CAUSA;;;EN INVESTIGACION A CARGO DEL EMI 2
A-2024-06-49;16/06/2024;07:00;DESPISTE;DESPIESTE -CHOQUE-VOCADURA;1;0;VIA PENETRACION SECTOR VENTALLOCA;SECTOR VENTILLOCA COCACHACRA;-17.03269632;-71.6865071124699;SOLEADO;NO IDENTIFICA LA CAUSA;;;INVESTIGACION
A-2024-06-5;09/06/2024;07:30;CHOQUE;FATAL;1;0;CARRETERA INTEROCEANICA PUNO - MOQUEGUA;KM. 24;-16.038277;-70.008902;DESPEJADO;IMPRUDENCIA DEL CONDUCTOR;GIRAR IMPRUDENTEMENTE;;
A-2024-06-50;17/06/2024;00:31;ATROPELLO;ATROPELLO SUBSECUENTE MUERTE;1;0;KM. 968 DE LA CARRETERA PAANMERICANA SUR;;-16.499813;-71.831295;DESPEJADO;NO IDENTIFICA LA CAUSA;;;INVESTIGACION
A-2024-06-51;18/06/2024;12:20;CHOQUE;CHOQUE CON SUBSECEUTNE MUERTE;1;1;KM. 966 700 CARRETERA PAANMERICANA SUR;KM. 966;-16.493862;-71.842076;SOLEADO;NO IDENTIFICA LA CAUSA;;;EN INVESTIGAICON
A-2024-06-52;20/06/2024;18:20;ATROPELLO;ATROPELLO EN VOLTEO Y PORYECCION;1;0;CALLE LA RONDA CARMEN ALTO CAYMA;INTERSECCION EN FORMA DE T ENTRE CALLE LA RONDA Y PASAJE AL RONDA CARMEN ALTO;-16.3721108;-71.5372421913353;DESPEJADO;NO IDENTIFICA LA CAUSA;;;EN INVESTIGAICON
A-2024-06-53;24/06/2024;03:50;VOLCADURA;VOLCADURA DE CONSECUENCIA FATAL;1;0;AV. TUPAC AMARU ALTURA COELGIO JULIO C TELLO ;FRONTIS DEL COLEGIO JULIO C. TELLO;-16.41713651;-71.4926921425655;SOLEADO;NO IDENTIFICA LA CAUSA;;;EN INVESTIGACION
A-2024-06-54;24/06/2024;18:30;ATROPELLO;ATROPELLO POR APLASTAMIENTO;1;0;AV. FRANCISCO MOSTAJO CUADRA 14 DEL PPJJ INDEPENDENCIA DEL DISTRITO DE ALTO SELVA ALEGRE;SIN REFERENCIA;-16.362033;-71.517563;DESPEJADO;NO IDENTIFICA LA CAUSA;;;EN INVESTIGACION
A-2024-06-55;15/06/2024;17:30;ATROPELLO;EL VEHICULO TRANSITABA DENTRO DE SU PROPIEDADEL CUAL TIENE TROCHA CARROSABLEDONDE SE SUCITO EL ACCIDENTE;1;0;TROCHA CARROSABLE DENTRO DE SU POPIEDAD;EN SU DOMICILIO;-12.65974;-73.065154;DESPEJADO;IMPERICIA DEL CONDUCTOR;;;NINGUNA
A-2024-06-56;19/06/2024;23:30;VOLCADURA;VEHICULO QUE CIRCULABA DE ESTE A OSETE A UNA VELOCIDAD DONDE POR EL EXECESO DE VELOCIDAD SE VUELCA ;2;0;CARRETERA CRUZ PATA KILOMETRO DE SECTOR HUAYPO CHACAN - ANTA;CARRETRA ANTA HUAYPO KILOMTRO 6 ;-13.417462;-72.136983;DESPEJADO;IMPRUDENCIA DEL CONDUCTOR;EXCESO DE VELOCIDAD;;NINGUNA
A-2024-06-57;05/06/2024;20:00;DESPISTE;EL VEHÍCULO PARTICIPANTE SE DIRIGÍA EN SENTIDO DE ESTE A OESTE, OCUPANDO EL CARRIL NORTE DE LA CALZADA, AL LLEGAR AL LUGAR DEL ACCIDENTE SE DESPISTE HACIA LA ZONA DE TIERRA NORTE, DONDE IMPACTA CON LA BASE DE CONCRETO ARMADO DE UNA SEÑAL INFORMATIVA;2;0;CARRETERA TRASVERSAL HUAURA - SAYÁN - CHURÍN - OYÓN;KM. 30.500 APROX.;-11.12141;-77.31701;DESPEJADO;IMPRUDENCIA DEL CONDUCTOR;OTRO (IMPRUDENCIA DEL CONDUCTOR);DESATENCIÓN EN SU EJE DE MARCHA;NINGUNA
A-2024-06-58;17/06/2024;22:00;CHOQUE;EL VEHÍCULO CATG. M1, DE PLACA BEN-584, CIRCULABA POR LA CALZADA ESTE DE LA C.P.N, EN SENTIDO DE NORTE A SUR, AL LLEGAR A LA ZONA DEL ACCIDENTE, ES IMPACTADO FRONTALMENTE POR EL VEHÍCULO CTG. M2, DE PLACA AKR-338, QUIEN CIRCULABA EN SENTIDO CONTRARIO;1;3;CARRETERA PANAMERICANA NORTE;KM. 147 APROX.;-11.13593349;-77.59685928994054;DESPEJADO;IMPRUDENCIA DEL CONDUCTOR;CONDUCIR EN SENTIDO CONTRARIO;;NINGUNA
A-2024-06-59;29/06/2024;06:30;DESPISTE;ELVHICULO CAMIONETA  SE DESPLAZABA POR LA CARRETERA DEL SECTOR DENOMINADO LA RINCONADA DEL DISTRITO DE LIVITACA POR EL SENDERO SUREN SENTIDO DE DE OESTE A ESTE PARA LUEGO INGRESAR A UN TRAMO CURVO DESPITANDOSE  ;1;1;EN LA RED VIAL NACIONAL LONGITUDINAL RAMAL DE CHALHUAHUACHO  ALTURA DEL KILOMETRO 398 MAS 100 TRAMO COMPRENDIDO ENTRE VELILLE -ESPINAR;KILOMETRO 398 MAS 100;-14.587728;-71.732388;DESPEJADO;IMPRUDENCIA DEL CONDUCTOR;GIRAR IMPRUDENTEMENTE;;NINGUNA
A-2024-06-6;12/06/2024;19:30;ATROPELLO FUGA;FUGA;1;0;CARRETERA COATA-CAPACHICA. ALTURA DE LA COMUNIDAD UQUISILLA;KM. 27 00;-15.5720696;-69.8896809;DESPEJADO;IMPRUDENCIA DEL CONDUCTOR;OTRO (IMPRUDENCIA DEL CONDUCTOR);EXCESO DE CONFIANZA;
A-2024-06-60;07/06/2024;09:00;DESPISTE;VOLCADURA;1;0;CARRETERA VIA YACUCHO ANDAHUAYLAS;KM 424 263;-13.349;-74.182;DESPEJADO;IMPRUDENCIA DEL CONDUCTOR;EXCESO DE VELOCIDAD;;
A-2024-06-61;06/06/2024;12:00;CHOQUE;EL VEHICULO MENOR SE DESPLASABA POR LA ALTURA DEL KILOMETRO 1 DELA CARRETERA ESPINAR COPORAQUE POR EL CARRIL NORTE  Y AL INTENTAR VOLTEAR EL VEHICULO CON DIRECCION CONTRARIA FUE IMPACTADO POR UNA CAMIONETA;1;0;CARRETERA ESPINAR COPORAQUE KILOMETRO1 DE YAURI ;UNPOSTE DE CONDUCCION ELECTRICA;-14.809723;-71.43073;DESPEJADO;IMPRUDENCIA DEL CONDUCTOR;CONDUCIR EN ESTADO DE EBRIEDAD Y/O DROGADICCIÓN;;NINGUNA
A-2024-06-62;29/06/2024;02:30;CHOQUE CON OBJETO FIJO;VOLCADURA Y CAIDA;2;0;AV. PRINCIPAL TAMBILLO;4TA  CUADRA;-13.1714628;-74.163733709001;DESPEJADO;IMPRUDENCIA DEL CONDUCTOR;CONDUCIR EN ESTADO DE EBRIEDAD Y/O DROGADICCIÓN;;
A-2024-06-63;29/06/2024;21:30;DESPISTE;VOLCADURA;1;1;CARRETERA SAN MARTIN DE PARAISO ;MOLLEPATA;-13.090232;-74.233856;DESPEJADO;IMPRUDENCIA DEL CONDUCTOR;OTRO (IMPRUDENCIA DEL CONDUCTOR);EXCESO DE CONFIANZA;SIN OBSERVACIONES
A-2024-06-64;23/06/2024;12:00;CHOQUE;EL VEIHICULO DE PLACA DE RODAJE C5F-957SE  DESPLAZABA POR LA CARRETERA CUSCO SICUANI  EN SENIDO DE NRTE A SUR  EST FUE IMPACTADO E INVADIDO POR EL 2DO VEHICULO DE PLACA DE RODAJE X2Y-251;1;0;HECHO OCURRIDO EN LA VIA NACIONAL LONGITUDINAL  SIERRA SU TRAMO PUENTE URCOS - COMBAPATA KM 1053   REF. ALTURA DEL PEAJE SAYLLA;ALTURA DEL PEAJE DE SAYLLA;-13.920141;-71.505617;DESPEJADO;IMPRUDENCIA DEL CONDUCTOR;INVASIÓN DE CARRIL;;NINGUNA
A-2024-06-65;14/06/2024;15:00;DESPISTE;EL VEHICULO SE DESPLAZABA EN SENTIDO DE ESTE A 0ESTE, POR EL SENDERO DE TROCHA CARROSABLE  PENDIENTE PRONUNCIADA  DESCENDENTE  CARGADO DE SACOS PAPA, EN CIRCUNSTANCIAS QUE EL CONDUCTOR  QUIZO ENCENDER SU VEHICULO    EL VEHICULO POR LA PENDIENTE AVANZÓ Y PERDIO EL CONTROL  DESPISTANDO CHOCÓ FRONTALME;1;4; RED VECINAL TROCHA CARROSABLE SECTOR TAMBOCCOCHA DE LA COMUNIDAD CCOLLANAS DE PILLIRAY DEL DISTRITO DE MARASA. PROVINCIA DE URUBAMBA Y DEPARTAMENTO DEL CUSCO;SECTOR TAMBOCCOCHA;-13.351084;-72.100146;DESPEJADO;IMPRUDENCIA DEL CONDUCTOR;OTRO (IMPRUDENCIA DEL CONDUCTOR);EXESO DE CONFIANZA DEL CONDUCTOR;NINGUNA
A-2024-06-66;04/06/2024;15:15;CHOQUE;ELVEHICULO MENOR QUE CIRCULABA POR LA AV. PERU DESUR ANORTE Y OTRO VEHICULO TAMBIEN MENOR SIN PLCA EN SENTIDO DE ESTE A OESTE EL MISMO IMPACTA AL ANTERIOR VEHICULO EN LA PARTE LATERAL DEL PRIMER VEHICULO;1;0;EN LA INTERSECCION DE LA AVENIDA PERU CON LA CALLE MIRAFLORES DEL DISTRITO DE SANTO TOMAS JURISDICCION DE LA  CIA PNP SANTO TOMAS.;FRENTE DEL ESSALUD DE SANTO THOMAS;-14.454586;-72.08171;DESPEJADO;IMPRUDENCIA DEL CONDUCTOR;ADELANTAR INDEBIDAMENTE;;NINGUNA
A-2024-06-67;16/06/2024;03:40;FERROVIARIO;EL  VEHICULO FERROVIARIO   LOCOMOTORA Y CARGUEROS  SE DESPLAZABA EN SENTIDO DE   OESTE A ESTE  Y LA PEATONA  SE DESPLAZABA EN SENTIIDO EN SENTIDO DE SUR A NORTE, EN CIRCUNSTACIAS QUE EL VEHICULO   FERROVIARIO IMPACTA  CON  SU VERTICE ANTERIOR IZQUIERDO EN EL FLANCO IZQUIERDO DE LA PEATONA, MATERIALI;1;0;VIA FERREA ESTACION DE SAN PEDRO - HIDROELECTRICA. ALTURA DE LA APV. TICA TICA. CALLE FLOR DE RUFO;PARADERO CRUCES;-13.504534;-71.995586;DESPEJADO;IMPRUDENCIA DEL CONDUCTOR;OTRO (IMPRUDENCIA DEL CONDUCTOR);IMPRUDENCIA;NINGUNA
A-2024-06-68;11/06/2024;15:30;ATROPELLO;EL VEHICULO MINIBUS CON PLACA DE RODAJE X7T-963 DE LA EMPRESA EL HUERTO SE DESPLAZABA POR LA RED VIAL NACIONAL TRANSVERSAL (RAMAL) CUSCO - PISAC, ALTURA DEL KM. 07 400 DEL SECTOR DENOMINADO X – SACSAYHUAMAN, PARADERO KILLA DEL CERCADO DEL CUSCO EN SENTIDO DE NORTE A SUR, POR EL CARRIL ESTEEN DONDE E;1;0;RED VIAL NACIONAL TRANSVERSAL RAMAL CUSCO   PISAC TRAMO COMPRENDIDO ENTRE OLLANTAYTAMBO - CUSCO. ALTURA DEL KM. 07400 DEL SECTOR DENOMINADO X  SACSAYHUAMAN. PARADERO KILLA DEL CERCADO DEL CUSCO.    ;PARADERO KILLA;-13.50455;-71.971385;DESPEJADO;IMPRUDENCIA DEL CONDUCTOR;ADELANTAR INDEBIDAMENTE;;NINGUNA
A-2024-06-69;09/06/2024;12:30;CHOQUE;VEHICULO TRIMOTO DE CARGA DE PLACA DE RODAJE 4176-JA SE DESPLAZABA EN SENTIDO  DE NORTE A SUR, MINETRAS EL VEHICULO  CAMION   DE PLACA DE RODAJE C0V-780, SE DESPLAZABA EN SENTIDO DE SUR A NORTE,  EN CIRCUNTANCIAS QUE EL VEHICULO MENOR L5 SE DEZPLABA  POR LA PORCION DE CURVA TRAZANDO LA CURVA A UNA V;1;0;TRAMO PATRIA VILLA SALVACION  SECTOR DENOMINADO DOS LORITOS Y PICO DE HOZ DEL SECTOR DE PELAYOC  DEL DISTRITO DE KOSÑIPATA PROVINCIA DE PAUCARTAMBO;JARDIN DE COLIBRIES MIRADOS PICO DE HOZ;-12.899366;-71.395194;DESPEJADO;IMPRUDENCIA DEL CONDUCTOR;EXCESO DE VELOCIDAD;;NINGUNA
A-2024-06-7;18/06/2024;06:00;DESPISTE;VOLCADURA;1;0;AV. ENRIQUE GALLEGOS - ILAVE;SALIDA PHARATA;-16.0667614;-69.6287235;;;;;
A-2024-06-70;21/06/2024;20:00;VOLCADURA;EN CIRCUNSTACIAS QUE TRANSITABA LA CAMIONETA RURAL EL CUAL VIRA HACIA LA DERECHA PARA LUEGO DESPIRTARSE Y FINALMENTE VOLCARSE AL ABISM0 EN TONEL DERECHO;2;0;CARRETERA CUSCO - PAURO. CENTRO POBLADO POMATE;POBLADO DE POMATE;-13.673586;-71.920159;DESPEJADO;IMPRUDENCIA DEL CONDUCTOR;CONDUCIR EN ESTADO DE EBRIEDAD Y/O DROGADICCIÓN;;NINGUNA
A-2024-06-71;19/06/2024;17:30;ATROPELLO;EL VEHICULO TRANSITABA EN EL INTERIOR DE SU PROPIEDAD TROCHA CARROSABLE DONDE SE SUCITO DICHO ACCIDENTE DE ATROPELLO ;1;0;SECTOR DENOMINADO UNION RANCAGUA;TROCHA CARROSABLE DENTRO DE SU PROPIEDAD;-12.65974;-73.065154;DESPEJADO;IMPRUDENCIA DEL CONDUCTOR;OTRO (IMPRUDENCIA DEL CONDUCTOR);IMPRUDENCIA;NINGUNA
A-2024-06-72;16/06/2024;00:55;DESPISTE;EL VEHICULO DE DESPLASABA POR LA VIA EN SENTIDO DE SUR A OESTE CIRCUNSTANCIAS QUE PIERDE EL CONTROL PARA LUEGO DESPISTARSE Y E INICIALMENTE IMPACTANDO CONTRA EL POSTE DE ALUMBRADO PUBLICO  PARA LUEGO DESPISTARSE ;1;0;TRAMO SICUANI LA RAYA  SECTOR MOLINO COMUNIDAD DE CHEQTUYO DEL DISTRITO DE MARANGANI ;SECTOR MOLINO ;-14.343236;-71.18383;DESPEJADO;IMPRUDENCIA DEL CONDUCTOR;FATIGA Y/O CANSANCIO;;NINGUNA
A-2024-06-73;06/06/2024;16:25;CHOQUE;;1;0;AVENIDA FERMIN TANGUIS ;ALTURA DEL BY PASS ;-13.712324;-76.167002;DESPEJADO;EN PROCESO DE INVESTIGACIÓN;NO CUENTA CON CAUSA ESPECIFICA;;NINGUNA
A-2024-06-74;09/06/2024;05:40;CHOQUE;;1;1;AVENIDA VICTORIO GOTUZZO;200 METROS DE DISTANCIA DEL INGRESO AL FUNDO VIÑAS QUERIOLO;-13.989206;-75.694907;DESPEJADO;EN PROCESO DE INVESTIGACIÓN;NO CUENTA CON CAUSA ESPECIFICA;;NINGUNA
A-2024-06-75;14/06/2024;06:50;CHOQUE;;1;2;ANTIGUA PANAMERICANA SUR KM 231;;-13.724629;-76.156396;DESPEJADO;EN PROCESO DE INVESTIGACIÓN;NO CUENTA CON CAUSA ESPECIFICA;;NINGUNA
A-2024-06-76;16/06/2024;22:30;DESPISTE;;1;4;CARRETERA SAN JUAN DE MARCONA;;-15.286488;-75.091266;DESPEJADO;EN PROCESO DE INVESTIGACIÓN;NO CUENTA CON CAUSA ESPECIFICA;;NINGUNA
A-2024-06-77;18/06/2024;18:50;CHOQUE;;1;5;PANAMERICA SUR KM 382;;-14.503455;-75.257135;DESPEJADO;EN PROCESO DE INVESTIGACIÓN;NO CUENTA CON CAUSA ESPECIFICA;;NINGUNA
A-2024-06-78;22/06/2024;15:00;DESPISTE;DESPISTE Y VOLCADURA;1;1;ANEXO MUTANGA ;;-13.518329;-75.327399;DESPEJADO;EN PROCESO DE INVESTIGACIÓN;NO CUENTA CON CAUSA ESPECIFICA;;NINGUNA