COD_ACCIDE;FechaDelAccidente;HoraDelAccidente;ClaseDelAccidente;SecuenciaAccidente;CantidadDeFallecidos;CantidadDeLesionados;Direccion;LugarReferencia;y;x;CondClimatica;CausaFactorPrincipal;CausaEspecifica;OtraCausa;Observaciones
A-2024-06-79;27/06/2024;17:00;DESPISTE;;1;0;TROCHA CARROZABLE;;-13.735702;-75.97091;DESPEJADO;EN PROCESO DE INVESTIGACIÓN;NO CUENTA CON CAUSA ESPECIFICA;;NINGUNA
A-2024-06-8;20/06/2024;11:15;ATROPELLO;FATAL;1;0;CARRETERA PANAMERICANA SUR PUNO-DESAGUADERO COMUNIDAD CONCACHI;1381;-15.92409705;-69.87893148188333;DESPEJADO;IMPRUDENCIA DEL PEATÓN;CRUCE INDEBIDO POR LA CALZADA;;
A-2024-06-80;30/06/2024;21:30;CHOQUE FUGA;CHOQUE-FUGA CONSECUENCIA FATAL Y DAÑOS MATERIALES;1;0;ALTURA DEL KM 111 600 DE LA CARRETERA AREQUIPA JULIACA;PASAJE PUTUHUARI;-16.057878;-71.414583;SOLEADO;NO IDENTIFICA LA CAUSA;;;NINGUNS
A-2024-06-81;15/06/2024;14:00;CHOQUE;POR EMBISTE;1;0;ANTIGUA CARRETERA PANAMERICA SUR;KM 196;-13.41022559;-76.16414532;DESPEJADO;IMPRUDENCIA DEL CONDUCTOR;NO ESTABLECER EL DERECHO DE PASO;;NINGUNA
A-2024-06-82;30/06/2024;18:45;CHOQUE;SEGUIDO DE VOLCADURA;1;1;CARRETERA PANAMERICANA SUR KM. 342;-;-14.38533324;-75.6128595946749;DESPEJADO;NO IDENTIFICA LA CAUSA;;;
A-2024-06-83;07/06/2024;23:20;DESPISTE;-;1;0;CARRETERA PAUCARTAMBO - OXAPAMPA KM. 5 500;-;-10.76606896;-75.7525718099496;NUBLADO;IMPERICIA DEL CONDUCTOR;;;
A-2024-06-84;14/06/2024;01:30;DESPISTE;-;1;0;CARRETERA CANTA - HUAYLLAY KM. 95   200;CURVA DEL DIABLO;-11.12734373;-76.626228421465;NUBLADO;IMPRUDENCIA DEL CONDUCTOR;EXCESO DE VELOCIDAD;;
A-2024-06-85;24/06/2024;07:50;CHOQUE;-;1;2;CARRETERA CENTRAL OROYA- HUANUCO KM. 121 855;OVALO YANAMATE;-10.69917849;-76.23682382600826;NUBLADO;IMPRUDENCIA DEL CONDUCTOR;EXCESO DE VELOCIDAD;;
A-2024-06-86;28/06/2024;17:25;DESPISTE;-;1;1;CARRETERA CANTA - HUAYLLAY KM 95 200;LA CURVA DEL DIABLO;-11.12736995;-76.6262919712432;DESPEJADO;IMPRUDENCIA DEL CONDUCTOR;EXCESO DE VELOCIDAD;;
A-2024-06-87;06/06/2024;08:15;CHOQUE;-;1;0;CARRETERA CENTRAL LA OROYA - HUANUCO KM. 165 800;PARADERO ROCOSA CON VEGETACION;-10.45760875;-76.1790791522703;DESPEJADO;IMPRUDENCIA DEL CONDUCTOR;FATIGA Y/O CANSANCIO;;
A-2024-06-88;07/06/2024;07:00;CHOQUE CON OBJETO FIJO;;1;0;VIA NACIONAL;SECTOR CURAMBA;-13.630002;-73.13549357;DESPEJADO;IMPRUDENCIA DEL CONDUCTOR;CONDUCIR EN ESTADO DE EBRIEDAD Y/O DROGADICCIÓN;;EXESO DE VELOCIDAD
A-2024-06-89;08/06/2024;22:50;CHOQUE;MUERTE, LESIONES Y DAÑOS MATERIALES;1;2;CARRETERA FERNANDO BELAUNDE TERRY KM. 02;VON HUMBOLDT;-8.825774272;-75.05237634841907;DESPEJADO;IMPRUDENCIA DEL CONDUCTOR;EXCESO DE VELOCIDAD;;SUPUESTO CHOFER DEL VEHICULO MAYOR SE DIO A LA FUGA, CON LAS INVESTIGACIONES REALIZO TRANSACCION CON AGRAVIADO
A-2024-06-9;22/06/2024;05:30;ATROPELLO FUGA;FUGA;1;0;CARRETERA PUNO-DESAGUADERO SECTOR CUSIPATA;KM. 1375 850;-15.885767;-69.898305;DESPEJADO;NO IDENTIFICA LA CAUSA;;;FALTA DE UN ELEMENTO (VEHICULO)
A-2024-06-90;02/06/2024;02:20;ATROPELLO FUGA;FATAL;1;0;CARRETERA PANAMERICANA NORTE KM. 22.900;;-11.930176;-77.072415;DESPEJADO;EN PROCESO DE INVESTIGACIÓN;NO CUENTA CON CAUSA ESPECIFICA;;
A-2024-06-91;02/06/2024;23:00;DESPISTE;CHOQUE, VOLCADURA Y CAIDA FATAL;2;0;CARRETERA CENTRAL ALTRA DEL KM. 2800- ATE;;-12.010602;-76.872794;DESPEJADO;IMPRUDENCIA DEL CONDUCTOR;CONDUCIR EN ESTADO DE EBRIEDAD Y/O DROGADICCIÓN;;
A-2024-06-92;04/06/2024;11:00;ATROPELLO;CON APLASTAMIENTO FATAL;1;0;CARRETERA CENTRAL KM. 14.500 ATRA PARADERO HORACIO ZEVALLOS;ATRA PARADERO HORACIO ZEVALLOS;-12.00452748;-76.84440435887166;DESPEJADO;IMPRUDENCIA DEL PEATÓN;CRUCE INDEBIDO POR LA CALZADA;;
A-2024-06-93;05/06/2024;11:30;ATROPELLO;;1;0;CARRETERA PANAMERICANA SUR KM. 5.400;;-12.103942;-76.979231;DESPEJADO;EN PROCESO DE INVESTIGACIÓN;NO CUENTA CON CAUSA ESPECIFICA;;
A-2024-06-94;07/06/2024;05:30;ATROPELLO FUGA;;1;0;AV. DEFENSORES DEL MORRO CON CALLE CIRO ALEGRIA;;-12.19961901;-76.99678756633288;DESPEJADO;EN PROCESO DE INVESTIGACIÓN;NO CUENTA CON CAUSA ESPECIFICA;;
A-2024-06-95;08/06/2024;05:45;ATROPELLO FUGA;;1;0;PANAMERICANA NORTE KM 08.500- ;ALT. PUENTE PEATONAL RAYITO DEL SOL N/S;-12.041357;-77.033051;DESPEJADO;EN PROCESO DE INVESTIGACIÓN;NO CUENTA CON CAUSA ESPECIFICA;;
A-2024-06-96;08/06/2024;17:20;ATROPELLO;FATAL CON DAÑOS MATERIALES;1;0;AV. LOS HEROES CDR. 03 ;(REF. ALT. ESTACION ATOCONGO);-12.15184455;-76.9765737795547;DESPEJADO;EN PROCESO DE INVESTIGACIÓN;NO CUENTA CON CAUSA ESPECIFICA;;
A-2024-06-97;11/06/2024;22:20;CAÍDA DE PASAJERO;FATAL;1;0;INTERSECCION DE LA AV. TUPAC AMARU Y AV. PUNO ;(ALT. INSTITUCION EDUCATIVA REPUBLICA DE ISRAEL);-11.9526852;-77.05117847528525;DESPEJADO;EN PROCESO DE INVESTIGACIÓN;NO CUENTA CON CAUSA ESPECIFICA;;
A-2024-06-98;12/06/2024;06:30;ATROPELLO;;1;0;PARADERO 12 DE HUASCAR SAN JUAN DE LURIGANCHO;;-11.95366459;-77.00345495775848;DESPEJADO;EN PROCESO DE INVESTIGACIÓN;NO CUENTA CON CAUSA ESPECIFICA;;
A-2024-06-99;12/06/2024;19:20;ATROPELLO;FATAL;1;0;JR. PROGRESO INTERSECCION CON EL JR. 28 DE DICIEMBRE;;-12.16279123;-76.94833705117662;DESPEJADO;EN PROCESO DE INVESTIGACIÓN;NO CUENTA CON CAUSA ESPECIFICA;;
A-2024-07-1;04/07/2024;18:10;ATROPELLO;;1;0;AV. 1ERO DE MAYO- CARMEN DE LA LEGUA REYNOSO;;-12.04012851;-77.0934826487524;DESPEJADO;IMPRUDENCIA DEL CONDUCTOR;OTRO (IMPRUDENCIA DEL CONDUCTOR);DESPLAZAR SU UNIDAD BAJO UN EXCESO DE CONFIANZA;
A-2024-07-10;12/07/2024;08:15;DESPISTE;CHOQUE Y VOLCADURA;1;1;CARRETERA PUNO - MAÑAZO;25 500;-15.77466;-70.23522;DESPEJADO;IMPRUDENCIA DEL CONDUCTOR;OTRO (IMPRUDENCIA DEL CONDUCTOR);EXCESO DE CONFIANZA SIN TOMAR EN CUENTA  LOS RIESGOS PRESENTES;
A-2024-07-11;07/07/2024;04:00;DESPISTE;;1;1;KM 85 DE LA CARRETERA ACOBAMBA - PAUCARA;C.P CHACAPAMPA;-12.80460256;-74.58363349564864;DESPEJADO;EN PROCESO DE INVESTIGACIÓN;NO CUENTA CON CAUSA ESPECIFICA;;
A-2024-07-12;15/07/2024;08:40;DESPISTE;VOLCADURA;2;0;CARRETERA CENTRAL LA OROYA - AYACUCHO;237;-12.50321696;-74.71641890798233;DESPEJADO;EN PROCESO DE INVESTIGACIÓN;NO CUENTA CON CAUSA ESPECIFICA;;
A-2024-07-13;17/07/2024;08:10;ATROPELLO;FATAL;1;0;CARRETERA PANAMERICA SUR PUNO - DESAGUADERO. ALTURA DE CHIMU;KM. 1367 500;-15.853614;-69.964506;DESPEJADO;IMPRUDENCIA DEL PEATÓN;CRUCE INDEBIDO POR LA CALZADA;;
A-2024-07-14;18/07/2024;20:40;CHOQUE FUGA;FUGA;1;0;CARRETERA PUNO-ATUNCOLLA ;KM. 11;-15.6959154;-70.1469839;;;;;
A-2024-07-15;18/07/2024;18:00;CHOQUE;;1;0;AV. NESTOR GAMBETTA;ALT. DEL GRIFO REPSOL;-12.03834322;-77.1271565445014;DESPEJADO;IMPRUDENCIA DEL CONDUCTOR;OTRO (IMPRUDENCIA DEL CONDUCTOR);CAMBIO DE CARRIL DE MANERA INTEMPESTIVA;
A-2024-07-16;08/07/2024;20:30;CHOQUE;-;1;1;CARRETERA FERNANDO BELAUNDE TERRY KM 432 100;-;-5.8122;-77.390418;DESPEJADO;IMPRUDENCIA DEL CONDUCTOR;OTRO (IMPRUDENCIA DEL CONDUCTOR);;SE INVESTIGA
A-2024-07-17;10/07/2024;05:40;CHOQUE;-;1;0;CARRETERA FERNANDO BELAUNDE TERRY KM 504 600;-;-6.080939;-76.887707;DESPEJADO;EN PROCESO DE INVESTIGACIÓN;NO CUENTA CON CAUSA ESPECIFICA;;
A-2024-07-18;15/07/2024;03:00;CHOQUE;-;1;2;CARRETERA FERNANDO BELAUNDE TERRY KM 462 100;MOLINO INDUAMERICA RIOJA;-6.016687;-77.233884;DESPEJADO;IMPRUDENCIA DEL CONDUCTOR;OTRO (IMPRUDENCIA DEL CONDUCTOR);;
A-2024-07-19;03/07/2024;19:05;CHOQUE;-;1;0;CARRETERA PANAMERICANA NORTE ALTURA DEL KM. 621.8;-;-7.77430604;-79.25360774773131;DESPEJADO;NO IDENTIFICA LA CAUSA;;;
A-2024-07-2;01/07/2024;11:00;DESPISTE;VOLCADURA;1;0;CARRETERA MARCAS - HUANTA;KM 56;-12.87089169;-74.37912570631215;SOLEADO;EN PROCESO DE INVESTIGACIÓN;NO CUENTA CON CAUSA ESPECIFICA;;
A-2024-07-20;07/07/2024;20:40;ATROPELLO;-;1;0;CARRETERA DE ACCESO AL SECTOR SANTA ROSA - SANTA MARIA S/N;-;-7.821041979;-77.6397806089;DESPEJADO;NO IDENTIFICA LA CAUSA;;;
A-2024-07-21;25/07/2024;20:00;ATROPELLO FUGA;FATAL;1;0;CARRETERA PANAMERICANA SUR PUNO-DESAGUADERO. ALTURA DEL C.P. SANTIAGO DE THIRI;KM. 1492;-16.172154;-69.536041;DESPEJADO;NO IDENTIFICA LA CAUSA;;;FALTA DE UN ELEMENTO (VEHICULO)
A-2024-07-22;17/07/2024;17:50;CHOQUE;-;1;0;CARRETERA FERNANDO BELAUNDE TERRY KM 417 170;;-5.739921;-77.50078;DESPEJADO;EN PROCESO DE INVESTIGACIÓN;NO CUENTA CON CAUSA ESPECIFICA;;SE INVESTIGA
A-2024-07-23;12/07/2024;04:40;CHOQUE;-;1;0;CARRETERA PANAMERICANA NORTE ALTURA DEL KM. 695;-;-7.308957429;-79.48058328419319;DESPEJADO;NO IDENTIFICA LA CAUSA;;;
A-2024-07-24;13/07/2024;17:40;CHOQUE;-;1;0;CARRETERA PANAMERICANA NORTE ALTURA DEL KM. 602.3;-;-7.876256375;-79.1318284973156;DESPEJADO;NO IDENTIFICA LA CAUSA;;;
A-2024-07-25;14/07/2024;19:00;ATROPELLO FUGA;-;1;0;CARRETERA DE PENETRACION A LA SIERRA LIBERTEÑA ALTURA DEL KM. 172;GRIFO REPSOL;-7.831102229;-78.06504472945214;DESPEJADO;NO IDENTIFICA LA CAUSA;;;
A-2024-07-26;19/07/2024;20:10;ATROPELLO FUGA;-;1;0;CARRETERA PANAMERICANA NORTE ALTURA DEL KM. 579.8;-;-8.053667518;-79.08758813694953;DESPEJADO;NO IDENTIFICA LA CAUSA;;;
A-2024-07-27;19/07/2024;22:15;ATROPELLO FUGA;-;1;0;AV. NICOLAS DE PIEROLA ALTURA DE LA CDRA. 11;-;-8.099195953;-79.0372378845;DESPEJADO;NO IDENTIFICA LA CAUSA;;;
A-2024-07-28;22/07/2024;04:40;ATROPELLO FUGA;-;1;0;AV. JOSE FAUSTINO SANCHEZ CARRION ALTURA DE LA CDRA. 21;-;-8.0671769;-78.996023504;DESPEJADO;NO IDENTIFICA LA CAUSA;;;
A-2024-07-29;23/07/2024;19:00;DESPISTE;SEGUIDO DE CHOQUE;1;0;CARRETERA PANAMERICANA NORTE ALTURA DEL KM. 679.1;-;-8.071879543;-79.0924021211;DESPEJADO;NO IDENTIFICA LA CAUSA;;;
A-2024-07-3;04/07/2024;21:45;CHOQUE;VOLCADURA;1;2;CARRETERA PANAMERICANA SUR PUNO-DESAGUADERO. ALTURA DE CHUA CHUA;1490 800;-16.460345;-69.138111;DESPEJADO;IMPRUDENCIA DEL CONDUCTOR;OTRO (IMPRUDENCIA DEL CONDUCTOR);MANIOBRAS TEMERARIAS Y EXCESO DE VELOCIDAD;
A-2024-07-30;27/07/2024;23:40;CHOQUE;-;1;0;CARRETERA PANAMERICANA NORTE ALTURA DEL KM. 692;-;-7.32484521;-79.48085360646502;DESPEJADO;NO IDENTIFICA LA CAUSA;;;
A-2024-07-31;29/07/2024;02:00;CHOQUE;-;1;0;CARRETERA PANAMERICANA NORTE ALTURA DEL KM. 530.1;-;-8.536726169;-78.67956931549462;DESPEJADO;NO IDENTIFICA LA CAUSA;;;
A-2024-07-32;29/07/2024;03:00;DESPISTE;-;1;0;CARRETERA DE ANEXO AL SECTOR EL TRAPICHE S/N RETAMAS ;-;-7.958367856;-77.52431461411932;DESPEJADO;IMPRUDENCIA DEL CONDUCTOR;FATIGA Y/O CANSANCIO;;
A-2024-07-33;29/07/2024;06:00;DESPISTE;-;1;0;CARRETERA DE ACCESO AL ANEXO CORRALES S/N COCHORCO;-;-7.820686125;-77.68399891266444;DESPEJADO;NO IDENTIFICA LA CAUSA;;;
A-2024-07-34;20/07/2024;19:20;ATROPELLO;-;1;0;INTERSECCIÓN AV. CAJAMARCA Y JR. TACNA ;-;-5.94305;-77.30642;DESPEJADO;EN PROCESO DE INVESTIGACIÓN;NO CUENTA CON CAUSA ESPECIFICA;;
A-2024-07-35;07/07/2024;04:00;CHOQUE FUGA;.;1;1;CARRETERA PANAMERICANA NORTE KM. 271.6;ALTURA DEL INGRESO AL AA.HH CAMPO AMOR.;-3.49220057;-80.26855400224463;DESPEJADO;IMPRUDENCIA DEL CONDUCTOR;CONDUCIR EN ESTADO DE EBRIEDAD Y/O DROGADICCIÓN;;
A-2024-07-36;08/07/2024;20:45;DESPISTE;SEGUIDO DE VOLCADURA ;1;1;CARRETERA PANAMERICANA NORTE KM. 270.7;.;-3.49778224;-80.27516424452169;DESPEJADO;IMPRUDENCIA DEL CONDUCTOR;OTRO (IMPRUDENCIA DEL CONDUCTOR);FALTA DE CUIDADO Y PREVENCION ;
A-2024-07-37;30/07/2024;14:30;CHOQUE;.;1;0;CARRETERA PANAMEIRCANA NORTE KM 174.3;.;-3.990872281;-80.97274667841917;DESPEJADO;IMPRUDENCIA DEL CONDUCTOR;INVASIÓN DE CARRIL;;
A-2024-07-38;27/07/2024;04:15;CHOQUE FUGA;-;1;0;INTERSECCIÓN JR. REYES GUERRA Y JR. CALLAO MOYOBAMBA;INI MOYOBAMBA;-6.034733;-76.972679;DESPEJADO;EN PROCESO DE INVESTIGACIÓN;NO CUENTA CON CAUSA ESPECIFICA;;SE INVESTIGA
A-2024-07-39;01/07/2024;05:50;CHOQUE;EL VEHÍCULO CATG. N3, DE PLACA T1W-850, CIRCULABA POR LA ZONA DE TIERRA ESTE DE LA CALZADA ESTE DE LA C.P.N, Y EN SENTIDO DE NORTE A SUR, AL LLEGAR A LA ZONA DEL ACCIDENTE,  INGRESA A LA CALZADA ESTE, INTERPONINENDOSE EN EL EJE DE MARCHA DEL VEHÍCULO CATG, M1, DE PLACA BTU-181;2;2;CARRETERA PANAMERICANA NORTE;KM. 137.585.60;-11.20513;-77.5615;DESPEJADO;IMPRUDENCIA DEL CONDUCTOR;CONDUCIR EN ESTADO DE EBRIEDAD Y/O DROGADICCIÓN;;NINGUNA
A-2024-07-4;05/07/2024;14:30;ATROPELLO FUGA;FATAL;1;0;CARRETERA PANAMERICANA SUR PUNO-DESAGUADERO;ALTURA C.P. FHARATA-ILAVE;-16.025852;-69.490229;;;;;
A-2024-07-40;14/07/2024;05:30;ATROPELLO FUGA;SE INVESTIGA;1;0;CARRETERA PANAMERICANA NORTE;KM. 164.500;-11.0062;-77.61288;DESPEJADO;EN PROCESO DE INVESTIGACIÓN;NO CUENTA CON CAUSA ESPECIFICA;;EN LA FISCALÍA
A-2024-07-41;20/07/2024;15:40;ATROPELLO;EL COMBINADO VEHÍCULAR CON VEHÍCULO CATG. N3, DE PLACA BJA-816, CON VEHÍCULO CATG. O4, REMOLQUE DE PLACA D0R-990, SE ENCONTRABA EN UN TERRENO AGRÍCOLA SIENDO CARGADO CON CAÑA DE AZUCAR, AL MOMENTO DE AVANZAR, UN TRABAJADOR PEATÓN, INGRESA ENTRE LA SEPARACIÓN DE AMBOS VEHÍCULOS, SIENDO ATROPELLADO;1;0;CAMPO AGRICOLA LOS HUAQUERONES;RONTOY;-11.02985;-77.57271;DESPEJADO;IMPRUDENCIA DEL PEATÓN;OTRO (IMPRUDENCIA DEL PEATÓN);DESATENCIÓN EN SU CIRCULACIÓN;NINGUNA
A-2024-07-42;24/07/2024;17:00;DESPISTE;EL VEHÍCULO CATG. M1, DE PLACA DE RODAJE AZD-234, SE DESPLAZABA POR LA CARRETERA TINGO - HUANCAHUASI, EN SENTIDO DE ESTE A OESTE, AL LLEGAR A LA ZONA DEL ACCIDENTE SE DESPISTA, CAYENDO A UN ABISMO.;2;5;CARRETERA TINGO - HUANCAHUASI;KM. 063143;-10.8723;-76.8519;DESPEJADO;IMPRUDENCIA DEL CONDUCTOR;FATIGA Y/O CANSANCIO;;NINGUNA
A-2024-07-43;30/07/2024;17:15;CHOQUE;EL VEHÍCULO CATG. N2, CAMIÓN DE PLACA A8Q-852, CIRCULABA POR LA CALZADA OESTE DE LA C.P.N., EN SENTIDO DE NORTE A SUR, AL LLEGAR A LA ZONA DEL ACCIDENTE, ES IMPACTADA EN SU ESTRUCTURA POSTERIOR POR EL VEHÍCULO L3, DE PLACA 6971-NC;1;0;CARRETERA PANAMERICANA NORTE;KM. 141.159;-11.17928501;-77.57978438914351;DESPEJADO;IMPRUDENCIA DEL CONDUCTOR;OTRO (IMPRUDENCIA DEL CONDUCTOR);DESATENCIÓN EN SU EJE DE CIRCULACIÓN;NINGUNA
A-2024-07-44;31/07/2024;09:00;DESPISTE;EL VEHÍCULO CATG. N1, DE PLACA DE RODAJE C6N-822, SE DESPLAZABA POR LA CARRETERA OYON - QUICHAZ, EN SENTIDO DE SUR A NORTE, HASTA LLEGAR A LA ZONA DEL ACCIDENTE, DONDE SE DESPISTA;2;0;CARRETERA OYÓN QUICHAZ;KM. 02 APROX.;-10.65123;-76.77769;DESPEJADO;EN PROCESO DE INVESTIGACIÓN;NO CUENTA CON CAUSA ESPECIFICA;;EN INVESTIGACION
A-2024-07-45;28/07/2024;21:45;CHOQUE;-;1;0;CARRETERA FERNANDO BELAUNDE TERRY KM 473 47;CERCA AL PUENTE INDOCHE;-6.044053;-77.143859;DESPEJADO;IMPRUDENCIA DEL CONDUCTOR;OTRO (IMPRUDENCIA DEL CONDUCTOR);;
A-2024-07-46;16/07/2024;04:30;DESPISTE;VOLCADURA;25;17;CCARHUACCPAMPA;VIA LOS LIBERTADORES;-13.41;-74.925;DESPEJADO;IMPRUDENCIA DEL CONDUCTOR;FATIGA Y/O CANSANCIO;;BUS DE LA EMPRESA MOLINA
A-2024-07-47;12/07/2024;19:30;DESPISTE;EL VEHICULO SE ENCONTRABA ESTACIONADO EN CIRCUNSTACIAS QUE INICIA LA MARCHA Y EL MENOR QUE ERA PEATON SE ENCONTRABA EN LA CALZADA EL MISMO QUE FUE ACUDIDA POR SU SEÑORA MADRE Y LUEGO DETENIDO POR LOS TRANSEUNTES EL ;1;0;ANEXO DE PAMPAHUAYTA DE LA COMUNIDAD DE CAJAPUCARA DEL DISTRITO DE KAPI;COMUNIDAD CAMPESINA DE PAMPAHUAYTA DEL DISTRITO DE KAPI;-13.8534263;-72.0841887;DESPEJADO;IMPRUDENCIA DEL PEATÓN;CRUCE INDEBIDO POR LA CALZADA;;NINGUNA
A-2024-07-48;17/07/2024;22:30;ATROPELLO FUGA;EL PEATON TRANSITABA OCUPANDO EL CARRIL SUR DE LA CALZADA EN SENTIDO DE OESTE A ESTE EN EL LUGAR DE LOS HECHOS  PROBABLENTE  CONINGESTA DE BEBIDAS ALCOHOLICAS DONDE FUE  IMPACTADO Y PROYECTADO  POR UN VEHICULO QUE LUEGO DEL HECHO SE DIO A LA FUGA ;1;0;RED VIAL NACIONAL LONGITUDINAL SIERRA SUR LA OROYA  PUENTE INTERNACIONAL DESAGUADERO TRAMO URCOS QUIQUIJANA SECTOR DE LA COMUNIDAD  DE HUARAYPATA ;ALTURA DE LA COMUNIDAD DE HUARAYPATA;-13.78026543;-71.5715997854775;DESPEJADO;IMPRUDENCIA DEL PEATÓN;ESTADO DE EBRIEDAD Y/O DROGADICCIÓN;;NINGUNA
A-2024-07-49;06/07/2024;22:30;DESPISTE;VEHICULO QUE CIRCULABA ESTE A OESTE  POR EL LUGAR ENTRA A UNA PORCION DE CURVA HACIA LA FRANJA LATERAL SUR DONDE EXITE UN ESPRENDIMIENTO  EN LA CALZADA MATERIALIZANDOSE EL EVENTO  ;3;0;TRAMO PAUCARTAMBO  A PATRIA  ALTURA DEL PACHAYOCHITO  138  A 440 DEL SECTOR LLAMADO ROCOTALES DEL DISTRITO DE KOSÑIPATA ;SECTOR ROCOTALES ;-13.079605;-71.559882;DESPEJADO;IMPRUDENCIA DEL CONDUCTOR;FATIGA Y/O CANSANCIO;;NINGUNA
A-2024-07-5;05/07/2024;19:30;ATROPELLO;FATAL;1;0;CARRETERA PANAMERICANA SUR PUNO-DESAGUADERO;DESVIO CARRETERA ILAVE-MAZOCRUZ;-16.0934809;-69.6263869;DESPEJADO;IMPRUDENCIA DEL PEATÓN;CRUCE INDEBIDO POR LA CALZADA;;
A-2024-07-50;02/07/2024;12:30;ATROPELLO;VEHICULO QUE SE DESPLASABA DE ESTE BA OESTE POR LUGAR DEL EVENTO DONDE EL PEATON INGRESA A LA CALZADA EN SENTIDO DE NORTE A SUR EXPONIENDO SU FLANCO IZQUIERDOSIENDO IMPACTADO POR VEHICULO POSTERIOR PROYECCION A LA CALZADA  LUEGO EL VEHICULO SE DA A LA FUGA  ;1;0;TRAMO ISCUCHACA ANCAHUASI ALTURA DE LA COMUNIDAD DE KATANIRAY  SECTOR DE ERAPAMPA ;SECTOR ERAPAMPA ;-13.479107;-72.271813;DESPEJADO;IMPRUDENCIA DEL PEATÓN;CRUCE INDEBIDO POR LA CALZADA;;NINGUNA
A-2024-07-51;09/07/2024;12:00;DESPISTE;VEHICULO QUE TRANSITABA DE SURESTE A NORESTE Y AL MOMENTO DE ENTRAR A LA PORCION DE CURVA PIERDE EL CONTROL Y VUELCA EN TONEL IZQUIERDO;2;2;TRAMO ANDAHUYLILLAS  PIÑIPAMPA ALTURA DEL KM 1008;SECTOR SARAWASI;-13.665202;-71.679549;DESPEJADO;NEGLIGENCIA DEL CONDUCTOR;OTRO (NEGLIGENCIA DEL CONDUCTOR);CONDUCIR EN ESTADO DE EBRIEDAD;NINGUNA
A-2024-07-52;25/07/2024;19:31;ATROPELLO;PEATON DESPLAZANDOSE POR MEDIO DEL CARRIL NORTE INSTANTES EN QUE ES IMPACTADO POR EL VEHIUCLO CAMION  ;1;0;CARRETERA INTEROCEANICA  SUR KILOMETRO 44 SECTOR LLULLUCHA  DISTRITO DE OCONGATE QUISPICANCHIS;COMUNIDAD DE LLULLUCHA;-13.661707;-71.433908;DESPEJADO;IMPRUDENCIA DEL PEATÓN;ESTADO DE EBRIEDAD Y/O DROGADICCIÓN;;NINGUNA
A-2024-07-53;23/07/2024;06:30;ATROPELLO;ELVEHICULO CAMIONETA SE DESPLAZAPOR LA ALTURA DEL KILOMETRO1134  DE LA VIA PANAMERICANA  CUSCO PUNO SECTOR LLAMADO ALLPACHACA DONDE INGRASE EN FORMA INTESPECTIVA A SU EJE DE MARCHADEL VEHICULO EL PEATON   DONDE EL PEATON INGRESA DE MANERA INMEDIATA;1;0;HECHO OCURRIDO EN EL SECTO DE ALLPA CHACA EN EL TRAMO CARRETERO DE COMUNIDAD DE OCOBAMBA KILOMETRO 1134 TRAMO CUSCO PUNO;EN EL TRAMO CARRETERO  COMPRENDIDO ENTRE EL SECTOR ALLPA CHACA ;-14.412777;-71.11768;DESPEJADO;IMPRUDENCIA DEL PEATÓN;CRUCE INDEBIDO POR LA CALZADA;;NINGUNA
A-2024-07-54;29/07/2024;11:30;DESPISTE;VEHICULO QUE SE DESPLAZABA DE NORTE A SUR POR UNA PORCION DE CURVA SE DESPISTA Y VUELCA EN TONEL IZQUIERDO MATERIALIZANDO EL EVENTO;1;0;TRAMO HUAQUIRA SANTO TOMAS ALTURAB DEL SECTOR HUANECCACCA DISTRITO QUIÑOTA PROVINCIA CHUMBIVILCAS DEPARTAMENTO CUSCO.;SECTOR  HUANENCCACCA;-14.295348;-72.139363;DESPEJADO;IMPRUDENCIA DEL CONDUCTOR;EXCESO DE VELOCIDAD;;NINGUNA
A-2024-07-56;17/07/2024;21:00;DESPISTE;VEHICULOQUE CIRCULABA DE NORTE A SUR PARA SALIRSE DE LA PORCION CICULABE PARA LUEGO VOLCARSE EN TONEL IZQUIERDO LUEGO VOLCAR UN APROX. DE 70 METROS DE ALTURA ;1;0;COMUNIDADDE SIMAHUYAPA A 2 KILOMETROS;COMUNIDAD DE SIMAHUAPA;-13.30907693;-71.59909110922737;DESPEJADO;IMPRUDENCIA DEL CONDUCTOR;EXCESO DE VELOCIDAD;;NINGUNA
A-2024-07-57;08/07/2024;17:00;ATROPELLO FUGA;EL VEHICULO FUGITIVO SE DESPLAZABA POR LA RED VIAL VELILLE COLQUEMARCA ALTRA DEL ANEXO CHOCOLLO DEL DISTRITO DE COLQUEMARCA EN SENTIDO       O DE NORTE A SUR CIRCUNSTANCIAS EN QUE EL MENOR PEATON PROCEDENTE DE LA ZONA DE TIERRA Y FAJA LATERAL OESTE INGRESA A LA CALZADA EN DONDE CON SU FLACONCO IZQUI;1;0;TRAMO COMPRENDIDO ENTRE TUNTUMA WINCHO ALTURA DEL ANEXO DE CHOCOLLO DEL DISTRITO DE COLQUEMARCA ;ANEXO DE CHOCOLLO ;-14.365861;-71.97692;DESPEJADO;IMPRUDENCIA DEL CONDUCTOR;OTRO (IMPRUDENCIA DEL CONDUCTOR);INGRESO TEMERARIO A LA CALZADA DEL MENOR DE SOLO UN AÑO;NINGUNA