COD_ACCIDE;FechaDelAccidente;HoraDelAccidente;ClaseDelAccidente;SecuenciaAccidente;CantidadDeFallecidos;CantidadDeLesionados;Direccion;LugarReferencia;y;x;CondClimatica;CausaFactorPrincipal;CausaEspecifica;OtraCausa;Observaciones
A-2024-07-58;08/07/2024;15:30;CHOQUE;LAUIDAD UT1 SE DESPLAZABA EN SENTIDO D ESTE AOESTE  POR EL CARRIL DEL NORTE Y LA UNIDAD UT2 DE OESTE A ESTE POR EL CARRIL SUR EN DONDE HAMBAS UNIDADDES SALIAN DE UNA CURVA  SE EN CONTRARON EN UNA RECTA  DONDE LA UT1 INVADE PARCIALMENTE EL CARRIL CONTRARIO;1;21;TRAMO CUSCO YAURISQUI SECTOR LLAULLICCASSA KILOMETRO 16-300 COMUNIDAD DE OCCOPATA DISTRITO DE SANTIAGO;SECTOR DE LLAULLICCASA;-13.61333462;-71.94540188018637;DESPEJADO;IMPRUDENCIA DEL CONDUCTOR;INVASIÓN DE CARRIL;;NINGUNA
A-2024-07-59;28/07/2024;04:30;DESPISTE;ESTA UNIDAD VEHICULAR MOMENTOS PREVIOS SE DESPLAZABA POR LA CALZADA DE EN SENTIDO DE OESTE A ESTE, POR CAUSAS ASOCIADAS AL CANSANCIO CORPORAL DEL CONDUCTOR Y OCUPANTE, AL INGRESAR AL TRAMO CURVO EL CONDUCTOR PERDIÓ EL CONTROL EN CUANTO A LA DIRECCIÓN DESPISTANDO HACIA LA FRANJA LATERAL SUR E INGRESA;1;1;TRAMO COTABAMBAS CHINCHAYPUJIO ALTURA SEL KILOMETRO 383 MAS80SECTOR DENOMINADO IVIPAMPA ALTURA DEL PUENTE MANZANAYOC;PUENTE MANZANAYOC;-13.656946;-72.287216;DESPEJADO;IMPRUDENCIA DEL PEATÓN;CRUCE INDEBIDO POR LA CALZADA;;NINGUNA
A-2024-07-6;07/07/2024;11:40;ATROPELLO;FATAL;1;0;CARRETERA PANAMERICANA SUR PUNO-DESAGUADERO;SECTOR CABALLA MAYA;-16.01711;-69.576786;DESPEJADO;IMPRUDENCIA DEL PEATÓN;CRUCE INDEBIDO POR LA CALZADA;;
A-2024-07-60;29/07/2024;06:10;ATROPELLO;EL VEHICULO SE DESPLAZABA HACIA EL CUSCO  EST A OETE Y EL PEATON INGRSA A LA CALZADA EN EL SENTIDO DE NORTE A SUR I EL IMPACTO SE DA EN TERCIO ISQUIERDO DEL CARRIL SUR ASIGNADO AL DESPLASAMIENTO DEL VEHICULO;1;0;EN EL KILOMETRO 995 MAS 200 FROSTIS DE LA PANIFICADORA ASTETE Y CARIÑO DEL DISTRITO DE OROPESA ;FRONTIS DE LA PANADERIA DE ASTETE Y CARIÑO;-13.600589;-71.765022;DESPEJADO;IMPRUDENCIA DEL PEATÓN;CRUCE INDEBIDO POR LA CALZADA;;NINGUNA
A-2024-07-61;07/07/2024;03:00;DESPISTE;EL VEHÍCULO EN SU DESPLAZAMIENTO SE DESPISTÓ HACIA SU DERECHA, INGRESO A UNA ZONA DE DESNIVEL Y VOLCO EN TONEL MEDIO ;1;4;CARRETERA CUSCO ESPINAR  SANTO OMAS. ALTURADEL DEL KILOMETRO 318 MAS 150 TRAMO COMPRENDIDO ENR VELILLE -SANTO THOMAS;A 5KILOMETROS DEL DISTRITO DE SANTO TOMAS ;-14.470243;-72.097836;DESPEJADO;IMPRUDENCIA DEL CONDUCTOR;OTRO (IMPRUDENCIA DEL CONDUCTOR);EXESO DE CONFIANZA DEL CONDUCTOR;NINGUNA
A-2024-07-62;07/07/2024;19:30;ATROPELLO;EL VEHICULO CIRCULABA POR LA CARRETERA Y EL MENOR DE SALEN DE SUDOMICILIO Y FUE IMPACTADO CON EL VEHICULO EN EL LATERAL MEDIO;1;0;CARRETERA DE PAMPAHUTA DE LA COMUNIDAD DECAJAPUCARA;FRENTE AL DOMIILIO DE SUS PROGENITORES;-13.894644;-72.039359;DESPEJADO;IMPRUDENCIA DEL PEATÓN;DESACATO DE SEÑAL DE TRÁNSITO;;NINGUNA
A-2024-07-63;05/07/2024;16:20;CHOQUE CON OBJETO FIJO;CHOQUE CON CONSECUENCIA FATAL Y DAÑOS MATERIALES;1;0;AV. LOS INCAS SAN JUAN AMRIA NIEVES B CERCADO;SALIDA AL OVALO JESUS;-16.41095235;-71.5135675096222;SOLEADO;NO IDENTIFICA LA CAUSA;;;NINGUNO
A-2024-07-64;12/07/2024;02:40;VOLCADURA;VOLCADURA DESPISTE DE COSNEUCENCIA FATAL Y DAÑOS AMTERIALES;1;0;KM. 942 500 CARRETERA PANAMERICA SUR;DISTRITO SANTA RITA D SIGUAS;-16.425045;-72.021894;DESPEJADO;NO IDENTIFICA LA CAUSA;;;NINGUNA
A-2024-07-65;13/07/2024;05:00;DESPISTE;CHOQUE, DESPISTE  Y VOLCADURA FATAL;1;0;AAHH SAN MIGUEL SECTOR DE TRNCOHUAYCO;;-15.612989;-71.970374;DESPEJADO;NO IDENTIFICA LA CAUSA;;;INVESTIGACION
A-2024-07-66;15/07/2024;04:00;CHOQUE;CHOQUE VOLCADURA Y APLAZTAMIENTO;1;0;KM. 27 500 VARIANTE DE UCHUMAYO;A 2KM. DEL PEAJE UCHUMAYO;-16.427268;-71.65209;DESPEJADO;NO IDENTIFICA LA CAUSA;;;INVESTIGACION
A-2024-07-67;17/07/2024;09:00;DESPISTE;DESPISTE, CHOQUE VOLCADURA;1;0;KM. 62 400;KM. 62 400 CARRETERA AQP PUNO;-16.243167;-71.670389;;;;;
A-2024-07-68;20/07/2024;01:20;DESPISTE;DESPISTE-VOLCADURA-SUBSECUENTE MUERTE;2;1;AAHH PRIMAVERAL INTERSECCION 677 CALLE ALFONSO UGARTE ;;-16.694413;-71.880678;;;;;
A-2024-07-69;22/07/2024;06:40;ATROPELLO;ATROPELLO, DESPISTE, CHOQUE;1;1;ALTURA DEL ALTERAL DE LA IRRIGACION LA CANA FRONTIS N. LT 5;FRONTIS DE LA MZ. Ñ, LT. 5;-16.527022;-71.917742;;;;;
A-2024-07-7;07/07/2024;15:40;ATROPELLO;FATAL;1;0;CARRETERA CAPACHICA-LLACHÓN;KM. 4 200;-15.63410905;-69.83268881343423;DESPEJADO;IMPRUDENCIA DEL PEATÓN;CRUCE INDEBIDO POR LA CALZADA;;
A-2024-07-70;25/07/2024;06:30;CHOQUE;CHOQUE, VOLCADURA;1;0;ALTURA DE LA CUENTA PAMPA DE YARAMAYO;FRENTE AL FUNDO VALENCIA;-16.413098;-71.911865;;;;;
A-2024-07-72;09/07/2024;13:40;DESPISTE;SEGUIDO DE VOLCADURA DE CAMPANA Y TONEL ;2;0;CARRETERA PANAMERICANA SUR KM 188 700;A 200 METROS DE LA ENTRADA DE LA BAJADA DEL SOCORRO;-13.43467031;-76.18163258;DESPEJADO;IMPRUDENCIA DEL CONDUCTOR;OTRO (IMPRUDENCIA DEL CONDUCTOR);CONDUCIR SU VEHICULO CON UNA ATENCION INCOMPLETA , BASADO EN EXESO DE CONFIANZA, Y CONDUCIR SU VEHIUCLO A UNA VELOCIDAD UNIFORMEMENTE VARIADA;NINGUNA
A-2024-07-73;30/07/2024;06:30;ATROPELLO;CON PROYECCION SEGUIDO DE APLASTAMIENTO;1;0;ANTIGUA CARRETERA PANAMERICANA SUR ;KM 199;-13.437039;-76.134847;DESPEJADO;NO IDENTIFICA LA CAUSA;;;NINGUNA
A-2024-07-75;27/07/2024;03:00;VOLCADURA;-;1;0;CARRETERA CANTA - HUAYLLAY KM. 93 240;-;-11.0343319;-76.38868989112866;NUBLADO;IMPRUDENCIA DEL CONDUCTOR;EXCESO DE VELOCIDAD;;
A-2024-07-76;13/07/2024;20:30;ATROPELLO;ATROPELLO;1;0;CARRETERA PANAMERICANA SUR  KM 183;PEAJE DE CHINCHA;-13.38591362;-76.20276895;DESPEJADO;NO IDENTIFICA LA CAUSA;;;NINGUNA
A-2024-07-77;20/07/2024;14:30;CHOQUE;CHOQUE FRONTAL;1;5;CARRETERA CHACHAPOYAS - CHURUJA KM 30 100;;-6.157213;-77.90571;DESPEJADO;EN PROCESO DE INVESTIGACIÓN;NO CUENTA CON CAUSA ESPECIFICA;;SE ENCUENTRA EN PROCESO DE INVESTIGACIÒN 
A-2024-07-79;02/07/2024;20:00;CHOQUE FUGA;-;1;1;CARRETERA PANAMERICANA SUR KM. 445.500;-;-14.871135;-74.988225;DESPEJADO;NO IDENTIFICA LA CAUSA;;;
A-2024-07-8;03/07/2024;12:35;DESPISTE;-;1;0;INTERSECCIÓN DE LOS JIRONES DAMIAN NAJAR Y JR. EMILIO ACOSTA;-;-6.035303;-76.978218;DESPEJADO;IMPRUDENCIA DEL CONDUCTOR;OTRO (IMPRUDENCIA DEL CONDUCTOR);;
A-2024-07-80;11/07/2024;20:10;ATROPELLO;-;1;1;CARRETERA PANAMERICANA SUR KM. 327;-;-14.2751579;-75.6835892;DESPEJADO;NO IDENTIFICA LA CAUSA;;;
A-2024-07-81;14/07/2024;12:30;CHOQUE;SEGUIDO DE VOLCADURA DE L-3;1;1;AVENIDA PAREDONES - NASCA ;-;-14.837546;-74.935796;DESPEJADO;IMPRUDENCIA DEL CONDUCTOR;EXCESO DE VELOCIDAD;;
A-2024-07-82;14/07/2024;21:10;ATROPELLO;-;1;0;CARRETERA PANAMERICANA SUR KM. 216;-;-13.679126;-76.163569;DESPEJADO;NO IDENTIFICA LA CAUSA;;;
A-2024-07-83;17/07/2024;18:00;DESPISTE;SEGUIDO DE VOLCADURA ;3;5;CARRETERA (TROCHA CARROZABLE A 2KM ANEXO A OTUTO;-;-13.837238;-75.307111;NUBLADO;INFRAESTRUCTURA Y ENTORNO VIAL;SUPERFICIE DETERIORADA;;
A-2024-07-84;19/07/2024;21:00;ATROPELLO;-;1;1;CARRETERA PANAMRICANA SUR KM. 327; ( REF. LA JOYA - FRENTE A LA POLLERIA MIGUEL ANGEL) ;-14.26393505;-75.68572114119382;DESPEJADO;NO IDENTIFICA LA CAUSA;;;
A-2024-07-85;03/07/2024;17:20;CAÍDA DE PASAJERO;;1;0;CARRETERA;;-13.64915786;-73.08241309;DESPEJADO;NO IDENTIFICA LA CAUSA;;;CAIDA DEL PASAJERO DEL OCUPANTE
A-2024-07-86;09/07/2024;18:40;CHOQUE FUGA;;1;0;VIA NACIONAL;;-13.54140725;-73.66316029;DESPEJADO;IMPRUDENCIA DEL CONDUCTOR;EXCESO DE VELOCIDAD;;NO SE IDENTIFICO AL CONDUCTOR DEL OTRO VEHICULO
A-2024-07-87;17/07/2024;06:29;DESPISTE;;1;0;TALAVERA;;-13.65252451;-73.41256592;DESPEJADO;IMPRUDENCIA DEL CONDUCTOR;CONDUCIR EN ESTADO DE EBRIEDAD Y/O DROGADICCIÓN;;
A-2024-07-88;08/07/2024;12:45;CHOQUE FUGA;CHOQUE, CAIDA, ATROPELLO Y FUGA;1;0;AV. CENTENARIO CON AVIACION ;ALTURA DEL KM. 04;-8.388407275;-74.5649867593487;DESPEJADO;IMPRUDENCIA DEL CONDUCTOR;OTRO (IMPRUDENCIA DEL CONDUCTOR);NO VALORAR LAS DISTANCIAS ENTRE VEHICULOS, TENIENDO EXCESO DE CONFIANZA Y NO ELIMINAR LOS RIESGOS EN SU ENTORNO;S/O
A-2024-07-89;25/07/2024;09:00;DESPISTE;CHOQUE Y VOLCADURA;1;4;CARRETERA INTEROCEANICA PUQUIO ABANCAY KM. 184;;-14.63538;-74.03487;DESPEJADO;IMPRUDENCIA DEL CONDUCTOR;FATIGA Y/O CANSANCIO;;SIN OBSERVACIONES
A-2024-07-9;10/07/2024;16:30;CHOQUE;DESPISTE PARCIAL;2;0;CARRETERA PANAMERICANA SUR PUNO-DESAGUADERO;KM. 1397;-16.000405;-69.765805;DESPEJADO;IMPRUDENCIA DEL CONDUCTOR;OTRO (IMPRUDENCIA DEL CONDUCTOR);DESPLAZAR SU VEHICULO CON EVIDENTE EXCESO DECONFIANZA;
A-2024-07-90;29/07/2024;04:40;DESPISTE;CHOQUE, VOLCADURA;3;31;VIA INTEROCEANICA PUQUIO ABANCAY;;-14.630769;-73.800007;DESPEJADO;IMPRUDENCIA DEL CONDUCTOR;EXCESO DE VELOCIDAD;;SIN OBSERVACIONES
A-2024-08-1;08/08/2024;20:00;ATROPELLO FUGA;SE INVESTIGA;1;0;CARRETERA PANAMERICANA NORTE;KM. 144.600;-11.15272;-77.59578;DESPEJADO;EN PROCESO DE INVESTIGACIÓN;NO CUENTA CON CAUSA ESPECIFICA;;EN INVESTIGACIÓN
A-2024-08-10;24/08/2024;19:05;CHOQUE;MAQUINARIA AMARILLA RETROESCABADORA SE DESPLAZABA POR LA VIA OCUPANDO EL CARRIL SUR  EN SENTIDO DE OESTE A ESTE EN CIRCUNSTANCIAS QUE EL CONDUCTOR DEL VEHICULO MENOIR MOTOCICLETA LINEAL DE PLACA DE RODAJE 1852HKSE DESPLAZABA DETRAS DE LA MAQUINAIRIAE IMPACTA POR ALCANCE    MATERIALIZANDOSE EL EVENTO;2;0;TRAMO CALCA URUBAMBA ALTURA DE LA HUANDAR KILOMETRO53REFERENCIA MUSEOINKARI PROVINCIA D CALCA ;MUSEO INKARI;-13.31614;-71.994334;DESPEJADO;IMPRUDENCIA DEL CONDUCTOR;FATIGA Y/O CANSANCIO;;NINGUNA
A-2024-08-11;25/08/2024;04:00;VOLCADURA;EL VEHICULO MOTOCICLETA SE DESPLAZABAPOR LA RED VIAL VECINAL 952 PILLCOGRANDE -LAMAY TRAMO COMPRENDIDO ENTRE CHALLABAMBA  MAJOPATA DEL SECTOR DENOMINADO PUMACCHUPAN DEL DISTRTITO DE CHALLABAMBA EN SENTIDO DE SUR A NORTE POR EL SENDERO ESTE CIRCUNSTACIAS QUE POR ENCONTRARSE AL PARECER EN ESTADO ;1;0;SECTOR DENOMINADO PUMSCCHUPAN ;SECTOR DENOMINADO MAJOPATA;-13.207115;-71.657509;DESPEJADO;IMPRUDENCIA DEL CONDUCTOR;CONDUCIR EN ESTADO DE EBRIEDAD Y/O DROGADICCIÓN;;NINGUNA
A-2024-08-12;04/08/2024;20:45;CHOQUE;-;1;0;CARRETERA DE PENETRACION A LA SIERRA LIBERTEÑA ALTURA DEL KM. 7.3;-;-8.096757504;-78.97117223938625;DESPEJADO;NO IDENTIFICA LA CAUSA;;;
A-2024-08-13;06/08/2024;14:20;ATROPELLO;-;1;0;CARRETERA DE ANEXO AL CASERIO PARAGADAY S/N;-;-8.024766561;-78.5709553777483;DESPEJADO;NO IDENTIFICA LA CAUSA;;;
A-2024-08-14;08/08/2024;14:30;DESPISTE;-;2;3;CARRETERA DE ANEXO AL CASERIO CHIVANE S/N;-;-7.057701933;-77.76632945079835;DESPEJADO;NO IDENTIFICA LA CAUSA;;;
A-2024-08-15;12/08/2024;13:30;DESPISTE;-;1;0;CARRETERA DE ANEXO AL CASERIO YALEN - PUEBLO NUEVO S/N;-;-7.838122708;-77.63366739129697;DESPEJADO;NO IDENTIFICA LA CAUSA;;;AL NO HABERSE PODIDO REALIZAR UN ESTUDIO DEL ELEMENTO HOMBRE Y VEHICULO, NO SE PUEDE ESTABLECER CUAL FUE SU ACCIONAR DE LA CONDUCTORA Y EN QUE ESTADO SE ENCONTRABAN LOS SISTEMAS DE FUNCIONAMIENTO DEL VEHICULO, ES DECIR, NO SE PUEDE ESTABLECER ¿POR QUÉ? SE PRODUCJO EL ACCIDENTE, POR ENDE, NO SE PUEDE ESTABLECER LAS CAUSAS O FACTORES.
A-2024-08-16;26/08/2024;17:05;CHOQUE;VOLCADURA;1;0;CARRETERA PANAMERICANA SUR PUNO-DESAGUADERO;KM. 4;-15.8647496;-69.9950785;DESPEJADO;IMPRUDENCIA DEL CONDUCTOR;GIRAR IMPRUDENTEMENTE;;
A-2024-08-17;14/08/2024;07:40;ATROPELLO;-;1;0;CARRETERA PANAMERICANA NORTE ALTURA DEL KM. 717;-;-7.160244165;-79.4413993315;DESPEJADO;IMPRUDENCIA DEL CONDUCTOR;OTRO (IMPRUDENCIA DEL CONDUCTOR);CONDUCIR EN REVERSA;
A-2024-08-18;14/08/2024;17:00;ATROPELLO;-;1;0;CALLE NRO 03 PARQUE INDUSTRIAL;-;-8.053800306;-79.05432895314024;DESPEJADO;NO IDENTIFICA LA CAUSA;;;
A-2024-08-19;15/08/2024;09:30;ATROPELLO;-;1;0;CARRETERA DE ACCESO A CARTAVIO S/N;HUACA CUCURRIPE;-7.873912978;-79.19138962095147;DESPEJADO;NO IDENTIFICA LA CAUSA;;;
A-2024-08-2;02/08/2024;20:12;CHOQUE FUGA;FUGA;1;1;AV. VICTOR ANDRES BELAUNDE.  CARRETERA YUNGUYO-KASANI;SECTOR DENOMINADO PULPERA;-16.23372122;-69.0937148545162;;;;;
A-2024-08-20;16/08/2024;16:30;ATROPELLO;-;1;0;CARRETERA PANAMERICANA NORTE ALTURA DEL KM. 717;-;-7.156505874;-79.4436700867;DESPEJADO;NO IDENTIFICA LA CAUSA;;;
A-2024-08-21;21/08/2024;00:10;DESPISTE;-;4;1;CARRETERA DE ACCESO A HUALANGA S/N;-;-7.752070015;-77.65984828644626;DESPEJADO;IMPRUDENCIA DEL CONDUCTOR;OTRO (IMPRUDENCIA DEL CONDUCTOR);CONDUCIR SIN EL DEBIDO CUIDADO Y PREVENCION AL APROXIMARSE AL CRUCE CON OTRO VEHICULO ;
A-2024-08-22;24/08/2024;05:40;ATROPELLO FUGA;-;1;0;OVALO LA MARINA;-;-8.130268564;-79.0212906229;DESPEJADO;NO IDENTIFICA LA CAUSA;;;
A-2024-08-23;24/08/2024;07:00;DESPISTE;-;1;1;CARRETERA PANAMERICANA NORTE ALTURA DEL KM. 453;-;-8.964382547;-78.62391465642102;DESPEJADO;NO IDENTIFICA LA CAUSA;;;
A-2024-08-24;25/08/2024;06:30;DESPISTE;-;1;1;CARRETERA PANAMERICANA NORTE ALTURA DEL KM. 453.5;OVALO CAMPO NUEVO;-8.930309064;-78.63589353511576;DESPEJADO;NO IDENTIFICA LA CAUSA;;;
A-2024-08-25;26/08/2024;12:40;ATROPELLO;-;1;0;AVENIDA JOSE GABRIEL CONDORCANQUI CDRA. 24;-;-8.065363295;-79.05132465644495;DESPEJADO;NO IDENTIFICA LA CAUSA;;;
A-2024-08-26;27/08/2024;23:20;DESPISTE;VOLCADURA;1;0;CARRETERA HACIA LA ZONA LAGO ;COMUNIDAD CALACOTA-ILAVE;-16.05007598;-69.61016350724347;;;;;
A-2024-08-27;30/08/2024;01:40;CHOQUE;-;1;0;CARRETERA PANAMERICANA NORTE ALTURA DEL KM. 594;-;-7.943393113;-79.0955501380578;;;;;
A-2024-08-28;30/08/2024;23:30;DESPISTE;-;1;0;INTERSECCION DEL JR. CESAR VALLEJO CON JR. BOLIVAR;-;-8.274456625;-77.297001298;DESPEJADO;NO IDENTIFICA LA CAUSA;;;
A-2024-08-29;10/08/2024;20:40;CHOQUE;VOLCADURA ;1;1;CARRETERA DE PENETRACION DE ZARUMILLA A MATAPALO KM. 06;ALTURA DEL INGRESO A LA ZONA DE ACOPIO RESIDUOS INSERVIBLES. ;-3.518699402;-80.25865660649015;DESPEJADO;IMPRUDENCIA DEL CONDUCTOR;OTRO (IMPRUDENCIA DEL CONDUCTOR);FALTA DE CUIDADO Y PREVENCION ;
A-2024-08-3;10/08/2024;20:00;CHOQUE FUGA;FUGA DE CONDUCTOR;1;0;COMUNIDAD PERCATUYO-ILAVE;;-16.056607;-69.618408;DESPEJADO;IMPRUDENCIA DEL CONDUCTOR;INVASIÓN DE CARRIL;;
A-2024-08-30;26/08/2024;00:30;VOLCADURA;DESPISTE ;1;0;CARRETERA PANAMERICANA NORTE KM 177.650;ALTURA DEL PEAJE - CANCAS;-3.932347185;-80.91671522811039;DESPEJADO;IMPRUDENCIA DEL CONDUCTOR;CONDUCIR EN ESTADO DE EBRIEDAD Y/O DROGADICCIÓN;;
A-2024-08-31;29/08/2024;11:20;CHOQUE;FATAL;1;1;CARRETERA PUNO-DESAGUADERO;KM.1461 900;-16.2606361;-69.296216;;;;;
A-2024-08-32;25/08/2024;06:45;DESPISTE;-;1;0;CARRETERA  COMUNIDAD NATIVA KM 1.50  500;A 200 MTS DEL ESTADIO ;-5.791161;-77.389944;DESPEJADO;IMPRUDENCIA DEL CONDUCTOR;CONDUCIR EN ESTADO DE EBRIEDAD Y/O DROGADICCIÓN;;
A-2024-08-33;30/08/2024;02:40;VOLCADURA;-;1;0;CARRETERA FERNANDO BELAUNDE TERRY KM 491 250;SECTOR INDAÑE;-6.047733;-76.991195;DESPEJADO;IMPRUDENCIA DEL CONDUCTOR;OTRO (IMPRUDENCIA DEL CONDUCTOR);;
A-2024-08-34;14/08/2024;07:30;DESPISTE;VOLCADURA;1;1;CARRETERA CHONTA - HUACHOCOLPA;KM 10;-13.07319124;-75.00266963633182;SOLEADO;EN PROCESO DE INVESTIGACIÓN;NO CUENTA CON CAUSA ESPECIFICA;;
A-2024-08-35;16/08/2024;11:00;DESPISTE;VOLCADURA;1;2;CARRETERA HVCA - LIRCAY;KM 11 CARRETERA PAMPACHACRA;-12.8091535;-74.92519732044848;SOLEADO;EN PROCESO DE INVESTIGACIÓN;NO CUENTA CON CAUSA ESPECIFICA;;
A-2024-08-36;25/08/2024;13:00;ATROPELLO;;1;1;AV. HUANCAVELICA;C. P. CHACAPUNCO;-12.87778949;-74.68661456652778;SOLEADO;EN PROCESO DE INVESTIGACIÓN;NO CUENTA CON CAUSA ESPECIFICA;;
A-2024-08-37;07/08/2024;13:37;CHOQUE;LA CAMIONETA MULTIPROPÓSITO SE DESPLAZA POR LA VIA  TRANSOCEANICA EN EL SENTIDO DE NORTE A SUR  EN SENTIDO CONTRARIO A LA UT1;1;1;EN LA RED VIAL NACIONAL TRANSVERSAL URCOS PUENTE IÑAPARI KM188 ALTURA PUENTE LA OROYA DEL DISTRITO DE CAMANTY QUINCEMIL;PUENTE ORAYADEL DISTRITO DE CAMANTY ;-13.257911;-70.779925;DESPEJADO;IMPRUDENCIA DEL CONDUCTOR;ADELANTAR INDEBIDAMENTE;;NINGUNO
A-2024-08-38;04/08/2024;04:45;CHOQUE;LA CAMIONETA X5D-866 SE DESPLAZABA POR SU CARRIL SUR  EN SENTIDO OESTE A ESTE DE  PRONTO EL AUTOMOVIL  X1R-113 INVADIENDO EL CARRIL CONTRARIO LLEGÓ A IMPACTAR CON LA PARTE ANTERIOR TERCIO IZQUIERDO EN SU TERCIO IZQUIERDO;1;6;ITERSECCION CON LA AV.PRIMAVERA DEL DISTRITO DE OROPEZA KILOMETRO 995;TRAMO DE LA CARRETERA CUSO URCOS INTERSECCIONON LA AVENIDA PRIMAVERA DE OROPZA;-13.600333;-71.765632;DESPEJADO;IMPERICIA DEL CONDUCTOR;;;NINGUNA
A-2024-08-39;04/08/2024;16:30;CHOQUE;CONDUCTOR BAJO LOS EFECTOS DEL ALCOHOL INGRESA RAUDAMENTE HACIA LA CURVA, INSTANTES EN OBSERVA AL OMNIBUS E INGRESA AL CARRIL CONTRARIO LUGAR DONDE SE PRODIUCE EL CHOQUE;1;0;VIA REGIONAL CUSCO  SICUANI KM. 1074  300 DISTRITO DE COMBAPATA;SECTOR PASTO GRANDE;-14.0814205;-71.4375824;DESPEJADO;IMPRUDENCIA DEL CONDUCTOR;CONDUCIR EN ESTADO DE EBRIEDAD Y/O DROGADICCIÓN;;NINGUNA
A-2024-08-4;04/08/2024;17:00;DESPISTE;-;1;0;CARRETERA FERNANDO BELAUNDE TERRY KM 531 800;-;-6.264242;-76.778603;DESPEJADO;EN PROCESO DE INVESTIGACIÓN;NO CUENTA CON CAUSA ESPECIFICA;;
A-2024-08-40;29/08/2024;08:30;ATROPELLO;LACAMIONETA SUV SE DESOPLASABA OCUPANDO SU CARRIL  ESTE DE SENTIDO DE SUR A NORTE EN CIRCUNSTANCIAS QUE EL CONDUCTOR DE LA CAMIONETA POR LA PARTE POSTERIOR DE UN MINIBUS APARECIO INTESPECTIVAMENTELLEGANDO A IMPACTAR CON EL VERTICE ANTERIO9RTERCIO DERECHO DE LA PEATON ;1;0;TRAMO COMPRENDIDO ENTRE URCOS CCATCCA A LA ALTURA DEL ABRA CUYUNI KILOMETRO 16 MAS 700;ABRA CUYUNI;-13.63546057;-71.58926376093788;DESPEJADO;IMPRUDENCIA DEL CONDUCTOR;CONDUCIR EN ESTADO DE EBRIEDAD Y/O DROGADICCIÓN;;NINGUNA
A-2024-08-41;04/08/2024;06:00;DESPISTE;EL VEHICULO COMBIDE PLACA DE RODAJE  X4S015 SE DESPLASABA POR ELM SENDERO OESTE EN SENTIDO DE NORTE A SUR MOMENTOS QUE QUE AL HACER SU INGRESO A LA CURVA ABIERTA PIERDE AL COMTROL DE SU VEHICULO  E INMEDIATAMENTE SE DESPISTA MATERIALIZANDOSE EL EVENTO ;1;1;CARRETERA DE LLUSCO  SANTO TOMAS  SECTOR ANCHACA  ENTRE LAS PROGRESIVA  DE LA PROVINCIA DE SANTO TOMAS ;PROGRESIVA PI72 Y PI73;-14.350607;-72.110358;DESPEJADO;IMPRUDENCIA DEL CONDUCTOR;EXCESO DE VELOCIDAD;;NINGUNA
A-2024-08-42;05/08/2024;22:30;CHOQUE;EL VEHICULO CAMIÓN CIRCULABA DE JULIACA HACIA EL CUSCO, EL AUTMOVIL, EN SENTIDO CONTRARIO, EN UN TRAMO PREVIO AL ACCIDENTE EL AUTOMÓVIL ADELATNABA A OTRA UNIDAD VEHICULARE POR LO QUE DESPALZO SU UNIDAD POR EL CARRIL CONTRARIO AL DE SU CIRCULACIÓN, INTERPONIENDOSE DE ESTA MANERA EN EL EJE DE MARCHA D;2;3;CARRETERA TRAMO SICUANI MARANGANI ALTURA DEL KILOMETRO 1130 ALTUA DE LA COMUNIDAD DE LLALLAPAMPA;KILOMETRO1130;-14.408685;-71.123475;DESPEJADO;IMPRUDENCIA DEL CONDUCTOR;INVASIÓN DE CARRIL;;NINGUNA
A-2024-08-43;17/08/2024;19:46;CHOQUE;LA UNIDAD VEHICULO MENOR MOTOCICLETA SE DESPLAZABA HACIA EL CUSCO Y EL VEHÍCULO QUE IBA EN EL MISMO SENTIDO CHOCÁNDOLE POR ALCANSE AL VEHICULO MENOR   PARA LUEGO DE NOS METROS EN CONDUCTOR ABANDO SU UNIDAD ;1;0;PANIFICADORA VALENCIA ALTURA DE 994  300;;-13.598651;-71.771172;DESPEJADO;IMPRUDENCIA DEL CONDUCTOR;EXCESO DE VELOCIDAD;;NINGUNO
A-2024-08-44;30/08/2024;08:30;DESPISTE;EL VEHICULO CAMION DE PLACA DE RODAJE W3H 922 SE DESPLAZABA EN SENTIDO DE NORTE A SUR POR LA VIA CARROZABLE DE CONFIGURACION ASCENDENTE DE LA COMUNIDAD DE YANAMAYO, VIA QUE DA ACCESO A LA COMUNIDAD DE SACSAYHUAMAN  MOMENTOS QUE AL DETENER SU MARCHA Y  AL TRATAR DE RETOMAR SU MARCHA PIERDE EL CONTROL;1;0;KM 0  500 VIA QUE DA ACCESO A LA COMUNIDAD DE SACSAYHUAMAN;EL VEHICULO SE UBICA EN MEDIO DE LA CALZADA SOBRE SUS NEUMATICOS  CON SENTIDO DE LA CABINA HACIA EL OESTE;-13.6467;-71.507133;;;;;
A-2024-08-45;30/08/2024;21:30;DESPISTE;EL VEHICULO DE SE DESPLASABA POR UNA VIA ASCENDENTE  EN SENTIDO DE SUR A NORTE  ESTACIONANDO SU UNIDAD  EN EL SECROR DE AYLLUPATA DONDE TENIAN QUE BAJAR UN PASAJERO CIRCUNSTANCIAS QUE HABRIA LA PUERTA POSTERIOR Y EL VEHICULO INICIO SU MARCHA HACIA ATRAS  PARA LUEGO DESPISTARSE  A LA ZONA DE ABISMO ;3;10;TROCHA CARROSABLE DE LIMATAMBO COMUNIDAD TOMANCAYA SECTOR AYLLUPATA  DISTRITO DE LIMATAMBO ;SECOR DE AYLLUPATA ;-13.455618;-72.468051;DESPEJADO;NEGLIGENCIA DEL CONDUCTOR;CONDUCIR CON FALLAS DE FRENOS;;NINGUNA