COD_ACCIDE;FechaDelAccidente;HoraDelAccidente;ClaseDelAccidente;SecuenciaAccidente;CantidadDeFallecidos;CantidadDeLesionados;Direccion;LugarReferencia;y;x;CondClimatica;CausaFactorPrincipal;CausaEspecifica;OtraCausa;Observaciones
A-2024-08-46;08/08/2024;06:30;VOLCADURA;CHOQUE ;1;5;CARRETERA PALMAPAMPA;CHOTAMBAMBA;-12.77026652;-73.6615258008047;DESPEJADO;IMPRUDENCIA DEL CONDUCTOR;OTRO (IMPRUDENCIA DEL CONDUCTOR);FALTA DE MEDIDAS DE SEGURIDAD;SIN OBSERVACIONES
A-2024-08-47;04/08/2024;04:46;CHOQUE;LA CAMIONETA X5D 866 SE DESPLASABA POR EL CARRIL SUR EN SENTIDO OESTE A ESTE  DE PRONTO EL AUTOMÓVIL  X1R 113 INVADIENDO EL CARRIL CONTRARIO LLEGO A IMPACTAR CON LA PARTE ANTERIOR TERCIO IZQUIERDO ;1;6;RED VIAL NACIONAL LONGITUDINAL LA OROYA PUENTE DESAGUADERO ALTUA DEL KILOMETRO 995 INTERSECCION CON LA AV PRIMAVERADEL DISTRITO DE OROPESA PROVINCIA DE QUISPICANCHIS  CUSCO;KILOMETRO 995;-13.600333;-71.765632;;;;;
A-2024-08-48;31/08/2024;15:30;CHOQUE;DESPISTE;1;2;CARRETERA INTEROCEANICA;NAZCA PUQUIO;-14.650289;-74.187799;DESPEJADO;IMPRUDENCIA DEL CONDUCTOR;INVASIÓN DE CARRIL;;SIN OBSERVACIONES
A-2024-08-49;24/08/2024;10:30;DESPISTE;VOLCADURA;4;9;CARRETERA VIA PLAPA HUANCA SANCOS;;-14.09556172;-74.5978118458195;DESPEJADO;IMPRUDENCIA DEL CONDUCTOR;EXCESO DE VELOCIDAD;;SIN OBSERVACIONES
A-2024-08-5;08/08/2024;15:45;DESPISTE;-;1;0;CARRETERA QUE CONDUCE A LA PUNTA DE DOÑE MOYOBAMBA;A 75 MTS DE LA CARRETERA FERNANDO BELAUNDE TERRY;-6.043009;-76.961652;SOLEADO;IMPRUDENCIA DEL CONDUCTOR;OTRO (IMPRUDENCIA DEL CONDUCTOR);ESTADO DE EBRIEDAD;
A-2024-08-50;01/08/2024;08:30;CHOQUE;EL AUTOMOVIL DE PLACA DE RODAJE AOQ 111 SE DESPLASABA POR LA VIA OCUPANDO EL CARRIL OESTE  EN SENTIDO DE NORTE A SUR  EN CIRCUNSTANCIAS QUE EL CONDUCTOR DEL VEHICULO DE LA CAMIONETA DE PLACA DE RODAJE X4N 519 SE DESPLAZABA EN SENTIDO CONTRARIO POR EL CARRIL ESTE  MOMENTOS QUE INVADE EL CARRIL CONTR ;1;4;RED VIAL NACIONAL CUYSCO ABANCAY SECTOR DE AYAVIRI  KILOMETRO 908 DISTRITO DE LIMATAMBO  PROVINCIA DE ANTA CUSCO ;KILOMETRO 908;-13.455667;-72.397139;DESPEJADO;IMPRUDENCIA DEL CONDUCTOR;INVASIÓN DE CARRIL;;NINGUNA
A-2024-08-51;01/08/2024;01:30;CHOQUE;CHOQUE CONSECUENCIA FATAL, LESIONES Y DAÑOS MATERIALES;1;2;CARRETERA AREQUIPA-PUNO KM 159 535;CARRETERA AREQUIPA PUNO KM 159 535;-15.86526;-71.130362;DESPEJADO;NO IDENTIFICA LA CAUSA;;;EN INVESTIGACION
A-2024-08-52;30/08/2024;08:00;CHOQUE;EL VEHICULO SUV ,ABANDONA EL CARRIL ASIGNADO A SU DESPLAZAMIENTO E INVADE EL CARRIL CONTRARIO INTERPONIENDOSE DE ESTA MANERA EN EL EJE DE MARCHA DEL CAMION PRODUCIENDOSE EL CHOQUE FRONTAL ENTRE AMBAS UNIDADES ;1;1;RED VIAL NACIONAL LONGITUDINAL DE LA SIERRA SUR ALTURA DEL KILOMETRO  970;FRONTIS DEL LOCAL DE LA MUNICIPALIDAD DE POROY;-13.495498;-72.042298;DESPEJADO;IMPRUDENCIA DEL CONDUCTOR;INVASIÓN DE CARRIL;;NINGUNA
A-2024-08-53;03/08/2024;15:30;CHOQUE;CHOQUE CONSECUENCIA FATLA, LESIONES Y DAÑOS MATERIALES;1;0;KM 999 CARRETERA PANAMERICANA SUR SAN CAMILO;AH SAN ANA DE LOS ANGELES MONTEAGUDO SAN CAMILO LA JOYA;-16.720955;-71.870042;DESPEJADO;NO IDENTIFICA LA CAUSA;;;EN INVESTIGACION
A-2024-08-54;03/08/2024;15:15;CHOQUE;CHOQUE CON CONSECUECNIA FATAL;1;0;VIA AUXILIAR DE  SALIDA DE LA VARIANTE DE UCHUMAYO ALTURA DE OVALO P. CAMARONES;;-16.4063;-71.563236;DESPEJADO;NO IDENTIFICA LA CAUSA;;;EN INVESTIGAICON
A-2024-08-55;04/08/2024;02:20;ATROPELLO FUGA;CON CONSECEUNCIA FATAL;1;0;CARRETERA PANAMERICANA SUR KM 968 500;CARRETERA PANAMERICANA SUR;-16.50230665;-71.8270550699086;DESPEJADO;NO IDENTIFICA LA CAUSA;;;EN INVESTIGACION
A-2024-08-56;05/08/2024;15:00;DESPISTE;DESPISTE , VOLCADURA;1;0;ASOCIACION LOS JAZMINES 2C;ASOCIACION LOS JAZMINES 2C;-16.291301;-71.518947;DESPEJADO;NO IDENTIFICA LA CAUSA;;;EN INVESTIGACION
A-2024-08-57;06/08/2024;19:00;ATROPELLO FUGA;;1;0;CARRETERA PANAMERICANA SUR KM 970 400;;-16.510254;-71.813171;DESPEJADO;NO IDENTIFICA LA CAUSA;;;EMN IVNESTIGAICON
A-2024-08-58;08/08/2024;21:30;ATROPELLO FUGA;;1;0;ALTURA AL KM 131 DE LA CARRETERA SUR;PUENTE TAMBO;-17.145438;-71.797702;DESPEJADO;NO IDENTIFICA LA CAUSA;;;EN INVESTIGACION
A-2024-08-59;12/08/2024;10:55;CHOQUE;KM 2.5 DE LA VIA EVITAMIENTO ;1;0;KM 2.5 DE LA VIA EVITAMEINTO ;FRENTE A LA EMPRESA TECNO FAST;-16.384865;-71.579321;DESPEJADO;NO IDENTIFICA LA CAUSA;;;EN INVESTIGAICON
A-2024-08-6;17/08/2024;07:12;DESPISTE;VOLCADURA;1;1;CARRETERA INTEROCEANICA PUNO-MOQUEGUA;KM. 48 500;-16.21586866;-70.12166074363618;DESPEJADO;IMPRUDENCIA DEL CONDUCTOR;OTRO (IMPRUDENCIA DEL CONDUCTOR);EXCESO DE CONFIANZA SIN VALORAR LOS RIESGOS PRESENTE;
A-2024-08-60;12/08/2024;11:30;ATROPELLO;ATROPELLO - CONSECUENTE MUERTE;1;0;AV. JORGE CHAVEZ CUADRA N. 04 CERCADO;;-16.40530556;-71.532888;DESPEJADO;NO IDENTIFICA LA CAUSA;;;EN INVESTIGAICON
A-2024-08-61;17/08/2024;23:30;CHOQUE;;1;0;ALTURA DEL KM 03 DE LA VIA DE PENETRACION SAN CAMILO;;-16.688667;-71.893296;DESPEJADO;NO IDENTIFICA LA CAUSA;;;EN IVNESTIGAICON
A-2024-08-62;28/08/2024;18:45;ATROPELLO;ATROPELLO CON SUB SECUENTE MUERTE Y DAÑOS MATERIALES;1;0;PRIMERA CUADRA DE LA AV. NICOLAS DE PIEROLA;;-16.392358;-71.564029;DESPEJADO;NO IDENTIFICA LA CAUSA;;;EN INVESTGIACION
A-2024-08-63;30/08/2024;22:20;ATROPELLO FUGA;ATROPELLO Y FUGA;1;0;CARRETERA PANAMERICANA SUR KM 202-2024;NINGUNA;-13.554542;-76.180823;DESPEJADO;NO IDENTIFICA LA CAUSA;;;NINGUNA
A-2024-08-64;23/08/2024;11:00;DESPISTE;-;1;0;CARRETERA CANTA - HUAYLLAY KM. 95 200;CURVA DEL DIABLO;-11.12738704;-76.6261556618409;DESPEJADO;IMPRUDENCIA DEL CONDUCTOR;EXCESO DE VELOCIDAD;;
A-2024-08-65;30/08/2024;04:30;CHOQUE;-;1;0;CARRETERA CENTRAL HUANUCO - OROYA KM. 111 600;-;-10.77901022;-76.2474024794855;NUBLADO;IMPRUDENCIA DEL CONDUCTOR;EXCESO DE VELOCIDAD;;
A-2024-08-66;31/08/2024;09:00;ATROPELLO FUGA;;1;0;AV. 200 MILLAS Y CALLE 8 PACHACUTEC ;;-11.87763926;-77.12690970841041;;;;;
A-2024-08-67;08/08/2024;09:00;ATROPELLO FUGA;;1;0;AV 200 MILLAS Y CALLE 8 ;MZ J4 LOTE 03 SECTOR D GRUPO RESIDENCIAL D3;-11.83610904;-77.1463166890908;DESPEJADO;NO IDENTIFICA LA CAUSA;;;NINGUNA
A-2024-08-68;31/08/2024;17:30;VOLCADURA;DESPISTE, VOLCADURA Y CAIDA DE CONDUCTOR Y PASAJEROS;8;15;TROCHA CARROZABLE EL BOLCHAN A PUEBLO NUEVO KM 1   200;;-6.322234;-78.13609;DESPEJADO;EN PROCESO DE INVESTIGACIÓN;NO CUENTA CON CAUSA ESPECIFICA;;SE ENCUENTRA EN PROCESO DE INVESTIGACIÒN 
A-2024-08-69;12/08/2024;06:05;DESPISTE;EL VEHÍCULO PARTICIPANTE CATG. M3-C3, OMNIBUS DE PLACA DE RODAJE T7M-954, SE DESPLAZABA EN SENTIDO NORTE A SUR, POR EL CARRIL IZQUIERDO DE LA CARRETERA PANAMERICANA NORTE, AL LLEGAR A LA ZONA DEL ACCIDENTE, SE DESPISTA, OCURRIENDO EL EVENTO DE TRÁNSITO.;1;2;CARRETERA PANAMERICANA NORTE KM. 107.979;BAJADA TÍA MARÍA;-11.39602;-77.39377;;;;;
A-2024-08-7;18/08/2024;03:11;CHOQUE;FRONTAL;1;0;CARRETERA HUATA-COATA;KM.15 600;-15.5919754;-69.9623711;DESPEJADO;IMPRUDENCIA DEL CONDUCTOR;INVASIÓN DE CARRIL;;
A-2024-08-70;03/08/2024;05:57;CHOQUE;-;1;0;CARRETERA PANAMERICANA SUR KM. 299;"(REF. FRENTE AL GRIFO ""SACRAMENTO""";-14.041881;-75.752039;DESPEJADO;IMPRUDENCIA DEL CONDUCTOR;GIRAR IMPRUDENTEMENTE;;
A-2024-08-71;10/08/2024;22:15;CHOQUE;FUGA DEL VEH. QUE IMPACTO ;2;0;CARRETERA PANAMERICANA SUR KM.275;(REF. FRONTIS DEL FUNDO AGROLATINA);-13.94336913;-75.80924521565778;DESPEJADO;EN PROCESO DE INVESTIGACIÓN;NO CUENTA CON CAUSA ESPECIFICA;;
A-2024-08-72;11/08/2024;00:15;CHOQUE;;1;0;CARRETERA PANAMERICANA SUR KM. 327;-;-14.26281619;-75.68604060728288;DESPEJADO;EN PROCESO DE INVESTIGACIÓN;NO CUENTA CON CAUSA ESPECIFICA;;
A-2024-08-73;11/08/2024;14:30;DESPISTE;-;1;2;CARRETERA PANAMERICANA SUR KM. 339;-;-14.37136723;-75.62453217716346;SOLEADO;IMPRUDENCIA DEL CONDUCTOR;CONDUCIR EN ESTADO DE EBRIEDAD Y/O DROGADICCIÓN;;
A-2024-08-74;12/08/2024;16:40;CHOQUE;POR EMBISTE;1;0;INTERSECCION DE LA AV. FERNANDO LEON DE VIVERO Y JIRON LOS FARDOS ;-;-14.06031052;-75.74196470421307;DESPEJADO;EN PROCESO DE INVESTIGACIÓN;NO CUENTA CON CAUSA ESPECIFICA;;
A-2024-08-75;17/08/2024;04:40;CHOQUE;-;1;0;CARRETERA PANAMERICANA SUR KM 290 950;-;-13.97874428;-75.77507923939106;DESPEJADO;IMPRUDENCIA DEL CONDUCTOR;INVASIÓN DE CARRIL;;
A-2024-08-76;17/08/2024;05:40;CHOQUE;POR ALCANCE ;1;1;AV. LOS PAREDONES N°931;-;-14.837475;-74.935806;DESPEJADO;IMPRUDENCIA DEL CONDUCTOR;CONDUCIR EN ESTADO DE EBRIEDAD Y/O DROGADICCIÓN;;
A-2024-08-77;18/08/2024;23:30;CHOQUE;POR EMBISTE ;1;0;CARRETERA PANAMERICANA SUR KM. 326; (REF. LA VENTA ALTA);-14.25427345;-75.6885458402974;DESPEJADO;EN PROCESO DE INVESTIGACIÓN;NO CUENTA CON CAUSA ESPECIFICA;;
A-2024-08-78;20/08/2024;18:20;ATROPELLO;-;1;1;CARRETERA PANAMERICANA SUR KM 307 500;-;-14.10991794;-75.71794281213091;DESPEJADO;EN PROCESO DE INVESTIGACIÓN;NO CUENTA CON CAUSA ESPECIFICA;;
A-2024-08-79;20/08/2024;21:15;CHOQUE;LATERAL;1;0;CARRETERA VIA LOS LIBERTADORES KM. 01;-;-13.68241012;-76.15935316382115;DESPEJADO;EN PROCESO DE INVESTIGACIÓN;NO CUENTA CON CAUSA ESPECIFICA;;
A-2024-08-8;01/08/2024;11:00;DESPISTE;-;2;2;CARRETERA DE ACCESO A CHAGUAL SECTOR CALICHE S/N;-;-7.83814928;-77.63366441256059;DESPEJADO;NO IDENTIFICA LA CAUSA;;;
A-2024-08-80;24/08/2024;02:00;ATROPELLO;-;2;1;CARRETERA PANAMERICANA SUR KM. 251 800;-;-13.90997838;-76.01671946686261;DESPEJADO;EN PROCESO DE INVESTIGACIÓN;NO CUENTA CON CAUSA ESPECIFICA;;
A-2024-08-81;31/08/2024;10:45;CHOQUE;-;1;0;CARRETERA PANAMERICANA SUR KM. 452;-;-14.84979439;-74.95357424520986;DESPEJADO;NO IDENTIFICA LA CAUSA;;;
A-2024-08-82;31/08/2024;08:00;DESPISTE;-;1;3;TROCHA CARROZABLE A HUACHUAS;-;-14.261638;-74.9639604;DESPEJADO;NO IDENTIFICA LA CAUSA;;;
A-2024-08-83;31/08/2024;20:40;VOLCADURA;-;1;0;CAMINO CARROZABLE A ACONGALLA ;-;-14.843273;-74.989896;DESPEJADO;NO IDENTIFICA LA CAUSA;;;
A-2024-08-84;01/08/2024;18:20;CHOQUE FUGA;;1;0;POCHCCOTA;;-13.6600146;-73.37344909;DESPEJADO;IMPRUDENCIA DEL CONDUCTOR;ADELANTAR INDEBIDAMENTE;;
A-2024-08-85;06/08/2024;19:15;ATROPELLO FUGA;;1;0;SANTA MARIA DE CHICMO;;-13.64984438;-73.51858763;SOLEADO;NO IDENTIFICA LA CAUSA;;;CONDUCTOR FUGADO
A-2024-08-86;17/08/2024;09:00;ESPECIAL;MUERTE ;1;0;KISHUARA;;-13.68717884;-73.11213186;SOLEADO;IMPRUDENCIA DEL PEATÓN;OTRO (IMPRUDENCIA DEL PEATÓN);;
A-2024-08-87;29/08/2024;19:45;VOLCADURA;;1;0;TONLINCO;;-13.65052687;-73.40847782303277;LLUVIOSO;IMPRUDENCIA DEL CONDUCTOR;CONDUCIR EN ESTADO DE EBRIEDAD Y/O DROGADICCIÓN;;
A-2024-08-89;31/08/2024;04:30;DESPISTE;VEHICULO QUE TRANSITABA POR LA VIA CCARROSABLE LLEGANDO A UNA CURVA SINUOSA PARA LUEGO DESPISTARSE ;1;1;VIA PUENTE CHAULLAY DV. LUCMA;CARRETERA  VILCABANBA CAHAULLAY ;-13.04848962;-72.89597678523941;DESPEJADO;IMPRUDENCIA DEL CONDUCTOR;EXCESO DE VELOCIDAD;;NINGUNO
A-2024-08-9;15/08/2024;17:20;ATROPELLO;EL PEATON TRANSITABA UTILIZANDO EL CELULAR POR LA CALZADA   EN TALES CIRCUNSTANCIAS EL VEHICULO  QUE CIRCULBAN EN SENTIDO DE ESTE A OESTE IMPACTA CON EL VERTICE ANTERIOR DERECHO.;1;0;VIA EXPRESA SUR. DEL DISTRITO  SAN JERONIMO;ALTURA DEL PENAL DE QENCORO;-13.54699;-71.894801;DESPEJADO;IMPRUDENCIA DEL PEATÓN;CRUCE INDEBIDO POR LA CALZADA;;NINGUNA
A-2024-08-90;17/08/2024;00:00;DESPISTE;CHOQUE Y VOLCADURA;1;2;JR. HUASCAR S/N;;-14.01994969;-73.8431522955054;DESPEJADO;IMPRUDENCIA DEL CONDUCTOR;CONDUCIR EN ESTADO DE EBRIEDAD Y/O DROGADICCIÓN;;SIN OBSERVACIONES
A-2024-09-1;08/09/2024;08:30;CHOQUE;POR ALCANCE;1;0;CARRETERA BINACIONAL DESAGUADERO-MPQUEGUA;KM. 15;-16.61944962;-69.1480027601032;DESPEJADO;IMPRUDENCIA DEL CONDUCTOR;EXCESO DE VELOCIDAD;;
A-2024-09-10;07/09/2024;11:00;DESPISTE;-;2;3;CARRETERA DE ACCESO AL SECTOR PAMPA DE LOS ALAYOS NUEVO HUAYCHO;-;-7.936024133;-77.73449920534051;DESPEJADO;NO IDENTIFICA LA CAUSA;;;
A-2024-09-11;08/09/2024;22:30;CHOQUE;-;1;0;CARRETERA DE ACCESO A LA SIERRA LIBERTEÑA S/N INGRESO A SANTIAGO DE CHUCO;-;-8.143784116;-78.180144455;DESPEJADO;NO IDENTIFICA LA CAUSA;;;
A-2024-09-12;10/09/2024;18:30;DESPISTE;-;1;1;CARRETERA DE ACCESO AL SECTOR CACHUYA DEL CASERIO CUYUCHUGO S/N;-;-7.829688829;-78.39036940831974;DESPEJADO;INFRAESTRUCTURA Y ENTORNO VIAL;SUPERFICIE DETERIORADA;;
A-2024-09-13;21/09/2024;07:00;DESPISTE;-;1;0;CARRETERA FERNANDO BELAUNDE TERRY KM 418 700;CASERIO 3 DE MAYO;-5.745756;-77.481797;DESPEJADO;IMPRUDENCIA DEL CONDUCTOR;OTRO (IMPRUDENCIA DEL CONDUCTOR);;
A-2024-09-14;11/09/2024;14:00;CHOQUE;-;1;0;CARRETERA PANAMERICANA NORTE ALTURA DEL KM. 690;-;-7.310600183;-79.480851252;DESPEJADO;NO IDENTIFICA LA CAUSA;;;
A-2024-09-15;01/09/2024;08:30;CHOQUE;COCHE CON CONSECUENCIA FATAL, LESIONES Y DAÑOS MATERIALES;3;15;KM 162 500 DE LA CARRETERA AREQUIPA - JULIACA;KM 162 500 DE LA CARRETREA AREQUIPA - JULIACA;-15.8527858;-71.1166783731;DESPEJADO;EN PROCESO DE INVESTIGACIÓN;NO CUENTA CON CAUSA ESPECIFICA;;
A-2024-09-16;03/09/2024;15:30;DESPISTE;DESPISTE VOLCADURA CON CONSECUENCIA FATAL, LESIONES Y DAÑOS MATERIALES;1;1;ASENTAMIENTO E3 PARCELA 45 MAJES - EL PEDREGAL;;-16.29897222;-72.1980555556;DESPEJADO;EN PROCESO DE INVESTIGACIÓN;NO CUENTA CON CAUSA ESPECIFICA;;SIN OBSERVACIONES
A-2024-09-17;13/09/2024;00:20;CHOQUE;-;1;1;AVENIDA DE  LA MARINA ALTURA DEL KM. 02 AUTOPISTA;-;-8.193829805;-78.99129671957837;DESPEJADO;NO IDENTIFICA LA CAUSA;;;
A-2024-09-19;15/09/2024;00:00;ATROPELLO FUGA;-;1;0;AV. DOS DE MAYO CDRA. 10;SAUNA LAS VEGAS;-8.142346879;-79.0505004368;DESPEJADO;NO IDENTIFICA LA CAUSA;;;
A-2024-09-20;16/09/2024;21:00;DESPISTE;-;1;0;CARRETERA DE ACCESO A LA SIERRA LIBERTEÑA ALTURA DEL AREODROMO DE ATERRIZAJE QUIRUVILCA;-;-7.986596665;-78.2723086999;DESPEJADO;NO IDENTIFICA LA CAUSA;;;
A-2024-09-21;17/09/2024;05:30;CHOQUE;-;6;48;CARRETERA DE PENETRACION A LA PROVINCIA GRAN CHIMU ALTURA DEL KM. 4.6;-;-7.811049655;-79.14240498712746;DESPEJADO;NO IDENTIFICA LA CAUSA;;;
A-2024-09-22;12/09/2024;18:30;CHOQUE;CHOQUE CON CONSECUENCIA FATAL Y DAÑOS MATERIALES;1;0;VIA EXPRESA VARIATE DE UCHUMAYO KM 1 980;ALTURA DEL PUENTE JUAN SANTOS ATAHUALPA;-16.40469444;-71.5673055556;;;;;
A-2024-09-23;18/09/2024;06:45;CHOQUE;CHOQUE POR EMBISTE CON CONSECUENCIA FATAL Y DAÑOS MATERIALES;1;0;AV. AVIACIÓN - VIA EVITAMIENTO  ZAMÁCOLA ;CRUCE VIA EVITAMIENTO - GRIFO PECSA;-16.342841;-71.581436;DESPEJADO;EN PROCESO DE INVESTIGACIÓN;NO CUENTA CON CAUSA ESPECIFICA;;SIN OBSERVACIONES
A-2024-09-24;23/09/2024;23:55;CHOQUE CON OBJETO FIJO;VOLCADURA;1;0;JR. RAMON CASTILLA CON AV. PANAMERICANA;ILAVE;-16.0891633;-69.6430304;DESPEJADO;IMPRUDENCIA DEL CONDUCTOR;CONDUCIR EN ESTADO DE EBRIEDAD Y/O DROGADICCIÓN;;
A-2024-09-25;23/09/2024;08:10;ATROPELLO FUGA;FUGA;1;0;CARRETERA DE ACCESO  YUNGUYO-ZEPITA;KM. 23;-16.436002;-69.064432;DESPEJADO;NO IDENTIFICA LA CAUSA;;;FALTA DE UN ELEMENTO (VEHICULO)
A-2024-09-27;24/09/2024;02:00;DESPISTE;VOLCADURA;1;0;CARRETERA ZEPITA-COPANI;ALTURA DEL PUENTE HACHAPAMPA;-16.474422;-69.102336;;;;;
A-2024-09-28;23/09/2024;22:20;CHOQUE FUGA;-;1;0;CARRETERA FERNANDO BELAUNDE TERRY KM 487 300;A 200MTS. PASANDO LA CURVA SAN JOSÉ;-6.04572;-77.025005;DESPEJADO;EN PROCESO DE INVESTIGACIÓN;NO CUENTA CON CAUSA ESPECIFICA;;SE INVESTIGA
A-2024-09-29;18/09/2024;04:55;DESPISTE;-;6;0;CARRETERA DE ACCESO AL ANEXO AUSTRALIA S/N;-;-8.370646299;-77.34556353151734;DESPEJADO;NO IDENTIFICA LA CAUSA;;;
A-2024-09-3;08/09/2024;03:00;ATROPELLO FUGA;ATROPELLO Y FUGA CON CONSECUENCIA FATAL;1;0;KM 11 300 DE LA VÍA PENETRACION A MATARANI;KM11 300;-16.708444;-71.931881;;;;;
A-2024-09-30;20/09/2024;16:00;CHOQUE;-;3;0;CARRETERA PANAMERICANA NORTE ALTURA DEL KM. 574;-;-8.112255392;-79.0941381492;DESPEJADO;NO IDENTIFICA LA CAUSA;;;
A-2024-09-31;21/09/2024;18:30;DESPISTE;-;1;0;CARRETERA DE ACCESO AL DISTRITO DE PIAS S/N ALTURA DEL CASERIO EL SITIO;-;-7.904100214;-77.5316275706708;DESPEJADO;IMPRUDENCIA DEL CONDUCTOR;FATIGA Y/O CANSANCIO;;
A-2024-09-32;24/09/2024;04:50;DESPISTE;-;1;0;CARRETERA PANAMERICANA NORTE ALTURA DEL KM. 615.2;-;-7.794246268;-79.2094253297;DESPEJADO;NO IDENTIFICA LA CAUSA;;;
A-2024-09-33;26/09/2024;18:00;DESPISTE;-;1;9;CARRETERA DE ACCESO AL CASERIO LA VICTORIA S/N;-;-7.618431579;-77.7526299333273;DESPEJADO;NO IDENTIFICA LA CAUSA;;;
A-2024-09-34;27/09/2024;15:00;DESPISTE;-;9;2;CARRETERA DE ACCESO AL SECTOR LLACAMATE ALTURA DEL RIO COLORADO;-;-8.468091285;-78.38237665892517;DESPEJADO;NO IDENTIFICA LA CAUSA;;;
A-2024-09-35;28/09/2024;20:30;ATROPELLO FUGA;-;1;0;CARRETERA PANAMERICANA NORTE ALTURA DEL KM. 488;OVALO TANGUCHE;-8.649788224;-78.6201735726224;DESPEJADO;NO IDENTIFICA LA CAUSA;;;
A-2024-09-36;27/09/2024;21:10;CHOQUE;FATAL;1;0;CARRETERA TROCHA CARROZABLE AL C.P. HUANJULLO;KM. 07;-16.21711;-70.042518;;;;;
A-2024-09-37;29/09/2024;02:40;ATROPELLO FUGA;FUGA;1;0;CARRETERA PUNO-DESAGUADERO;KM. 1503 460;-16.5441163;-69.0546925;;;;;
A-2024-09-38;01/09/2024;20:15;CHOQUE;VOLCADURA ;1;0;AVENIDA CIRCUNVALACION KM 3.55;;-3.588083241;-80.42185921260176;DESPEJADO;IMPRUDENCIA DEL CONDUCTOR;INVASIÓN DE CARRIL;;
A-2024-09-39;18/09/2024;06:40;CHOQUE CON OBJETO FIJO;DESPISTE;1;6;CARRETERA PANAMERICANA NORTE KM. 1293.350;ALTURA DEL CEBAF;-3.510614366;-80.24838384670119;DESPEJADO;IMPRUDENCIA DEL CONDUCTOR;OTRO (IMPRUDENCIA DEL CONDUCTOR);FALTA DE CUIDADO Y PREVENCION ;
A-2024-09-4;13/09/2024;09:00;ATROPELLO FUGA;FUGA;1;0;CARRETERA PUNO-DESAGUADERO ;1404;-16.044993;-69.712416;;;;;
A-2024-09-40;15/09/2024;03:00;DESPISTE;;1;1;CARRETERA MARCAS HACIA ACOBAMBA;CP DE PALOMA;-12.91220882;-74.436336022758;NUBLADO;EN PROCESO DE INVESTIGACIÓN;NO CUENTA CON CAUSA ESPECIFICA;;NINGUNO
A-2024-09-41;15/09/2024;02:30;DESPISTE;;1;0;CARRETERA LIRCAY ;PUENTE TABLA DEL DISTRITO DE LIRCAY;-12.98215257;-74.72076456220381;NUBLADO;EN PROCESO DE INVESTIGACIÓN;NO CUENTA CON CAUSA ESPECIFICA;;NINGUNO
A-2024-09-42;21/09/2024;20:00;DESPISTE;CAIDA;1;0;CARRETERA LIRCAY - HUANCAVELICA;A 150 METROS DEL GRIFO PALUCO DEL DISTRITO DE LIRCAY;-12.99685589;-74.73439418751957;DESPEJADO;EN PROCESO DE INVESTIGACIÓN;NO CUENTA CON CAUSA ESPECIFICA;;NINGUNO
A-2024-09-43;02/09/2024;09:10;CHOQUE;EL VEHICULO MENOR SINPLACA DE RODAJE SE DESPLAZABA POR LA REDVIALVECINAL Y EL OTRO VEHICULÓ MENOR CIRCULABA EN SENTIDO CONTRARIO Y EN UN TRAMO CURVO COLISIONAN;1;3;HECHO OCURRIDO EN LA RED VIAL NACIONAL LIVITACA-TOCCORONIALTURA DELKILOMETRO 26 MAS 520 SECTOR DENOMINADO PATAQAQA DE LA COMUNIDAD DE PATAQUEÑA;KILMETRO26MAS 520;-14.194165;-71.624747;DESPEJADO;IMPRUDENCIA DEL CONDUCTOR;EXCESO DE VELOCIDAD;;NINGUNA
A-2024-09-44;27/09/2024;12:30;CHOQUE;-;1;0;CARRETERA YURACYACU KM 13 63;-;-5.946739;-77.228506;DESPEJADO;EN PROCESO DE INVESTIGACIÓN;NO CUENTA CON CAUSA ESPECIFICA;;SE INVESTIGA
A-2024-09-47;18/09/2024;23:09;CHOQUE CON OBJETO FIJO;CHOQUE  Y VOCLADURA CON CONSECUENCIA FATAL, LESIONES Y DAÑOS MATERIALES;1;1;CALLE JUNIN S/N ULTIMA CUADRA - TIABAYA;A UNA CUADRA DEL COLEGIO FUTURA SCHOLLS ;-16.44722436;-71.583274892;DESPEJADO;EN PROCESO DE INVESTIGACIÓN;NO CUENTA CON CAUSA ESPECIFICA;;SIN OBSERVACIONES
A-2024-09-48;19/09/2024;05:40;DESPISTE;DESPISTE - VOLCADURA CON CONSECUENCIA FATAL, LESIONES Y DAÑOS MATERIALES;1;4;SECTOR DENOMINADO AGUA DEL MILAGRO EL SIMBRAL ANTIGUA CARRETERA AREQUIPA PUNO KM 54 - CHIGUATA;AGUA DEL MILAGRO;-16.38677778;-71.3198888889;DESPEJADO;EN PROCESO DE INVESTIGACIÓN;NO CUENTA CON CAUSA ESPECIFICA;;SIN OBSERVACIONES