COD_ACCIDE;FechaDelAccidente;HoraDelAccidente;ClaseDelAccidente;SecuenciaAccidente;CantidadDeFallecidos;CantidadDeLesionados;Direccion;LugarReferencia;y;x;CondClimatica;CausaFactorPrincipal;CausaEspecifica;OtraCausa;Observaciones
A-2024-09-49;19/09/2024;20:00;ATROPELLO FUGA;ATROPELLO Y FUGA CON CONSECUENCIA FATAL;1;0;INGRESO VILLA INDUSTRIAL S/N MAJES ;VIA DE INGRESO A VILLA INDUSTRIAL;-16.35830418;-72.1952669961;DESPEJADO;EN PROCESO DE INVESTIGACIÓN;NO CUENTA CON CAUSA ESPECIFICA;;
A-2024-09-5;19/09/2024;05:20;CHOQUE;POR ALCANCE;1;0;CARRETERA ILAVE- LAQUI;KM. 2 300;-16.03395466;-69.59484806939633;DESPEJADO;IMPRUDENCIA DEL CONDUCTOR;INVASIÓN DE CARRIL;;
A-2024-09-50;22/09/2024;08:16;ATROPELLO;ATROPELLO CON CONSECUENCIA FATAL Y DAÑOS MATERIALES;1;0;AV. BRASIL CUADRA 6 ;;-16.377715;-71.51412;DESPEJADO;EN PROCESO DE INVESTIGACIÓN;NO CUENTA CON CAUSA ESPECIFICA;;
A-2024-09-51;29/09/2024;23:06;CHOQUE;CHOQUE MULTIPLE, FATAL, LESIONES Y DAÑOS MATERIALES ;1;2;KM 01 VÍA PENETRACIÓN LA JOYA DISTRITO LA JOYA;;-16.484119;-71.845401;DESPEJADO;EN PROCESO DE INVESTIGACIÓN;NO CUENTA CON CAUSA ESPECIFICA;;
A-2024-09-52;18/09/2024;06:00;CHOQUE;CHOQUE FRONTAL CON CONSECUENICIA FATAL, LESIONES Y DAÑOS MATERIALES;1;2;CARRETERA AREQUIPA CERRO VERDE  KM 14 500;VIA PENETRACION AREQUIPA CERRO VERDE ;-16.52502;-71.655224;;;;;
A-2024-09-53;30/09/2024;01:30;ATROPELLO FUGA;EL VEHICULO NO IDENTIFICADO SE DESPLAZABA EN EL SENTIDO DEESTE A OESTE  OCUPANDO EL CARRIL DEL NORTE DE LA CALZADA  EN ESE MOMENTO  QUE IMPACTA AL PEATON QUIEN SE DESPLAZAVA POR ZONA DE LA BERMA NORTYE EXPONIENDOSE  SU FLANCO IZQUIERDO ;1;0;LA RED VIAL NAIONAL LONGITUDINAL DE LA SIERRA SUR LA OROYA  PUENTE INTERNACIONAL  TRAMO PUCYURA  HUALANCHSAY  ALTURA DEL KILOMETRO 947 800 DISTRITO DE PUJYURA  PROVINCIA DE ANTA  ;KILOMETRO 947 MAS 800;-13.476892;-72.1231;DESPEJADO;IMPRUDENCIA DEL PEATÓN;CRUCE INDEBIDO POR LA CALZADA;;NINGUNA
A-2024-09-54;07/09/2024;07:30;DESPISTE;VOLCADURA;1;0;CCINHUACUCHO;;-13.357;-74.412;DESPEJADO;IMPRUDENCIA DEL CONDUCTOR;EXCESO DE VELOCIDAD;;SIN OBSERVACIONES
A-2024-09-55;26/09/2024;22:00;DESPISTE;-;1;0;CARRETERA DE ACCESO A SALPO ALTURA DE LA CURVA LA SEQUIA ALTA DE  PURRUPAMPA ALTO;-;-8.02708785;-78.60644798945548;NUBLADO;NO IDENTIFICA LA CAUSA;;;
A-2024-09-56;02/09/2024;22:00;DESPISTE;EL VEHICULO MENOR MOTOCICLETA 36154X SE DESPLASABA POR SU SENDERO EN SENTIDO DE ESTE A OESTE  INGRESO A UNA CURVA ABITA A LA IZQUIERDA SE DESPISTA HACIA EL SUR  D LA VIA  AUNA E IMPACTANDOA UNA ROCA  LA PARTE ANTERIOR  DE LA MOTOCICLETA;1;0;RED VECINAL PAUCRTAMBO KAMICANCHA SECTOR CHOQUE PUNKO  LA COMUNIDAD DE CHINCHIBANBA DEL DISTITO DE PAUCATAMBO;KAMICANCHA  COMUNIDAD DE CHINCHIBANBA;-13.382111;-71.504325;DESPEJADO;IMPRUDENCIA DEL CONDUCTOR;EXCESO DE VELOCIDAD;;NINGUNA
A-2024-09-57;05/09/2024;14:30;DESPISTE;EL VEHICULO SE DESPLASABA EN SENTIDO DE NORTE A SUR CON EL NEUMATICO ANTERIOR ISQUIERDO POR LA ZOBNA DE TIERRA VARIANDO O DANDO INICIO A UNA SECUENCIA DEL EVENTO A LA VOLCADURA  EN TONEL ISQUIERDO;1;0;RED VIAL VECINAL QUIQUIJANA ALTURA DEL SECTORCHUNKACALLE  MORRO SIRENACHAYOC DISTRITO DE QUIQUIJANA ;MORRO SIRENACHYAYOC;-13.862981;-71.551294;DESPEJADO;IMPRUDENCIA DEL CONDUCTOR;EXCESO DE VELOCIDAD;;NINGUNA
A-2024-09-59;02/09/2024;05:10;DESPISTE;DESPISTE TOTAL;1;3;CARRETERA A. TOPARA LATERAL 07;ENTRADA C.P LAS LOMAS;-13.376524;-76.13058;DESPEJADO;NO IDENTIFICA LA CAUSA;;;NINGUNA
A-2024-09-6;02/09/2024;19:25;CHOQUE FUGA;-;1;1;INTERSECCION DE LA AV. MIGUEL GRAU CON LA CA. RAMON CASTILLA;GRIFO PETRO PERU;-8.02462314;-79.06443532335625;DESPEJADO;NO IDENTIFICA LA CAUSA;;;
A-2024-09-60;15/09/2024;06:15;CHOQUE;POR EMBISTE;1;1;AV JUAN VELACO ALVARADO -CALLE LAS BEGONIAS;ESTADIO DE GROCIO PRADO;-13.38984515;-76.14770554;DESPEJADO;IMPRUDENCIA DEL CONDUCTOR;NO DAR PASO PREFERENTE AL PEATÓN;;NINGUNA
A-2024-09-61;19/09/2024;13:20;CHOQUE CON OBJETO FIJO;CHOQUE CON OBJETO FIJO, VOLCADURA, CAIDA DEL CONDUCTOR Y OCUPANTE;1;1;JR. NUBE AZUL CUDRA Nº 04;;-6.486998;-77.817442;DESPEJADO;EN PROCESO DE INVESTIGACIÓN;NO CUENTA CON CAUSA ESPECIFICA;;SE ENCUENTRA EN PROCESO DE INVESTIGACIÒN, FALTA RESULTADO DE DOSAJE ETÌLICO ENTRE OTRAS DILIGENCIAS
A-2024-09-62;03/09/2024;01:40;ATROPELLO FUGA;-;1;0;CARRETERA PANAMERICANA SUR KM. 371;-;-14.474002;-75.367979;DESPEJADO;NO IDENTIFICA LA CAUSA;;;
A-2024-09-63;03/09/2024;19:30;ATROPELLO FUGA;-;1;0;AVENIDA VICTORIO GOTUZO 6TA CUADRA;-;-14.033174;-75.709834;DESPEJADO;NO IDENTIFICA LA CAUSA;;;
A-2024-09-64;06/09/2024;13:00;VOLCADURA;-;1;0;CARRETERA VIA LOS LIBERTADORES KM. 35;-;-13.714214;-75.855805;DESPEJADO;NO IDENTIFICA LA CAUSA;;;
A-2024-09-65;08/09/2024;00:30;CHOQUE;-;2;20;CARRETERA VIA LOS LIBERTADORES KM. 52;400;-13.650391;-75.735952;DESPEJADO;NO IDENTIFICA LA CAUSA;;;
A-2024-09-66;08/09/2024;21:00;CHOQUE;-;1;0;CARRETERA DE PENETRACION A INGENIO - OTOCA;;-14.657882;-75.109083;DESPEJADO;NO IDENTIFICA LA CAUSA;;;
A-2024-09-67;25/09/2024;22:50;CHOQUE;;1;0;CARRETERA PANAMERICANA SUR KM. 401;;-14.546213;-75.187336;DESPEJADO;NO IDENTIFICA LA CAUSA;;;
A-2024-09-68;29/09/2024;05:50;CHOQUE;;1;0;AV. LAS AMERICAS; (FRONTIS DE ESSALUD);-13.7178102;-76.196872;DESPEJADO;NO IDENTIFICA LA CAUSA;;;
A-2024-09-69;29/09/2024;06:30;CHOQUE;-;1;0;AV- PRINCIAPL DE TIERRA PROMETIDA (REF. FERRETERIA JORGE) ;;-14.079182;-75.773745;DESPEJADO;NO IDENTIFICA LA CAUSA;;;
A-2024-09-7;03/09/2024;13:10;ATROPELLO;-;1;0;INTERSECCION DEL KR. ANDRES AVELINO CACERES Y EL JR. FLORENCIA DE MORA;-;-7.816306944;-78.0405533364;DESPEJADO;NO IDENTIFICA LA CAUSA;;;
A-2024-09-70;13/09/2024;07:00;VOLCADURA;;3;0;SECTOR HUANCHOR;;-13.58637407;-73.46132668;DESPEJADO;IMPRUDENCIA DEL CONDUCTOR;FATIGA Y/O CANSANCIO;;
A-2024-09-71;15/09/2024;06:00;DESPISTE;;1;0;KM 680;;-13.68285491;-73.13079241;LLUVIOSO;IMPRUDENCIA DEL CONDUCTOR;EXCESO DE VELOCIDAD;;
A-2024-09-72;22/09/2024;07:00;DESPISTE;;1;0;KM 26;;-13.76238857;-73.35554384;DESPEJADO;IMPRUDENCIA DEL CONDUCTOR;CONDUCIR EN ESTADO DE EBRIEDAD Y/O DROGADICCIÓN;;
A-2024-09-73;15/09/2024;18:30;ATROPELLO FUGA;;1;0;CARRETERA JAÉN - SAN IGNACIO;(ALTURA DEL CAMPO DEPORTIVO MONUMENTAL LA BALANZA);-5.684694;-78.787696;DESPEJADO;NO IDENTIFICA LA CAUSA;;;
A-2024-09-75;24/09/2024;03:41;ATROPELLO;EL VEHICULO SE ENCONTRABA CON DEFECTOR A PRETENDER EMPUJAR EL AUTO SE DESENGANCHO PARA LUEGO ATROPELLA AL CONDUCTORR;2;0;URBANIZACIOB CASHUARINAS  CALLE LAS MARGARITAS  VILLA LA RINCONADA ;CALLE MARGARITA  MANZANA  B LOTE 5;-13.54316853;-71.90457351320387;DESPEJADO;IMPRUDENCIA DEL CONDUCTOR;OTRO (IMPRUDENCIA DEL CONDUCTOR);;NINGUNA
A-2024-09-76;21/09/2024;03:30;DESPISTE;VEHICULO QUE TRANSITABA DE OESTE A ESTE DON OERDIO EL CONTROL DESPITANDOSE EN ESTA VIAA RECTA;2;2;KILOMETRO1129 MAS 500;COMUNIDAD DE LLALLAHUI;-14.4102126;-71.1185534;DESPEJADO;IMPRUDENCIA DEL CONDUCTOR;EXCESO DE VELOCIDAD;;NINGUNA
A-2024-09-77;19/09/2024;05:30;ATROPELLO;VEHICULO QUE CIRCULABA DE NORTE A SUR  DONDE EL PEATON SALE EN UNA INTERSECCION  Y FUE ATROPELLADO POR EL CAMION ;1;0;CARRETRA DE ESPINAR A CANCHIS ALTURA DEL DISTRITYO DE DESCANSO ;;-14.54304806;-71.30093161307009;DESPEJADO;IMPRUDENCIA DEL PEATÓN;CRUCE INDEBIDO POR LA CALZADA;;NINGUNA
A-2024-09-78;15/09/2024;18:00;DESPISTE;VEHICULO MENOR TRIMOTO DE PASAJERO SE DESPISTA EN EL PASAJE GLORITA ;1;2;DISTRITO  DE SANTA ANA PASAJE GLORIETA ;A 80 METROS DE RIO CHUYAPI;-12.870897;-72.702054;DESPEJADO;IMPRUDENCIA DEL CONDUCTOR;EXCESO DE VELOCIDAD;;NINGUNA
A-2024-09-79;13/09/2024;05:40;DESPISTE;CHOQUE;1;37;CARRETERA VIA INTEROCEANICA;;-14.83956934;-74.7331906492158;DESPEJADO;IMPRUDENCIA DEL CONDUCTOR;OTRO (IMPRUDENCIA DEL CONDUCTOR);AFECTADO POR EL EFECTO DESLUMBRAMIENTO;SIN OBSERVACIONES
A-2024-09-8;07/09/2024;05:30;DESPISTE;-;1;2;CARRETERA DE PENETRACION A LA SIERRA LIBERTEÑA S/N ACCESO A TAYABAMBA;-;-8.292056883;-77.30985221113423;DESPEJADO;NO IDENTIFICA LA CAUSA;;;
A-2024-09-80;02/09/2024;18:30;ATROPELLO;VEHICULO QUE CIRCULA DE ESTE A OESTE EN HORAS DE LA NOCHE DE URCOS HACIA CUSCO A HORAS 18.00 Y EL PEATON INGRESA A LA CALZADA EN HORAS  DONDE NO HAY ILUMINACION ARTIFICIAL ;1;0;ALTURA DE LA UNIVERSIDAD CONTINENTAL CARRETERA URCOS CUSCO SAYLLA;ALTURA DE LA UNIVERSIDAD CONTINENTAL;-13.557305;-71.853933;;;;;
A-2024-09-81;16/09/2024;18:00;CHOQUE;FATAL;1;0;AV. TOMAS MARZANO CDRA. 11;;-12.11361675;-77.01154732002924;DESPEJADO;EN PROCESO DE INVESTIGACIÓN;NO CUENTA CON CAUSA ESPECIFICA;;
A-2024-09-82;22/09/2024;04:40;CHOQUE;VOLCADURA, CAIDA Y FUGA FATAL;1;0;AV JAVIER PRADO CDRA. 42;;-12.08475861;-76.97897975293135;DESPEJADO;EN PROCESO DE INVESTIGACIÓN;NO CUENTA CON CAUSA ESPECIFICA;;
A-2024-09-9;07/09/2024;07:20;DESPISTE;-;1;0;CALLE SAN LUIS S/N ACCESO AL SECTOR BITIN;-;-8.431359988;-78.74771470221165;DESPEJADO;NO IDENTIFICA LA CAUSA;;;
A-2024-10-1;01/10/2024;06:40;DESPISTE;CHOQUE;1;0;JR. GUILLERMO CRUZ - PUNO;FRENTE DEL DOMICILIO Nº 549-PUNO;-15.818403;-70.032479;;;;;
A-2024-10-10;04/10/2024;13:41;ATROPELLO;ATROPELLO A CONSECUENCIA FATAL;1;0;MERCADO METROPOLITANO;AV. COLONIZADORES ALTURA DEL MERCADO METROPOLITANO;-16.34083;-72.195032;SOLEADO;NO IDENTIFICA LA CAUSA;;;EN INVESTIGACION
A-2024-10-11;07/10/2024;07:20;ATROPELLO;ATROPELLO CON SUBSECUENTE MUERTE;1;0;AV. VIDAURRAZAGA JUNTO A LA ASOCIACION 4 DE AGOSTO ;;-16.424907;-71.537607;SOLEADO;NO IDENTIFICA LA CAUSA;;;EN INVESTIGACION
A-2024-10-12;08/10/2024;09:30;DESPISTE;DESPISTE VOLCADURA;1;2;LAS LOMAS UNSA CAMPAMENTO MINERO TIA MARIA;LAS LOMAS ;-17.030926;-71.832657;DESPEJADO;NO IDENTIFICA LA CAUSA;;;EN IVNESTIGACION
A-2024-10-13;14/10/2024;22:09;ATROPELLO;ATROPELLO CON SUBSECUENTE MUERTE Y DAÑOS MATERIALES;1;0;KM 969 600 CARRETERA PANAMERICANA SUR;FRONTIS FERRETERIA;-16.507247;-71.818647;SOLEADO;NO IDENTIFICA LA CAUSA;;;INVESTIGACION
A-2024-10-15;17/10/2024;08:31;DESPISTE;DESPISTE-VOLCADURA;2;0;KM 6.5 DE LA CARRETERA CHIVAY - YANQUE;KM 6.5 DE LA CARRETERA CHIVAY YANQUE;-15.649181;-71.644882;SOLEADO;NO IDENTIFICA LA CAUSA;;;EN INVESTIGACION
A-2024-10-16;19/10/2024;12:55;DESPISTE;DESPISTE, CHOQUE DE CONSECUENCIA FATAL;1;3;FRONTIS DEL INMUEBLE N° 310 SABANDIA;;-16.45434388;-71.494873187936;DESPEJADO;NO IDENTIFICA LA CAUSA;;;EN INVESTIGACION
A-2024-10-17;20/10/2024;17:00;CHOQUE;POR ALCANCE;1;0;CARRETERA PANAMERICANA SUR PUNO-JULIACA;KM. 1344 200;-15.75010617;-70.05283009574735;;;;;
A-2024-10-18;09/10/2024;03:30;DESPISTE;-;1;0;CARRETERA DE ACCESO A COCHORCO - TAYABAMBA S/N;-;-7.810487432;-77.67925675250284;DESPEJADO;NO IDENTIFICA LA CAUSA;;;
A-2024-10-19;13/10/2024;20:20;ATROPELLO;-;1;0;CALLE MICAELA BASTIDAS MZ F LT 8;-;-8.538743884;-78.6732418532967;DESPEJADO;NO IDENTIFICA LA CAUSA;;;
A-2024-10-2;13/10/2024;12:30;DESPISTE;VOLCADURA;1;0;CARRETERA FHARATA DESVIO YUNGUTA - ILAVE;-;-16.051289;-69.581657;;;;;
A-2024-10-20;15/10/2024;09:00;CAÍDA DE PASAJERO;-;2;0;CARRETERA DE ACCESO A QUIRIHUAC ALTURA DEL KM. 04.150;-;-8.06886953;-78.8215847184;DESPEJADO;NO IDENTIFICA LA CAUSA;;;
A-2024-10-21;16/10/2024;02:00;DESPISTE;-;1;0;CARRETERA DE PENETRACION A LA SIERRA LIBERTEÑA ALTURA DEL KM. 30.4;-;-8.016109313;-78.8074811485;DESPEJADO;NO IDENTIFICA LA CAUSA;;;
A-2024-10-22;21/10/2024;03:00;DESPISTE;-;1;0;CARRETERA DE ACCESO A CURGOS. ALTURA DEL CASERIO EL EDEN;-;-7.894027778;-77.947583333;DESPEJADO;IMPRUDENCIA DEL CONDUCTOR;FATIGA Y/O CANSANCIO;;
A-2024-10-23;24/10/2024;18:55;CHOQUE;-;1;0;CARRETERA PANAMERICANA NORTE ALTURA DEL KM. 556;-;-8.17953222;-78.9910851223929;DESPEJADO;NO IDENTIFICA LA CAUSA;;;
A-2024-10-24;26/10/2024;17:15;DESPISTE;-;1;4;CARRETERA DE ACCESO AL CACERIO LA RAMADA S/N;-;-7.902365214;-78.13209083165182;DESPEJADO;NO IDENTIFICA LA CAUSA;;;
A-2024-10-25;27/10/2024;21:00;DESPISTE;-;4;0;CARRETERA DE ACCESO A LA LAGUNA HUASCACOCHA ;-;-8.100496405;-77.3155814047431;DESPEJADO;NO IDENTIFICA LA CAUSA;;;
A-2024-10-26;29/10/2024;10:30;CHOQUE;-;1;0;CARRETERA DE PENETRACION A LA SIERRA LIBERTEÑA ALTURA DEL KM. 3.5;-;-8.110700194;-78.9978807729408;DESPEJADO;NO IDENTIFICA LA CAUSA;;;
A-2024-10-27;29/10/2024;19:40;ATROPELLO FUGA;-;1;0;CARRETERA PANAMERICANA NORTE ALTURA DEL KM. 558;-;-8.158494691;-79.0122101523;DESPEJADO;NO IDENTIFICA LA CAUSA;;;
A-2024-10-28;20/10/2024;05:00;DESPISTE;-;1;0;CARRETERA FERNANDO BELAUNDE TERRY KM 441;-;-5.88131;-77.3373;DESPEJADO;IMPRUDENCIA DEL CONDUCTOR;OTRO (IMPRUDENCIA DEL CONDUCTOR);;
A-2024-10-29;20/10/2024;18:30;ATROPELLO;-;1;0;CARRETERA FERNANDO BELAUNDE TERRY KM 431;-;-5.806079;-77.398141;DESPEJADO;IMPRUDENCIA DEL PEATÓN;OTRO (IMPRUDENCIA DEL PEATÓN);;
A-2024-10-3;17/10/2024;19:41;CHOQUE;POR ALCANCE;1;1;AV. AUGUSTO B. LEGUIA ALTURA DEL GRIFO CARRETERA INTEROCEANICA PUNO-MOQUEGUA;MOQUEGUA;-16.1418622;-70.0530083;DESPEJADO;IMPRUDENCIA DEL CONDUCTOR;GIRAR IMPRUDENTEMENTE;;
A-2024-10-30;26/10/2024;18:49;CHOQUE;POR ALCANCE;1;0;COMUNIDAD PERCATUYO - ILAVE;ILAVE;-16.059387;-69.620865;DESPEJADO;IMPRUDENCIA DEL CONDUCTOR;INVASIÓN DE CARRIL;;
A-2024-10-31;28/10/2024;06:38;CHOQUE;FATAL;1;0;CARRETERA INTEROCEANICA PUNO-MOQUEGUA;KM. 24 800;-16.0532774;-70.00857881806755;DESPEJADO;IMPRUDENCIA DEL CONDUCTOR;ADELANTAR INDEBIDAMENTE;;
A-2024-10-32;31/10/2024;07:40;CHOQUE;DESPISTE PARCIAL, ATROPELLO POR COMPRESION;1;0;JR. ILAVE CON JR. LIBERTAD - PUNO;SEMAFORO;-15.839364;-70.03016;DESPEJADO;IMPRUDENCIA DEL CONDUCTOR;DESACATO DE SEÑAL DE TRÁNSITO;;
A-2024-10-33;23/10/2024;20:30;ATROPELLO;-;1;0;CARRETERA CASERIO GILLEROMO KM 12 800;-;-5.961061;-76.996591;DESPEJADO;EN PROCESO DE INVESTIGACIÓN;NO CUENTA CON CAUSA ESPECIFICA;;SE INVESTIGA
A-2024-10-34;31/10/2024;14:00;CHOQUE FUGA;-;1;0;CARRETERA PANAMERICANA NORTE ALTURA DEL KM. 544.6;-;-8.233585989;-78.9431733722;DESPEJADO;NO IDENTIFICA LA CAUSA;;;
A-2024-10-35;07/10/2024;05:00;CHOQUE;.;1;0;CARRETERA PANAMERICANA NORTE KM 233.2;REF. ALTURA DE LA EMPRESA MARINASOL. ;-3.633381483;-80.57683103691467;DESPEJADO;IMPRUDENCIA DEL CONDUCTOR;INVASIÓN DE CARRIL;;
A-2024-10-36;26/10/2024;11:30;DESPISTE;CHOQUE;1;33;CARRETERA PANAMERICANA NORTE KM 209.7;ALTURA DEL HOTEL PARADISE;-3.718462768;-80.75308440282073;SOLEADO;IMPRUDENCIA DEL CONDUCTOR;OTRO (IMPRUDENCIA DEL CONDUCTOR);FALTA DE CUIDADO Y PREVENCION ;
A-2024-10-37;27/10/2024;06:00;ATROPELLO;-;1;1;CARRETERA FERNANDO BELAUNDE TERRY KM 459 500;A 100 MTS DEL PUENTE RIO NEGRO;-6.003299;-77.258576;DESPEJADO;IMPRUDENCIA DEL CONDUCTOR;OTRO (IMPRUDENCIA DEL CONDUCTOR);;
A-2024-10-38;28/10/2024;07:00;DESPISTE;-;1;0;CARRETERA AL DISTRITO DE YORONGOS  KM 3.500;GRANJA S/N;-6.097813;-77.153127;LLUVIOSO;IMPRUDENCIA DEL CONDUCTOR;OTRO (IMPRUDENCIA DEL CONDUCTOR);;
A-2024-10-39;19/10/2024;04:00;DESPISTE;DESPISTE, VOLCADURA DE CONSECUENCIA FATAL;1;0;SECTOR WALLA WIÑA COMUNIDAD CUCHO APILLA KM 39 ;;-14.947921;-71.841403;DESPEJADO;NO IDENTIFICA LA CAUSA;;;EN INVESTIGACION
A-2024-10-4;19/10/2024;22:10;CHOQUE CON OBJETO FIJO;MURO DE CASETA DE GUARDIA DE PEAJE;1;0;CARRETERA PANAMERICANA SUR PUNO-JULIACA;1338 140;-15.6968927;-70.0677829;;;;;
A-2024-10-40;22/10/2024;18:30;DESPISTE;DESPISTE, VOLCADURA DE CONSECUENCIA FATAL Y DAÑOS MATERIALES;1;0;CARRETERA YURA  ;A 300 MTS. ANTES DE LELGAR AL ANEXO UYUPAMPA;-16.19897151;-71.6896657288;DESPEJADO;NO IDENTIFICA LA CAUSA;;;INVESTIGACION
A-2024-10-41;22/10/2024;15:40;ATROPELLO;;1;0;CALLE JOSE CARLOS MAREATEGUI CUADRA 6;;-16.349747;-71.548487;DESPEJADO;NO IDENTIFICA LA CAUSA;;;EN INVESTIGACION
A-2024-10-42;24/10/2024;11:40;CHOQUE;CHOQUE FRONTAL DE CONSECUENCIA FATAL;1;1;KM. 168-500 CARRETERA AREUIPA JULIACA ;;-15.81485166;-71.0664846432553;DESPEJADO;NO IDENTIFICA LA CAUSA;;;INVESTIGACION
A-2024-10-43;26/10/2024;06:38;CHOQUE;CHOQUE DE CONSECUENCIA FATAL;3;2;ALTURA DEL KM 2 DE LA VIA CERRO VERDE;;-16.487548;-71.623516;DESPEJADO;NO IDENTIFICA LA CAUSA;;;EN INVESTIGACION
A-2024-10-44;28/10/2024;17:50;CHOQUE;CHOQUE, DESPISTE, VLCADURA DE CONSECUENCIA FATAL;2;0;ALTURA DEL KM 1021 DE LA PANAMERICANA SUR;;-16.91296;-71.834013;DESPEJADO;NO IDENTIFICA LA CAUSA;;;EN INVESTIGACION
A-2024-10-45;30/10/2024;18:00;CHOQUE;CHOQUE CON SUBSECUENTE MUERTE;1;0;ASOC. VIVIENDA SAN JERONIMO FRONTIS MZ. I. LT. 06 MARIANO MELGAR;ASOC. VIVIENDA SAN JERONIMO FRONTIS MZ. I, LT. 06 MARIANO MELGAR;-16.40402877;-71.4892909896521;SOLEADO;NO IDENTIFICA LA CAUSA;;;INVESTIGACION
A-2024-10-46;08/10/2024;05:30;DESPISTE;PARCIAL Y CHOQUE POR ALCANCE;3;0;CARRETERA PANAMERICANA SUR KM 183;PEAJE CHINCHA;-13.388295;-76.20154;DESPEJADO;NO IDENTIFICA LA CAUSA;;;NINGUNA
A-2024-10-47;29/10/2024;13:20;DESPISTE;VOLCADURA;1;2;CARRETERA PANAMERICANA SUR ;KM 199;-13.532677;-76.183176;DESPEJADO;NO IDENTIFICA LA CAUSA;;;NINGUNA
A-2024-10-48;09/10/2024;10:30;CHOQUE;-;1;0;CARRETERA CENTRAL CANTA - HUAYLLAY KM. 95 200;-;-11.1193514;-76.6194310286308;;;;;
A-2024-10-49;15/10/2024;01:35;ATROPELLO;;1;0;AV. NESTOR GAMBETTA . ALT. DEL POLICLINICO ENMANUEL;AV. NESTOR GAMBETTA , ALT. DEL POLICLINICO ENMANUEL;-11.84205427;-77.1153440915478;DESPEJADO;NEGLIGENCIA DEL CONDUCTOR;CONDUCIR CON FALLAS DE FRENOS;;NINGUNA
A-2024-10-5;01/10/2024;08:20;ATROPELLO;-;1;0;INTERSECCION DE LA AV. FEDERICO VILLARREAL CON LA CA. JUAN DE LA CIERVA;-;-8.093475328;-79.01636910930624;DESPEJADO;NO IDENTIFICA LA CAUSA;;;
A-2024-10-50;16/10/2024;09:35;ATROPELLO FUGA;;1;0;AV. NESTOR GAMBETTA KM 9 ALT. METAL PARK;AV. NESTOR GAMBETTA KM 9 ALT. METAL PARK;-11.96732851;-77.1259706672939;DESPEJADO;IMPRUDENCIA DEL CONDUCTOR;EXCESO DE VELOCIDAD;;NINGUNA
A-2024-10-51;19/10/2024;11:30;ATROPELLO;;1;0;CARRETERA PANAMERICANA NORTE KM 36.5;CARRETERA PANAMERICANA NORTE KM 36.5;-11.82994807;-77.1179186448279;DESPEJADO;IMPRUDENCIA DEL PEATÓN;OTRO (IMPRUDENCIA DEL PEATÓN);INGESTA DE ALCOHOL;NINGUNA
A-2024-10-52;31/10/2024;10:30;ATROPELLO;;1;0;FRONTIS DE LA MZ G-6 LT 12 A.H. LEANDRA ORTEGA ESPINOZA PACHACUTEC;CERCA AL COLEGIO 5130CON AV 225;-11.82892452;-77.1577086421935;DESPEJADO;IMPRUDENCIA DEL CONDUCTOR;OTRO (IMPRUDENCIA DEL CONDUCTOR);EXCESO DE CONFIANZA;NINGUNA
A-2024-10-53;30/10/2024;12:50;ATROPELLO FUGA;;1;0;AV. EL OLIVAR CALLAO SUR ;ALT.  DE LA PROLOGACION PERU 4880;-12.02450056;-77.0986984334239;;;;;
A-2024-10-54;08/10/2024;06:50;ATROPELLO FUGA;;1;0;AUX AV PANAMERICANA NORTE FRENTE AL INMMUEBLE MZ F LT 23;FRENTE A LA CEVICHERIA LANGOSTA AZUL;-11.82825423;-77.1206704566915;DESPEJADO;NO IDENTIFICA LA CAUSA;;;NINGUNA
A-2024-10-55;05/10/2024;06:30;CHOQUE;EL VEHICULO MENOR QUE CIRCULAVA POR LA VIA DE SANTO TOMAS  CON VELILLLE  EN SENTIDO DE SURB A NORTE INSTANTES EN QUE HACE SU INGRESO UN GANADO VACUNO A LA VIA  DONDE EL VEHICULO MENOR CHOCA CON EL MENCIONADO ANIMAL ;1;0;RED VIAL LONGITUDINAL TRANSVERSAL TRAMO SANTO TOMAS . SECTOR DE MIRAFLORES  DEL DISTRITO DE VELILLE DE LA PROVINCIA DE CHUMBIVILCCAS  CUSCO ;KILOMETRO 143;-14.554078;-71.920281;DESPEJADO;IMPRUDENCIA DEL CONDUCTOR;EXCESO DE VELOCIDAD;;NINGUNA
A-2024-10-56;02/10/2024;04:12;CHOQUE;-;3;3;CARRETERA PANAMERICANA SUR KM 226-100;;-13.763973;-76.166958;DESPEJADO;NO IDENTIFICA LA CAUSA;;;
A-2024-10-57;06/10/2024;08:10;DESPISTE;VOLCADURA;1;0;CARRETERA PANAMERICANA SUR KM. 326 ;(CC.PP LA JOYA);-14.265601;-75.6852812;DESPEJADO;NO IDENTIFICA LA CAUSA;;;
A-2024-10-58;10/10/2024;17:15;CHOQUE;-;1;0;CARRETERA PANAMERICANA SUR KM. 328;-;-14.2827846;-75.6817571;DESPEJADO;NO IDENTIFICA LA CAUSA;;;
A-2024-10-59;14/10/2024;04:30;DESPISTE;-;1;0;AVENIDA LOS PAREDONES;;-14.839252;-74.935212;DESPEJADO;NO IDENTIFICA LA CAUSA;;;
A-2024-10-6;02/10/2024;18:59;CAÍDA DE PASAJERO;-;1;0;CARRETERA DE ACCESO AL CASERIO LAS VENTANAS;-;-7.79701388;-78.22258724;DESPEJADO;NO IDENTIFICA LA CAUSA;;;