COD_ACCIDE;FechaDelAccidente;HoraDelAccidente;ClaseDelAccidente;SecuenciaAccidente;CantidadDeFallecidos;CantidadDeLesionados;Direccion;LugarReferencia;y;x;CondClimatica;CausaFactorPrincipal;CausaEspecifica;OtraCausa;Observaciones
A-2024-10-60;16/10/2024;16:45;DESPISTE;-;1;0;CALLE CARLOS NORIEGA; (CC.PP. SANTA CRUZ) ;-13.834814;-76.141349;DESPEJADO;NO IDENTIFICA LA CAUSA;;;
A-2024-10-61;17/10/2024;23:40;CHOQUE;-;4;1;ANTIGUA CARRETERA PANAMERICANA SUR ;;-14.079419;-75.7186027;DESPEJADO;NO IDENTIFICA LA CAUSA;;;
A-2024-10-63;03/10/2024;13:20;DESPISTE;;1;0;SECTOR PATAMOJO;;-13.52931462;-73.55610801;SOLEADO;IMPRUDENCIA DEL CONDUCTOR;EXCESO DE VELOCIDAD;;
A-2024-10-64;17/10/2024;12:00;ATROPELLO FUGA;;1;0;POCHCCOTA;;-13.65994857;-73.38420724;LLUVIOSO;IMPRUDENCIA DEL PEATÓN;ESTADO DE EBRIEDAD Y/O DROGADICCIÓN;;
A-2024-10-65;16/10/2024;16:00;VOLCADURA;;4;0;SECTOR YANAYACU;;-13.67374067;-73.1723933717008;NUBLADO;IMPRUDENCIA DEL CONDUCTOR;EXCESO DE VELOCIDAD;;
A-2024-10-66;30/10/2024;13:00;ATROPELLO;;1;0;PROLONGACION AV. PERU CON LA AV. EL OLIVAR;;-12.02403423;-77.0987890629354;DESPEJADO;NO IDENTIFICA LA CAUSA;;;
A-2024-10-67;19/10/2024;06:40;DESPISTE;VOLCADURA;1;0;CARRETERA VIA LOS LIBERTADORES ;;-13.349243;-74.396823;DESPEJADO;IMPRUDENCIA DEL CONDUCTOR;FATIGA Y/O CANSANCIO;;SIN OBSERVACIONES
A-2024-10-7;05/10/2024;17:30;CHOQUE FUGA;-;1;1;CARRETERA PANAMERICANA NORTE ALTURA DEL KM. 642;-;-7.620843997;-79.3640206121;DESPEJADO;NO IDENTIFICA LA CAUSA;;;
A-2024-10-8;08/10/2024;19:00;DESPISTE;-;2;0;CARRETERA DE ACCESO AL CASERIO CHAGUAL S/N;-;-7.786379475;-77.6021163968624;DESPEJADO;NO IDENTIFICA LA CAUSA;;;
A-2024-10-9;09/10/2024;05:20;CHOQUE;-;3;6;CARRETERA PANAMERICANA NORTE ALTURA DEL KM. 731;-;-7.081782544;-79.5417373061139;DESPEJADO;IMPRUDENCIA DEL CONDUCTOR;INVASIÓN DE CARRIL;;
A-2024-11-1;03/11/2024;11:30;CHOQUE;FATAL;1;1;CARRETERA PANAMERICANA SUR PUNO-DESAGUADERO;KM. 1479 500;-16.39081141;-69.20801939945108;DESPEJADO;IMPRUDENCIA DEL CONDUCTOR;OTRO (IMPRUDENCIA DEL CONDUCTOR);CONDUCIR CON EXCESO DE CONFIANZA;
A-2024-11-23;05/11/2024;14:00;DESPISTE;-;1;0;CARRETERA DE ACCESO AL CASERIO SUYUPAMPA S/N;-;-7.898456886;-78.62447807792047;DESPEJADO;NO IDENTIFICA LA CAUSA;;;
A-2024-11-25;09/11/2024;10:30;ATROPELLO;-;1;0;JIRON ZEPITA CDRA. 04;-;-7.424415142;-79.50517054101577;DESPEJADO;IMPRUDENCIA DEL CONDUCTOR;OTRO (IMPRUDENCIA DEL CONDUCTOR);MANIPULARUN VEHICULO MOTORIZADO SIN LA ASISTENCIA DE UN INSTRUCTOR O PERSONA QUE HAGA SUS VECES;
A-2024-11-26;03/11/2024;21:00;CHOQUE FUGA;-;1;0;CARRETERA PANAMERICANA NORTE ALTURA DEL KM. 730;-;-7.08767641;-79.53276796370766;DESPEJADO;NO IDENTIFICA LA CAUSA;;;
A-2024-11-29;11/11/2024;17:50;DESPISTE;ATROPELLO, CHOQUE Y VOLCADURA;1;1;CARRETERA PANAMERICANA SUR PUNO-DESAGUADERO;KM. 1375;-15.885669;-69.902386;DESPEJADO;IMPRUDENCIA DEL CONDUCTOR;EXCESO DE VELOCIDAD;;
A-2024-11-3;05/11/2024;15:30;CHOQUE;FATAL;1;0;CARRETERA ACORA-ILAVE;C.P.JAYU JAYU;-15.980704;-69.635607;DESPEJADO;IMPRUDENCIA DEL CONDUCTOR;OTRO (IMPRUDENCIA DEL CONDUCTOR);INGRESO INOPORTUNO DEL CONDUCTOR UT-2 (MOTOCICLETA) A UNA ZONA DE TRABAJO;
A-2024-11-30;05/11/2024;20:05;DESPISTE;-;1;0;CARRETERA SAN FERNANDO KM 4 460;-;-5.911032;-77.278529;DESPEJADO;IMPRUDENCIA DEL CONDUCTOR;OTRO (IMPRUDENCIA DEL CONDUCTOR);;
A-2024-11-31;09/11/2024;04:30;CHOQUE;-;1;1;CARRETERA FERNANDO BELAUNDE TERRY KM 443  500;CASERIO LA UNION;-5.901865;-77.326959;DESPEJADO;IMPRUDENCIA DEL CONDUCTOR;OTRO (IMPRUDENCIA DEL CONDUCTOR);;
A-2024-11-32;14/11/2024;21:20;ATROPELLO;FUGA;1;0;CARRETERA PANAMERICANA SUR PUNO-DESAGUADERO-ACORA;KM. 1405 100;-16.048075;-69.708688;DESPEJADO;IMPRUDENCIA DEL PEATÓN;CRUCE INDEBIDO POR LA CALZADA;;
A-2024-11-33;03/11/2024;11:30;CHOQUE;-;1;0;INTERSECCION DE LA AV. LARCO CON LA CA. JUAN JULIO GANOZA;-;-8.129160268;-79.04269498662465;DESPEJADO;NO IDENTIFICA LA CAUSA;;;
A-2024-11-35;11/11/2024;05:00;ATROPELLO;-;1;0;CARRETERA PANAMERICANA NORTE ALTURA DEL KM. 504;-;-8.506555528;-78.68817500700135;DESPEJADO;NO IDENTIFICA LA CAUSA;;;
A-2024-11-4;05/11/2024;23:50;CHOQUE;EMBISTE;2;0;COMUNIDAD ALTO ARACACHI SECTOR ISCA CHACOCOLLO;KELLUYO;-16.712354;-69.245679;DESPEJADO;IMPRUDENCIA DEL CONDUCTOR;EXCESO DE VELOCIDAD;;
A-2024-11-5;05/11/2024;20:00;ATROPELLO FUGA;FATAL;1;0;CARRETERA YUNGUYO-TINICACHI;BARRIO CRUZ PATA;-16.248587;-69.074973;;;;;
A-2024-11-57;06/11/2024;22:30;ATROPELLO;ATROPELLO DE CONSECUENCIA FATAL Y DAÑOS MATERIALES;1;0;KM. 45 730 DE LA CARRETERA AREQUIPA PUNO;AVIACION EDUARDO DE LA PINELLA;-16.32668;-71.5954;DESPEJADO;EN PROCESO DE INVESTIGACIÓN;NO CUENTA CON CAUSA ESPECIFICA;;EN INVESTIGACION
A-2024-11-58;10/11/2024;09:50;VOLCADURA;CHOQUE;1;0;CARRETERA VIA INGRESO A CHIGUATA KM. 2 0.70;VIA INGRESO AL DISTRITO DE CHIGUATA;-16.395789;-71.453828;SOLEADO;NO IDENTIFICA LA CAUSA;;;EN INVESTIGACION
A-2024-11-61;18/11/2024;04:00;DESPISTE;CHOQUE Y VOLCADURA;1;1;KM. 121 500 CARRETERA AREQUIPA JULIACA;CARRETERA AQP-JULIACA SAN ANTONIO DE CHUCA IMATA;-16.054299;-71.34091;DESPEJADO;NO IDENTIFICA LA CAUSA;;;EN TRAMITE
A-2024-11-62;18/11/2024;04:10;DESPISTE;CHOQUE SUBSECUENTE MUERTE;1;0;AV. LOS INCAS URB. PABLO VI II ETAPA J-11 CERCADO;URB. PABLO VI II ETAPA J-11 CERCADO;-16.41893448;-71.5363114004626;DESPEJADO;NO IDENTIFICA LA CAUSA;;;EN INVESTIGACION
A-2024-11-63;17/11/2024;18:30;CHOQUE;FATAL;1;1;CARRETERA ACORA PALLALLA;ACORA;-15.96429;-69.793146;;;;;
A-2024-11-64;18/11/2024;22:00;CHOQUE FUGA;FUGA;1;0;CARRETERA PANAMERICANA SUR PUNO-DESAGUADERO;KM. 1436;-16.218194;-69.492569;;;;;
A-2024-11-65;16/11/2024;04:00;CHOQUE;DESPISTE Y VOLCADURA;1;8;KM. 144 100 DE LA CARRETERA AREQUIPA JULIACA;HITO DE KILOMETRAJE 144;-15.97156;-71.202597;DESPEJADO;NO IDENTIFICA LA CAUSA;;;EN INVESTIGACION
A-2024-11-66;24/11/2024;07:30;ATROPELLO;ATROPELLO CON SUBSECUENTE MUERTE Y FUGA;1;0;KM. 34 420 DE LA VARIANTE DE UCHUMAYO;FRONTIS DE ACEROS AREQUIPA;-16.40649;-71.59713;DESPEJADO;NO IDENTIFICA LA CAUSA;;;EN INVESTIGACION
A-2024-11-67;11/11/2024;18:30;CHOQUE;-;1;0;CARRETERA FERNANDO BELAUNDE TERRY KM 484 126;-;-6.044246;-77.050903;DESPEJADO;IMPERICIA DEL CONDUCTOR;;;
A-2024-11-68;16/11/2024;18:40;DESPISTE;-;2;0;AV. AMERICA SUR ALTURA DEL OVALO GRAU;-;-8.123155924;-79.0226551181;DESPEJADO;NO IDENTIFICA LA CAUSA;;;
A-2024-11-69;17/11/2024;09:27;CHOQUE;-;1;0;INTERSECCION DE LA AV. 12 DE NOVIEMBRE CON LA AV. LAS MAGNOLIAS;-;-8.071829813;-79.0209893475;DESPEJADO;NO IDENTIFICA LA CAUSA;;;
A-2024-11-70;17/11/2024;16:20;CHOQUE;-;1;1;AV. MIGUEL GRAU ALTURA DEL GRIFO PLUS PETROL;-;-8.041783888;-79.0589490404;DESPEJADO;NO IDENTIFICA LA CAUSA;;;
A-2024-11-71;19/11/2024;06:15;CHOQUE;-;1;0;CARRETERA PANAMERICANA NORTE ALTURA DEL KM. 497.1;-;-8.565308277;-78.67376457322652;DESPEJADO;NO IDENTIFICA LA CAUSA;;;
A-2024-11-72;20/11/2024;15:30;ATROPELLO;-;1;0;CARRETERA PANAMERICANA NORTE ALTURA DE LA EMPRESA DE TRANSPORTE TURISMO ;-;-8.541970549;-78.681222248212;DESPEJADO;NO IDENTIFICA LA CAUSA;;;
A-2024-11-73;23/11/2024;20:20;DESPISTE;-;1;0;CARRETERA DE ACCESO AL CASERIO NAUBAMBA S/N;-;-7.791630621;-78.44046233250823;DESPEJADO;NO IDENTIFICA LA CAUSA;;;
A-2024-11-74;25/11/2024;19:05;DESPISTE;-;1;1;CARRETERA DE PENETRACION A LA SIERRA LIBERTEÑA ALTURA DEL KM. 22;-;-8.05654789;-78.8538187225;DESPEJADO;NO IDENTIFICA LA CAUSA;;;
A-2024-11-75;26/11/2024;20:00;DESPISTE;-;1;0;CARRETERA PANAMERICANA NORTE ALTURA DEL KM. 610.3;-;-7.816319375;-79.17686303703032;DESPEJADO;NO IDENTIFICA LA CAUSA;;;
A-2024-11-76;29/11/2024;22:00;DESPISTE;-;1;2;CARRETERA DE ACCESO AL CASERIO LLACAMATE S/N;-;-8.466693959;-78.38256954450443;DESPEJADO;NO IDENTIFICA LA CAUSA;;;
A-2024-11-77;23/11/2024;10:20;CHOQUE;-;11;37;CARRETERA FERNANDO BELAUNDE TERRY KM 513 500;-;-6.133045;-76.841275;DESPEJADO;IMPRUDENCIA DEL CONDUCTOR;EXCESO DE VELOCIDAD;;
A-2024-11-78;20/11/2024;22:30;CHOQUE;CHOQUE POR ALCANCE, DESPISTE FATAL LESIONES Y DAÑOS MATERIALES;4;14;KM.873 C. P. SUR;CERCA A LA PRADERA DORADA VIVA URBANA LA PUNTA CAMANA;-16.544919;-72.544892;DESPEJADO;NO IDENTIFICA LA CAUSA;;;EN INVESTIGACION
A-2024-11-80;28/11/2024;01:20;CHOQUE CON OBJETO FIJO;;1;0;AV. LAS PEÑAS FRONTIS DE LA ASOCIACION SA FRANCISCO;INGRESO A LA ASOCIACION SAN FRANCISCO;-16.45814;-71.5415;DESPEJADO;NO IDENTIFICA LA CAUSA;;;EN INVESTIGACION
A-2024-11-81;08/11/2024;14:00;DESPISTE;Y VOLCADURA;1;0;CARRETERA MANTA - HUANDO;LUGAR DENOMINADO TASTAPUCRO;-12.60956669;-75.20950468063636;DESPEJADO;EN PROCESO DE INVESTIGACIÓN;NO CUENTA CON CAUSA ESPECIFICA;;NINGUNA
A-2024-11-82;10/11/2024;03:40;DESPISTE;VOLCADURA;2;1;CARRETERA ANEXO CORRALPAMPA - HUACHOCOLPA;KM 6 980;-13.06009837;-74.94368758531259;DESPEJADO;EN PROCESO DE INVESTIGACIÓN;NO CUENTA CON CAUSA ESPECIFICA;;NINGUNA
A-2024-11-83;14/11/2024;07:00;DESPISTE;VOLCADURA;1;0;CARRETERA MANTACRA A PAMPAS;KM 45 360;-12.52326253;-74.86685155548146;DESPEJADO;EN PROCESO DE INVESTIGACIÓN;NO CUENTA CON CAUSA ESPECIFICA;;NINGUNA
A-2024-11-84;30/11/2024;20:00;CAÍDA DE PASAJERO;-;1;0;CARRETERA DE PENETRACION  A LA SIERRA LIBERTEÑA ALTURA DEL KM. 3.8;-;-8.11019179;-78.99746954;DESPEJADO;NO IDENTIFICA LA CAUSA;;;
A-2024-11-85;23/11/2024;10:00;ATROPELLO;;1;0;MITOBAMBA;;-13.40976296;-73.66406618;DESPEJADO;IMPRUDENCIA DEL PEATÓN;OTRO (IMPRUDENCIA DEL PEATÓN);;
A-2024-11-86;02/11/2024;05:00;DESPISTE;VEHICULO D PLACA DE RODAJE Z4E848 SE DESPLAZA POR LA VIAEN SENTIDO SUR A NORTE SALIDA DE LA CURVA LIGERA  LA CUAL LA CUAL HA GENERADO HUELLA TIPO SURCO  EN LA FRANJA LATERAL  DERCHA INICIEANDO EL DESPISTE  Y VOLCADURA  EN TONEL EN VUELTA NO DETERMINADO ;2;0;DE LA RED VIAL REGIONAL HUAMBUTIO TRAMO CUSCO MANU  MADRE DE DIOS  KILOMETRO 67 MAS 630 COMUNIDAD PAPAURA  DISTRITO DE PAUCARTAMBO  CUSCO ;KILOMETRO 67MAS 630;-13.3294816;-71.586297604714;DESPEJADO;IMPRUDENCIA DEL CONDUCTOR;EXCESO DE VELOCIDAD;;NINGUNA
A-2024-11-87;04/11/2024;04:30;DESPISTE;VOLCADURA;1;0;ANEXO PAJONAL;CARRETERA AYACUCHO ANDAHUAYLAS KM. 506;-13.423;-73.856;DESPEJADO;IMPRUDENCIA DEL CONDUCTOR;EXCESO DE VELOCIDAD;;SIN OBSERVACIONES
A-2024-11-88;19/11/2024;14:40;ATROPELLO;;1;0;AV. POMAYLLA;ALTURA DE LA MADERERA CARPINTERIA QUISPE GOMEZ;-13.13083092;-74.2337284647894;DESPEJADO;IMPRUDENCIA DEL PEATÓN;CRUCE INDEBIDO POR LA CALZADA;;PEATON SE LANZO AL VEHICULO
A-2024-11-89;25/11/2024;17:20;CHOQUE;DESPISTE VOLCADURA;1;1;CARRETERA VIA LOS LIBERTADORES;TUNSULLA;-13.349265;-74.396867;DESPEJADO;IMPRUDENCIA DEL CONDUCTOR;FATIGA Y/O CANSANCIO;;SIN OBSEVACIONES
A-2024-11-90;09/11/2024;15:30;DESPISTE;VOLCADURA Y CAIDA DE OCUPANTE;1;0;CRRETERA VIA AYACUCHO VILCASHUAMAN;;-13.474216;-74.15412;DESPEJADO;IMPRUDENCIA DEL CONDUCTOR;CONDUCIR EN ESTADO DE EBRIEDAD Y/O DROGADICCIÓN;;SIN OBSERVACIONES
A-2024-11-91;02/11/2024;21:30;ATROPELLO FUGA;EN INVESTIGACIÓN;1;0;CARRETERA PANAMERICANA NORTE;KM. 154.725;-11.06286;-77.5882;DESPEJADO;NO IDENTIFICA LA CAUSA;;;EN LA FISCALÍA
A-2024-11-92;17/11/2024;21:00;CHOQUE;CHOQUE FRONTAL;1;2;CARRETERA TRASVERSAL EL PARAISO - IRRIGACIÓN SANTA ROSA;KM. 12.500;-11.23303;-77.39902;DESPEJADO;IMPRUDENCIA DEL CONDUCTOR;CONDUCIR EN ESTADO DE EBRIEDAD Y/O DROGADICCIÓN;;NINGUNA
A-2024-11-93;03/11/2024;09:58;CHOQUE;VOLCADURA Y CAIDA;1;0;PANAMERICANA SUR KM 24.200;;-12.24741034;-76.93467601123427;DESPEJADO;EN PROCESO DE INVESTIGACIÓN;NO CUENTA CON CAUSA ESPECIFICA;;
A-2024-11-94;07/11/2024;17:20;DESPISTE;CHOQUE Y ATROPELLO;1;0;AMPLIACION DE LA AUTOPISTA RAMIRO PRIALE ALT. DE LA MZ D LTE. 01;ALT. DE LA MZ D LTE. 01;-12.02089764;-76.93441268832746;DESPEJADO;EN PROCESO DE INVESTIGACIÓN;NO CUENTA CON CAUSA ESPECIFICA;;
A-2024-12-1;01/12/2024;12:30;DESPISTE;CHOQUE -DESPISTE-VOLCADURA;1;0;CARRETERA MOTILONES KM 15 480;ALTURA DEL INGRESO AL  CASERIO NUEVO SULLALLA;-5.972148;-76.978324;DESPEJADO;IMPERICIA DEL CONDUCTOR;;;
A-2024-12-10;12/12/2024;08:30;DESPISTE;VOLCADURA FATAL LESIONES Y DAÑOS MATERIALES;3;1;CARRETERA CABANACONDE TAPAY ANEXO BELEN;ANEXO BELEN;-15.58493;-71.99596;DESPEJADO;NO IDENTIFICA LA CAUSA;;;NO
A-2024-12-11;23/12/2024;19:30;ATROPELLO FUGA;ATROPELLO Y FUGA;1;0;CARRETERA FERNANDO BELAUNDE TERRY KM 451 700;ALTURA AL GRIFO SUD AMERICA;-5.951484;-77.302217;DESPEJADO;IMPRUDENCIA DEL PEATÓN;OTRO (IMPRUDENCIA DEL PEATÓN);;
A-2024-12-12;15/12/2024;10:20;CHOQUE;MUERTE Y DAÑOS MATERIALES;1;3;ALTURA DEL KM.123 800 DE LA CARRETERA AREQUIPA JULIACA;HITO DE KILOMETRAJE;-16.04552;-71.32347;DESPEJADO;NO IDENTIFICA LA CAUSA;;;NO
A-2024-12-13;19/12/2024;20:40;VOLCADURA;MUERTE Y DAÑOS MATERIALES;1;0;AV. VENEZUELA CDRA N 09 CERCADO AREQUIPA;AV. VENEZUELA CDRA 9;-16.407981;-71.52609;DESPEJADO;NO IDENTIFICA LA CAUSA;;;NO
A-2024-12-14;25/12/2024;18:55;ATROPELLO;FATAL;1;0;CARRETERA PANAMERICANA SUR PUNO - DESAGUADERO;KM. 1409;-16.08563835;-69.64535948596881;;;;;
A-2024-12-15;19/12/2024;22:15;CHOQUE;DESPISTE Y VOLCADURA;1;0;INTERSECCION CALLE CUZCO LA RONDA CARMEN ALTO CAYMA;;-16.375922;-71.538848;DESPEJADO;NO IDENTIFICA LA CAUSA;;;NO
A-2024-12-16;23/12/2024;20:45;ATROPELLO FUGA;ATROPELLO Y FUGA;1;0;CARRETERA FERNANDO BELAUNDE TERRY KM 427 800;SECTOR EL PIÑAL;-6.048527;-77.175421;DESPEJADO;EN PROCESO DE INVESTIGACIÓN;NO CUENTA CON CAUSA ESPECIFICA;;SE INVESTIGA
A-2024-12-17;17/12/2024;18:30;DESPISTE;VOLCADURA;1;0;KM. 119 200 VIA CABANACONDE HUAMBO SECTOR DENOMINADO PACCHILCA;;-15.724063;-72.100145;NUBLADO;NO IDENTIFICA LA CAUSA;;;NO
A-2024-12-18;21/12/2024;04:15;DESPISTE;CHOQUE;2;3;CARRETERA INGRESO A LA ENSENADA A 500 METROS DE LA CURVA;CARRETERA INGRESO A LA ENSENADA A 600 M DEL CRUCE A LA PUNTILLA;-17.128624;-71.849252;NUBLADO;NO IDENTIFICA LA CAUSA;;;NO
A-2024-12-19;22/12/2024;20:45;CHOQUE;FATAL Y DAÑOS MATERIALES;1;0;CENTRO POBLADO LA COLINA ALTURA MZ 01 LT 10 MAJES CAYLLOMA;ALTURA MZ 01 LT 10 MAJES CAYLLOMA AREQUIPA;-16.343103;-72.173302;DESPEJADO;NO IDENTIFICA LA CAUSA;;;NO
A-2024-12-2;07/12/2024;03:30;DESPISTE;DESPISTE VOLCADURA SUBSECUENTE MUERTE Y DAÑOS MATERIALES;1;28;ALTURA DEL KM. 943 100 DE LA PANAMERICANA SUR;HITO DE KILOMETRAJE  943;-16.4272;-72.01706;DESPEJADO;NO IDENTIFICA LA CAUSA;;;NO 
A-2024-12-20;21/12/2024;11:30;CHOQUE;.;1;4;CARRETERA PANAMERICANA NORTE. 1282.7;ALTURA DEL AA.HH ALAN GARCIA.;-3.522961419;-80.34891844236797;SOLEADO;IMPRUDENCIA DEL CONDUCTOR;CONDUCIR EN SENTIDO CONTRARIO;;
A-2024-12-21;30/12/2024;04:30;CHOQUE;VOLCADURA;1;0;KM. 14 DE LA VIA INTEROCEANICA SUR;KM 14;-16.42796;-71.6918;DESPEJADO;NO IDENTIFICA LA CAUSA;;;NO
A-2024-12-22;01/12/2024;04:00;CHOQUE FUGA;.;1;1;CARRETERA PANAMERICANA NORTE. KM 1282.7;ALTURA DELA COMERCIALIZADORA SALEM ;-3.604947879;-80.49963073841164;DESPEJADO;IMPRUDENCIA DEL CONDUCTOR;OTRO (IMPRUDENCIA DEL CONDUCTOR);FALTA DE CUIDADO Y PREVENCION ;
A-2024-12-23;31/12/2024;06:00;CHOQUE FUGA;FUGA DE CONDUCTOR;1;1;CARRETERA NUEVA PUNO-JULIACA KM. 29 900;ALTURA DEL SECTOR HUERTA HUARAYA;-15.77895502;-70.03513810535165;;;;;
A-2024-12-24;01/12/2024;04:20;CHOQUE;.;1;0;AVENIDA CENTENARIO EN LA PRIMERA CUADRA ;ALTURA DEL CRUCE CORRALES ;-3.597918307;-80.48435359240293;DESPEJADO;IMPRUDENCIA DEL CONDUCTOR;OTRO (IMPRUDENCIA DEL CONDUCTOR);FALTA DE CUIDADO Y PREVENCION ;
A-2024-12-25;31/12/2024;04:50;ATROPELLO;FATAL Y DAÑOS MATERIALES;1;0;KM. 131 DE LA COSTANERA SUR;HITO DE KILOMETRAJE 131;-17.14855;-71.79622;DESPEJADO;NO IDENTIFICA LA CAUSA;;;NO
A-2024-12-26;30/12/2024;21:00;DESPISTE;VOLCADURA;1;1;CARRETERA MARCAS - CAJAMARCA;LUGAR DENOMINADO LEOGAGA;-13.2866829;-75.53275948163703;DESPEJADO;EN PROCESO DE INVESTIGACIÓN;NO CUENTA CON CAUSA ESPECIFICA;;NINGUNA
A-2024-12-27;01/12/2024;12:45;ATROPELLO;EL VEHICULO CIRCULSBS POR EL CSTRRIL DEL SUR EN SENTIDO DE OESTE A ESTE  CIRCUMSTANCIAS QUE EL PEATON SE DESPLAZABA EN EL MISMO SENTIDO , CUANDO INTENTO CRUZAR  AL EXTREMO NORTE SE MATERIALIZO EL EVENTO ;1;0;CARRETERA ANCAHUASI ANTA ;SECTOR CHAQUILCASA - ANTA ;-13.462123;-72.28831;DESPEJADO;IMPRUDENCIA DEL PEATÓN;OTRO (IMPRUDENCIA DEL PEATÓN);IMPRUDENCIA  DEL PEATON ;NINGUNO
A-2024-12-28;17/12/2024;19:15;ATROPELLO;EL VEHICULO OMNIBUS CON PLACA DE RODAJE B0O-967 SE DESPLSABA POR LA VIA EN SENTIDO DE EWSTE A OESTE  EN CUIRCUNSTANCIA QUE EL PEATON  INGRESA A LA VIA SIN MEDIR EL PELIGRO ;1;0;TRAMO CARRETERO COMBAPATA SICUANI  SECTOR DENOMINADO LARIPAMPA;COMUNIDAD  DE LARIPAMPA ;-14.226097;-71.282502;DESPEJADO;IMPRUDENCIA DEL PEATÓN;CRUCE INDEBIDO POR LA CALZADA;;NINGUNA
A-2024-12-29;17/12/2024;19:30;CHOQUE;EL CAMION VOLQUETE REALIZABA EL GIRO HACIA SU LADO IZQUIERDO Y LA MOTOCICLETA INTENTABA ADELANTARLO POR EL LADO IZQUIERDO  PRODUCIENDO EL IMPACTO;1;0;AVENIDA PERU DE KOSÑIPATA;DISTRITO DE KOSÑIPATA;-12.9276363;-71.4035036;DESPEJADO;IMPERICIA DEL CONDUCTOR;;;NINGUNA
A-2024-12-3;06/12/2024;05:45;CHOQUE FUGA;CHOQUE, FUGA Y VOLCADURA;1;0;CARRETERA PANAMERICANA NORTE KM 80 734;FRENTE DEL GRIFO EL NEGRO;-11.5766921;-77.2624778;;;;;
A-2024-12-30;08/12/2024;07:00;CHOQUE;;1;0;ANTIGUA CARRETERA PANAMERCANA SUR KM 207;KM 207;-13.51293184;-76.14193829;;;;;
A-2024-12-31;08/12/2024;22:00;CHOQUE;CHOQUE FRONTAL;1;0;ANTIGUA CARRETERA PANAMERICANA SUR KM 199 900;;-13.44978188;-76.13609755;;;;;
A-2024-12-32;30/12/2024;00:25;ATROPELLO;CON PROYECCION VOLTEO;1;0;CARRETERA PANAMERICANA SUR ;ALTURA KM 201;-13.458554;-76.136397;;;;;
A-2024-12-33;02/12/2024;07:10;CHOQUE;-;3;0;CARRETERA PANAMERICANA NORTE ALTURA DEL KM. 577.1;-;-8.064350172;-79.0904013872;DESPEJADO;NO IDENTIFICA LA CAUSA;;;
A-2024-12-34;02/12/2024;06:10;DESPISTE;-;1;0;CARRETERA DE ACCESO AL CPM MARISCAL CASTILLA S/N;-;-7.301119844;-79.41004905909178;DESPEJADO;NO IDENTIFICA LA CAUSA;;;
A-2024-12-35;04/12/2024;12:10;CHOQUE;-;3;0;CARRETERA DE PENETRACION  A LA SIERRA LIBERTEÑA ALTURA DEL KM. 132.6;-;-7.987232;-78.268777;DESPEJADO;NO IDENTIFICA LA CAUSA;;;
A-2024-12-36;03/12/2024;17:20;CHOQUE;-;2;0;INTERSECCION ENTRE LAS CALLE JOSE BIJAS Y PASAJE FRANCISCO DE ZELA;-;-8.085778911;-78.9968245909;DESPEJADO;NO IDENTIFICA LA CAUSA;;;
A-2024-12-37;05/12/2024;07:45;DESPISTE;-;2;0;CARRETERA DE ACCESO  A ZARUMILLA S/D;-;-7.759878254;-77.59461697132812;DESPEJADO;NO IDENTIFICA LA CAUSA;;;
A-2024-12-38;06/12/2024;21:30;DESPISTE;-;1;0;CARRETERA PANAMERICANA NORTE ALTURA DEL KM. 610.5;-;-7.721090767;-79.30876836899603;DESPEJADO;NO IDENTIFICA LA CAUSA;;;
A-2024-12-39;06/12/2024;23:30;ATROPELLO;-;1;0;CARRETERA PANAMERICANA NORTE ALTURA DEL KM. 498;-;-8.536667815;-78.6796623287607;DESPEJADO;NO IDENTIFICA LA CAUSA;;;
A-2024-12-4;08/12/2024;01:25;CHOQUE;CHOQUE CON VOLCADURA;1;1;PANAMERICANA NORTE KM 80;INGRESO AL CEMENTERIO;-11.5645605;-77.2652412;DESPEJADO;EN PROCESO DE INVESTIGACIÓN;NO CUENTA CON CAUSA ESPECIFICA;;ACCIDENTE DE TRANSITO EN PROCESO INVESTIGATORIO
A-2024-12-40;07/12/2024;19:00;CHOQUE;-;1;0;CARRETERA DE ACCESO A CAJAMARCA ALTURA DEL KM. 01;-;-7.304353956;-79.46374628680131;DESPEJADO;NO IDENTIFICA LA CAUSA;;;
A-2024-12-41;08/12/2024;06:00;DESPISTE;-;1;0;CARRETERA DE ACCESO AL SECTOR TISAL S/D;-;-8.371921636;-78.53529204635618;DESPEJADO;NO IDENTIFICA LA CAUSA;;;
A-2024-12-42;11/12/2024;06:00;CHOQUE;-;1;0;CARRETERA DE ACCESO A CAJAMARCA ALTURA DEL KM. 03;-;-7.30510434;-79.4487724323;DESPEJADO;NO IDENTIFICA LA CAUSA;;;
A-2024-12-43;12/12/2024;10:00;DESPISTE;-;2;0;CARRETERA DE ACCESO AL SECTOR CHIVANE S/N;-;-7.05766999;-77.76739414398182;DESPEJADO;NO IDENTIFICA LA CAUSA;;;
A-2024-12-44;12/12/2024;19:00;CHOQUE;-;1;0;CARRETERA PANAMERICANA NORTE ALTURA DEL KM. 499;-;-8.541219465;-78.6757678961301;;;;;