COD_ACCIDE;FechaDelAccidente;HoraDelAccidente;ClaseDelAccidente;SecuenciaAccidente;CantidadDeFallecidos;CantidadDeLesionados;Direccion;LugarReferencia;y;x;CondClimatica;CausaFactorPrincipal;CausaEspecifica;OtraCausa;Observaciones
A-2024-12-45;16/12/2024;10:30;ATROPELLO;-;1;0;AV. 4  MERCADO ALAN GARCIA;-;-8.067477408;-79.02971777205885;DESPEJADO;NO IDENTIFICA LA CAUSA;;;
A-2024-12-46;20/12/2024;21:11;CHOQUE;-;1;2;CARRETERA PANAMERICANA NORTE ALTURA DEL KM. 510;-;-8.46850797;-78.7146593209329;DESPEJADO;NO IDENTIFICA LA CAUSA;;;
A-2024-12-47;22/12/2024;16:00;DESPISTE;-;1;0;CARRETERA DE PENETRACION  A LA SIERRA LIBERTEÑA ALTURA DE LA LAGUNA SAUSACOCHA;-;-7.802626987;-77.9850340908513;DESPEJADO;NO IDENTIFICA LA CAUSA;;;
A-2024-12-48;22/12/2024;23:00;DESPISTE;-;1;0;CARRETERA DE ACCESO AL SECTOR SANTA ROSA S/N;-;-7.1758284;-79.53334618043105;DESPEJADO;NO IDENTIFICA LA CAUSA;;;
A-2024-12-49;22/12/2024;23:45;CHOQUE;-;2;0;CARRETERA PANAMERICANA NORTE ALTURA DEL KM. 695;-;-7.308045;-79.480443;DESPEJADO;NO IDENTIFICA LA CAUSA;;;
A-2024-12-5;10/12/2024;10:00;CHOQUE;DESPISTE;1;0;CARRETERA PANAMERICANA SUR KM. 967 910;FRENTE A EMPRESA KONATSU;-16.499251;-71.832093;SOLEADO;NO IDENTIFICA LA CAUSA;;;NO
A-2024-12-50;23/12/2024;01:45;DESPISTE;-;1;0;CARRETERA DE ACCESO AL CRUCE SAN JOSE - PUENTE OLIVARES;-;-7.332367;-79.483705;DESPEJADO;NO IDENTIFICA LA CAUSA;;;
A-2024-12-51;23/12/2024;19:10;CHOQUE;-;1;0;CARRETERA PANAMERICANA NORTE ALTURA DEL KM. 577.1;-;-8.029855318;-79.07903724648602;DESPEJADO;NO IDENTIFICA LA CAUSA;;;
A-2024-12-52;25/12/2024;22:00;DESPISTE;-;1;0;CARRETERA DE ACCESO AL ANEXO LAMAS S/N;-;-8.010359468;-77.48207677839993;DESPEJADO;NO IDENTIFICA LA CAUSA;;;
A-2024-12-53;26/12/2024;19:00;DESPISTE;-;1;0;CARRETERA PANAMERICANA NORTE ALTURA DEL KM. 475;-;-8.742936446;-78.6345236385906;DESPEJADO;NO IDENTIFICA LA CAUSA;;;
A-2024-12-54;27/12/2024;09:15;DESPISTE;-;1;0;CARRETERA PANAMERICANA NORTE ALTURA DEL KM. 683.3;-;-7.237887618;-79.45848259785363;DESPEJADO;NO IDENTIFICA LA CAUSA;;;
A-2024-12-55;28/12/2024;15:30;CHOQUE;-;1;0;CARRETERA DE PENETRACION  A LA SIERRA LIBERTEÑA ALTURA DEL KM. 21.5;-;-8.053290726;-78.8521240294;DESPEJADO;NO IDENTIFICA LA CAUSA;;;
A-2024-12-56;29/12/2024;10:00;CHOQUE;-;1;0;CARRETERA DE PENETRACION  A LA SIERRA LIBERTEÑA ALTURA DEL KM. 33.5;-;-8.001236594;-78.7850304464361;DESPEJADO;NO IDENTIFICA LA CAUSA;;;
A-2024-12-57;31/12/2024;04:30;CHOQUE;-;1;0;CARRETERA PANAMERICANA NORTE ALTURA DEL KM. 722.8;-;-7.124171777;-79.4818287937992;DESPEJADO;NO IDENTIFICA LA CAUSA;;;
A-2024-12-58;27/12/2024;05:00;DESPISTE;;2;0;YANAYACU;;-13.668528;-73.193024;NIEBLA;IMPRUDENCIA DEL CONDUCTOR;EXCESO DE VELOCIDAD;;
A-2024-12-59;27/12/2024;16:00;CHOQUE;;1;1;MANCHANA;;-13.5612136;-73.63313123874583;SOLEADO;IMPRUDENCIA DEL CONDUCTOR;INVASIÓN DE CARRIL;;Q
A-2024-12-6;10/12/2024;18:45;DESPISTE;CHOQUE, VOLCADURA;1;2;CARRETERA COSTANERA SUR KM. 172 500 PUNTA DE BOMBON;;-17.246461;-71.545433;NUBLADO;NO IDENTIFICA LA CAUSA;;;NO
A-2024-12-60;26/12/2024;08:30;DESPISTE;VEHICULO MENOR SE DESPLAZA POR LA VIA TROCHA CARROSABLE EN SUENTIDO DE SUR A NORTE DONDE EN VIA SE DESPISTA ;1;0;CARRETERA CARROSABLE PAUCARTAMBO COMUNIDAD DE UMANA KM.39 MAS 84;KILOMETRO 39MAS84;-13.45601266;-71.4489328303511;DESPEJADO;IMPRUDENCIA DEL CONDUCTOR;EXCESO DE VELOCIDAD;;NINGUNA
A-2024-12-61;23/12/2024;17:30;VOLCADURA;EL VEHICULO DE PLACA DE RODAJE  X6S SE DESPLSABA POR LA VIA DE CONFIGURACION CURVASEGUIDO DE UNA RECTA Y PLANA EN EL SENTIDO  DE OESTE A ESTEV  EN EL KILOMETRO 1033 MAS 600EL ONDUCTOR DE ESTA UNIDAD AL SALIR DE LA CURVA PIERDE EL CONTROL DE SU VEHICULO, DONDE SIGSAGEA HACIA SU LADO IZQUIERDO PARA LU;2;15;TRAMO URCOS QUIQUIJANA  ALTURA DEL SECTOR HURAYPATA KILOMETRO 1033 MAS 6000;KILOMETRO 1033 MAS 600;-13.787663;-71.563233;LLUVIOSO;IMPRUDENCIA DEL CONDUCTOR;EXCESO DE VELOCIDAD;;NINGUNA
A-2024-12-62;22/12/2024;01:30;VOLCADURA;EL VEHICULO MENOR CIRCULABA DE OESTE A ESTE AL ENFRENTAR EL REDUCTOR DE VELOCIDAD PIERDE EL CONTROL Y VOLCARSE, PRESUMIBLEMENTE POR SU ESTADO DE EBRIEDAD;1;0;DISTRITO DE SANJERONIMO VIA DE EVITAMIENTO;ALTURA DEL PUENTE PEATONAL VERSALLE;-13.548362;-71.893964;DESPEJADO;IMPRUDENCIA DEL CONDUCTOR;CONDUCIR EN ESTADO DE EBRIEDAD Y/O DROGADICCIÓN;;NINGUNA
A-2024-12-63;09/12/2024;08:31;CHOQUE;LA COLISION ENTERE DOS VEHICULOS ENTERE VEHICULO MENOR Y UN MENOR EN UNA CURVA CERRADA;1;1;SECTOR PIÑARES  EL ARENAL KILOMETRO 76;KILOMETRO 72;-12.654692;-72.345679;DESPEJADO;IMPRUDENCIA DEL CONDUCTOR;EXCESO DE VELOCIDAD;;NINGUNA
A-2024-12-65;04/12/2024;20:20;ATROPELLO;FATAL;1;0;AV. VELASQUEZ CON CALLE 76- MANCHAY;;-12.12122458;-76.8727343792582;DESPEJADO;EN PROCESO DE INVESTIGACIÓN;NO CUENTA CON CAUSA ESPECIFICA;;
A-2024-12-66;05/12/2024;22:20;DESPISTE;CHOQUE, VOLCADURA Y CAIDA FATAL;1;2;ANTIGUA CARRETERA PANAMERICANA SUR KM.55.500;;-12.3998729;-76.75794493912079;DESPEJADO;EN PROCESO DE INVESTIGACIÓN;NO CUENTA CON CAUSA ESPECIFICA;;
A-2024-12-67;05/12/2024;12:45;ATROPELLO;FATAL;1;0;CARRETERA CENTRAL KM. 16 ALTRA. GRIFO PRIMAX;;-12.00245827;-76.84165583396636;DESPEJADO;IMPRUDENCIA DEL CONDUCTOR;OTRO (IMPRUDENCIA DEL CONDUCTOR);OTROS: SIN ADOPTAR MEDIDAS DE PREVENCIÓN EN SU ENTORNO DE SEGURIDAD;
A-2024-12-68;05/12/2024;20:30;ATROPELLO;FATAL;1;0;AV. BRASIL CON LA AV. SAN FELIPE;;-12.0807528;-77.05822341740915;DESPEJADO;IMPRUDENCIA DEL PEATÓN;DESACATO DE SEÑAL DE TRÁNSITO;;
A-2024-12-69;11/12/2024;15:30;CHOQUE;;1;0;CARRETERA INTEROCEANICA ;CCOYCAPAMPA VADO;-14.646467;-74.310035;LLUVIOSO;IMPRUDENCIA DEL CONDUCTOR;EXCESO DE VELOCIDAD;;SIN OBSERVACIONES
A-2024-12-7;07/12/2024;21:00;ATROPELLO FUGA;FUGA;1;0;CARRETERA PANAMERICANA SUR PUNO-DESAGUADERO;KM. 1431 500, INMEDIACIONES COMUNIDAD HUARAHUARANI;-16.19617;-69.523736;;;;;
A-2024-12-70;03/12/2024;05:45;CHOQUE FUGA;FATAL;1;0;"AV. ALFREDO MENDIOLA CUADRA 35 (REF; FRENTE A MEGA PLAZA)";;-11.99276344;-77.06414031914186;DESPEJADO;EN PROCESO DE INVESTIGACIÓN;NO CUENTA CON CAUSA ESPECIFICA;;
A-2024-12-8;10/12/2024;08:50;CHOQUE;MUERTE LESIONES Y DAÑOS MATERIALES;1;2;AV. BOLOGNESI PRIMERA CUADRA DE CAYMA;A UNA CUADRA DE LA PLAZA DE CAYMA;-16.3811419;-71.5451439;DESPEJADO;NO IDENTIFICA LA CAUSA;;;NO
A-2024-12-9;16/12/2024;02:10;ATROPELLO;FUGA CON CONSECUENCIA FATAL;1;0;VIA EVITAMIENTO PRIMERA CUADRA;FRENTE EMPRESA FEMACO;-16.345909;-71.581558;DESPEJADO;NO IDENTIFICA LA CAUSA;;;NO
A-2025-01-1;03/01/2025;23:30;CHOQUE;CHOQUE;1;1;CARRETERA PANAMERICANA NORTE KM 98 334;CERCA A LA BASE DEL HATILLO;-11.4491108;-77.3405447;DESPEJADO;EN PROCESO DE INVESTIGACIÓN;NO CUENTA CON CAUSA ESPECIFICA;;CHOQUE CON CONSECUENCIA FATAL, LESIONES Y DAÑOS MATERIALES
A-2025-01-10;07/01/2025;22:40;VOLCADURA;FATAL Y DAÑOS MATERIALES;1;0;KM.996 CARRETERRA PANAMERICANA SUR;FRENTE A LA ASOC. DE VIV. PANAMERICANA SUR;-16.693724;-71.870564;DESPEJADO;NO IDENTIFICA LA CAUSA;;;NO
A-2025-01-11;11/01/2025;20:00;DESPISTE;VOLCADURA;1;0;CARRETERA ENTRADA AL C.P. CHUACHUA;ZEPITA;-16.454531;-69.138518;;;;;
A-2025-01-12;12/01/2025;23:26;DESPISTE;CHOQUE Y VOLCADURA;1;2;CARRETERA PANAMERICANA SUR PUNO - DESAGUADERO;KM. 1366 340;-15.85397995;-69.97491172726299;;;;;
A-2025-01-13;11/01/2025;23:05;ATROPELLO;FATAL;1;0;VIA DE EVITAMIENTO KM. 3 FRONTIS DEL MERCADO ACOMARE;MERCADO ACOMARE;-16.37993;-71.57551;DESPEJADO;NO IDENTIFICA LA CAUSA;;;NO
A-2025-01-14;14/01/2025;18:00;CHOQUE;CHOQUE CON CONSECUENCIA FATAL Y DAÑOS MATERIALES;1;0;KM 91 250 CARRETERA PANAMEERIACAN NORTE;BAJADA DEL CEMENTERIO;-11.4938108;-77.3036347;DESPEJADO;EN PROCESO DE INVESTIGACIÓN;NO CUENTA CON CAUSA ESPECIFICA;;CHOQUE CON CONSECUENCIA FATAL Y DAÑOS MATERIALES.
A-2025-01-15;15/01/2025;20:20;CHOQUE;EN CADENA;1;1;CARRETERA PANAMERICANA SUR PUNO-DESAGUADERO;KM. 1503 900;-16.54591944;-69.0525388298758;DESPEJADO;IMPRUDENCIA DEL CONDUCTOR;CONDUCIR EN ESTADO DE EBRIEDAD Y/O DROGADICCIÓN;;
A-2025-01-16;18/01/2025;22:45;CHOQUE;FATLA, LESIONES Y DAÑOS MATERIALES;1;0;VIA DE EVITAMIENTO KM. 4 CERRO COLORADO;FRENTE A LA QUINTA EL CUTUTO;-16.364409;-71.577629;DESPEJADO;NO IDENTIFICA LA CAUSA;;;NO
A-2025-01-17;20/01/2025;00:25;FERROVIARIO;FATAL, LESIONES Y DAÑOS MATERIALES;1;1;KILOMETRO FERROVIARIO 141   200 SUB DIVISION 3 QUISHUARANI UCHUMAYO;FRONTIS A LA ASOC. DE VIVIENDA LA MOLINA;-16.40713;-71.72668;DESPEJADO;NO IDENTIFICA LA CAUSA;;;NO
A-2025-01-18;20/01/2025;05:30;CHOQUE;FATAL Y DAÑOS MATERIALES;1;0;INTERSECCIONES DE LAS MANZANAS B C F G DE LA ASOC. SANTA MARIA APTASA DEL DISTRITO DE CERRO COLORADO;EMPRESA AC PROYECTOS INDUSTRIALES;-16.34513208;-71.5845086956664;DESPEJADO;NO IDENTIFICA LA CAUSA;;;NO
A-2025-01-19;24/01/2025;16:00;ATROPELLO FUGA;FATAL Y LESIONES;1;1;CARRETERA HUARAL-LIMA KM. 9 444.70;CARRETERA HUARAL-LIMA;-11.5180094;-77.2053468;SOLEADO;EN PROCESO DE INVESTIGACIÓN;NO CUENTA CON CAUSA ESPECIFICA;;ATROPELLO Y FUGA CON CONSECUENCIA FATAL Y LESIONES
A-2025-01-2;03/01/2025;14:05;ATROPELLO;APLASTAMIENTO CON CONSECUENCIA FATAL;1;0;AV. EJERCITO FRONTIS DEL INMUEBLE NRO. 708 DISTRITO DE YANAHUARA;FRONTIS DEL INMUEBLE NRO. 708 DISTRITO DE YANAHUARA;-16.39016271;-71.5460038706564;DESPEJADO;NO IDENTIFICA LA CAUSA;;;NO
A-2025-01-20;22/01/2025;03:40;CHOQUE;FATAL LESIONES DAÑOS Y FUGA;1;0;KM. 93  500 CARRETERA AREQUIPA PUNO;KM. 93   500 CARRETERA AREQUIPA PUNO;-16.06732;-71.56131;DESPEJADO;NO IDENTIFICA LA CAUSA;;;NO
A-2025-01-21;20/01/2025;21:58;VOLCADURA;-;1;0;CARRETERA FERNANDO BELAUNDE TERRY KM 472 150;PUENTE TONCHIMA;-6.049593;-77.149162;DESPEJADO;EN PROCESO DE INVESTIGACIÓN;NO CUENTA CON CAUSA ESPECIFICA;;
A-2025-01-22;24/01/2025;05:30;DESPISTE;-;1;0;CARRETERA FERNANDO BELAUNDE TERRY KM 424 30;CASERIO TUMBARO;-5.767011;-77.447328;DESPEJADO;EN PROCESO DE INVESTIGACIÓN;NO CUENTA CON CAUSA ESPECIFICA;;
A-2025-01-23;25/01/2025;21:00;ATROPELLO FUGA;FUGA;1;0;CARRETERA PUNO-DESAGUADERO KM. 1380 860;SECTOR PIRAPI;-15.919678;-69.881995;;;;;
A-2025-01-24;01/01/2025;14:00;CHOQUE FUGA;VOLCADURA ;1;0;CALLE TARAPACA CUADRA 3 TUMBES ;. ;-3.56209503;-80.45761222849363;DESPEJADO;IMPRUDENCIA DEL CONDUCTOR;OTRO (IMPRUDENCIA DEL CONDUCTOR);FALTA DE CUIDADO Y PREVENCION ;
A-2025-01-25;03/01/2025;10:40;DESPISTE;VOLCADURA ;1;0;CARRETERA DE PENETRACION DEL DISTRITO DE CORRALES AL DISTRITO DE CASITAS.. KM 77.1;.;-4.061167;-80.702533;DESPEJADO;IMPRUDENCIA DEL CONDUCTOR;OTRO (IMPRUDENCIA DEL CONDUCTOR);FALLA MECANICA ;
A-2025-01-26;08/01/2025;05:30;ATROPELLO;.;1;0;CARRETERA PANAMERICANA NORTE. 1284;ALTURA DEL INGRESO CAMPO EXPERIMENTAL. ;-3.514474845;-80.31997737947555;DESPEJADO;IMPRUDENCIA DEL PEATÓN;CRUCE INDEBIDO POR LA CALZADA;;
A-2025-01-27;29/01/2025;17:15;ATROPELLO;FATAL;1;0;CARRETERA AREQUIPA PUNO KM. 16.5 YURA;KM. 16.5 CARRETERA AREQUIPA PUNO;-16.29584358;-71.6284940971826;DESPEJADO;NO IDENTIFICA LA CAUSA;;;NO
A-2025-01-28;19/01/2025;20:20;ATROPELLO FUGA;.;1;0;CARRETERA PANAMERICANA NORTE KM. 235.320;500 METROS DE LA FABRICA DE HIELO- LA CRUZ. ;-3.62024892;-80.55501836594281;DESPEJADO;IMPRUDENCIA DEL PEATÓN;ESTADO DE EBRIEDAD Y/O DROGADICCIÓN;;
A-2025-01-29;19/01/2025;23:30;DESPISTE;.;1;0;CARRETERA DE PENETRACION DE TUMBES A PAMPA DE HOSPITAL KM 13.800;.;-3.686182837;-80.43729715791714;DESPEJADO;IMPRUDENCIA DEL CONDUCTOR;CONDUCIR EN ESTADO DE EBRIEDAD Y/O DROGADICCIÓN;;
A-2025-01-3;01/01/2025;19:00;DESPISTE;VOLCADURA;1;0;CARRETERA TROCHA CARROZABLE CARUCAYA - CUTIMBO;C.P. CARUCAYA;-16.0199647;-69.9388408;;;;;
A-2025-01-30;25/01/2025;19:50;VOLCADURA;ATROPELLO;1;1;CARRETERA PANAMERICANA NORTE. KM 242.4;.;-3.604139454;-80.49857509842347;DESPEJADO;IMPRUDENCIA DEL CONDUCTOR;OTRO (IMPRUDENCIA DEL CONDUCTOR);FALTA DE CUIDADO Y PREVENCION ;
A-2025-01-4;03/01/2025;16:59;ESPECIAL;CAIDA DE OCUPANTE;1;0;CHACRA DE LA COMUNIDAD ARACACHI CHURA;KELLUYO;-16.639392;-69.22611;;;;;
A-2025-01-47;09/01/2025;10:50;DESPISTE;Y VOLCADURA;2;4;CARRETERA AYACUCHO - OROYA;177   40;-12.39773242;-75.0504625881299;DESPEJADO;EN PROCESO DE INVESTIGACIÓN;NO CUENTA CON CAUSA ESPECIFICA;;NINGUNA
A-2025-01-48;10/01/2025;10:10;DESPISTE;Y VOLCADURA;1;0;CARRETERA LIRCAY - OCOPA;KM 3   230;-12.967431;-74.713102;DESPEJADO;NO IDENTIFICA LA CAUSA;;;NINGUNA
A-2025-01-49;18/01/2025;11:50;DESPISTE;Y VOLCADURA;3;0;CARRETERA DEL CENTRO POBLADO JOSE MARIATEGUI - ACORIA;;-12.64885917;-74.8506426127071;DESPEJADO;EN PROCESO DE INVESTIGACIÓN;NO CUENTA CON CAUSA ESPECIFICA;;NINGUNA
A-2025-01-5;01/01/2025;21:30;ATROPELLO;SUBSECUENTE MUERTE;1;0;AV. MARISCAL URETA;FRENTE AL ESTADIO JUAN VELASCO ALVARADO;-16.45123;-71.55468;NUBLADO;NO IDENTIFICA LA CAUSA;;;NO
A-2025-01-50;21/01/2025;04:30;DESPISTE;Y VOLCADURA;1;2;CARRETERA LLACUA - COSME ;KM 3 ;-12.60841829;-74.6596761351672;DESPEJADO;EN PROCESO DE INVESTIGACIÓN;NO CUENTA CON CAUSA ESPECIFICA;;NINGUNA
A-2025-01-51;02/01/2025;11:30;CHOQUE;POR EMBISTE LATERAL IZQUIERDO , CENTRICO Y FUGA DEL CONDUCTOR;1;4;INTERSECCION CALLE AYACUCHO CON LA CALLE LUIS GALVEZ RONCEROS;;-13.420321;-76.130663;;;;;
A-2025-01-52;30/01/2025;01:30;ATROPELLO FUGA;ATROPELLO Y FUGA;1;0;CARRETERA PANAMERICANA SUR KM 182;GROCIO PRADO;-13.379285;-76.206371;DESPEJADO;NO IDENTIFICA LA CAUSA;;;NINGUNA
A-2025-01-53;28/01/2025;13:25;DESPISTE;Y VOLCADURA;2;7;CARRETERA LICAPA - LIRCAY;CP DE TUCSIPAMPA;-13.0012586;-74.7839614;DESPEJADO;EN PROCESO DE INVESTIGACIÓN;NO CUENTA CON CAUSA ESPECIFICA;;NINGUNA
A-2025-01-6;05/01/2025;15:00;ATROPELLO;SUBSECUENTE MUERTE Y DAÑOS MATERIALES;1;0;AV. COLONIZADORES FRONTIS DEL MERCADO METROPOLITANO;MERCADO METROPOLITANO;-16.34086;-72.19509;SOLEADO;NO IDENTIFICA LA CAUSA;;;NO
A-2025-01-7;08/01/2025;19:30;ATROPELLO;ATROPELLO CON CONSECUENCIA FATAL;2;0;KM 74 400 CARRETERA PANAMERICANA NORTE;FRENTE DEL COLEGIO DE PASAMAYO;-11.6083912;-77.2175561;DESPEJADO;EN PROCESO DE INVESTIGACIÓN;NO CUENTA CON CAUSA ESPECIFICA;;"ATROPELLO CON CONSECUENCIA FATAL Y DAÑOS MATERIALES; DOS PERSONAS FALLECIDAS, UN VEHÍCULO CON DAÑOS MATERIALES. "
A-2025-01-8;06/01/2025;23:45;ATROPELLO;EN INVESTIGACION;1;0;ALTURA DEL KM.912 DE LA PANAMERICANA SUR;HITO DE KILOMETRAJE 912;-16.40553;-72.22581;DESPEJADO;NO IDENTIFICA LA CAUSA;;;NO
A-2025-01-9;05/01/2025;06:00;VOLCADURA;-;1;0;CARRETERA FERNANDO BELAUNDE TERRY KM 484 100;-;-6.039502;-77.06126;DESPEJADO;IMPRUDENCIA DEL CONDUCTOR;OTRO (IMPRUDENCIA DEL CONDUCTOR);;
A-2025-02-1;02/02/2025;09:07;DESPISTE;DESPISTE;1;0;KM. 05 250 CARRETERA CHANCAY-HUARAL.;FRENTE DE LA PROCESADORA VERDE FLOR.;-11.5180918;-77.2407409;DESPEJADO;EN PROCESO DE INVESTIGACIÓN;NO CUENTA CON CAUSA ESPECIFICA;;DESPISTE Y CHOQUE CON CONSECUENCIA FATAL Y DAÑOS MATERIALES.
A-2025-02-10;08/02/2025;22:30;DESPISTE;DESPISTE Y VOLCADURA;1;0;CARRETA HUARAL-SANTA ROSA-PAMPA LOS PERROS;REF.ALTURA DEL CONDOMINIO AYBAR;-11.4167312;-77.2921387;DESPEJADO;EN PROCESO DE INVESTIGACIÓN;NO CUENTA CON CAUSA ESPECIFICA;;DESPISTE CON CONSECUENCIA FATAL Y DAÑOS MATERIALES
A-2025-02-11;02/02/2025;22:50;ATROPELLO;POR DETERMINAR;1;0;CARRETERA PANAMERICANA SU KM.965   500 DISTRITO LA JOYA AREQUIPA AREQUIPA;POSTE DE ALTA TENSION NRO. 319338;-16.491962;-71.854073;DESPEJADO;NO IDENTIFICA LA CAUSA;;;NO
A-2025-02-12;14/02/2025;01:10;ESPECIAL;ESPECIAL;3;30;CARRETERA PANAMERICANA NORTE KM 76 460;PUENTE DE CHANCAY;-11.607227;-77.2401868;DESPEJADO;EN PROCESO DE INVESTIGACIÓN;NO CUENTA CON CAUSA ESPECIFICA;;ACCIDENTE DE TRANSITO CON CONSECUENCIA FATAL, LESIONES Y DAÑOS MATERIALES.
A-2025-02-13;16/02/2025;16:30;ATROPELLO FUGA;ACCIDENTE CON CONSECUENCIA FATAL;1;0;CARRETERA ALBERTO FUJIMORI FUJIMORI KM 82 345;KM 82 345;-11.1920014;-76.6458709;LLUVIOSO;EN PROCESO DE INVESTIGACIÓN;NO CUENTA CON CAUSA ESPECIFICA;;ACCIDENTE DE TRANSITO CON CONSECUENCIA FATAL 
A-2025-02-14;06/02/2025;05:00;CHOQUE;POR ALCANCE;1;2;CARRETERA PANAMERICANA SUR KM 182 700;CARRETERA;-13.383005;-76.204386;DESPEJADO;NO IDENTIFICA LA CAUSA;;;NINGUNA
A-2025-02-15;04/02/2025;14:30;CHOQUE;FATAL LESIONES Y DAÑOS MATERIALES;2;1;KM. 81   800 DE LA CARRETERA AREQUIPA PUNO;KM. 81 800 DE LA CARRETERA AREQUIPA PUNO;-16.109627;-71.629489;NUBLADO;NO IDENTIFICA LA CAUSA;;;NO
A-2025-02-16;06/02/2025;22:35;CHOQUE;FATAL Y DAÑOS MATERIALES;1;0;KM. 995 200 CARRETERA PANAMERICANA SUR AREQUIPA MOQUEGUA DISTRITO LA JOYA;FRONTIS DEL CENTRO POBLADO SANTA ROSA;-16.679576;-71.870924;DESPEJADO;NO IDENTIFICA LA CAUSA;;;NO
A-2025-02-17;09/02/2025;18:50;ATROPELLO;FATAL LESIONES Y DAÑOS MATERIALES;1;1;KM.0 570 CARRETERA COSTANERA SUR MOLLENDO MATARANI;A UN KM. DEL OVALO DE LA SALIDA DE MOLLENDO;-17.00552;-72.014936;NUBLADO;NO IDENTIFICA LA CAUSA;;;NO
A-2025-02-18;14/02/2025;22:30;ATROPELLO FUGA;FATAL;1;0;CARRETERA AREQUIPA YURA KM. 14 DISTRITO DE YURA;DISTRITO DE YURA;-16.305901;-71.616539;LLUVIOSO;NO IDENTIFICA LA CAUSA;;;NO
A-2025-02-19;16/02/2025;06:30;CHOQUE;FRONTAL;1;1;CARRETERA HUATAQUITA - PUNO;KM. 14 500;-15.7933474;-70.3470706;DESPEJADO;IMPRUDENCIA DEL CONDUCTOR;INVASIÓN DE CARRIL;;
A-2025-02-2;01/02/2025;21:50;DESPISTE;CHOQUE Y VOLCADURA;1;0;CARRETERA BINACIONAL DESAGUADERO-MOQUEGUA;KM. 242 500;-16.67321499;-69.49600333852527;;;;;
A-2025-02-20;20/02/2025;22:40;CHOQUE;FATAL;1;0;AV. BOLOGNESI CDRA. 2 CON JR. BELEN;-;-16.21949493;-69.47583312348367;;;;;
A-2025-02-21;01/02/2025;00:00;DESPISTE;-;1;0;CARRETERA PANAMERICANA NORTE ALTURA DEL KM. 573.9;-;-8.105662542;-79.0980933545;;;;;
A-2025-02-22;05/02/2025;20:50;CHOQUE FUGA;-;1;0;CARRETERA PANAMERICANA NORTE ALTURA DEL KM. 709;-;-7.22242014;-79.4384094891;DESPEJADO;NO IDENTIFICA LA CAUSA;;;
A-2025-02-23;08/02/2025;03:00;DESPISTE;-;1;0;CARRETERA DE ACCESO AL CASERIO CHUQUIZONGO S/N;-;-7.760201362;-78.4165422249;DESPEJADO;NO IDENTIFICA LA CAUSA;;;
A-2025-02-24;08/02/2025;16:30;DESPISTE;-;3;0;CARRETERA DE ACCESO AL CASERIO EDEN S/N;-;-7.894523268;-77.94596723055506;DESPEJADO;NO IDENTIFICA LA CAUSA;;;
A-2025-02-26;10/02/2025;20:20;DESPISTE;-;1;2;CARRETERA DE ACCESO AL SECTOR TRES CRUCES CARRICILLO S/N;-;-8.032686843;-78.7963548628;DESPEJADO;NO IDENTIFICA LA CAUSA;;;
A-2025-02-27;14/02/2025;15:30;ATROPELLO FUGA;-;1;0;CARRETERA DE ACCESO AL AA.HH. BUENOS AIRES S/N;-;-7.455450008;-79.51805305431442;DESPEJADO;NO IDENTIFICA LA CAUSA;;;
A-2025-02-28;25/02/2025;06:00;DESPISTE;DESPISTE CON CONSECUENCIA FATAL, LESIONES Y DAÑOS MATERIALES.;1;3;CARRETERA HACIA LA PERLA ALTA-ATAVILLOS BAJO-HUARAL;ATABILLOS BAJO;-11.3754942;-76.7928833;DESPEJADO;EN PROCESO DE INVESTIGACIÓN;NO CUENTA CON CAUSA ESPECIFICA;;DESPISTE CON CONSECUENCIA FATAL, LESIONES Y DAÑOS MATERIALES
A-2025-02-29;15/02/2025;12:30;ATROPELLO;-;1;0;AUTOPISTA DE SALAVERRY ALTURA DEL KM. 03 AV. LA MARINA;-;-8.195911184;-78.98995040338481;DESPEJADO;NO IDENTIFICA LA CAUSA;;;
A-2025-02-3;02/02/2025;06:45;ATROPELLO;FATAL;1;0;AV. SESQUICENTENARIO;ALT. DEL ESTADIO DE LA UNA PUNO;-15.827733;-70.015776;DESPEJADO;IMPRUDENCIA DEL CONDUCTOR;CONDUCIR EN ESTADO DE EBRIEDAD Y/O DROGADICCIÓN;;
A-2025-02-30;15/02/2025;23:10;CHOQUE;-;1;0;CARRETERA PANAMERICANA NORTE ALTURA DEL GRIFO PRIMAX;-;-8.154496154;-79.012340231;DESPEJADO;NO IDENTIFICA LA CAUSA;;;
A-2025-02-31;27/02/2025;06:50;ATROPELLO FUGA;CONSECUENCIA FATAL;1;0;CARRETERA CHANCAY HUARAL;KM 6 700;-11.5090178;-77.2318686;DESPEJADO;EN PROCESO DE INVESTIGACIÓN;NO CUENTA CON CAUSA ESPECIFICA;;VEHICULO FUGADO
A-2025-02-32;08/02/2025;16:00;CHOQUE;DEPISTE FATAL Y DAÑOS MATERIALES;1;0;KM. 629 500 CARRETERA PANAMERICANA SUR;INGRESO AL DISTRITO DE CHAPARRA;-15.877421;-74.171943;DESPEJADO;NO IDENTIFICA LA CAUSA;;;NO