COD_ACCIDE;FechaDelAccidente;HoraDelAccidente;ClaseDelAccidente;SecuenciaAccidente;CantidadDeFallecidos;CantidadDeLesionados;Direccion;LugarReferencia;y;x;CondClimatica;CausaFactorPrincipal;CausaEspecifica;OtraCausa;Observaciones
A-2025-02-33;16/02/2025;05:30;ATROPELLO FUGA;-;1;0;CARRETERA PANAMERICANA NORTE ALTURA DEL KM. 521;-;-8.442423758;-78.74968879992255;DESPEJADO;NO IDENTIFICA LA CAUSA;;;
A-2025-02-34;17/02/2025;17:20;CHOQUE;-;1;0;CARRETERA PANAMERICANA NORTE ALTURA DEL KM. 520;-;-8.412203263;-78.80055960047112;DESPEJADO;NO IDENTIFICA LA CAUSA;;;
A-2025-02-35;24/02/2025;16:00;DESPISTE;SUBSECUENTE MUERTE Y DAÑOS MATERIALES;1;0;LA ASOC. JORGE CHAVEZ MZ. B LTE. 4 CERRO COLORADO;A TRES CUADRAS DE LA ASOC. EL NAZARENO CERRO COLORADO;-16.321459;-71.54468;NUBLADO;NO IDENTIFICA LA CAUSA;;;NO
A-2025-02-36;16/02/2025;02:30;CHOQUE;-;1;2;CARRETERA PANAMERICANA NORTE ALTURA DEL KM. 625;-;-7.753349516;-79.2777112142;DESPEJADO;NO IDENTIFICA LA CAUSA;;;
A-2025-02-37;18/02/2025;16:00;ATROPELLO;-;1;1;AV. JOSE GABRIEL CONDORCANQUI ALTURA DE LA CDRA. 16;-;-8.076966009;-79.0472639097;DESPEJADO;NO IDENTIFICA LA CAUSA;;;
A-2025-02-38;19/02/2025;05:30;CHOQUE;-;1;7;CARRETERA PANAMERICANA NORTE ALTURA DEL KM. 722.5;-;-7.126667277;-79.4788191263;DESPEJADO;NO IDENTIFICA LA CAUSA;;;
A-2025-02-39;25/02/2025;06:00;CHOQUE;-;1;0;CARRETERA PANAMERICANA NORTE ALTURA DEL KM. 581.2;-;-8.055997428;-79.0882219587274;DESPEJADO;NO IDENTIFICA LA CAUSA;;;
A-2025-02-40;25/02/2025;12:00;ATROPELLO FUGA;-;1;1;AV. JOSE GABRIEL CONDORCANQUI ALTURA DEL INGRESO A LOS 4 SUYOS;-;-8.04922176;-79.05678000798721;DESPEJADO;NO IDENTIFICA LA CAUSA;;;
A-2025-02-41;25/02/2025;00:00;DESPISTE;-;1;0;CARRETERA DE ACCESO AL CASERIO UNION QUINUAL S/N;-;-8.074350011;-78.42064613168603;DESPEJADO;NO IDENTIFICA LA CAUSA;;;
A-2025-02-42;24/02/2025;07:05;ATROPELLO FUGA;-;1;0;CARRETERA FERNANDO BELAUNDE TERRY KM 1 690;MOLINO SAN JUAN;-5.922418;-77.300435;SOLEADO;EN PROCESO DE INVESTIGACIÓN;NO CUENTA CON CAUSA ESPECIFICA;;SE INVESTIGA
A-2025-02-43;28/02/2025;08:00;ATROPELLO;-;1;0;CARRETERA FERNANDO BELAUNDE TERRY  KM 454 930;-;-5.98654;-77.284783;DESPEJADO;EN PROCESO DE INVESTIGACIÓN;NO CUENTA CON CAUSA ESPECIFICA;;EN PROCESO DE INVESTIGACIÓN
A-2025-02-44;27/02/2025;20:15;CHOQUE;CHOQUE CON CONSECUENCIA FATAL, LESIONES Y DAÑOS MATERIALES.;6;6;CARRETERA PANAMERICANA NORTE KM. 77 198;C.P LAS SALINAS;-11.6024709;-77.2457919;DESPEJADO;EN PROCESO DE INVESTIGACIÓN;NO CUENTA CON CAUSA ESPECIFICA;;CHOQUE CON CONSECUENCIA FATAL, LESIONES Y DAÑOS MATERIALES.
A-2025-02-45;02/02/2025;20:20;CHOQUE;.;1;1;CARRETERA PANAMERICANA NORTE. KM 246.870;.;-3.580603809;-80.46970867918775;DESPEJADO;IMPRUDENCIA DEL CONDUCTOR;INVASIÓN DE CARRIL;;
A-2025-02-46;28/02/2025;03:30;DESPISTE;CHOQUE VOLCADURA CON SUBSECUENTE MUERTE Y DAÑOS MATERIALES;1;0;AV. AREQUIPA S/N LA PUNTA DE BOMBON;SECTOR BAJADA DE BURROS;-17.161947;-71.795501;DESPEJADO;NO IDENTIFICA LA CAUSA;;;NO
A-2025-02-47;27/02/2025;18:40;CHOQUE;MUERTE, LESIONES Y DAÑOS MATERIALES;2;0;KM.849 500 DE LA CARRETERA PANAMERICANA SUR DISTRITO DE SAMUEL PASTOR CAMANA;FRONTIS DEL HOTEL SUN VALLEY;-16.655917;-72.650658;DESPEJADO;NO IDENTIFICA LA CAUSA;;;NO
A-2025-02-48;28/02/2025;16:30;DESPISTE;DESPISTE CON VOLCADURA;1;4;CARRETERA PANAMERICANA NORTE KM. 69 900;VARIANTE DE PASAMAYO.;-11.6098876;-77.2005398;DESPEJADO;EN PROCESO DE INVESTIGACIÓN;NO CUENTA CON CAUSA ESPECIFICA;;DESPITE Y VOLCADURA CON CONSECUENCIA FATAL, LESIONES Y DAÑOS MATERIALES.
A-2025-02-49;01/02/2025;16:00;DESPISTE;Y VOLCADURA;1;3;CARRETERA YAULI - ATALLA CARRETERA YAULI - ATALLA;(REF. KM 13   500);-12.77211588;-74.85555122045089;LLUVIOSO;EN PROCESO DE INVESTIGACIÓN;NO CUENTA CON CAUSA ESPECIFICA;;NINGUNA
A-2025-02-5;08/02/2025;02:20;ATROPELLO FUGA;FUGA;1;0;JR. CAHUIDE CON JR. ALFONSO UGARTE;FRONTIS DER LA TIENDA CURACAO;-15.837482;-70.025428;;;;;
A-2025-02-50;04/02/2025;01:00;DESPISTE; Y VOLCADURA;1;1;CARRETERA CENTRAL OROYA - AYACUCHO ;(REF.  KM 177 400);-12.39962104;-75.0485358727413;DESPEJADO;EN PROCESO DE INVESTIGACIÓN;NO CUENTA CON CAUSA ESPECIFICA;;NINGUNA
A-2025-02-51;28/02/2025;16:50;DESPISTE;Y VOLCADURA;1;0;CARRETERA PUCACCASA.CCARABAMBA - ACOBAMBA;KM 000;-12.824457;-74.53272;DESPEJADO;EN PROCESO DE INVESTIGACIÓN;NO CUENTA CON CAUSA ESPECIFICA;;NINGUNA
A-2025-02-52;16/02/2025;13:00;DESPISTE;EL VEHICULO  CIRCULABA EN SENTIDO DE NOROESTE A SUR ESTE, Y AL SALIR DE UNA CURVA POR LA VELOCIDAD E IMPERICIA DEL CONDUCTOR SALE DE LA PORCION CIRCULABLE.;1;3;SECTOR DE ALTO RIO BLANCO . DEL DISTRITO DE VILCABAMBA. LA CONVENCION;A  DOS KILOMETRO DEL POBLADO DE YUVENI;-12.73714798;-73.1319760861093;DESPEJADO;IMPERICIA DEL CONDUCTOR;;;EL CONDUCTOR NO TENIA EXPERIENCIA Y ESTABA CONDUCIENDO POR SEGUNDA VEZ EL VEHICULO
A-2025-02-53;24/02/2025;07:15;DESPISTE;EL VEHICULO (CAMIONETA) CON PLACA DE RODAJE C5I-870 OPERADO POR SU CONDUCTOR SE DESPLAZABA POR EL SECTOR QUAYACHACA DE LA COMUNIDAD CAMPESINA DE LUCUMA - VILCABAMBA POR EL SENDERO ESTRECHO EN SENTIDO DE CIRCULACION DE OESTE A ESTE EN DONDE DEBIDO A LA GRADIENTE DE LA VIA AFIRMADA SE APAGO EL MOTOR D;1;1;ED VIAL REGIONAL PUENTE CHAULLAY - TACMARA BAJA (APURIMAC). ALTURA DEL KM.NRO 37 200 DEL SECTOR DENOMINADO QUAYACHACA DE LA COMUNIDAD CAMPESINA DE LUCMA;;-13.04953848;-72.9004808251881;NUBLADO;NEGLIGENCIA DEL CONDUCTOR;OTRO (NEGLIGENCIA DEL CONDUCTOR);NO ADOPTAR LAS MEDIDAS DE SEGURIDAD DE SISTEMA DE FRENOS EN CUANTO A LA DETENCION DEL VEHICULO EN ZONA PENDIENTE PRONUNCIADA A CONSECUENCIA DE FALLAS MECANICAS E IMPERICIA RELATIVA DEL CONDUCTOR;NINGUNA
A-2025-02-54;08/02/2025;23:30;ATROPELLO;FATAL Y DAÑOS MATERIALES;1;0;ANTIGIA CARRETERA PANAMERICANA SUR KM 201;PANAMERICANA;-13.444899;-76.13558;;;;;
A-2025-02-6;09/02/2025;05:00;DESPISTE;VOCADURA Y SUMERCION;1;0;PUENTE CHUNCARA;SECTOR SOQUESANI PICHACANI- LARAQUERI;-16.160242;-70.070883;;;;;
A-2025-02-7;09/02/2025;20:15;CHOQUE FUGA;FUGA;1;0;CARRETERA YUNGUYO - COPANI;ALT. C.P. CALACOTO SECTOR CORCORI;-16.34003;-69.048818;;;;;
A-2025-02-8;09/02/2025;19:00;ATROPELLO;CON PROYECCION, DESPISTE Y CHOQUE;1;0;CARRETERA PANAMERICANA SUR PUNO-DESAGUADERO;KM. 1506 050;-16.560755;-69.04202;DESPEJADO;IMPRUDENCIA DEL CONDUCTOR;CONDUCIR EN ESTADO DE EBRIEDAD Y/O DROGADICCIÓN;;
A-2025-02-9;11/02/2025;10:25;ATROPELLO;FATAL;1;0;CARRETERA PANAMERICANA SUR PUNO-DESAGUADERO;KM. 1377 300;-15.890218;-69.888463;;;;;
A-2025-03-1;01/03/2025;06:00;DESPISTE;CHOQUE VOLCADURA FATAL Y DAÑOS MATERIALES;1;1;CARRETERA MATARANI AREQUIPA KM. 35 200;KM. 35;-16.893335;-72.036419;DESPEJADO;NO IDENTIFICA LA CAUSA;;;NO
A-2025-03-10;11/03/2025;13:30;CHOQUE;DESPISTE VOLCADURA CHOQUE DE CONSECUENCIA FATAL ;1;1;AV. AVIACION KM. 6;ALTURA DE LA EMPRESA KIA MOTORS;-16.360254;-71.562391;DESPEJADO;EN PROCESO DE INVESTIGACIÓN;NO CUENTA CON CAUSA ESPECIFICA;;NO
A-2025-03-11;03/03/2025;22:20;CHOQUE FUGA;-;1;4;CARRETERA FERNANDO BELAUNDE TERRY KM 466 100;-;-6.036711;-77.196456;DESPEJADO;EN PROCESO DE INVESTIGACIÓN;NO CUENTA CON CAUSA ESPECIFICA;;
A-2025-03-12;11/03/2025;13:30;DESPISTE;;1;4;CARRETERA ANCO - TUCUCCASA ;KM 0 650;-12.58759007;-74.53707680692503;DESPEJADO;EN PROCESO DE INVESTIGACIÓN;NO CUENTA CON CAUSA ESPECIFICA;;NINGUNA
A-2025-03-13-A;22/02/2025;23:30;ATROPELLO FUGA;NO DETERMINADO;1;0;RED VIAL NACIONAL LONGITUDINAL LA OROYA – PUENTE DESAGUADERO. ALTURA DEL KM. 997 ALTURA DEL SECTOR TONGOBAMBA DEL DISTRITO DE LUCRE. PROVINCIA DE QUISPICANCHI. DEPARTAMENTO DEL CUSCO. JURISDICCIÓN DE LA COMISARÍA PNP LUCRE.;ENTRE OROPESA Y HUACARPAY;-13.608327;-71.747919;DESPEJADO;NO IDENTIFICA LA CAUSA;;;PRODUCIDO EL ACCIDENTE EL CONDUCTOR SE RETIRO DEL LUGAR A BORDO DE SU VEHICULO
A-2025-03-13-B;20/03/2025;02:15;VOLCADURA;TONEL IZQUIERDO;4;33;CARRETERRA VIA COSTANERA CAMANA KM. 8.950;ALTURA DEL KM. 09;-16.669582;-72.562248;DESPEJADO;EN PROCESO DE INVESTIGACIÓN;NO CUENTA CON CAUSA ESPECIFICA;;NO
A-2025-03-14;12/03/2025;01:00;DESPISTE;ACCIDENTE DE TRANSITO DESPISTE Y VOLCADURA DE CONSECUENCIA MORTAL PARA EL OPERADOR DE LA MAQUINARIA PESADA;1;0;CARRETA ANTA COTABAMBAS (VÍA ALTERNA) JURISDICCIÓN DE LA CPNP CHINCHAYPUJIO ANEXO SOQOHUAICCO SECTOR HUANTARO DISTRITO DE CHINCHAYPUJIO PROVINCIA ANTA DEPARTAMENTO DE CUSCO;CARRETA ANTA COTABAMBAS (VÍA ALTERNA) JURISDICCIÓN DE LA CPNP CHINCHAYPUJIO ANEXO SOQOHUAICCO SECTOR HUANTARO DISTRITO DE CHINCHAYPUJIO PROVINCIA ANTA DEPARTAMENTO DE CUSCO;-13.40602047;-72.1426750383443;DESPEJADO;IMPRUDENCIA DEL CONDUCTOR;CONDUCIR EN ESTADO DE EBRIEDAD Y/O DROGADICCIÓN;;NINGUNA
A-2025-03-15;20/03/2025;17:40;ATROPELLO;ATROPELLO CON CONSECUENCIA FATAL;1;1;CARRETERA PANAMERICANA NORTE KM.78 300;C.P. PERALVILLO;-11.596199;-77.2544769;DESPEJADO;EN PROCESO DE INVESTIGACIÓN;NO CUENTA CON CAUSA ESPECIFICA;;ATROPELLO CON CONSECUENCIA FATAL, LESIONES Y DAÑOS MATERIALES
A-2025-03-16;08/03/2025;19:10;CHOQUE;EL VEHICULO AUTOMOVIL DE PLACA DE RODAJE X1P 014 CONDUCIDO POR EBERT WILSON JORGE ZAMALLA SE DESPLAZABA POR EL KM. 929 DE LA RED VIAL NACIONAL LONGITUDINAL DE LA SIERRA SUR TRAMO ANCAHUASI IZCUCHACA EN SENTIDO DE ESTE A OESTE INSTANTES QUE HACE SU APARICION POR EL CARRIL CONTRARIO EL VEHICULO MENOR ;1;0;HECHO OCURRIDO EN LARED VIAL NACIONAL LONGITUDINAL DE LA SIERRA SUR TRAMO ANCAHUASI IZCUCHACA (KM 929) ALTURA DE LA COMUNIDAD CAMPESINA DE YANAMA DISTRITO ZURITE ANTA CUSCO;KM 929;-13.483822;-72.257571;LLUVIOSO;IMPRUDENCIA DEL CONDUCTOR;EXCESO DE VELOCIDAD;;NINGUNA
A-2025-03-17;07/03/2025;00:30;DESPISTE;EL VEHICULO MENOR (MOTOCICLETA) ERA DESPLAZADA POR SU CONDUCTOR POR LA CALZADA EN SENTIDO DE ESTE A OESTE OCUPANDO EL CARRIL NORTE DESPISTANDOSE HACIA LA ORILLA DEL RIACHUELO NORTE DONDE VUELCA Y EL CONDUCTOR ES EYECTADO DE SUS ASIENTO HACIA EL RIACHUELO SIENDO APLASTADPO POR SU MOTOCICLETA MATERIAL;1;0;MARANGANI SICUANI;PLANTA VJ GAS;-14.299662;-71.213943;LLUVIOSO;IMPRUDENCIA DEL CONDUCTOR;OTRO (IMPRUDENCIA DEL CONDUCTOR);DESATENCION EN LA CONDCIN;NINGUNA
A-2025-03-18;14/03/2025;06:50;DESPISTE;EL VEHICULO DE PLACA DE RODAJE X4L-931 SE ENCONTRABA DESPLAZANDOSE POR EL CARRIL SUR EN SENTIDO DE OESTE A ESTE Y ESTE PERDIE EL CONTROL DESPINTADO Y REVASANDO EL SEPARADOR CENTRAL PARA DE ESTA FORMA INTERPONERSE EN SU EJE DE MARCHA DEL VEHICULO MENOR MOTOCICLETA DE PLACA DE RODAJE X4-4953 QUIEN SE ;1;0;VIA DE EVITAMIENTO ALTURA DEL KM 1  A INMEDIACIONES DE LA PLANTA  DE TRATAMIENTO DE AGUAS RESIDUALES DEL DISTRITO DE SAN JERONIMO PRROVINCIA DE CUSCO DEPARTAMENTO CUSCIO;KM 1 A INMEDIACIONES DE LA PLANTA  DE TRATAMIENTO DE AGUAS RESIDUALES;-13.55423907;-71.86605377;LLUVIOSO;IMPRUDENCIA DEL CONDUCTOR;EXCESO DE VELOCIDAD;;NINGUNA
A-2025-03-19;26/03/2025;16:00;DESPISTE;DESPISTE CON CONSECUENCIA FATAL, LESIONES Y DAÑOS MATERIALES.;1;1;CARRETERA ATAVILLOS BAJO HUAYOPAMPA;HUAYOPAMPA;-11.3315901;-76.859675;DESPEJADO;EN PROCESO DE INVESTIGACIÓN;NO CUENTA CON CAUSA ESPECIFICA;;DESPISTE CON CONSECUENCIA FATAL, LESIONES Y DAÑOS MATERIALES
A-2025-03-2;01/03/2025;17:20;DESPISTE;POR DETERMINAR;1;0;CARRETERA PANAMERICANA SU KM. 1040 500 COCACHACRA ISLAY;DISTRITO DE COCACHACRA;-17.0013843;-71.7142859923547;DESPEJADO;NO IDENTIFICA LA CAUSA;;;NO
A-2025-03-20;09/03/2025;05:40;ATROPELLO FUGA;-;1;0;CARRETERA FERNANDO BELAUNDE TERRY KM 434 10;-;-5.823932;-77.375791;DESPEJADO;EN PROCESO DE INVESTIGACIÓN;NO CUENTA CON CAUSA ESPECIFICA;;
A-2025-03-21;17/03/2025;03:30;ATROPELLO FUGA;CONFORME A LA UBICACIÓN DE EVIDENCIAS MATERIALES (FRAGMENTOS DE MICAS Y VIDRIOS) Y EVIDENCIA FISICA EN EL LUGAR DEL EVENTO EN CIRCUNSTANCIA QUE EL PEATON SE DESPLAZABA POR LA ACERA EN SENTIDO ESTE A OESTE FUE ATROPELLADO POR UN VEHICULO EN PROCEOS DE IDNTIFICACIÓN;1;0;RED VIAL NACIONAL LONGITUDINAL LA OROYA (JUNÍN) PUENTE DESAGUADERO (PUNO) ALTURA DEL KM 985 300 EN EL TRAMO COMPRENDIDO ENTRE SAN JERÓNIMO SAYLLA SECTOR ANGUSTURA DEL DISTRITO DE SAYLLA PROVINCIA Y DEPARTAMENTO DEL CUSCO JURISDICCIÓN DE LA COMISARÍA PNP SAYLLA;ALTURA DEL KM 985 300 EN EL TRAMO COMPRENDIDO ENTRE SAN JERÓNIMO SAYLLA SECTOR ANGUSTURA DEL DISTRITO DE SAYLLA;-13.56224423;-71.8434993771835;DESPEJADO;NO IDENTIFICA LA CAUSA;;;DESPUES DEL ATROPELLO EL CONDUCTOR  DE VEHICULO SE FUE A LA FUGA HASTA LA FECHA
A-2025-03-22;23/03/2025;16:45;DESPISTE;LA CAMIONETA SE DESPLAZABA EN SENTIDO DE SUR A NORTE, SE DESPISTA HACIA SU LADO DERECHO, IGRESANDO A LA CUNETA Y LLEGA A IMPACTAR AL POSTE DE COCRETO DE ALTA TENSION;2;0;KM 06.900 SECTOR HUIPIRAY;SECTOR HUIPIRAY;-13.51181236;-71.76045836596545;DESPEJADO;IMPRUDENCIA DEL CONDUCTOR;EXCESO DE VELOCIDAD;;NINGUNA
A-2025-03-23;20/03/2025;05:05;ATROPELLO FUGA;FATAL;1;0;AUTOPISTA AREQUIPA LA JOYA;INGRESO A LA ASOC. VIRGEN DE COPACABANA CERRO COLORADO;-16.36028;-71.618907;DESPEJADO;EN PROCESO DE INVESTIGACIÓN;NO CUENTA CON CAUSA ESPECIFICA;;NO
A-2025-03-24;21/03/2025;16:50;CHOQUE;CHOQUE DE CONSECUENCIA FATAL YA DAÑOS MATERIALES;1;10;KM. 107   350 DE LA COSTANERA SUR;ALTURA DE LAS INSTALACIONES DE LA URB. COSTA PALMERA;-17.0575;-71.95849;DESPEJADO;EN PROCESO DE INVESTIGACIÓN;NO CUENTA CON CAUSA ESPECIFICA;;NO
A-2025-03-25;09/03/2025;04:30;CHOQUE;SEGUIDO DE VOLCADURA;1;1;CARRETERA PANAMERICANA NORTE KM . 217.7;.;-3.687558639;-80.6922304138195;DESPEJADO;IMPRUDENCIA DEL CONDUCTOR;INVASIÓN DE CARRIL;;
A-2025-03-26;25/03/2025;18:30;DESPISTE;VEHICULO MENOR (METOCICLETA SE DESPLAZABA POR EL SENDERO EN SENTIDO DE SUR A NORTE EN CIRCUNSTANCIA QUE EN SU EJE DE MARCHA PIERDE EL CONTROL EL CONDUCTOR CHOCANDO CON EL POSTE ALUMBRADO PUBLICO Y POSTERIOR VOLCADURA;1;0;RED VIAL REGIONAL CUSCO ACOMAYOTRAMO COMPTRENDIDO ENTRE  COMBAPATA SECTOR BELLAVISTA DEL DISTRITO DE ACOPIA PROVINCIA Y DEPARTAMENTO  DEL CUSCO;SECTOR BELLA VISTA;-14.097123;-71.444613;NUBLADO;IMPRUDENCIA DEL CONDUCTOR;EXCESO DE VELOCIDAD;;NINGUNA
A-2025-03-27;26/03/2025;19:10;ATROPELLO;EL VEHICULO  CIRCULABA EN SENTIDO DE OESTE A ESTE MOMENTOS QUE HACIA CRUCE CON OTRO VEHICULO QUE CIRCULABA EN SENTIDO CONTRARIO, EN TALES CIRCUNSTANCIAS EL PATON INGRESA A LA CALZADA REPENTINAMENTE ENCOTRANDOSE EN ESTADO DE EBREIDAD ADSOLUTA;1;0;CENTRO POBLADO DE  YAANAHUARA;7MO  PARADERO;-13.2785691;-72.1948185;NUBLADO;IMPRUDENCIA DEL PEATÓN;ESTADO DE EBRIEDAD Y/O DROGADICCIÓN;;NINGUNA
A-2025-03-28;25/03/2025;19:00;DESPISTE;CUANDO EL MOTOCICLISTA SE  DISPONIA CRUZAR EL PUENTE EN SU MOTOCICLETA PIERDE EL CONTROL DE LA DIRECCIÓN SUFRIENDO LA CAIDA DEL MOTOCICLISTA Y LA MOTOCICLETA  DONDE  FUE APLASTADO POR LA  MOTOCICLETA Y FINALMENTE SUFRIO LA SUMERSIÓN EN EL RIO ;1;0;CARRETERA QUEHUECHECCA ALTURA DEL KM 36 900 SECTOR CCOLPAMAYO DEL CENTRO POBLADO CONSABAMBA DEL DISTRITO DE CHECCA DE  LA PROVINCIA DE CANAS Y DEPARTEMENTO DEL CUSCO;KM 36 900 DEL SECTOR DE CONSABAMBA DEL DISTRITO DE CHECCA;-14.428224;-71.421105;LLUVIOSO;IMPRUDENCIA DEL CONDUCTOR;EXCESO DE VELOCIDAD;;NINGUNO
A-2025-03-29;31/03/2025;04:20;ATROPELLO;VEHICULO SE DESPLAZAVA  EN SENTIDO DE NORTE A SUR POR LA AV. HERMANOS AYAR DEL PUEBLO JOVEN BARRIO DE DIOS;1;0;AV HERMANOS AYAR BARRIO DE DIOS HUANCARO;BARRIO DE DISO;-13.541476;-71.981781;NUBLADO;IMPRUDENCIA DEL CONDUCTOR;CONDUCIR EN ESTADO DE EBRIEDAD Y/O DROGADICCIÓN;;NINGUNO
A-2025-03-3;02/03/2025;09:30;ATROPELLO FUGA;POR DETERMINAR;1;0;CARRETERA PANAMERICANA SU KM. 955 500 DISTRITO VITOR;DISTRITO DE VITOR;-16.465468;-71.934318;DESPEJADO;NO IDENTIFICA LA CAUSA;;;NO
A-2025-03-30;13/03/2025;14:30;DESPISTE;SEGUIDO DE VOLCADURA ;1;1;CARRETERA PANAMERICANA NORTE. KM 1288;.;-3.510485861;-80.2920878172581;SOLEADO;IMPRUDENCIA DEL CONDUCTOR;OTRO (IMPRUDENCIA DEL CONDUCTOR);FALTA DE CUIDADO Y PREVENCION ;
A-2025-03-31;18/03/2025;00:30;CHOQUE;SEGUIDO VOLCADURA;3;0;CARRETERA PANAMERICANA NORTE. KM 1246.9;.;-3.652793556;-80.61711244865074;DESPEJADO;IMPRUDENCIA DEL CONDUCTOR;INVASIÓN DE CARRIL;;
A-2025-03-32;30/03/2025;03:00;ATROPELLO FUGA;-;1;0;CARRETERA FERNANDO BELAUNDE TERRY KM 512 300;-;-5.837782;-77.359036;DESPEJADO;EN PROCESO DE INVESTIGACIÓN;NO CUENTA CON CAUSA ESPECIFICA;;SE INVESTIGA
A-2025-03-33;25/03/2025;17:40;DESPISTE;VOLCADURA DE CONSECUENCIA FATAL, LESIONES Y DAÑOS MATERIALES;1;2;INTERSECCION CARRETERA CALLALLI-AREQUIPA CON LA CARRETERA INGRESO CONDOROMA;PUENTE CALLALLI;-15.509415;-71.412566;;;;;
A-2025-03-34;26/03/2025;06:00;DESPISTE;CHOQUE DESPISTE VOLCADURA CON SUBSECUENTE MUERTE Y DAÑOS MATERIALES;1;0;PRIMER ASENTAMIENTO IRRIGACION SAN ISIDRO LA JOYA;SECTOR PLATANAL;-16.565476;-71.936899;DESPEJADO;NO IDENTIFICA LA CAUSA;;;NO
A-2025-03-35;27/03/2025;05:20;ATROPELLO;CHOQUE DE CONSECUENCIA FATAL Y DAÑOS MATERIALES;1;0;JR. TERESA DE CALCUTA S/N SACHACA;INGRESO A LA RESIDENCIAL CAMPO VERDE;-16.42775;-71.58049;DESPEJADO;IMPRUDENCIA DEL CONDUCTOR;OTRO (IMPRUDENCIA DEL CONDUCTOR);;NO
A-2025-03-36;25/03/2025;07:05;VOLCADURA;VOLCADURA DE MOTOCICLETA Y ATROPELLO DE SU CONDUCTOR Y DAÑOS MATERIALES;1;0;KM. 3.5 VIA DE EVITAMIENTO;ALTURA DE LA FABRICA DE CONCRETOS LA ROCA;-16.37415;-71.57549;SOLEADO;EN PROCESO DE INVESTIGACIÓN;NO CUENTA CON CAUSA ESPECIFICA;;NO
A-2025-03-37;23/03/2025;09:10;CHOQUE;CHOQUE POSTERIOR, VOLCADURA DE CONSECUENCIA MUERTE Y DAÑOS MATERIALES;1;0;KM. 973 900 DE LA PANAMERICANA SUR;KM. 973 DE LA PANAMERICANA SUR;-16.52703;-71.78385;SOLEADO;NO IDENTIFICA LA CAUSA;;;NO
A-2025-03-38;29/03/2025;07:23;ATROPELLO;CONSECUENCIA FATAL Y DAÑOS MATERIALES;1;0;INTERSECCION AV. ARGENTINA CON CALLE DE INGRESO A LA CURVA - CERRO COLORADO;SECTOR LA CURVA CERRO COLORADO;-16.34264;-71.585955;DESPEJADO;EN PROCESO DE INVESTIGACIÓN;NO CUENTA CON CAUSA ESPECIFICA;;NO
A-2025-03-39;29/03/2025;09:30;CHOQUE;-;1;0;CARRETERA FERNANDO BELAUNDE TERRY KM 455 159;ALTURA DE LA EXPLANADA TIO YACU;-5.990049407;-77.2827631939373;SOLEADO;EN PROCESO DE INVESTIGACIÓN;NO CUENTA CON CAUSA ESPECIFICA;;
A-2025-03-4;02/03/2025;22:20;DESPISTE;CHOQUE VOLCADURA;1;0;AV. SALAVERRY S/N SOCABAYA;A 800 MTS DEL RESTAURANTE LA ESTACIA DE SOCABAYA;-16.47925;-71.52575;DESPEJADO;NO IDENTIFICA LA CAUSA;;;NO
A-2025-03-40;08/03/2025;22:50;CHOQUE;DESPISTE, VOLCADURA Y CAIDA;1;1;AV. CARLOS IZAGUIRRE 1083 ALTURA DE JR. CONOCOCHA;;-11.9918971;-77.07490069233033;DESPEJADO;EN PROCESO DE INVESTIGACIÓN;NO CUENTA CON CAUSA ESPECIFICA;;
A-2025-03-41;13/03/2025;10:00;CHOQUE;;1;0;CARRETERA PANAMERICANA NORTE REF: BYPASS OVALO HABICH;;-12.02835985;-77.0580586479381;DESPEJADO;EN PROCESO DE INVESTIGACIÓN;NO CUENTA CON CAUSA ESPECIFICA;;
A-2025-03-42;21/03/2025;03:30;CHOQUE FUGA;FATAL;1;0;CARRETERA PANAMERICNA SUR KM 12.000 ALTURA DEL PTE AMAUTA;ALTURA DEL PTE AMAUTA;-12.16194463;-76.98192432664051;DESPEJADO;EN PROCESO DE INVESTIGACIÓN;NO CUENTA CON CAUSA ESPECIFICA;;
A-2025-03-43;30/03/2025;02:30;DESPISTE;VOLCADURA;2;2;CP. TAPANA/HUANDO/HUANCAVELICA;KM.08 100;-12.51755884;-74.9650809408018;DESPEJADO;EN PROCESO DE INVESTIGACIÓN;NO CUENTA CON CAUSA ESPECIFICA;;NINGUNA
A-2025-03-45;30/03/2025;06:00;ATROPELLO FUGA;FATAL;1;0;CARRETERA PANAMERICANA SUR KM 197;CARRETERA;-13.509641;-76.184887;DESPEJADO;NO IDENTIFICA LA CAUSA;;;NINGUNA
A-2025-03-46;27/03/2025;11:30;DESPISTE;VOLCADURA;1;2;HUAYRAPATA DEL C.P. TALHUIS;CARRETERA CARROZABLE QUE UNE AL C.P. SANTA ROSA DE MALLMA;-12.2384141;-74.7786875;DESPEJADO;EN PROCESO DE INVESTIGACIÓN;NO CUENTA CON CAUSA ESPECIFICA;;NUNGUNA
A-2025-03-47;23/03/2025;02:00;ATROPELLO FUGA;;1;0;AV. LOS INCAS - SANTA ANA - HUANCAVELICA;GRIFO OROPESA;-12.782368;-74.961942;DESPEJADO;EN PROCESO DE INVESTIGACIÓN;NO CUENTA CON CAUSA ESPECIFICA;;NINGUNA