COD_ACCIDE;FechaDelAccidente;HoraDelAccidente;ClaseDelAccidente;SecuenciaAccidente;CantidadDeFallecidos;CantidadDeLesionados;Direccion;LugarReferencia;y;x;CondClimatica;CausaFactorPrincipal;CausaEspecifica;OtraCausa;Observaciones
A-2025-03-5;06/03/2025;11:50;ATROPELLO;ATROPELLO POR COMPRESION FATAL Y DAÑOS MATERIALES;1;0;INETRIOR DEL MERCADO ACOMARE KM. 3.5 VIA EVITAMIENTO;MERCADO ACOMARE;-16.378353;-71.576373;NUBLADO;NO IDENTIFICA LA CAUSA;;;NO
A-2025-03-6;04/03/2025;13:15;CHOQUE;POR DETERMINAR;1;23;KM. 21 800 CARRETERA PENETRACION CHIVAY CAYLLOMA;CARRETERA PENETRACION CHIVAY;-15.900136;-71.373568;LLUVIOSO;NO IDENTIFICA LA CAUSA;;;NO
A-2025-03-7;08/03/2025;16:00;DESPISTE;DESPISTE CON CONSECUENCIA FATAL;1;0;KM.03 700 CARRETERA PENETRACION DEL C.P. CAQUI AL C.P. EL MILAGRO;PARQUE SEÑOR DE LOS MILAGROS.;-11.53009426;-77.1718295920469;DESPEJADO;EN PROCESO DE INVESTIGACIÓN;NO CUENTA CON CAUSA ESPECIFICA;;SIN OBSERVACIONES
A-2025-03-8;10/03/2025;11:30;DESPISTE;VOLCADURA CON CONSECUENTE MUERTE LESIONES Y DAÑOS MATERIALES;1;1;VIA PENETRACIONHUAMBO KM. 50 CAYLLOMA;CAMPAMENTO MINERO ZAFRANAL;-16.053973;-72.24098;DESPEJADO;EN PROCESO DE INVESTIGACIÓN;NO CUENTA CON CAUSA ESPECIFICA;;NO
A-2025-03-9;11/03/2025;02:00;DESPISTE;CHOQUE CON SECUENCIA FATAL LESIONES Y DAÑOS MATERIALES;3;1;KM. 78 600 CARRETERA AREQUIPA PUNO;SECTOR DENOMINADO QUISCOS;-16.137896;-71.636749;DESPEJADO;EN PROCESO DE INVESTIGACIÓN;NO CUENTA CON CAUSA ESPECIFICA;;NO
A-2025-04-1;06/04/2025;04:30;DESPISTE;DESPISTE Y CHOQUE CON CONSECUENCIA FATAL;1;0;CARRETERA PANAMERIACANA NORTE KM 93 440.;REF. CERCA DE AVINKA;-11.5552925;-77.2709639;;;;;
A-2025-04-10;18/04/2025;06:40;CHOQUE;CHOQUE DE CONSECUENCIA MUERTE, LESIONES Y DAÑOS MATERIALES;1;2;KM. 155 813 CARRETERA AREQUIPA PUNO;ALTURA DEL KM. 156 DE LA CARRETERA AREQUIPA PUNO;-15.88421;-71.1601;NUBLADO;EN PROCESO DE INVESTIGACIÓN;NO CUENTA CON CAUSA ESPECIFICA;;NO
A-2025-04-11;18/04/2025;18:15;ATROPELLO;ATROPELLO, APLASTAMIENTO CON CONSECUENCIA FATAL;1;0;IRRIGACION SAN ISIDRO PARCELA 1C-42 LA JOYA;EL VIVIRO EL LABRADO;-16.57987277;-71.9349128013153;DESPEJADO;EN PROCESO DE INVESTIGACIÓN;NO CUENTA CON CAUSA ESPECIFICA;;NO
A-2025-04-12;25/04/2025;05:50;ATROPELLO;ATROPELLO CON CONSECUENCIA FATAL Y DAÑOS MATERIALES.;1;0;CARRETERA PANAMERICA NORTE KM 88 172;;-11.5191527;-77.2933989;DESPEJADO;EN PROCESO DE INVESTIGACIÓN;NO CUENTA CON CAUSA ESPECIFICA;;SIN OBSERVACIONES
A-2025-04-13;06/04/2025;11:35;CHOQUE;-;1;0;CARRETERA FERNANDO BELAUNDE TERRY KM 509 300;CENTRO POBLADO MENOR DE JERILLO;-6.100706;-76.858954;SOLEADO;IMPERICIA DEL CONDUCTOR;;;
A-2025-04-14;20/04/2025;19:30;CHOQUE;CHOQUE FRONTAL DE CONSECUENCIA FATAL;1;0;KM. 974 500 DE LA PANAMERICANA SUR;LA REPARTICION 48;-16.52899;-71.78459;DESPEJADO;EN PROCESO DE INVESTIGACIÓN;NO CUENTA CON CAUSA ESPECIFICA;;NO
A-2025-04-15;01/04/2025;19:00;DESPISTE;VOLCADURA;2;0;CARRETERA CALLANMARCA - LIRCAY;24 800;-12.97274521;-74.70633713255751;DESPEJADO;EN PROCESO DE INVESTIGACIÓN;NO CUENTA CON CAUSA ESPECIFICA;;NINGUNA
A-2025-04-16;22/04/2025;19:30;ATROPELLO FUGA;-;1;0;CARRETERA FERNANDO BELAUNDE TERRY KM 414 790;CASERIO PIONEROS;-5.826115;-77.372734;DESPEJADO;EN PROCESO DE INVESTIGACIÓN;NO CUENTA CON CAUSA ESPECIFICA;;SE INVESTIGA
A-2025-04-17;15/04/2025;19:30;DESPISTE;VOLCADURA;2;0;CARRETERA HUANCAYO - AYACUCHO;KM 79 500;-12.67420525;-74.5931337723548;DESPEJADO;EN PROCESO DE INVESTIGACIÓN;NO CUENTA CON CAUSA ESPECIFICA;;NINGUNA
A-2025-04-18;23/04/2025;05:00;DESPISTE;-;1;1;JR. LIMA Y AVENIDA LOS OLIVOS;DISTRITO ELIAS SOPLIN VARGAS;-5.988500417;-77.2804817489797;DESPEJADO;IMPRUDENCIA DEL CONDUCTOR;EXCESO DE VELOCIDAD;;
A-2025-04-19;26/04/2025;20:00;CHOQUE;-;1;2;CARRETERA FERNANDO BELAUNDE TERRY KM 434 700;SECTOR LAS ORQUIDEAS DE MORROYACU;-5.827949658;-77.370500851458;DESPEJADO;EN PROCESO DE INVESTIGACIÓN;NO CUENTA CON CAUSA ESPECIFICA;;
A-2025-04-2;07/04/2025;08:05;CHOQUE;CHOQUE CON CONSECUENCIA FATAL, Y DAÑOS MATERIALES;1;0;CARRETERA HUARAL CHANCAY KM  0.640;;-11.5519824;-77.2641056;DESPEJADO;EN PROCESO DE INVESTIGACIÓN;NO CUENTA CON CAUSA ESPECIFICA;;CHOQUE CON CONSECUENCIA FATAL Y DAÑOS MATERIALES.
A-2025-04-20;04/04/2025;09:50;DESPISTE;VOLCADURA;1;1;CARRETERRA HUANCAYO - PICHOS;KM 10 080;-12.23765235;-74.9687394893111;DESPEJADO;EN PROCESO DE INVESTIGACIÓN;NO CUENTA CON CAUSA ESPECIFICA;;NINGUNA
A-2025-04-21;26/04/2025;02:20;CHOQUE;SUBSECUENTE MUERTE, LESIONES Y DAÑOS MATERIALES;1;46;CARRETERA PANAMERICANA SUR ALTURA DEL KM. 1058.6;;-17.039021;-71.619746;DESPEJADO;EN PROCESO DE INVESTIGACIÓN;NO CUENTA CON CAUSA ESPECIFICA;;NO
A-2025-04-22;21/04/2025;17:00;DESPISTE;VOLCADURA;2;1;CARRETERA HUANCAYO-PAMPAS;KM. 5 820;-12.309111;-75.04651;DESPEJADO;EN PROCESO DE INVESTIGACIÓN;NO CUENTA CON CAUSA ESPECIFICA;;NINGUNA
A-2025-04-23;10/04/2025;14:00;DESPISTE;VEHICULO QUE CIRCULABA POR UNA CURBA SE DESPISTO POR LA VELOCIDAD;1;3;DESVIO DE PALLPA TRAMO NEGRO MAYO Y CONDOTOMA KILOMETRO 50;LAGUNA PURINA DEL DISTRITO DE OCORURO;-15.174107;-71.166016;DESPEJADO;IMPRUDENCIA DEL CONDUCTOR;EXCESO DE VELOCIDAD;;NINGUNA
A-2025-04-24;27/04/2025;14:00;DESPISTE;VEHICULO MENOR QUE TRANSITABA POR LA TROCHA CARROSABLE DONDE SE DESPISTA EN UNA CRVA DODE SEDESPISTA Y FALLECE SU MENOR HIJO;1;0;CARRETYERA PITUMARCA PAMPACHIRI SECTOR CHULLUNKUYOC ALTURA DE LA PROGRESIVA ;KIMOTRO 5 900;-13.98952302;-71.4279941740332;DESPEJADO;IMPRUDENCIA DEL CONDUCTOR;FATIGA Y/O CANSANCIO;;NINGUNA
A-2025-04-25;26/04/2025;19:20;ATROPELLO;VEHICULO MENOR QUE TRANSITAPOR LA VIA CARRETERO CUSCO SAYLLA DONDE ATROPELLA A UNA PERSONA ;1;0;ALTURA DEL PARADERO BOSQUE DEL DISTRITO DE SAYLLA;PARADERO EL BOSQUE;-13.56572744;-71.835935950328;SOLEADO;IMPRUDENCIA DEL CONDUCTOR;CAÍDA DE MERCANCÍA;;NINGUNO
A-2025-04-26;26/04/2025;20:46;ATROPELLO;EL AUTOMOVIL CIRCULABA EN SENTIDO DE SURESTE ANOROESTE  DOND E EL PEANTON INGRESA AL CARRIL QUE CISCULABA EL VEHICULO ;1;0;SECTOR DE HUATUPAMPA  SANPEDRO;KILOMETRO 1093 800;-14.194283;-71.329443;DESPEJADO;IMPRUDENCIA DEL PEATÓN;CRUCE INDEBIDO POR LA CALZADA;;NINGUNA
A-2025-04-27;22/04/2025;20:30;ATROPELLO;EL PEATON CRUZO POR LA CALSADA INTESPEVTIVAMENTE Y FUE IMPACTADO Y PROYECTADO SOBRE LA CALZADA ;2;0;SECTOR LARIPAMPA PARADERO PUENTE COLGANTE ;KILOMETRO 1100  500;-14.22892;-71.279282;DESPEJADO;IMPRUDENCIA DEL PEATÓN;CRUCE INDEBIDO POR LA CALZADA;;NINGUNO
A-2025-04-28;30/04/2025;19:00;CHOQUE;CHOQUE CON CONSECUENCIA FATAL;1;0;AUTOPISTA AREQUIPA LA JJOYA A LA ALTURA DE LA ASOC. JLBYR SECTOR X MZ. A3 LT. 7 CERRO COLORADO;INMUEBLE ASOC. JLBYR SECTOR X MZ. A3 LT. 7 CERRO COLORADO;-16.36207541;-71.6242131316;DESPEJADO;EN PROCESO DE INVESTIGACIÓN;NO CUENTA CON CAUSA ESPECIFICA;;NO
A-2025-04-3;09/04/2025;23:30;ATROPELLO FUGA;ATROPELLO Y FUGA CON CONSECUENCIA FATAL;1;0;CARRETERA PANAMERICANA NORTE KM 82 100;;-11.5646857;-77.2651276;DESPEJADO;EN PROCESO DE INVESTIGACIÓN;NO CUENTA CON CAUSA ESPECIFICA;;SIN OBSERVACIONES
A-2025-04-4;01/04/2025;15:50;CHOQUE;CONSECUENCIA FATAL Y DAÑOS MATERIALES;1;0;AV. COLONIZADORES S/N;FRENTE  A LA PARCELA 182 INGRESO AL PEDREGAL;-16.354655;-72.176846;DESPEJADO;NO IDENTIFICA LA CAUSA;;;NO
A-2025-04-5;10/04/2025;18:50;ATROPELLO;ATROPELLO CON CONSECUENCIA FATAL Y DAÑOS MATERIALES.;1;0;AV. ESTACION CON LA AV. UNION HUARAL;AL FRENTE DE LA EMPRESA NUBYX;-11.4973717;-77.2090798;DESPEJADO;EN PROCESO DE INVESTIGACIÓN;NO CUENTA CON CAUSA ESPECIFICA;;SIN OBSERVACIONES
A-2025-04-6;04/04/2025;08:10;VOLCADURA;DESPISTE CHOQUE, FATAL, LESIONES Y DAÑOS MATERIALES;1;1;KM. 90   800 DE LA CARRETERA AREQUIPA PUNO;INGRESO A LA COMUIDAD PAMPA DE ARRIEROS;-16.071877;-71.581666;NUBLADO;EN PROCESO DE INVESTIGACIÓN;NO CUENTA CON CAUSA ESPECIFICA;;NO
A-2025-04-7;05/04/2025;08:40;CHOQUE;SUBSECUENTE MUERTE Y DAÑOS MATERIALES;1;3;INTERSECCION AV. DOS CON CALLE UNO ´PRIMERA ETAPA PEDREGAL SUR MAJES CAYLLOMA;;-16.380383;-72.198597;DESPEJADO;EN PROCESO DE INVESTIGACIÓN;NO CUENTA CON CAUSA ESPECIFICA;;NO
A-2025-04-8;01/04/2025;08:06;DESPISTE;ATROPELLO CON CHOQUE;1;2;JR. IGNACIO PRADO CDRA 1;ALTURA AV. TUPAC AMARU KM. 21;-11.8690623;-77.0126351649385;DESPEJADO;EN PROCESO DE INVESTIGACIÓN;NO CUENTA CON CAUSA ESPECIFICA;;NINGUNA
A-2025-04-9;11/04/2025;10:45;DESPISTE;DESPISTE CHOQUE DE CONSECUENCIA FATAL, LESIONES Y DAÑOS MATERIALES;2;1;KM 908 DE LA PANAMERICANA SUR;HITO DE KILOMETRAJE 908;-16.42505;-72.25803;DESPEJADO;NO IDENTIFICA LA CAUSA;;;NO
A-2023-10-184;10/10/2023;15:45;ATROPELLO;;1;0;AV. BRASIL CDRA 34;ALTURA JR. SAN MARTÍN CON JR. FÉLIX DIBÓS;-12.09139754;-77.06727052809207;DESPEJADO;IMPRUDENCIA DEL PEATÓN;CRUCE INDEBIDO POR LA CALZADA;;NINGUNA
A-2023-10-185;11/10/2023;23:00;ATROPELLO;;1;0;AV. METROPOLITANA CON AV. DE LA CULTURA;;-12.03587874;-76.94914219490306;DESPEJADO;EN PROCESO DE INVESTIGACIÓN;NO CUENTA CON CAUSA ESPECIFICA;;NINGUNA
A-2023-10-186;12/10/2023;06:45;CHOQUE;;1;0;AUTOPISTA RAMIRO PRIALÉ;ALTURA PUENTE SANTA CLARA;-12.01134088;-76.89198881140533;DESPEJADO;EN PROCESO DE INVESTIGACIÓN;NO CUENTA CON CAUSA ESPECIFICA;;NINGUNA
A-2023-10-187;12/10/2023;14:00;ATROPELLO;;1;0;AV. CANTA CALLAO;A 60 METROS DE LA AV. DOMINICOS;-11.99109546;-77.1068512204749;DESPEJADO;EN PROCESO DE INVESTIGACIÓN;NO CUENTA CON CAUSA ESPECIFICA;;NINGUNA
A-2023-10-189;13/10/2023;03:55;ATROPELLO;;1;1;AV. PACHACUTEC CDRA 22;;-12.16728152;-76.95166549673276;DESPEJADO;EN PROCESO DE INVESTIGACIÓN;NO CUENTA CON CAUSA ESPECIFICA;;NINGUNA
A-2023-10-190;15/10/2023;07:50;ATROPELLO;;1;1;AV. LIMA 2416;ALTURA PARADERO 12;-12.22777925;-76.90915770025101;DESPEJADO;IMPRUDENCIA DEL CONDUCTOR;CONDUCIR EN ESTADO DE EBRIEDAD Y/O DROGADICCIÓN;;NINGUNA
A-2023-10-191;15/10/2023;11:00;ATROPELLO;;1;0;AV. IGNACIO MERINO CON JR. PEDRO CONDE;;-12.08775439;-77.03197074771342;DESPEJADO;IMPRUDENCIA DEL CONDUCTOR;CONDUCIR EN ESTADO DE EBRIEDAD Y/O DROGADICCIÓN;;NINGUNA
A-2023-10-192;15/10/2023;21:45;DESPISTE;;1;0;AV. LOS CEDROS CDRA. 2;;-11.97992039;-76.77488776662075;DESPEJADO;EN PROCESO DE INVESTIGACIÓN;NO CUENTA CON CAUSA ESPECIFICA;;NINGUNA
A-2023-10-193;15/10/2023;20:05;CHOQUE;;1;0;AV. EL DERBY CDRA. 5;;-12.09865699;-76.97766182984351;DESPEJADO;IMPRUDENCIA DEL CONDUCTOR;OTRO (IMPRUDENCIA DEL CONDUCTOR);;IMPRUDENCIA DEL CONDUCTOR DE AUTOMOVIL
A-2023-10-194;16/10/2023;10:20;ATROPELLO;DESPISTE;1;0;CARRETERA PANAMERICANA NORTE KM 44.700;ALTURA COMPLEJO DEPORTIVO SAN PEDRO;-11.77173;-77.159112;DESPEJADO;EN PROCESO DE INVESTIGACIÓN;NO CUENTA CON CAUSA ESPECIFICA;;NINGUNA
A-2023-10-195;18/10/2023;07:40;DESPISTE;CON ATROPELLO;1;8;AV. FERNANDO WISSE CON AV. SAN MARTIN DE PORRES;;-11.971727;-76.996267;DESPEJADO;IMPRUDENCIA DEL CONDUCTOR;CONDUCIR EN SENTIDO CONTRARIO;;NINGUNA
A-2023-10-196;18/10/2023;19:40;ATROPELLO FUGA;;1;0;VIA DE EVITAMIENTO;ALTURA PUENTE PALMERAS;-12.07401768;-76.97440265058857;DESPEJADO;EN PROCESO DE INVESTIGACIÓN;NO CUENTA CON CAUSA ESPECIFICA;;NINGUNA
A-2023-10-197;19/10/2023;06:00;DESPISTE;VOLCADURA;1;0;CARRETERA PANAMERICANA NORTE KM. 15.804;;-11.993484;-77.063536;DESPEJADO;EN PROCESO DE INVESTIGACIÓN;NO CUENTA CON CAUSA ESPECIFICA;;NINGUNA
A-2023-10-198;21/10/2023;17:35;VOLCADURA;CAÍDA DE VMP;1;0;AV. UNIVERSITARIA CON AV. GUILLERMO DE LA FUENTE;;-11.94219072;-77.06040942721543;DESPEJADO;EN PROCESO DE INVESTIGACIÓN;NO CUENTA CON CAUSA ESPECIFICA;;NINGUNA
A-2023-10-199;22/10/2023;02:10;DESPISTE;;1;0;AV. PACASMAYO CON CALLE 3;A 1 CDRA DE AV. CANTA-CALLAO;-11.99458773;-77.10970376686056;DESPEJADO;EN PROCESO DE INVESTIGACIÓN;NO CUENTA CON CAUSA ESPECIFICA;;NINGUNA
A-2023-10-200;22/10/2023;05:50;DESPISTE;VOLCADURA;1;0;CARRETERRA PANAMERICANA NORTE KM. 42.500;;-11.788477;-77.150961;DESPEJADO;EN PROCESO DE INVESTIGACIÓN;NO CUENTA CON CAUSA ESPECIFICA;;NINGUNA
A-2023-10-201;22/10/2023;12:40;CHOQUE;MÚLTIPLE;2;0;CARRETERA PANAMERICANA SUR KM. 17.500;;-12.210124;-76.975529;DESPEJADO;EN PROCESO DE INVESTIGACIÓN;NO CUENTA CON CAUSA ESPECIFICA;;NINGUNA
A-2023-10-202;23/10/2023;07:00;CHOQUE;DESPISTE;1;0;CARRETERA PANAMERICANA SUR KM. 30;;-12.27661109;-76.88912191629775;DESPEJADO;EN PROCESO DE INVESTIGACIÓN;NO CUENTA CON CAUSA ESPECIFICA;;NINGUNA
A-2023-10-203;24/10/2023;07:00;CHOQUE;;2;0;CARRETERA PANAMERICANA SUR KM. 27;ALTURA RESIDENCIAL SOLIMAR;-12.262035;-76.912388;DESPEJADO;EN PROCESO DE INVESTIGACIÓN;NO CUENTA CON CAUSA ESPECIFICA;;NINGUNA
A-2023-10-208;25/10/2023;00:23;ATROPELLO;;1;0;AV. ANGAMOS CON PASAJE SAN FERNANDO;;-12.11271091;-77.01376746872751;DESPEJADO;EN PROCESO DE INVESTIGACIÓN;NO CUENTA CON CAUSA ESPECIFICA;;NINGUNA
A-2023-10-207;26/10/2023;05:45;ATROPELLO;;1;0;AV. CIRCUNVALACIÓN CDRA. 17;;-12.07009364;-76.99487604601848;DESPEJADO;EN PROCESO DE INVESTIGACIÓN;NO CUENTA CON CAUSA ESPECIFICA;;NINGUNA
A-2023-10-205;27/10/2023;01:30;ATROPELLO FUGA;;1;0;CARRETERA PANAMERICANA NORTE KM. 22;ALTURA 1RA DE PRO;-11.93760249;-77.07182621028933;DESPEJADO;EN PROCESO DE INVESTIGACIÓN;NO CUENTA CON CAUSA ESPECIFICA;;NINGUNA
A-2023-10-206;27/10/2023;06:30;ATROPELLO;;1;0;AV. UNIVERSITARIA CDRA. 36;ALTURA CALLE 5;-11.99385234;-77.08372728291087;DESPEJADO;EN PROCESO DE INVESTIGACIÓN;NO CUENTA CON CAUSA ESPECIFICA;;NINGUNA
A-2023-10-209;28/10/2023;02:00;ATROPELLO;;1;2;AUTOPISTA RAMIRO PRIALÉ KM. 7;ALTURA DERCO;-12.02111902;-76.92992979985324;DESPEJADO;EN PROCESO DE INVESTIGACIÓN;NO CUENTA CON CAUSA ESPECIFICA;;NINGUNA
A-2023-10-210;28/10/2023;04:30;ATROPELLO FUGA;;1;0;AV. 1RO DE MAYO CDRA.19;;-12.0438571;-76.9855298258064;DESPEJADO;EN PROCESO DE INVESTIGACIÓN;NO CUENTA CON CAUSA ESPECIFICA;;NINGUNA
A-2023-10-211;29/10/2023;00:40;ATROPELLO FUGA;;1;0;CARRETERA CENTRAL KM 14.800;;-12.006942;-76.85333;DESPEJADO;EN PROCESO DE INVESTIGACIÓN;NO CUENTA CON CAUSA ESPECIFICA;;NINGUNA
A-2023-10-212;29/10/2023;06:10;CHOQUE;;1;0;CARRETERA PANAMERICANA NORTE KM. 9.709;ALTURA PUENTE CAQUETÁ;-12.03706637;-77.04208936075652;DESPEJADO;EN PROCESO DE INVESTIGACIÓN;NO CUENTA CON CAUSA ESPECIFICA;;NINGUNA
A-2023-11-161;01/11/2023;05:20;ATROPELLO;;1;0;AV. GERARDO UNGER CDRA. 7;;-12.01828436;-77.05154812;DESPEJADO;EN PROCESO DE INVESTIGACIÓN;NO CUENTA CON CAUSA ESPECIFICA;;NINGUNA
A-2023-11-162;01/11/2023;19:00;ESPECIAL;CAÍDA DE ROCA;1;0;CIRCUITO DE PLAYAS DE LA COSTA VERDE;ALTURA SALTO DEL FRAILE ;-12.170252;-77.035904;DESPEJADO;EN PROCESO DE INVESTIGACIÓN;NO CUENTA CON CAUSA ESPECIFICA;;NINGUNA
A-2023-11-166;02/11/2023;11:45;ATROPELLO FUGA;;1;0;CARRETERA PANAMERICANA SUR KM. 47.500;;-12.3806551;-76.77488469783769;DESPEJADO;EN PROCESO DE INVESTIGACIÓN;NO CUENTA CON CAUSA ESPECIFICA;;NINGUNA
A-2023-11-168;02/11/2023;17:40;CHOQUE;;1;0;AV. LURIGANCHO CDRA 08;ALTURA MERCADO MALVINAS SIGLO XXI;-12.017966;-77.001801;DESPEJADO;EN PROCESO DE INVESTIGACIÓN;NO CUENTA CON CAUSA ESPECIFICA;;NINGUNA
A-2023-11-163;02/11/2023;04:40;ATROPELLO;;1;0;AV. PERÚ CDRA. 17;;-12.0320899;-77.06467558546424;DESPEJADO;EN PROCESO DE INVESTIGACIÓN;NO CUENTA CON CAUSA ESPECIFICA;;NINGUNA
A-2023-11-164;02/11/2023;12:10;ATROPELLO;;1;0;AV. TUPAC AMARU KM 16;REF. PASANDO AV. CHIMPU OCLLO- FRENTE A GRIFO REPSOL;-11.90172144;-77.03048126751166;DESPEJADO;EN PROCESO DE INVESTIGACIÓN;NO CUENTA CON CAUSA ESPECIFICA;;NINGUNA
A-2023-11-165;02/11/2023;05:00;ATROPELLO;;1;0;AV. PROCERES DE LA INDEPENDENCIA CON AV. LIMA;;-12.025589;-77.01016383272356;DESPEJADO;EN PROCESO DE INVESTIGACIÓN;NO CUENTA CON CAUSA ESPECIFICA;;NINGUNA
A-2023-11-167;02/11/2023;19:45;ATROPELLO;;1;0;CARRETERA CENTRAL KM. 13;FRENTE AL CLUB RECREACIONAL SAN JUAN;-12.009704;-76.86814;DESPEJADO;EN PROCESO DE INVESTIGACIÓN;NO CUENTA CON CAUSA ESPECIFICA;;NINGUNA
A-2023-11-169;03/11/2023;03:06;ATROPELLO;;1;0;VIA EVITAMIENTO;ALTURA PUENTE RAYITO DE SOL;-12.04129922;-77.03291677686661;DESPEJADO;EN PROCESO DE INVESTIGACIÓN;NO CUENTA CON CAUSA ESPECIFICA;;NINGUNA
A-2023-11-170;05/11/2023;06:30;CHOQUE;;1;0;AV. UNIVERSITARIA CON AV. JAMAICA;;-11.925896;-77.051968;DESPEJADO;EN PROCESO DE INVESTIGACIÓN;NO CUENTA CON CAUSA ESPECIFICA;;NINGUNA
A-2023-11-171;06/11/2023;05:40;ATROPELLO;;1;0;AV. EDUARDO DE HABICH CDRA. 04;;-12.026511;-77.054702;DESPEJADO;EN PROCESO DE INVESTIGACIÓN;NO CUENTA CON CAUSA ESPECIFICA;;NINGUNA
A-2023-11-172;08/11/2023;12:00;ATROPELLO;;1;0;JR. ABTAO CON JR. GARCÍA NARANJO;;-12.060992;-77.023055;DESPEJADO;EN PROCESO DE INVESTIGACIÓN;NO CUENTA CON CAUSA ESPECIFICA;;NINGUNA
A-2023-11-173;11/11/2023;22:10;CHOQUE;VOLCADURA;1;0;CARRETERA LIMA - CANTA KM. 31.500;;-11.79385564;-76.98317790424615;DESPEJADO;EN PROCESO DE INVESTIGACIÓN;NO CUENTA CON CAUSA ESPECIFICA;;NINGUNA
A-2023-11-174;12/11/2023;10:20;ATROPELLO;;1;0;AV. TOMÁS MARSANO CDRA. 52;;-12.147992;-76.986092;DESPEJADO;EN PROCESO DE INVESTIGACIÓN;NO CUENTA CON CAUSA ESPECIFICA;;NINGUNA
A-2023-11-175;12/11/2023;20:20;ATROPELLO FUGA;;1;0;CARRETERA PANAMERICANA SUR KM. 36.500;;-12.305428;-76.839151;DESPEJADO;EN PROCESO DE INVESTIGACIÓN;NO CUENTA CON CAUSA ESPECIFICA;;NINGUNA
A-2023-11-177;14/11/2023;20:45;CHOQUE;VOLCADURA;1;0;CARRETERA PANAMERICANA NORTE KM. 10.600;ALTURA CDRA. 05 AV. ZARUMILLA ;-12.035383;-77.047746;DESPEJADO;EN PROCESO DE INVESTIGACIÓN;NO CUENTA CON CAUSA ESPECIFICA;;NINGUNA
A-2023-11-176;15/11/2023;06:15;ATROPELLO;;1;0;AV. LAS PALMERAS CDRA. 54;A 150 METROS DE LA AV. MARAÑON;-11.970721;-77.072616;DESPEJADO;EN PROCESO DE INVESTIGACIÓN;NO CUENTA CON CAUSA ESPECIFICA;;NINGUNA
A-2023-11-178;15/11/2023;11:40;ESPECIAL;APLASTAMIENTO;1;0;CALLE EL COLLAR CDRA. 04;;-11.973959;-76.992581;DESPEJADO;EN PROCESO DE INVESTIGACIÓN;NO CUENTA CON CAUSA ESPECIFICA;;NINGUNA
A-2023-11-179;15/11/2023;07:20;ATROPELLO;;1;0;AV. UNIVERSITARIA FRENTE A LA MZ. A LTE. 4 URB. LOS JARDINES DE CARABAYLLO;ALTURA APV LOS SAUCES DE CARABAYLLO;-11.873531;-77.023638;DESPEJADO;EN PROCESO DE INVESTIGACIÓN;NO CUENTA CON CAUSA ESPECIFICA;;NINGUNA
A-2023-11-180;15/11/2023;17:10;DESPISTE;VOLCADURA;1;0;AV. RAMIRO PRIALE ALTURA KM. 4;;-12.021937;-76.956816;DESPEJADO;EN PROCESO DE INVESTIGACIÓN;NO CUENTA CON CAUSA ESPECIFICA;;NINGUNA
A-2023-11-181;18/11/2023;00:20;DESPISTE;VOLCADURA;1;0;CARRETERA PANAMERICANA NORTE ;ALTURA SENATI;-11.998886;-77.062656;DESPEJADO;EN PROCESO DE INVESTIGACIÓN;NO CUENTA CON CAUSA ESPECIFICA;;NINGUNA
A-2023-11-182;18/11/2023;07:10;DESPISTE;ATROPELLO;2;0;CALLE ANILLO VIAL ALTURA MZ. C LT 07 AA.HH. SANTA MARÍA;;-11.96833;-76.969679;DESPEJADO;EN PROCESO DE INVESTIGACIÓN;NO CUENTA CON CAUSA ESPECIFICA;;NINGUNA
A-2023-11-183;19/11/2023;05:30;ATROPELLO FUGA;;1;0;CARRETERA PANAMERICANA SUR KM. 14.085;ALTURA PUENTE ELECTRO;-12.179836;-76.976268;DESPEJADO;EN PROCESO DE INVESTIGACIÓN;NO CUENTA CON CAUSA ESPECIFICA;;NINGUNA
A-2023-11-184;19/11/2023;14:15;ATROPELLO;;1;0;CARRETERA PANAMERICANA NORTE KM. 49.700;ALTURA ASOC.VIVIENDA HUERTOS DE LA PLANICIE;-11.73546;-77.132977;DESPEJADO;EN PROCESO DE INVESTIGACIÓN;NO CUENTA CON CAUSA ESPECIFICA;;NINGUNA
A-2023-11-185;20/11/2023;17:20;CHOQUE;;2;0;CARRETERA PANAMERICANA SUR KM. 35.214;ALTURA PUENTE PEATONAL CUARENTA;-12.299915;-76.84916;DESPEJADO;EN PROCESO DE INVESTIGACIÓN;NO CUENTA CON CAUSA ESPECIFICA;;NINGUNA
A-2023-11-186;21/11/2023;03:10;ATROPELLO;;1;0;AV. ALFREDO MENDIOLA CDRA. 5;ALTURA PUENTE CAYETANO HEREDIA;-12.025901;-77.058753;DESPEJADO;EN PROCESO DE INVESTIGACIÓN;NO CUENTA CON CAUSA ESPECIFICA;;NINGUNA
A-2023-11-187;22/11/2023;23:30;CHOQUE;;1;0;CARRETERA PANAMERICANA NORTE KM. 28.100;ALTURA PARADERO FAMESA;-11.884858;-77.068638;DESPEJADO;EN PROCESO DE INVESTIGACIÓN;NO CUENTA CON CAUSA ESPECIFICA;;NINGUNA