COD_ACCIDE;FechaDelAccidente;HoraDelAccidente;ClaseDelAccidente;SecuenciaAccidente;CantidadDeFallecidos;CantidadDeLesionados;Direccion;LugarReferencia;y;x;CondClimatica;CausaFactorPrincipal;CausaEspecifica;OtraCausa;Observaciones
A-2023-11-188;25/11/2023;01:30;ATROPELLO FUGA;;1;0;CARRETERA PANAMERICANA SUR KM. 44.000;;-12.359113;-76.79739;DESPEJADO;EN PROCESO DE INVESTIGACIÓN;NO CUENTA CON CAUSA ESPECIFICA;;NINGUNA
A-2023-11-189;25/11/2023;08:40;ATROPELLO;;1;0;AV. JERUSALEN COMITÉ 6 MZ. 11 LTE.15;;-12.148134;-76.934364;DESPEJADO;EN PROCESO DE INVESTIGACIÓN;NO CUENTA CON CAUSA ESPECIFICA;;NINGUNA
A-2023-11-190;26/11/2023;00:30;ATROPELLO FUGA;;1;0;CARRETERA PANAMERICANA SUR KM. 34.500;;-12.297212;-76.855162;DESPEJADO;EN PROCESO DE INVESTIGACIÓN;NO CUENTA CON CAUSA ESPECIFICA;;NINGUNA
A-2023-11-191;27/11/2023;21:10;ATROPELLO FUGA;;1;0;CARRETERA PANAMERICANA SUR KM. 45.500;;-12.368602;-76.787547;DESPEJADO;EN PROCESO DE INVESTIGACIÓN;NO CUENTA CON CAUSA ESPECIFICA;;NINGUNA
A-2023-11-192;27/11/2023;17:45;ATROPELLO;;1;0;AV. NARANJAL CDRA. 10 ALTURA AV. UNIVERSITARIA;;-11.977924;-77.077287;DESPEJADO;EN PROCESO DE INVESTIGACIÓN;NO CUENTA CON CAUSA ESPECIFICA;;NINGUNA
A-2023-11-193;27/11/2023;20:30;DESPISTE;VOLCADURA Y ATROPELLO;1;7;AV. EL RETABLO CDRA. 11 ;;-11.922515;-77.054298;DESPEJADO;EN PROCESO DE INVESTIGACIÓN;NO CUENTA CON CAUSA ESPECIFICA;;NINGUNA
A-2023-11-194;27/11/2023;20:20;CHOQUE FUGA;;1;0;CARRETERA PANAMERICANA SUR KM. 19.000;;-12.222433;-76.974542;DESPEJADO;EN PROCESO DE INVESTIGACIÓN;NO CUENTA CON CAUSA ESPECIFICA;;NINGUNA
A-2023-11-195;28/11/2023;04:40;ATROPELLO FUGA;;1;0;VÍA EVITAMIENTO ALTURA PUENTE HUÁNUCO;;-12.042052;-77.019965;DESPEJADO;EN PROCESO DE INVESTIGACIÓN;NO CUENTA CON CAUSA ESPECIFICA;;NINGUNA
A-2023-12-178;02/12/2023;16:30;DESPISTE;;1;0;AV. CHIMPU OCLLO - AA.HH. LA LIBERTAD;;-11.821735;-77.103097;DESPEJADO;EN PROCESO DE INVESTIGACIÓN;NO CUENTA CON CAUSA ESPECIFICA;;NINGUNA
A-2023-12-179;02/12/2023;19:20;ATROPELLO;;1;0;AV. TRAPICHE CDRA. 1;;-11.9300513;-77.06882131;DESPEJADO;EN PROCESO DE INVESTIGACIÓN;NO CUENTA CON CAUSA ESPECIFICA;;NINGUNA
A-2023-12-180;04/12/2023;00:23;DESPISTE;VOLCADURA;1;0;AV. UNIVERSITARIA CDRA. 99;;-11.90807399;-77.04365467;DESPEJADO;EN PROCESO DE INVESTIGACIÓN;NO CUENTA CON CAUSA ESPECIFICA;;NINGUNA
A-2023-12-181;04/12/2023;02:30;ATROPELLO;;1;0;CARRETERA PANAMERICANA NORTE KM. 18.849; ALTURA PUENTE LOS TRES POSTES;-11.966231;-77.06787;DESPEJADO;EN PROCESO DE INVESTIGACIÓN;NO CUENTA CON CAUSA ESPECIFICA;;NINGUNA
A-2023-12-182;04/12/2023;18:30;ATROPELLO;;1;0;CARRETERA CENTRAL KM. 15.500;FRENTE A GRIFO PRIMAX;-12.005659;-76.846774;DESPEJADO;EN PROCESO DE INVESTIGACIÓN;NO CUENTA CON CAUSA ESPECIFICA;;NINGUNA
A-2023-12-183;06/12/2023;17:00;ATROPELLO FUGA;;1;0;CARRETERA CENTRAL ALTURA KM. 11;;-12.01495582;-76.88672032295044;DESPEJADO;EN PROCESO DE INVESTIGACIÓN;NO CUENTA CON CAUSA ESPECIFICA;;NINGUNA
A-2023-12-184;07/12/2023;23:50;ATROPELLO;;1;1;CARRETERA PANAMERICANA SUR KM. 20 ALTURA PEAJE DE VILLA;;-12.229023;-76.968051;DESPEJADO;EN PROCESO DE INVESTIGACIÓN;NO CUENTA CON CAUSA ESPECIFICA;;NINGUNA
A-2023-12-185;08/12/2023;19:15;CHOQUE;;1;0;CARRETERA PANAMERICANA NORTE KM. 18.442 ALTURA PUENTE CASETTA;;-11.970668;-77.06716;DESPEJADO;EN PROCESO DE INVESTIGACIÓN;NO CUENTA CON CAUSA ESPECIFICA;;NINGUNA
A-2023-12-186;09/12/2023;04:20;ATROPELLO FUGA;;1;0;AV. UNIVERSITARIA ALTURA MZ. A LOTE 4 ASOCIACIÓN LAS LOMAS;;-11.87556;-77.024629;DESPEJADO;EN PROCESO DE INVESTIGACIÓN;NO CUENTA CON CAUSA ESPECIFICA;;NINGUNA
A-2023-12-187;09/12/2023;20:55;ATROPELLO;;1;0;AV. LAS PALMARES CDRA. 38;;-11.990954;-77.071612;DESPEJADO;EN PROCESO DE INVESTIGACIÓN;NO CUENTA CON CAUSA ESPECIFICA;;NINGUNA
A-2023-12-188;10/12/2023;22:40;ATROPELLO;;1;0;AV. MORALES DUAREZ CDRA. 12 CRUCE CON PASAJE LOS ÁNGELES;;-12.036376;-77.059546;DESPEJADO;EN PROCESO DE INVESTIGACIÓN;NO CUENTA CON CAUSA ESPECIFICA;;NINGUNA
A-2023-12-190;11/12/2023;18:20;ATROPELLO;;1;0;AV. UNIVERSITARIA CON AV. LOS ÁNGELES;;-11.940068;-77.059508;DESPEJADO;EN PROCESO DE INVESTIGACIÓN;NO CUENTA CON CAUSA ESPECIFICA;;NINGUNA
A-2023-12-189;11/12/2023;10:30;ATROPELLO;;1;0;AV. PRÓCERES DE HUANDOY MZ. P LTE. 95 URB. SAN ROQUE;;-11.960929;-77.076156;DESPEJADO;EN PROCESO DE INVESTIGACIÓN;NO CUENTA CON CAUSA ESPECIFICA;;NINGUNA
A-2023-12-191;12/12/2023;10:00;ATROPELLO;;1;0;AV. SIMÓN BOLÍVAR CDRA. 3;;-12.159482;-76.952162;DESPEJADO;EN PROCESO DE INVESTIGACIÓN;NO CUENTA CON CAUSA ESPECIFICA;;NINGUNA
A-2023-12-192;14/12/2023;06:30;DESPISTE;;3;8;CARRETERA PANAMERICANA SUR KM. 25;;-12.251701;-76.928726;DESPEJADO;EN PROCESO DE INVESTIGACIÓN;NO CUENTA CON CAUSA ESPECIFICA;;NINGUNA
A-2023-12-193;14/12/2023;05:45;CHOQUE;DESPISTE;2;1;CARRETERA PANAMERICANA SUR KM 49.500;;-12.393947;-76.761257;DESPEJADO;EN PROCESO DE INVESTIGACIÓN;NO CUENTA CON CAUSA ESPECIFICA;;NINGUNA
A-2023-12-194;17/12/2023;07:00;DESPISTE;;1;0;AV. PRINCIPAL CON CALLE LOS ALAMOS DE PRIALÉ;;-12.020604;-76.957887;DESPEJADO;EN PROCESO DE INVESTIGACIÓN;NO CUENTA CON CAUSA ESPECIFICA;;NINGUNA
A-2023-12-195;18/12/2023;08:30;CHOQUE;MÚLTIPLE;2;0;JR. MANUEL SEGURA CON JR. MONTERO ROSAS;;-12.079394;-77.033245;DESPEJADO;EN PROCESO DE INVESTIGACIÓN;NO CUENTA CON CAUSA ESPECIFICA;;NINGUNA
A-2023-12-196;18/12/2023;22:15;ATROPELLO;;1;0;AV. UNIVERSITARIA CDRA. 31 URB. EL PACIFICO;;-12.003896;-77.083146;DESPEJADO;EN PROCESO DE INVESTIGACIÓN;NO CUENTA CON CAUSA ESPECIFICA;;NINGUNA
A-2023-12-197;19/12/2023;18:00;ATROPELLO;;1;0;AV. RAMÓN VARGAS MACHUCA CON AV. CÉSAR CANEVARO;;-12.164702;-76.969283;DESPEJADO;EN PROCESO DE INVESTIGACIÓN;NO CUENTA CON CAUSA ESPECIFICA;;NINGUNA
A-2023-12-198;22/12/2023;17:45;ATROPELLO;;1;0;AV. UNIVERSITARIA CDRA. 3;;-12.038671;-77.07741;DESPEJADO;EN PROCESO DE INVESTIGACIÓN;NO CUENTA CON CAUSA ESPECIFICA;;NINGUNA
A-2023-12-199;23/12/2023;04:30;ATROPELLO FUGA;;1;0;CARRETERA PANAMERICANA NORTE KM. 15.221;;-12.00067;-77.062343;DESPEJADO;EN PROCESO DE INVESTIGACIÓN;NO CUENTA CON CAUSA ESPECIFICA;;NINGUNA
A-2023-12-200;23/12/2023;17:30;ATROPELLO;;1;0;AV. LOS EUCALIPTOS CON AV. FRANCISCO BOLOGNESI;;-12.04499964;-76.97409951291247;DESPEJADO;EN PROCESO DE INVESTIGACIÓN;NO CUENTA CON CAUSA ESPECIFICA;;NINGUNA
A-2023-12-203;23/12/2023;22:00;CHOQUE;MÚLTIPLE;1;0;CARRETERA PANAMERICANA SUR KM. 28;;-12.266278;-76.905614;DESPEJADO;EN PROCESO DE INVESTIGACIÓN;NO CUENTA CON CAUSA ESPECIFICA;;NINGUNA
A-2023-12-201;25/12/2023;05:45;DESPISTE;VOLCADURA;1;0;JR. MORRO SOLAR CDRA. 02 ;;-12.11182587;-76.97834456587162;DESPEJADO;EN PROCESO DE INVESTIGACIÓN;NO CUENTA CON CAUSA ESPECIFICA;;NINGUNA
A-2023-12-202;26/12/2023;06:00;DESPISTE;VOLCADURA;1;1;CIRCUITO DE PLAYAS ;;-12.16578627;-77.02752554355769;DESPEJADO;EN PROCESO DE INVESTIGACIÓN;NO CUENTA CON CAUSA ESPECIFICA;;VEHICULO DE TRANSPORTE DE VALORES EMPRESA HERMES
A-2024-01-122;02/01/2024;03:20;ATROPELLO FUGA;;1;0;CARRETERA CENTRAL KM. 16; ALTURA GRIFO PRIMAX;-12.002245;-76.841545;DESPEJADO;IMPRUDENCIA DEL PEATÓN;ESTADO DE EBRIEDAD Y/O DROGADICCIÓN;;NINGUNA
A-2024-01-123;07/01/2024;12:40;ATROPELLO;;1;0;AV. NICOLAS AYLLON CON JR. SALAVERRY;;-11.93245869;-76.69278927045862;DESPEJADO;IMPRUDENCIA DEL CONDUCTOR;ADELANTAR INDEBIDAMENTE;;NINGUNA
A-2024-01-124;12/01/2024;21:45;ATROPELLO;;1;0;AV. ALMIRANTE MIGUEL GRAU CDRA. 09;;-12.14274588;-77.02203523036745;DESPEJADO;IMPRUDENCIA DEL PEATÓN;ESTADO DE EBRIEDAD Y/O DROGADICCIÓN;;NINGUNA
A-2024-01-125;14/01/2024;02:00;ATROPELLO;;1;0;AV. CANTA CALLAO;ALTURA CENTRO COMERCIAL SANTA ROSA;-11.98716388;-77.10339021699738;DESPEJADO;EN PROCESO DE INVESTIGACIÓN;NO CUENTA CON CAUSA ESPECIFICA;;NINGUNA
A-2024-01-126;14/01/2024;05:30;CHOQUE;;1;0;CARRETERA PANAMERICANA NORTE KM. 34.635;;-11.841075;-77.104197;DESPEJADO;IMPRUDENCIA DEL CONDUCTOR;INVASIÓN DE CARRIL;;NINGUNA
A-2024-01-127;14/01/2024;11:40;ATROPELLO FUGA;;1;0;AV. BOLIVAR CON AV. MARIA PASTOR SEVILLA;;-12.2208626;-76.94377197644376;DESPEJADO;EN PROCESO DE INVESTIGACIÓN;NO CUENTA CON CAUSA ESPECIFICA;;NINGUNA
A-2024-01-119;14/01/2024;08:00;ATROPELLO FUGA;PRESUNTO ATROPELLO Y FUGA ;1;0;CARRETERA QUE UNE LOS DISTRITOS DE SONDOR HACIA EL CASERIO TABACONAS ;;-5.45133;-80.815121;DESPEJADO;;;;
A-2024-01-128;15/01/2024;11:30;DESPISTE;CON ATROPELLO;1;2;AV. SINCHI ROCA ALTURA MZ K LTE. 5 ANEXO 22;;-11.93588911;-76.9593308809;DESPEJADO;IMPRUDENCIA DEL CONDUCTOR;OTRO (IMPRUDENCIA DEL CONDUCTOR);;NINGUNA
A-2024-01-129;15/01/2024;09:30;ATROPELLO;;1;0;AV. UNIVERSITARIA CON AV. LIMA;;-12.08688556;-77.08382684494106;DESPEJADO;IMPRUDENCIA DEL CONDUCTOR;GIRAR IMPRUDENTEMENTE;;NINGUNA
A-2024-01-130;17/01/2024;07:20;ATROPELLO;;1;0;AV. SEPARADORA INDUSTRIAL CON CALLE LAS LOMAS;;-12.23626557;-76.91630281426208;DESPEJADO;EN PROCESO DE INVESTIGACIÓN;NO CUENTA CON CAUSA ESPECIFICA;;NINGUNA
A-2024-01-131;18/01/2024;17:40;ATROPELLO;;1;0;CARRETERA CENTRAL KM. 27.750;ALTURA HOSTAL LOS ANGELES;-11.96551182;-76.74331488726784;DESPEJADO;IMPRUDENCIA DEL PEATÓN;CRUCE INDEBIDO POR LA CALZADA;;NINGUNA
A-2024-01-132;18/01/2024;20:20;ATROPELLO;;1;0;AV. LUIS FELIPE DE LAS CASAS S/N;ALTURA LA LADRILLERA;-12.13164148;-76.81870127468785;DESPEJADO;IMPRUDENCIA DEL PEATÓN;ESTADO DE EBRIEDAD Y/O DROGADICCIÓN;;NINGUNA
A-2024-01-133;22/01/2024;12:20;ATROPELLO;;1;0;AV. TUPAC AMARU CDRA. 02;;-12.15850545;-76.9583225023919;DESPEJADO;EN PROCESO DE INVESTIGACIÓN;NO CUENTA CON CAUSA ESPECIFICA;;NINGUNA
A-2024-01-134;22/01/2024;08:00;ATROPELLO FUGA;;1;0;AV. MIGUEL GRAU CDRA. 01;;-12.05957825;-77.03489691480442;DESPEJADO;EN PROCESO DE INVESTIGACIÓN;NO CUENTA CON CAUSA ESPECIFICA;;NINGUNA
A-2024-01-120;24/01/2024;23:00;ATROPELLO;POR PROYECCION;1;1;KM 6.5 DE LA CARRETERA CAJAMARCA - SAN MARCOS;;-7.2038385;-78.4449817;DESPEJADO;IMPRUDENCIA DEL CONDUCTOR;OTRO (IMPRUDENCIA DEL CONDUCTOR);EL EXCESO DE CONFIANZA DEL CONDUCTOR DE LA UT-1, AL CONDUCIR UNA VELOCIDAD MAYOR QUE LA RAZONABLE Y PRUDENTE, PESE A ENFRENTAR UNA SEÑAL REGULADORA DE VELOCIDAD (40K/H), POR LO QUE AL TENER PRECEPCIÓN REAL DE LA UT-2 (PEATÓN) NO TUVO TIEMPO Y ESPACIO A FIN DE MANIOBRAR OPORTUNAMENTE;
A-2024-01-135;25/01/2024;10:30;ATROPELLO;;1;0;AV. NICOLAS AYLLON CDRA. 04;;-12.05817981;-77.00937774120148;DESPEJADO;IMPRUDENCIA DEL CONDUCTOR;OTRO (IMPRUDENCIA DEL CONDUCTOR);NO ADOPTAR MEDIDAS DE SEGURIDAD;NINGUNA
A-2024-01-136;28/01/2024;19:30;ATROPELLO FUGA;;1;0;CARRETERA PANAMERICANA SUR KM. 33;;-12.2904;-76.866898;DESPEJADO;EN PROCESO DE INVESTIGACIÓN;NO CUENTA CON CAUSA ESPECIFICA;;NINGUNA
A-2024-01-138;31/01/2024;16:30;CHOQUE;CON ATROPELLO;1;0;AV. LAS FLORES DE PRIMAVERA CDRA. 09;;-12.01264071;-77.0115990152;DESPEJADO;IMPRUDENCIA DEL CONDUCTOR;ADELANTAR INDEBIDAMENTE;;IMPRUDENCIA DEL CAMION
A-2024-01-137;31/01/2024;14:30;ATROPELLO;;1;0;CARRETERA PANAMERICANA NORTE KM. 36;;-11.833299;-77.113696;DESPEJADO;IMPRUDENCIA DEL PEATÓN;CRUCE INDEBIDO POR LA CALZADA;;NINGUNA
A-2024-02-112;01/02/2024;21:00;DESPISTE;SUBSECUENTE VOLCADURA;1;0;KM. 2 600 CARRETERA JAEN - CHAMAYA;;-5.819416;-78.761322;DESPEJADO;IMPRUDENCIA DEL CONDUCTOR;EXCESO DE VELOCIDAD;;
A-2024-02-113;01/02/2024;20:00;CHOQUE;;1;0;KM. 65 250. CARRETERA DE PENETRACION CIUDAD DE DIOS;;-7.252333;-79.122169;DESPEJADO;IMPRUDENCIA DEL CONDUCTOR;EXCESO DE VELOCIDAD;;
A-2024-02-122;02/02/2024;07:50;ATROPELLO;;1;0;AV. WIESSE CON AV. SAN MARTIN;;-11.97191848;-76.9962720044;DESPEJADO;IMPRUDENCIA DEL CONDUCTOR;OTRO (IMPRUDENCIA DEL CONDUCTOR);NO ADOPTO MEDIDAS DE PREVENCION;NINGUNA
A-2024-02-123;03/02/2024;12:20;ATROPELLO;;1;0;MZ. M LOTE 13 SECTOR 1 GRUPO 5;;-12.19737561;-76.94245700956884;DESPEJADO;EN PROCESO DE INVESTIGACIÓN;NO CUENTA CON CAUSA ESPECIFICA;;NINGUNA
A-2024-02-124;04/02/2024;03:30;ATROPELLO;;1;0;CARETERRA PANAMERICA SUR KM. 09;;-12.13712789;-76.98051980293926;DESPEJADO;IMPRUDENCIA DEL PEATÓN;CRUCE INDEBIDO POR LA CALZADA;;NINGUNA
A-2024-02-125;05/02/2024;09:40;ATROPELLO;;1;0;AV. UNIVERSITARIA CDRA. 38;;-11.98970654;-77.08174369955721;DESPEJADO;IMPRUDENCIA DEL CONDUCTOR;CONDUCIR EN ESTADO DE EBRIEDAD Y/O DROGADICCIÓN;;NINGUNA
A-2024-02-111;05/02/2024;15:45;CHOQUE;CHOQUE, VOLCADURA, CAIDA Y APLASTAMIENTO CON SUBSECUENTE DESPISTE ;1;0;CARRETERA PANAMERICANA NORTE ;KM 990 TRAMO CHICLAYO PIURA ;-5.2430366;-80.63186833;DESPEJADO;IMPRUDENCIA DEL CONDUCTOR;INVASIÓN DE CARRIL;;
A-2024-02-126;07/02/2024;18:45;ATROPELLO;;1;0;AV. CIRCUNVALACION CON CALLE LOS EBANISTAS;;-11.96628808;-76.98397487663554;DESPEJADO;IMPRUDENCIA DEL PEATÓN;CRUCE INDEBIDO POR LA CALZADA;;NINGUNA
A-2024-02-127;08/02/2024;14:40;ATROPELLO;;1;0;CALLE VIRREY TOLEDO CDRA.03 ALTURA PASAJE CIEZA DE LEON;;-12.09279081;-77.03143804755321;DESPEJADO;IMPRUDENCIA DEL CONDUCTOR;CONDUCIR EN SENTIDO CONTRARIO;;NINGUNA
A-2024-02-114;08/02/2024;10:00;DESPISTE;SUBSECUENTE VOLCADURA;1;1;CARRETERA CASERÍO LA UNIÓN HACIA EL C. P CALABOZO;;-5.074936;-78.819638;DESPEJADO;IMPRUDENCIA DEL CONDUCTOR;OTRO (IMPRUDENCIA DEL CONDUCTOR);LA IMPRUDENCIA POR PARTE DEL CONDUCTOR DE LA UT, AL CONDUCIR SU UNIDAD VEHICULAR CON EXCESO DE CONFIANZA, QUE GENERÓ SU APROXIMACIÓN TEMERARIA AL LADO DERECHO DE LA VÍA, DESPISTÁNDOSE PARCIALMENTE, RECORRIENDO 12.50 M PARA LUEGO VOLCAR EN TONEL DERECHO HACIA EL ABISMO;
A-2024-02-142;09/02/2024;21:30;ATROPELLO;;1;0;AV. UNIVERSITARIA CDRA. 40;;-11.97227764;-77.07569801860032;DESPEJADO;EN PROCESO DE INVESTIGACIÓN;NO CUENTA CON CAUSA ESPECIFICA;;NINGUNA
A-2024-02-129;10/02/2024;23:30;ATROPELLO;;1;0;CARRETERA PANAMERICANA NORTE KM.23.500;;-11.924761;-77.072911;DESPEJADO;EN PROCESO DE INVESTIGACIÓN;NO CUENTA CON CAUSA ESPECIFICA;;NINGUNA
A-2024-02-128;11/02/2024;02:20;ATROPELLO FUGA;;1;0;VIA EVITAMIENTO; ALTURA GRIFO REPSOL;-12.03928546;-77.01535039521532;DESPEJADO;EN PROCESO DE INVESTIGACIÓN;NO CUENTA CON CAUSA ESPECIFICA;;NINGUNA
A-2024-02-130;11/02/2024;18:30;ATROPELLO;;1;0;ANTIGUA PANAMERICANA SUR KM. 52;;-12.414608;-76.755467;DESPEJADO;EN PROCESO DE INVESTIGACIÓN;NO CUENTA CON CAUSA ESPECIFICA;;NINGUNA
A-2024-02-115;11/02/2024;11:30;DESPISTE;SUBSECUENTE VOLCADURA;1;1;TROCHA CARROZABÑLE QUE CONDUCE DE LA CIUDAD DE BAMBAMARCA HACIA LA PROVINCIA DE PACCHA-ALTURA DEL GRIFO HERRERA.;;-6.658232;-78.509626;DESPEJADO;IMPRUDENCIA DEL CONDUCTOR;EXCESO DE VELOCIDAD;;
A-2024-02-131;12/02/2024;20:30;ATROPELLO;;1;0;AV. LOS FICUS CDRA. 06;;-12.00265286;-77.05314196543797;DESPEJADO;IMPRUDENCIA DEL PEATÓN;ESTADO DE EBRIEDAD Y/O DROGADICCIÓN;;NINGUNA
A-2024-02-132;13/02/2024;23:50;ATROPELLO;;1;0;CARRETERA PANAMERICANA SUR KM.36.500;;-12.305581;-76.838982;DESPEJADO;EN PROCESO DE INVESTIGACIÓN;NO CUENTA CON CAUSA ESPECIFICA;;NINGUNA
A-2024-02-133;13/02/2024;23:15;ATROPELLO FUGA;;1;0;AUTOPISTA RAMIRO PRIALE ALTURA ENTRADA ZARATE;;-12.02504027;-76.9660849391908;DESPEJADO;EN PROCESO DE INVESTIGACIÓN;NO CUENTA CON CAUSA ESPECIFICA;;NINGUNA
A-2024-02-134;16/02/2024;11:00;ATROPELLO;;1;0;JR. AMAZONAS CDRA. 02;;-12.04478603;-77.02475469896787;DESPEJADO;IMPRUDENCIA DEL PEATÓN;DESACATO DE SEÑAL DE TRÁNSITO;;NINGUNA
A-2024-02-116;17/02/2024;04:10;ATROPELLO FUGA;;1;0;CARRETERA DE PENETRACION CIUDAD DE DIOS - CAJAMARCA. KM 119 450. CASERIO HUANA HUANA.;;-7.271027;-78.623922;DESPEJADO;NO IDENTIFICA LA CAUSA;;;
A-2024-02-117;17/02/2024;19:30;ATROPELLO;;1;0;CARRETERA CAJAMARCA - BAÑOS DEL INCA CASERIO BELLA UNION;;-7.1651918;-78.4820803;DESPEJADO;IMPRUDENCIA DEL CONDUCTOR;EXCESO DE VELOCIDAD;;
A-2024-02-118;17/02/2024;16:45;CHOQUE;;1;0;CARRETERA SAN IGNACIO - JAEN- ALTURA DEL CASERIO CHUCHUWASI;;-5.305776;-78.812628;DESPEJADO;IMPRUDENCIA DEL CONDUCTOR;EXCESO DE VELOCIDAD;;
A-2024-02-135;20/02/2024;17:40;CHOQUE;CON ATROPELLO;1;1;JR. ZORRITOS CON JR. JORGE CHAVEZ;;-12.050363;-77.047327;DESPEJADO;IMPRUDENCIA DEL CONDUCTOR;DESACATO DE SEÑAL DE TRÁNSITO;;NINGUNA
A-2024-02-119;22/02/2024;02:30;DESPISTE;SUBSECUENTE CHOQUE;1;1;CARRETERA QUE CONDUCE DE BAMBAMARCA A CHOTA. A LA ALTURA DEL CASERÍO MAYGASBAMBA ;;-6.667;-78.534671;DESPEJADO;IMPRUDENCIA DEL CONDUCTOR;EXCESO DE VELOCIDAD;;
A-2024-02-136;23/02/2024;18:10;DESPISTE;CON ATROPELLO;2;1;VIA EVITAMIENTO ALTURA KM. 0.659;;-12.06408331;-76.97148346045434;DESPEJADO;IMPRUDENCIA DEL CONDUCTOR;OTRO (IMPRUDENCIA DEL CONDUCTOR);NO ADOPTAR MEDIDAS DE SEGURIDAD;NINGUNA
A-2024-02-137;23/02/2024;19:30;ATROPELLO;;1;0;AV. FERNANDO WIESSE CON AV. LOS HEROES ;;-11.95944973;-76.98744266973806;DESPEJADO;IMPRUDENCIA DEL PEATÓN;CRUCE INDEBIDO POR LA CALZADA;;NINGUNA
A-2024-02-138;24/02/2024;01:30;ATROPELLO;;1;0;CARRETERA PANAMERICANA SUR KM. 16.679;;-12.202646;-76.974128;DESPEJADO;EN PROCESO DE INVESTIGACIÓN;NO CUENTA CON CAUSA ESPECIFICA;;NINGUNA
A-2024-02-139;25/02/2024;05:15;ATROPELLO FUGA;;1;0;CARRETERA PANAMERICANA SUR KM. 13;;-12.170759;-76.979316;DESPEJADO;EN PROCESO DE INVESTIGACIÓN;NO CUENTA CON CAUSA ESPECIFICA;;NINGUNA
A-2024-02-120;26/02/2024;06:00;DESPISTE;SUBSECUENTE VOLCADURA;3;1;CARRETERA LA RAMADA A CHIMBAN ;;-6.248283;-78.561627;DESPEJADO;IMPRUDENCIA DEL CONDUCTOR;EXCESO DE VELOCIDAD;;
A-2024-02-140;28/02/2024;14:40;ATROPELLO;;1;0;AV. PRINCIPAL CDRA. 01;ALTURA MERCADO NIÑO JESUS;-12.02415255;-76.97756472948006;DESPEJADO;IMPRUDENCIA DEL PEATÓN;CRUCE INDEBIDO POR LA CALZADA;;NINGUNA
A-2024-02-141;29/02/2024;23:00;ATROPELLO;;1;0;CARRETERA PANAMERICANA NORTE KM. 36;REFERENCIA PARADERO FUNDICION;-11.833358;-77.113633;DESPEJADO;EN PROCESO DE INVESTIGACIÓN;NO CUENTA CON CAUSA ESPECIFICA;;NINGUNA
A-2024-02-121;29/02/2024;17:30;VOLCADURA;TONEL DERECHO;1;2;CARRETERA CAJABAMBA - CAJAMARCA KM 44 700;;-7.603906;-78.111695;DESPEJADO;IMPRUDENCIA DEL CONDUCTOR;EXCESO DE VELOCIDAD;;
A-2024-03-112;02/03/2024;19:54;ATROPELLO;;1;0;AV. LIMA CDRA. 03;;-12.02591667;-77.01675;DESPEJADO;IMPRUDENCIA DEL PEATÓN;CRUCE INDEBIDO POR LA CALZADA;;NINGUNA
A-2024-03-102;02/03/2024;22:15;ATROPELLO;;1;4;CARRETERA CHAMAYA - JAÉN. CASERIO MOCHENTA;;-5.792323;-78.78343;DESPEJADO;IMPRUDENCIA DEL CONDUCTOR;CONDUCIR EN ESTADO DE EBRIEDAD Y/O DROGADICCIÓN;;
A-2024-03-113;04/03/2024;19:50;ATROPELLO FUGA;;1;0;AV. ANGAMOS ESTE CDRA. 25 - SAN BORJA ;;-12.11195699;-77.00471068048802;DESPEJADO;EN PROCESO DE INVESTIGACIÓN;NO CUENTA CON CAUSA ESPECIFICA;;NINGUNA
A-2024-03-114;06/03/2024;15:40;ATROPELLO;;1;0;JR. DAVID  LEON CDRA. 03 - COMITÉ 7 AÑO NUEVO;;-11.92754293;-77.04060583376312;DESPEJADO;IMPRUDENCIA DEL CONDUCTOR;CONDUCIR EN SENTIDO CONTRARIO;;NINGUNA
A-2024-03-104;06/03/2024;11:15;DESPISTE;SUBSECUENTE CHOQUE;1;0;TROCH A CARROZABLE QUE CONDUCE DEL DISTRITO DE BOLIVAR A NANCHOC;;-6.977739;-79.181244;DESPEJADO;IMPRUDENCIA DEL CONDUCTOR;EXCESO DE VELOCIDAD;;
A-2024-03-106;07/03/2024;18:00;DESPISTE;SUBSECUENTE VOLCADURA;1;1;CARRETERA BELAUNDE TERRY KM. 156 700;;-5.984987;-78.856625;DESPEJADO;NO IDENTIFICA LA CAUSA;;;
A-2024-03-115;08/03/2024;09:00;ATROPELLO;;1;0;AV. CANTO GRANDE FRENTE A INMUEBLE N° 1052;;-12.01120457;-77.01416593426782;DESPEJADO;IMPRUDENCIA DEL PEATÓN;CRUCE INDEBIDO POR LA CALZADA;;NINGUNA
A-2024-03-108;08/03/2024;23:45;CHOQUE;;1;0;INTERSECCION DEL JR. ZARUMILLA Y JR. CUTERVO;;-6.62591;-78.944629;DESPEJADO;IMPRUDENCIA DEL CONDUCTOR;EXCESO DE VELOCIDAD;;
A-2024-03-116;09/03/2024;03:30;ATROPELLO FUGA;;1;0;AV. MATEO PUMACAHUA CON CALLE LOS ALGARROBOS;;-12.1931163;-76.96481013918248;DESPEJADO;EN PROCESO DE INVESTIGACIÓN;NO CUENTA CON CAUSA ESPECIFICA;;NINGUNA
A-2024-03-103;09/03/2024;18:30;CHOQUE;;1;1;CARRETERA CHOTA - CHICLAYO - ALTURA DEL KM. 130;;-6.539576;-79.117665;DESPEJADO;IMPRUDENCIA DEL CONDUCTOR;CONDUCIR EN ESTADO DE EBRIEDAD Y/O DROGADICCIÓN;;