COD_ACCIDE;FechaDelAccidente;HoraDelAccidente;ClaseDelAccidente;SecuenciaAccidente;CantidadDeFallecidos;CantidadDeLesionados;Direccion;LugarReferencia;y;x;CondClimatica;CausaFactorPrincipal;CausaEspecifica;OtraCausa;Observaciones
A-2024-03-117;10/03/2024;20:10;ATROPELLO;;1;0;CALLE NOGALES CDRA 4 ALTURA CALLE ANTONIO PORTUGAL;;-12.04702211;-76.97387310749917;DESPEJADO;IMPRUDENCIA DEL PEATÓN;CRUCE INDEBIDO POR LA CALZADA;;NINGUNA
A-2024-03-118;11/03/2024;21:10;ATROPELLO;;2;0;AV. TUPAC AMARU CON PASAJE EL ANGEL;;-12.01492433;-77.05189610488354;DESPEJADO;IMPRUDENCIA DEL CONDUCTOR;EXCESO DE VELOCIDAD;;NINGUNA
A-2024-03-105;11/03/2024;15:30;CHOQUE;;2;3;CARRETERA  SAN IGNACIO - NAMBALLE KM. 14   800;;-5.143881;-79.028743;DESPEJADO;IMPRUDENCIA DEL CONDUCTOR;EXCESO DE VELOCIDAD;;
A-2024-03-119;12/03/2024;03:30;ATROPELLO;;1;0;CARRETERA PANAMERICANA NORTE KM. 52 (VARIANTE PASAMAYO);;-11.727196;-77.144874;DESPEJADO;EN PROCESO DE INVESTIGACIÓN;NO CUENTA CON CAUSA ESPECIFICA;;NINGUNA
A-2024-03-120;13/03/2024;15:25;ATROPELLO;;1;0;AV. GERARDO UNGER CDRA. 50;;-11.9760245;-77.06038030358486;DESPEJADO;EN PROCESO DE INVESTIGACIÓN;NO CUENTA CON CAUSA ESPECIFICA;;NINGUNA
A-2024-03-121;15/03/2024;22:55;ATROPELLO;;1;0;AV. CANTA CALLAO CON AV. DOMINICOS;;-11.98993572;-77.1065006007696;DESPEJADO;IMPRUDENCIA DEL PEATÓN;ESTADO DE EBRIEDAD Y/O DROGADICCIÓN;;NINGUNA
A-2024-03-107;15/03/2024;19:10;CHOQUE;;2;0;CARRETERA CHOTA - CAJAMARCA - ALTURA DEL KM. 97 (SECTOR CRUZ VERDE;;-6.683483;-78.530502;DESPEJADO;IMPRUDENCIA DEL CONDUCTOR;OTRO (IMPRUDENCIA DEL CONDUCTOR);"A ACTITUD IMPRUDENTE DEL CONDUCTOR DE LA UT-1, AL REALIZAR LA MANIOBRA DE VIRAJE HACIA SU IZQUIERDA A FIN DE HACER SU INGRESO A LA CANTERA, HACIÉNDOLO DE MANERA PROGRESIVA LLEGANDO A UTILIZAR EL CARRIL CONTRARIO (CARRIL IZQUIERDO), SIN EXTREMAR SUS MEDIDAS DE SEGURIDAD, NO VALORANDO LA DISTANCIA Y VELOCIDAD DE LA UT-2, POR LO QUE SE INTERPONE EN EL EJE DE MARCHA DE LA UT-2; MATERIALIZANDO EL ACCIDENTE DE TRÁNSITO";
A-2024-03-122;17/03/2024;10:50;ATROPELLO;;1;0;AV. SEPARADORA INDUSTRIAL CON CALLE LAS LOMAS;;-12.23589361;-76.91603828356973;DESPEJADO;EN PROCESO DE INVESTIGACIÓN;NO CUENTA CON CAUSA ESPECIFICA;;NINGUNA
A-2024-03-109;21/03/2024;01:00;CHOQUE;;1;0;CARRETERA FERNANDO BELAUNDE TERRY  ALTURA DEL KM.172 650;;-5.878931;-78.808966;DESPEJADO;IMPRUDENCIA DEL CONDUCTOR;EXCESO DE VELOCIDAD;;
A-2024-03-123;22/03/2024;01:45;ATROPELLO FUGA;;1;0;AV. AMAZONAS CON JR. HUANUCO ;;-12.04472867;-77.01944000360743;DESPEJADO;EN PROCESO DE INVESTIGACIÓN;NO CUENTA CON CAUSA ESPECIFICA;;NINGUNA
A-2024-03-124;23/03/2024;20:30;ATROPELLO;;1;0;AV. NESTOR GAMBETA ALTURA REVISIONES TECNICAS REVISA PERU;;-11.83990244;-77.11323842805432;DESPEJADO;EN PROCESO DE INVESTIGACIÓN;NO CUENTA CON CAUSA ESPECIFICA;;NINGUNA
A-2024-03-110;23/03/2024;20:00;CHOQUE;;1;1;CARRETERA QUECONDUCE DE JAÉN A SAN IGNACIO A LA ALTURA DEL KM. 36 600;;-5.620572;-78.771171;DESPEJADO;IMPRUDENCIA DEL CONDUCTOR;EXCESO DE VELOCIDAD;;
A-2024-03-125;30/03/2024;06:25;ATROPELLO;;1;0;AV. TUPAC AMARU KM.23;;-11.86020894;-77.00614312897999;DESPEJADO;IMPRUDENCIA DEL PEATÓN;CRUCE INDEBIDO POR LA CALZADA;;NINGUNA
A-2024-04-95;01/04/2024;19:00;ATROPELLO FUGA;;1;0;CARRETERA PANAMERICANA SUR KM. 45;;-12.36501772;-76.79093862427143;DESPEJADO;EN PROCESO DE INVESTIGACIÓN;NO CUENTA CON CAUSA ESPECIFICA;;NINGUNA
A-2024-04-96;01/04/2024;20:00;ATROPELLO;;1;0;AV. 22 DE DICIEMBRE CON CALLE ANTONIO RAIMONDI;;-12.24493124;-76.89775135446929;DESPEJADO;EN PROCESO DE INVESTIGACIÓN;NO CUENTA CON CAUSA ESPECIFICA;;NINGUNA
A-2024-04-97;04/04/2024;04:30;ATROPELLO;;1;0;CARRETERA PANAMERICANA SUR KM 57;ALTURA PUENTE PEATONAL CONTROL DE PUCUSANA;-12.458707;-76.753204;DESPEJADO;EN PROCESO DE INVESTIGACIÓN;NO CUENTA CON CAUSA ESPECIFICA;;NINGUNA
A-2024-04-98;05/04/2024;18:23;ATROPELLO;;1;0;AV. PROLONGACION TACNA CON AV. SAMUEL ALCAZAR;;-12.03194864;-77.02786578112412;DESPEJADO;IMPRUDENCIA DEL PEATÓN;DESACATO DE SEÑAL DE TRÁNSITO;;NINGUNA
A-2024-04-82;10/04/2024;17:30;ATROPELLO;;1;0;INTERSECCIÓN DE LA CALLE BOLIVAR Y AV. VILLANUEVA PINILLOS (PLAZA DE ARMAS);;-5.708558;-78.807426;DESPEJADO;IMPRUDENCIA DEL CONDUCTOR;OTRO (IMPRUDENCIA DEL CONDUCTOR);EL EXCESO DE CONFIANZA Y DESATENCIÓN EN SU EJE DE MARCHA DEL CONDUCTOR DE LA UT-1, LO QUE LE CONLLEVÓ A NO PERCATARSE DE LA PRESENCIA UT-2 (PEATÓN) PESE A NO TENER UN OBSTÁCULO QUE LE IMPIDIERA LA VISIBILIDAD, POR LO QUE NO REALIZÓ UNA MANIOBRA EVASIVA A FIN DE EVITAR EL EVENTO, MATERIALIZANDO EL ACCIDENTE DE TRÁNSITO.;
A-2024-04-83;10/04/2024;17:00;CHOQUE;;1;1;SECTOR TAPARA. CARRETERA C.P. HUARANGO - PUERTO CIRUELO ;;-5.208002;-78.767698;DESPEJADO;IMPRUDENCIA DEL CONDUCTOR;EXCESO DE VELOCIDAD;;
A-2024-04-85;12/04/2024;01:00;CHOQUE;;1;0;CARRETERA CAJAMARCA- ENCAÑADA. ALTURA DEL ANEXO EL PORVENIR DE POLLOC;;-7.127146;-78.345043;DESPEJADO;IMPRUDENCIA DEL CONDUCTOR;EXCESO DE VELOCIDAD;;
A-2024-04-99;14/04/2024;11:30;ATROPELLO FUGA;;1;0;AV. FERNANDO WIESSE MZ. F LOTE. 47;;-11.95483333;-76.9861111111;DESPEJADO;IMPRUDENCIA DEL PEATÓN;CRUCE INDEBIDO POR LA CALZADA;;NINGUNA
A-2024-04-86;20/04/2024;22:50;DESPISTE;;1;1;AV. INDEPENDENCIA CDRA. 10;;-7.173983;-78.51271;DESPEJADO;IMPRUDENCIA DEL CONDUCTOR;CONDUCIR EN ESTADO DE EBRIEDAD Y/O DROGADICCIÓN;;
A-2024-04-94;21/04/2024;20:00;CHOQUE;;1;0;KM. 172 CARRETERA FERNANDO BELAUNDE TERRY ;;-5.778014;-78.782915;DESPEJADO;NO IDENTIFICA LA CAUSA;;;
A-2024-04-100;21/04/2024;21:10;ATROPELLO FUGA;;1;1;AV. BRASIL CDRA. 06;ALTURA HOSPITAL DEL NIÑO;-12.06486338;-77.0454855192586;DESPEJADO;IMPRUDENCIA DEL CONDUCTOR;CONDUCIR EN ESTADO DE EBRIEDAD Y/O DROGADICCIÓN;;NINGUNA
A-2024-04-101;21/04/2024;18:05;ATROPELLO FUGA;;1;0;AV. NARANJAL CDR. 15 ALTURA AV. PROCERES  DE HUANDOY;;-11.97651923;-77.08377183913092;DESPEJADO;IMPRUDENCIA DEL CONDUCTOR;CONDUCIR EN SENTIDO CONTRARIO;;NINGUNA
A-2024-04-87;21/04/2024;10:10;ATROPELLO;;1;0;JR. APURIMAC CDRA. 07;;-7.1529345;-78.5195768;DESPEJADO;IMPRUDENCIA DEL CONDUCTOR;EXCESO DE VELOCIDAD;;
A-2024-04-80;21/04/2024;23:30;ATROPELLO;ATROPELLO;1;0;CARRETERA PANAMERICANANORTE PIURA SULLANA;ALT KM 1013;-5.093606;-80.705443;DESPEJADO;;;;
A-2024-04-102;24/04/2024;03:00;ATROPELLO FUGA;;1;0;CARRETERA PANAMERICANA NORTE KM 45.400;ALTURA LADRILLERA FABRIREX;-11.765279;-77.158419;DESPEJADO;EN PROCESO DE INVESTIGACIÓN;NO CUENTA CON CAUSA ESPECIFICA;;NINGUNA
A-2024-04-103;26/04/2024;03:45;ATROPELLO FUGA;;1;0;AV. NUEVA TOLEDO S/N ALTURA INMUEBLE A-4;;-12.1277374;-76.82055597986353;DESPEJADO;EN PROCESO DE INVESTIGACIÓN;NO CUENTA CON CAUSA ESPECIFICA;;NINGUNA
A-2024-04-93;27/04/2024;06:30;CHOQUE;;1;0;KM 10 600 DE LA CARRETERA QUE CONDUCE DEL CASERIO MITOBAMBA - C.P PARAGUAY ;;-6.334488;-79.075185;DESPEJADO;IMPRUDENCIA DEL CONDUCTOR;EXCESO DE VELOCIDAD;;
A-2024-04-92;27/04/2024;20:15;CHOQUE;;1;2;CARRETERA QUE CONDUCE CAJAMARCA A LLACANORA KM 08;;-7.165213;-78.487397;DESPEJADO;IMPRUDENCIA DEL CONDUCTOR;OTRO (IMPRUDENCIA DEL CONDUCTOR);"LA ACTITUD IMPRUDENTE DEL CONDUCTOR DE LA UT-2, AL REALIZAR SU GIRO HACIA SU LADO IZQUIERDO PARA INGRESAR A LA TROCHA CARROZABLE QUE CONDUCE AL CASERÍO YANAMARCA, SIN EXTREMAR SUS MEDIDAS DE SEGURIDAD, NO VALORANDO LA RESTRICCIÓN DE VISIBILIDAD POR PARTE DEL VEHÍCULO MAYOR (CAMIÓN) QUE SE ENCONTRABA DELANTE Y LA VELOCIDAD DE LA UT-1, INTERPONIÉNDOSE EN EL EJE DE MARCHA DE LA UT-1; MATERIALIZANDO EL ACCIDENTE DE TRÁNSITO.";
A-2024-04-90;28/04/2024;21:25;ATROPELLO FUGA;;1;0;CARRETERA SAN PABLO - CAJAMARCA KM 28;;-7.11309;-78.829742;DESPEJADO;NO IDENTIFICA LA CAUSA;;;
A-2024-04-104;28/04/2024;00:30;ATROPELLO FUGA;;1;0;VIA EVITAMIENTO ALTURA PARADERO PUENTE  NUEVO;;-12.03017168;-77.00051345359965;DESPEJADO;EN PROCESO DE INVESTIGACIÓN;NO CUENTA CON CAUSA ESPECIFICA;;NINGUNA
A-2024-04-89;28/04/2024;23:00;DESPISTE;;25;15;CARRETERA CAJAMARCA - SOROCHUCO. CASERÍO LA LUCMA;;-6.929052;-78.241667;DESPEJADO;IMPRUDENCIA DEL CONDUCTOR;OTRO (IMPRUDENCIA DEL CONDUCTOR);LA ACTITUD IMPRUDENTE POR PARTE DEL CONDUCTOR DE LA UT, AL INGRESAR CON EXCESO DE CONFIANZA A UNA CURVA EN “U” A LA DERECHA CON PENDIENTE EN BAJADA, SIN VALORAR LA LONGITUD DE LA UT, POR LO QUE AL ENCONTRARSE REALIZANDO DICHA MANIOBRA, SALE DE LA PORCIÓN CIRCULABLE HACIA LA ZONA DE PIEDRAS, NO CONTINUANDO LA TRAYECTORIA (VIRAJE A LA DERECHA) PARA RETOMAR SU EJE DE MARCHA, LLEGANDO A VOLCARSE EN CAMPANA ANTERIOR HACIA EL ABISMO.;
A-2024-04-91;29/04/2024;18:20;DESPISTE;;1;2;TROCHA CARROZABLE QUE CONDUCE DE BAMBAMARCA A MAYHUASI;;-6.711963;-78.527808;DESPEJADO;IMPRUDENCIA DEL CONDUCTOR;EXCESO DE VELOCIDAD;;
A-2024-04-105;30/04/2024;06:10;ATROPELLO;;1;0;AV. CIRCUNVALACION CON AV. MARISCAL NIETO;;-12.07258613;-76.99293356359962;DESPEJADO;IMPRUDENCIA DEL PEATÓN;CRUCE INDEBIDO POR LA CALZADA;;NINGUNA
A-2024-05-109;02/05/2024;15:20;DESPISTE;;1;0;JR. LUNA RA. 01;;-7.619482;-78.044672;DESPEJADO;IMPRUDENCIA DEL CONDUCTOR;CONDUCIR EN ESTADO DE EBRIEDAD Y/O DROGADICCIÓN;;
A-2024-05-105;04/05/2024;12:00;CHOQUE;AMBOS VEHICULOS CIRCULABAN EN EL MISMO SENTIDO  AL PARECER CHOE POR ENVISTE EL BUS A LA MTOCICLETA LINEAL;1;0;KILOMETRO 1120 MAS800;TRAMO COMPRENDIDO ENTRE MARANGANI Y LA RAYA ;-14.3288253;-71.1955179;DESPEJADO;IMPRUDENCIA DEL CONDUCTOR;EXCESO DE VELOCIDAD;;NINGUNO
A-2024-05-102;04/05/2024;21:00;VOLCADURA;VOLCADURA Y CAIDA;1;0;AV GRAU CASTILLA ;CASTILLA ;-5.20492;-80.621518;DESPEJADO;;;;
A-2024-05-106;07/05/2024;19:40;ATROPELLO;;1;0;CARRETERA QUE CONDUCE DE CHOTA A BAMBAMARCA;;-6.57019;-78.642682;LLUVIOSO;IMPRUDENCIA DEL PEATÓN;CRUCE INDEBIDO POR LA CALZADA;;
A-2024-05-103;09/05/2024;21:52;DESPISTE;DESPISTE Y VOLCADURA ;1;1;AV RAUL MATA DE LA CRUZ ;ALTURA DE LA AV  EDUCATIVA ;-5.163911;-80.648004;DESPEJADO;;;;
A-2024-05-107;10/05/2024;03:30;DESPISTE;;1;2;KM. 103 CARRETERA CELENDIN - BALSAS. CASERIO SANTA ROSA;;-6.882722;-78.135623;DESPEJADO;IMPRUDENCIA DEL CONDUCTOR;CONDUCIR EN ESTADO DE EBRIEDAD Y/O DROGADICCIÓN;;
A-2024-05-110;11/05/2024;14:40;CHOQUE;;1;2;CARRETERA CHAMAYA - JAÉN KM 07 900;;-5.777851;-78.782939;DESPEJADO;IMPRUDENCIA DEL CONDUCTOR;OTRO (IMPRUDENCIA DEL CONDUCTOR);"LA ACTITUD IMPRUDENTE DEL CONDUCTOR DE LA UT-2, AL REALIZAR SU GIRO HACIA SU LADO IZQUIERDO PARA INGRESAR A LA TROCHA CARROZABLE QUE CONDUCE AL CASERÍO YANAMARCA, SIN EXTREMAR SUS MEDIDAS DE SEGURIDAD, NO VALORANDO LA RESTRICCIÓN DE VISIBILIDAD POR PARTE DEL VEHÍCULO MAYOR (CAMIÓN) QUE LE ANTECEDÍA, INTERPONIÉNDOSE EN EL EJE DE MARCHA DE LA UT-1; MATERIALIZANDO EL ACCIDENTE DE TRÁNSITO.";
A-2024-05-111;11/05/2024;04:30;DESPISTE;;1;1;CARRETERA QUE CONDUCE AL CASERÍO NARANJUYACU (ALTURA DEL CRUCE A LA CAPILLA);;-6.249418;-78.862041;DESPEJADO;INFRAESTRUCTURA Y ENTORNO VIAL;OTRO (INFRAESTRUCTURA Y ENTORNO VIAL);LA CONDICIÓN DE LA VÍA, AL PRESENTAR UN CAMBIO DE RASANTE, SIN CONTAR CON LA SEÑALIZACIÓN RESPECTIVA, QUE AUNADO A LA FALTA DE ALUMBRADO PÚBLICO RESTRINGIÓ LA VISIBILIDAD EN PROFUNDIDAD DEL CONDUCTOR DE LA UT, INFLUYENDO EN LA PERCEPCIÓN Y ORIENTACIÓN DEL MOVIMIENTO VEHICULAR;
A-2024-05-117;13/05/2024;01:25;CHOQUE;CHOQUE ;1;0;CARRETERA INTEROCEANICA PIURA - OLMOS ;ALTURA KM 199 200 SECTOR VICUS PROVINCIA MORROPON DISTRITO CHULUCANAS ;-5.180533;-80.180533;;;;;
A-2024-05-116;19/05/2024;09:30;DESPISTE;;1;0;AV. MESONES MURO CDRA. 10;;-5.718479;-78.80186;DESPEJADO;IMPRUDENCIA DEL CONDUCTOR;CONDUCIR EN ESTADO DE EBRIEDAD Y/O DROGADICCIÓN;;
A-2024-05-118;19/05/2024;19:30;ATROPELLO;FATAL;1;0;AV. LOS FAISANES CDRA. 09;REF: FRENTE AL COLEGIO INNOVA SCHOOL OESTE A ESTE;-12.1708775;-76.99375483648389;DESPEJADO;EN PROCESO DE INVESTIGACIÓN;NO CUENTA CON CAUSA ESPECIFICA;;
A-2024-05-112;20/05/2024;14:00;CHOQUE;;1;0;AV. SAN MARTIN DE PORRES C-6;;-7.16913;-78.503771;DESPEJADO;IMPRUDENCIA DEL CONDUCTOR;EXCESO DE VELOCIDAD;;
A-2024-05-113;29/05/2024;15:05;DESPISTE;;1;0;CARRETERA CHOTA - CHICLAYO. KM.90 700. ALTURA DEL SECTOR EL CARRIZAL;;-6.558534;-79.226609;DESPEJADO;IMPRUDENCIA DEL CONDUCTOR;EXCESO DE VELOCIDAD;;
A-2024-05-114;30/05/2024;17:30;DESPISTE;;1;0;CALLE TARATA;;-5.769714;-79.312722;DESPEJADO;IMPRUDENCIA DEL CONDUCTOR;OTRO (IMPRUDENCIA DEL CONDUCTOR);EL ACCIONAR DEL MENOR DANIEL JHOSHIMAR SILVA PARRA (12), QUIEN, SE ENCONTRABA CONDUCIENDO EL VEHÍCULO MENOR NO MOTORIZADO (BICICLETA), SIN VALORAR LOS RIESGOS PRESENTES Y POSIBLES QUE SIGNIFICABA DESPLAZARSE POR LA CALLE SAN FELIPE, MISMA QUE ES UNA RECTA CON PENDIENTE EN BAJADA.;
A-2024-06-116;03/06/2024;05:50;DESPISTE;;1;0;CARRETERA CHOTA - LAJAS. KM 1417 70. SECTOR PINGOBAMBA;;-6.550359;-78.674762;DESPEJADO;IMPRUDENCIA DEL CONDUCTOR;CONDUCIR EN ESTADO DE EBRIEDAD Y/O DROGADICCIÓN;;
A-2024-06-114;03/06/2024;14:30;DESPISTE;;1;0;KM . 5  DE LA CARRETERA CAJABAMBA - CAJAMARCA. CASERIO CONGUNDAY - SECTOR EL MIRADOR .;;-7.612798;-78.083209;DESPEJADO;NEGLIGENCIA DEL CONDUCTOR;CONDUCIR CON FALLAS DE FRENOS;;
A-2024-06-115;05/06/2024;18:30;ATROPELLO;;1;2;CALLE CAJAMARCA CDRA N° 01 DEL CENTRO POBLADO DE MALCAS-DISTRITO DE CONDEBAMBA-CAJABAMBA;;-7.509825;-78.143355;DESPEJADO;IMPRUDENCIA DEL CONDUCTOR;OTRO (IMPRUDENCIA DEL CONDUCTOR);EL ACCIONAR DEL CONDUCTOR DE LA UT-1, AL INICIAR LA MARCHA DE SU UNIDAD, POR UN LIUGAR NO DESTINADO DIRECTAMENTE PARA EL TRANSITO, REALIZANDO UN GIRO HACIA LA IZQUIERDA, SALIENDOSE DE LA PORCION CIRCULABLE, DIRIGIENDOSE HACIA LA UBICACIÓN DE LAS UTS, QUIENES SE ENCONTRABAN EN LA ZONA DE TIERRA, LLEGANDO A IMPACTARLOS OCASIONANDO LESIONES Y DAÑOS MATERIALES, SIENDO QUE FUE LA UT-5, QUIEN RECIBIO UN IMPACTO VIOLENTO, CUYAS LESIONES DESENCADENARON SU DECESO.;
A-2024-06-117;05/06/2024;05:00;DESPISTE;;1;1;CARRETERA CHALAMARCA - CHOTA;;-6.499339;-78.53584;DESPEJADO;IMPRUDENCIA DEL CONDUCTOR;EXCESO DE VELOCIDAD;;
A-2024-06-134;06/06/2024;17:10;DESPISTE;EL VEHICULO CIRCULA BA A EXCESO DE VELOCIDAD ;1;0;KILOMETRO 5 700 CARRETERA DE YAURI A ESPINAR ;YA NO SE ENCONTRO EL VEHICUKLO SINIESTRREADOP EN EL LUGAR DE LOS HECHOS;-14.74778272;-71.41444068870746;DESPEJADO;IMPRUDENCIA DEL CONDUCTOR;CONDUCIR EN ESTADO DE EBRIEDAD Y/O DROGADICCIÓN;;NINGUNA
A-2024-06-118;08/06/2024;09:20;CHOQUE CON OBJETO FIJO;PIEDRA;1;0;KM. 32 800 DE LA CARRETERA DE PENETRACIÓN CIUDAD DE DIOS - CAJAMARCA ;;-7.248293;-79.224654;DESPEJADO;NEGLIGENCIA DEL CONDUCTOR;CONDUCIR CON FALLAS DE FRENOS;;
A-2024-06-119;14/06/2024;01:30;DESPISTE;;3;0;CARRETERA QUE CONDUCE  DEL CENTRO POBLADO PAUCA/SANTA ROSA AL DISTRITO JOSÉ MANUEL QUIROZ;;-7.362045;-78.057312;DESPEJADO;IMPRUDENCIA DEL CONDUCTOR;CONDUCIR EN ESTADO DE EBRIEDAD Y/O DROGADICCIÓN;;
A-2024-06-121;17/06/2024;05:00;DESPISTE;;1;0;CARRETERA LAJAS - COCHABAMBA. ALTURA DEL KM. 172 720. PASAMAYO;;-6.474782;-78.88614;DESPEJADO;NO IDENTIFICA LA CAUSA;;;
A-2024-06-113;21/06/2024;21:30;ATROPELLO FUGA;;1;0;CARRETERA PANAMERICANA SUR KM. 16.500;;-12.201209;-76.973922;DESPEJADO;EN PROCESO DE INVESTIGACIÓN;NO CUENTA CON CAUSA ESPECIFICA;;
A-2024-06-122;21/06/2024;17:20;CHOQUE;;1;0;CARRETERA CHOTA - CAJAMARCA - ALTURA DEL JR. MARCOS TAPIA;;-6.565185;-78.65898;DESPEJADO;IMPRUDENCIA DEL CONDUCTOR;CONDUCIR EN ESTADO DE EBRIEDAD Y/O DROGADICCIÓN;;
A-2024-06-125;21/06/2024;14:20;DESPISTE;Y CHOQUE FATAL;1;0;AV. PERU CDRA. 15 LTRA. DEL JR. MARANGA;;-12.0325926;-77.06262473395378;DESPEJADO;IMPRUDENCIA DEL CONDUCTOR;EXCESO DE VELOCIDAD;;
A-2024-06-126;22/06/2024;05:30;VOLCADURA;Y CAÍDA FATAL;1;1;AV. TUPAC AMARU KM.26 ALTRA DE LA HACIENDA EL CABALLERA;ALTRA DE LA HACIENDA EL CABALLERA;-11.79379461;-76.98315595935756;DESPEJADO;EN PROCESO DE INVESTIGACIÓN;NO CUENTA CON CAUSA ESPECIFICA;;
A-2024-06-127;23/06/2024;05:00;CHOQUE CON OBJETO FIJO;DESPISTE Y CAÍDA FATAL;1;0;AV. ALFONSO UGARTE REF. FRENTE AL INMUEBLE NRO. 1932;;-12.02649176;-76.89271506026371;DESPEJADO;EN PROCESO DE INVESTIGACIÓN;NO CUENTA CON CAUSA ESPECIFICA;;
A-2024-06-128;23/06/2024;15:15;ATROPELLO;FATAL;1;0;AV. REPUBLICA DE PANAMA CDRA 56 ALTRA. DE VA. ROCA Y BOLOÑA;;-12.12043473;-77.01828774174706;DESPEJADO;EN PROCESO DE INVESTIGACIÓN;NO CUENTA CON CAUSA ESPECIFICA;;
A-2024-06-129;25/06/2024;11:15;ATROPELLO;FATAL;1;0;AV. TOMAS VALLE CDRA 01 ALTRA. AV. TUPAC AMARU;;-12.00747907;-77.05403558461559;DESPEJADO;EN PROCESO DE INVESTIGACIÓN;NO CUENTA CON CAUSA ESPECIFICA;;EN FISCALIA
A-2024-06-130;26/06/2024;12:35;ATROPELLO;FATAL;1;0;AV. PETIT THOUARS CON AV. ALMIRANTE MONTERO OESTE A ESTE;;-12.11158748;-77.02915430492692;DESPEJADO;EN PROCESO DE INVESTIGACIÓN;NO CUENTA CON CAUSA ESPECIFICA;;
A-2024-06-131;27/06/2024;21:00;ATROPELLO;;1;0;AV. JAIME ZUBIATE REF: ASOC. 14 DE ABRIL IIIETAPA;NORTE A SUR;-12.01244593;-76.83954775196847;DESPEJADO;EN PROCESO DE INVESTIGACIÓN;NO CUENTA CON CAUSA ESPECIFICA;;
A-2024-06-124;28/06/2024;05:30;ESPECIAL;CASO FORTUITO;1;0;CARRETERA FERNANDO BELAUNDE TERRY ALTURA DEL KM 188 100. SECTOR EL PAPAYAL. CENTRO POBLADO CHAMAYA. JAEN;;-5.817286;-78.736129;DESPEJADO;NO IDENTIFICA LA CAUSA;;;
A-2024-06-132;30/06/2024;01:15;CAÍDA DE PASAJERO;FUGA;1;0;CALLE LA LIBERTAD REF: FRONTIS DEL INMUEBLE MZ C LOTE4 URB. LA ALBORADA;SUR A NORTE;-11.98578252;-77.11183486307169;DESPEJADO;EN PROCESO DE INVESTIGACIÓN;NO CUENTA CON CAUSA ESPECIFICA;;
A-2024-06-133;30/06/2024;20:00;ATROPELLO;;1;0;CARRETERA PANAMERICANA  SUR KM34.500;SUR A NORTE;-12.29723264;-76.8550983925017;DESPEJADO;EN PROCESO DE INVESTIGACIÓN;NO CUENTA CON CAUSA ESPECIFICA;;
A-2024-06-123;30/06/2024;20:00;CHOQUE;;2;3;EN EL KM. 32 150 DE LA CARRETERA DE PENETRACIÓN  CAJAMARCA -CIUDAD DE DIOS;;-7.233933;-79.213568;DESPEJADO;IMPRUDENCIA DEL CONDUCTOR;CONDUCIR EN ESTADO DE EBRIEDAD Y/O DROGADICCIÓN;;
A-2024-07-91;03/07/2024;04:15;ATROPELLO FUGA;;1;0;AV. NESTOR GAMBETA REF: FRONTIS GRIFO HERCO COPACABANA;;-11.8409078;-77.1142403677208;DESPEJADO;EN PROCESO DE INVESTIGACIÓN;NO CUENTA CON CAUSA ESPECIFICA;;
A-2024-07-106;04/07/2024;16:40;ATROPELLO;FATAL;1;0;CALLE SAN MIGUEL ARCANGEL;ESTE A OESTE;-11.8704482;-77.06469975319628;DESPEJADO;EN PROCESO DE INVESTIGACIÓN;NO CUENTA CON CAUSA ESPECIFICA;;
A-2024-07-107;04/07/2024;15:40;DESPISTE;CHOQUE;1;0;AV. PACHACUTEC ALT. PARADERO TIGRILLO;NORTE A SUR;-11.92140135;-76.96084320498774;DESPEJADO;EN PROCESO DE INVESTIGACIÓN;NO CUENTA CON CAUSA ESPECIFICA;;
A-2024-07-108;04/07/2024;21:41;CHOQUE;DESPISTE, VOLCADURA, CAIDA;1;0;INTERSECCION DE LA AV. TOMAS MARSANO CRUCE CON LA AV. DOMINGO ORUE;SUR A NORTE;-12.10538732;-77.01780925597792;DESPEJADO;EN PROCESO DE INVESTIGACIÓN;NO CUENTA CON CAUSA ESPECIFICA;;
A-2024-07-97;04/07/2024;04:30;CAÍDA DE PASAJERO;;1;0;KM 29 600. CARRETERA. SINCHIMACHE - PUENTE TECHÍN;;-6.170657;-79.018362;DESPEJADO;IMPRUDENCIA DEL CONDUCTOR;OTRO (IMPRUDENCIA DEL CONDUCTOR);"LA ACTITUD NEGLIGENTE DEL CONDUCTOR DE LA UT, AL TRANSPORTAR A CUATRO PERSONAS EN LA TOLVA DE SU VEHICULO, EXPONIENDO LA INTEGRIDAD FISICA, POR UNA CARRETERA, CUYA CONFIGURACIÓN CURVA A LA IZQUIERDA REPRESENTABA UN EMINENTE PELIGRO PARA DICHAS PERSONAS; AUNADA A SU EVIDENTE EXCESO DE CONFIANZA; CONVIRTIERON AL SUCESO EN INEVITABLE, TODA VEZ QUE NO LE PERMITIERON REACCIONAR POSITIVAMENTE O EFECTUAR UNA MANIOBRA EFICAZ QUE HUBIERA EVITADO LA CAIDA Y POSTERIORMENTE FALLECIMIENTO DEL OCUPANTE SIMEON LOPEZ PEREZ (51).  ";
A-2024-07-109;05/07/2024;20:30;ATROPELLO;;1;0;AV. JUAN VELASCO ALVARADO CON CALLE MICAELA BASTIDAS ;OESTE A ESTE;-12.21130504;-76.94464264628972;DESPEJADO;EN PROCESO DE INVESTIGACIÓN;NO CUENTA CON CAUSA ESPECIFICA;;