COD_ACCIDE;FechaDelAccidente;HoraDelAccidente;ClaseDelAccidente;SecuenciaAccidente;CantidadDeFallecidos;CantidadDeLesionados;Direccion;LugarReferencia;y;x;CondClimatica;CausaFactorPrincipal;CausaEspecifica;OtraCausa;Observaciones
A-2024-07-110;06/07/2024;12:50;ATROPELLO;;1;0;AV. JOSE CARLOS MARIATEGUI;FRONTIS DE LAS TIENDAS UNO ESTE A OESTE;-12.14073845;-76.94873884564066;DESPEJADO;EN PROCESO DE INVESTIGACIÓN;NO CUENTA CON CAUSA ESPECIFICA;;
A-2024-07-92;07/07/2024;13:30;ATROPELLO;;1;0;INTERSECCION DEL JR. ATAHUALPA Y JR. HUASCAR - SAN IGNACIO;;-5.143478;-79.000694;DESPEJADO;IMPRUDENCIA DEL PEATÓN;ESTADO DE EBRIEDAD Y/O DROGADICCIÓN;;
A-2024-07-93;08/07/2024;06:20;CHOQUE;;2;0;KM. 23 CARRETERA JAÉN - SAN IGNACIO - ALTURA DEL SECTOR LA GRANJA - LINDEROS;;-5.677865;-78.780607;DESPEJADO;IMPRUDENCIA DEL CONDUCTOR;EXCESO DE VELOCIDAD;;
A-2024-07-95;08/07/2024;15:00;VOLCADURA;;1;0;KM. 164 700;;-7.238167;-78.477142;DESPEJADO;IMPRUDENCIA DEL CONDUCTOR;EXCESO DE VELOCIDAD;;
A-2024-07-111;08/07/2024;20:45;ATROPELLO;FATAL;1;0;AV. HUAYNA CAPAC ;REF INMUEBLE LT 9J EL VALLE SAN ANTONIO DE JICAMARCA NORTE A SUR;-11.92301915;-76.96034636696854;DESPEJADO;EN PROCESO DE INVESTIGACIÓN;NO CUENTA CON CAUSA ESPECIFICA;;
A-2024-07-112;10/07/2024;00:00;ATROPELLO;FATAL;1;0;PANAMERICANA SUR KM. 26.150 REF: PUENTE VEHICULAR CONCHAN;NORTE A SUR;-12.25746994;-76.91963593457477;DESPEJADO;EN PROCESO DE INVESTIGACIÓN;NO CUENTA CON CAUSA ESPECIFICA;;
A-2024-07-113;10/07/2024;19:51;ATROPELLO;;1;0;INTERSECCION DE LA AV. NICOLAS DUEÑAS CON AV. ENRIQUE MEIGGS;SUR A NORTE;-12.03830953;-77.06595375608863;DESPEJADO;EN PROCESO DE INVESTIGACIÓN;NO CUENTA CON CAUSA ESPECIFICA;;
A-2024-07-115;11/07/2024;10:30;ATROPELLO;FATAL;1;0;INTERSECCION AV. JOSE CARLOS MARIATEGUI CON CALLE MZ.E SECTOR 7;OESTE A ESTE;-12.22548591;-76.93954752444843;DESPEJADO;EN PROCESO DE INVESTIGACIÓN;NO CUENTA CON CAUSA ESPECIFICA;;
A-2024-07-94;11/07/2024;06:00;CHOQUE;;1;0;KM. 37 500 CARRETERA CAJAMARCA - CHOTA;;-6.970766;-78.569055;DESPEJADO;NEGLIGENCIA DEL CONDUCTOR;OTRO (NEGLIGENCIA DEL CONDUCTOR);"LA ACTITUD NEGLIGENTE POR PARTE DEL CONDUCTOR DE LA UT-2 (VOLQUETE), AL NO SEÑALIZAR LA VÍA CON DISPOSITIVOS DE SEGURIDAD Y AL NO TENER LA SEÑALIZACIÓN ÓPTICA DE LAS LÁMINAS RETRO REFLECTIVAS EN LA ESTRUCTURA POSTERIOR DE LA CARROCERÍA DE SU UNIDAD VEHICULAR; SITUACIONES QUE NO ADVERTÍAN CON ANTELACIÓN LA PRESENCIA DE DICHO VEHÍCULO OCUPANDO EN SU TOTALIDAD EL CARRIL DERECHO (OESTE) DE LA VÍA.";
A-2024-07-96;11/07/2024;18:45;ATROPELLO;;1;0;JR. LIMA ALTURA DELA CRA. 09 ENCAÑADA;;-7.090496;-78.345056;DESPEJADO;IMPRUDENCIA DEL PEATÓN;OTRO (IMPRUDENCIA DEL PEATÓN);"EL ACCIONAR DEL MENOR LUIS FERNANDO REQUELME MORENO (05), AL REALIZAR EL CRUCE PERPENDICULAR DE LA CALZADA DE MANERA INTEMPESTIVA, MISMO QUE DEBIÓ SER CONDUCIDO POR SU MADRE JOVITA MORENO HUINGO (36), QUIEN SE ENCONTRABA EN EL LUGAR AL MOMENTO DE SUSCITADO EL EVENTO; MATERIALIZANDO EL ACCIDENTE DE TRÁNSITO. ";
A-2024-07-98;11/07/2024;14:15;ESPECIAL;LANZAMIENTO DE OCUPANTES;1;4;AV. INCA GARCILAZO DE LA VEGA CDRA. 12 ;;-6.551826;-78.671275;DESPEJADO;NEGLIGENCIA DEL CONDUCTOR;CONDUCIR CON FALLAS DE FRENOS;;
A-2024-07-114;11/07/2024;10:20;CAÍDA DE PASAJERO;APLASTAMIENTO FATAL;1;0;AV. SAN JUAN VILCA MZ. E LTE. 5 ASOC. VVIV. SEÑOS DE LOS MILAGROS;OESTE A ESTE;-11.87406179;-77.06049752985679;DESPEJADO;EN PROCESO DE INVESTIGACIÓN;NO CUENTA CON CAUSA ESPECIFICA;;
A-2024-07-100;14/07/2024;05:09;ATROPELLO;CONSECUENCIA CHOQUE SEGUIDO DE VOLCADURA;2;0;AV. INDEPENDENCIA CUADRA 20;;-7.1761722;-78.511931;DESPEJADO;NO IDENTIFICA LA CAUSA;;;
A-2024-07-101;14/07/2024;21:30;CHOQUE;;1;0;KM 100 900 DE LA CARRETERA JAEN  - SAN IGNACIO ALTUERA DEL PUERTO LA NARANJA;;-5.174859;-78.902342;DESPEJADO;IMPRUDENCIA DEL CONDUCTOR;EXCESO DE VELOCIDAD;;
A-2024-07-120;15/07/2024;06:00;ATROPELLO FUGA;FATAL;1;0;AV. FRANCISCO BOLOGNESI CDRA. 07;SUR A NORTE;-12.1445382;-77.01875820015456;DESPEJADO;EN PROCESO DE INVESTIGACIÓN;NO CUENTA CON CAUSA ESPECIFICA;;
A-2024-07-116;16/07/2024;19:00;ATROPELLO;FATAL;1;0;AV. MIGUEL GRAU CDRA. 03;ESTE A OESTE;-11.92507666;-77.04018127546745;DESPEJADO;EN PROCESO DE INVESTIGACIÓN;NO CUENTA CON CAUSA ESPECIFICA;;
A-2024-07-117;17/07/2024;14:30;CHOQUE;DESPISTE Y ATROPELLO FATAL;1;11;AV. ALFREDO MENDIOLA CDRA. 63 REF. ALTRA UNIVERSIDAD TECNOLOGICA DEL PERU ;NORTE A SUR;-11.95278859;-77.07007036337315;DESPEJADO;EN PROCESO DE INVESTIGACIÓN;NO CUENTA CON CAUSA ESPECIFICA;;
A-2024-07-118;20/07/2024;06:00;ATROPELLO;CHOQUE ;1;0;AV. 10 DE JUNIO CDR. 10 ;(CONDOMINIO PASEO SAN MARTIN) NORTE A SUR;-12.03220573;-77.04969488578361;DESPEJADO;EN PROCESO DE INVESTIGACIÓN;NO CUENTA CON CAUSA ESPECIFICA;;
A-2024-07-119;20/07/2024;16:30;ATROPELLO;FATAL;1;0;AV. PACHACUTEC ALT. PARADERO G; FRONTIS MZ.M.LTE. 20, SECTOR 1 BARRIO 2 NORTE A SUR;-12.22142759;-76.92059987261845;DESPEJADO;EN PROCESO DE INVESTIGACIÓN;NO CUENTA CON CAUSA ESPECIFICA;;
A-2024-07-121;21/07/2024;03:30;CHOQUE;VOLCADURA, Y CAIDA;1;1;CARRETERA PANAMERICANA SUR KM 18.000 ;(ALT. GRIFO PRIMAX) NORTE A SUR;-12.21479893;-76.97656200215687;DESPEJADO;EN PROCESO DE INVESTIGACIÓN;NO CUENTA CON CAUSA ESPECIFICA;;
A-2024-07-122;21/07/2024;07:50;ATROPELLO FUGA;FATAL;1;0;AV. PROCERES DE LA INDEPENDENCIA CDRA.17;NORTE A SUR;-12.00575574;-77.00630354453264;DESPEJADO;EN PROCESO DE INVESTIGACIÓN;NO CUENTA CON CAUSA ESPECIFICA;;
A-2024-07-123;21/07/2024;22:30;CHOQUE;FATAL;1;0;VIA EVITAMIENTO KM 2.100;SUR A NORTE;-12.07638811;-76.97514534170547;DESPEJADO;EN PROCESO DE INVESTIGACIÓN;NO CUENTA CON CAUSA ESPECIFICA;;
A-2024-07-124;22/07/2024;12:00;CHOQUE;POR ALCANCE;1;0;PANAMERICANA SUR KM 36  950;(ALT. PUENTE PEATONAL SUMAC PACHA)  SUR A NORTE;-12.30868259;-76.83637699156124;DESPEJADO;EN PROCESO DE INVESTIGACIÓN;NO CUENTA CON CAUSA ESPECIFICA;;
A-2024-07-125;22/07/2024;06:55;CHOQUE;FATAL;1;2;AV. PERU CDRA. 33 ;REF. ALTRA INTERSECCION AV. ANDAHUAYLAS ESTE A OESTE;-12.03119593;-77.08246990440594;DESPEJADO;EN PROCESO DE INVESTIGACIÓN;NO CUENTA CON CAUSA ESPECIFICA;;
A-2024-07-126;24/07/2024;01:10;ATROPELLO;FATAL;1;0;AV. LAS MAGNOLIAS CDRA. 04 ;OESTE A ESTE;-12.03495647;-77.00384329649837;DESPEJADO;EN PROCESO DE INVESTIGACIÓN;NO CUENTA CON CAUSA ESPECIFICA;;
A-2024-07-128;24/07/2024;13:45;CHOQUE;POR DETERMINAR;1;0;AV. MANUEL CIPRIANO DULANTO CDRA10;NORTE A SUR;-12.0787335;-77.06605431945458;DESPEJADO;EN PROCESO DE INVESTIGACIÓN;NO CUENTA CON CAUSA ESPECIFICA;;
A-2024-07-127;25/07/2024;06:20;CHOQUE;MULTIPLE FATAL;1;1;VIA EVITAMIENTO PE -1N ALTRA. PTE NUEVO;OESTE A ESTE;-12.03161406;-77.00445777153111;DESPEJADO;EN PROCESO DE INVESTIGACIÓN;NO CUENTA CON CAUSA ESPECIFICA;;EL VEHICULO D3N833 SE DETUVO EN CARRIL IZQUIERDO, IMPACTANDO LOS OTROS DOS EN CADENA
A-2024-07-129;25/07/2024;12:20;ATROPELLO FUGA;FATAL;1;0;INTERSECCION DE LA AV. WIESSE CON CALLE LAS NACIONES ;OESTE A ESTE;-11.96105711;-76.98830056571667;DESPEJADO;EN PROCESO DE INVESTIGACIÓN;NO CUENTA CON CAUSA ESPECIFICA;;
A-2024-07-130;26/07/2024;13:45;CHOQUE;DESPISTE Y ATROPELLO FATAL;1;31;AV. BRASIL CDRA. 33 ;NORTE A SUR;-12.08971488;-77.06591347309129;DESPEJADO;EN PROCESO DE INVESTIGACIÓN;NO CUENTA CON CAUSA ESPECIFICA;;
A-2024-07-103;27/07/2024;16:30;CHOQUE;;1;1;KM. 27 300 DE LA CARRETERA CIUDAD DE DIOS - CAJAMARCA ;;-7.270612;-79.260921;DESPEJADO;IMPRUDENCIA DEL CONDUCTOR;CONDUCIR EN ESTADO DE EBRIEDAD Y/O DROGADICCIÓN;;
A-2024-07-131;27/07/2024;05:00;DESPISTE;Y CHOQUE FATAL;1;0;AV. SEÑOR DE CAUDEVILLA ALTRA. AV. TUPAC AMARU KM. 17.500;OESTE A ESTE;-11.8933315;-77.02887954798464;DESPEJADO;EN PROCESO DE INVESTIGACIÓN;NO CUENTA CON CAUSA ESPECIFICA;;
A-2024-07-102;28/07/2024;14:24;CHOQUE;;3;2;CARRETERA QUE CONDUCE DE LA POV. SAN MIGUEL AL DISTRITO DE CALQUIS. ALTURA DEL SECTOR EL RIPIO;;-6.993696;-78.85229;DESPEJADO;IMPRUDENCIA DEL CONDUCTOR;EXCESO DE VELOCIDAD;;
A-2024-07-104;28/07/2024;11:30;CHOQUE;;1;1;KM. 03 CARRETERA C.P. PUENTECILLOS - CASERIO LA ESPERANZA - ALTURA DEL SECTOR GUAYAQUIL;;-5.393828;-78.625466;DESPEJADO;IMPRUDENCIA DEL CONDUCTOR;EXCESO DE VELOCIDAD;;
A-2024-07-132;28/07/2024;07:55;ATROPELLO FUGA;FATAL;1;0;CARRETERA PANAMERICANA SUR KM. 25.900;NORTE A SUR;-12.27551161;-76.89096800507835;DESPEJADO;EN PROCESO DE INVESTIGACIÓN;NO CUENTA CON CAUSA ESPECIFICA;;
A-2024-07-133;28/07/2024;19:50;ATROPELLO;FATAL;1;0;CARRETERA PANAMERICANA SUR KM. 09.500;SUR A NORTE;-12.13999145;-76.98092575070824;DESPEJADO;EN PROCESO DE INVESTIGACIÓN;NO CUENTA CON CAUSA ESPECIFICA;;
A-2024-07-134;30/07/2024;23:48;ATROPELLO;FATAL;1;0;AV. LOS PROCERES CDRA. 06 ;NORTE A SUR;-12.0141503;-77.08711876284981;DESPEJADO;IMPRUDENCIA DEL PEATÓN;ESTADO DE EBRIEDAD Y/O DROGADICCIÓN;;CONTRIBUTIVA IMPRUDENCIA DEL CONDUCTOR
A-2024-08-105;01/08/2024;06:00;DESPISTE;Y VOLCADURA;4;16;PANAMERICANA SUR KM 34 (ALT. GRIFO TERPEL);NORTE A SUR;-12.29711733;-76.85578655789531;DESPEJADO;EN PROCESO DE INVESTIGACIÓN;NO CUENTA CON CAUSA ESPECIFICA;;
A-2024-08-106;01/08/2024;10:30;DESPISTE;CHOQUE ;1;4;CALLE S/N MZ L LOTE 12-AAHH. HIJOS DE DIOS;OESTE A ESTE;-11.86643196;-77.09008028927042;DESPEJADO;EN PROCESO DE INVESTIGACIÓN;NO CUENTA CON CAUSA ESPECIFICA;;
A-2024-08-107;02/08/2024;18:50;ATROPELLO;FATAL;1;1;INTERSECCION DE LA AV. FERNANDO WIESSE CON JR. MAR DE TIMON;SUR A NORTE;-11.93332092;-76.96882524721453;DESPEJADO;EN PROCESO DE INVESTIGACIÓN;NO CUENTA CON CAUSA ESPECIFICA;;
A-2024-08-108;02/08/2024;06:00;ATROPELLO;;1;0;CARRETERA CENTRAL KM 13.800 ALT. PARADERO SAN GERMAN-SANTA CLARA;ESTE A OESTE;-12.00802055;-76.8593819552048;DESPEJADO;EN PROCESO DE INVESTIGACIÓN;NO CUENTA CON CAUSA ESPECIFICA;;
A-2024-08-132;03/08/2024;06:00;ATROPELLO;FATAL;1;0;AV. TINGO MARIA C-13;SUR A NORTE;-12.06241981;-77.05939282411975;DESPEJADO;EN PROCESO DE INVESTIGACIÓN;NO CUENTA CON CAUSA ESPECIFICA;;
A-2024-08-109;04/08/2024;07:50;ATROPELLO;FATAL;1;0;AV. AMAUTA REF: AA.HH AMAUTAS II;OESTE A ESTE;-12.04229832;-76.90487987600049;DESPEJADO;EN PROCESO DE INVESTIGACIÓN;NO CUENTA CON CAUSA ESPECIFICA;;
A-2024-08-110;04/08/2024;08:00;CHOQUE;VOLCADURA, CAIDA Y FUGA  ;1;0;CARRETERA PANAMERICANA NORTE KM 21; (REF: PARTE BAJA DEL OVALO INFANTAS) NORTE A SUR;-11.94561871;-77.07106448629736;DESPEJADO;EN PROCESO DE INVESTIGACIÓN;NO CUENTA CON CAUSA ESPECIFICA;;
A-2024-08-111;04/08/2024;03:30;ATROPELLO;FATAL;1;0;AV. TUPAC AMARU CON LA AV. REVOLUCION ;(REF:ENTRADA DE COLLIQUE) NORTE A SUR;-11.91607533;-77.04092219260963;DESPEJADO;EN PROCESO DE INVESTIGACIÓN;NO CUENTA CON CAUSA ESPECIFICA;;
A-2024-08-112;04/08/2024;14:30;DESPISTE;Y CHOQUE FATAL ;1;0;JR. FRANCISCO MOREYRA Y RIGLOS 455;SUR A NORTE;-12.05528196;-77.07859939105998;DESPEJADO;EN PROCESO DE INVESTIGACIÓN;NO CUENTA CON CAUSA ESPECIFICA;;
A-2024-08-113;04/08/2024;15:30;DESPISTE;FATAL;1;0;CIRCUITO DE PLAYAS ALTRA. BAJADA DE SUCRE ;ESTE A OESTE;-12.10166524;-77.06650678276797;DESPEJADO;EN PROCESO DE INVESTIGACIÓN;NO CUENTA CON CAUSA ESPECIFICA;;
A-2024-08-92;05/08/2024;14:30;DESPISTE;;1;0;KM 1173 CARRETERA CAJAMARCA - CAJABAMBA;;-7.525225;-78.147488;DESPEJADO;IMPRUDENCIA DEL CONDUCTOR;CONDUCIR EN ESTADO DE EBRIEDAD Y/O DROGADICCIÓN;;
A-2024-08-114;05/08/2024;00:30;VOLCADURA;CAIDA, ATROPELLO Y FUGA FATAL;1;0;PANAMERICANA SUR KM. 9.500;SUR A NORTE;-12.1401638;-76.98091506934321;DESPEJADO;EN PROCESO DE INVESTIGACIÓN;NO CUENTA CON CAUSA ESPECIFICA;;
A-2024-08-115;06/08/2024;04:30;ATROPELLO;FATAL;2;0;VIA DE EVITAMIENTO KM 6.500;OESTE A ESTE RIMAC;-12.03836085;-77.01420469483864;DESPEJADO;EN PROCESO DE INVESTIGACIÓN;NO CUENTA CON CAUSA ESPECIFICA;;
A-2024-08-94;08/08/2024;14:40;DESPISTE;;1;0;CASERIO LAS JUNTAS;;-6.10063;-78.888278;DESPEJADO;IMPRUDENCIA DEL CONDUCTOR;OTRO (IMPRUDENCIA DEL CONDUCTOR);LA ACTITUD IMPRUDENTE DEL CONDUCTOR DE LA UT (MOTOCICLETA), AL CONDUCIR SU UNIDAD TENIENDO UNA NOTABLE DESATENCIÓN DE SU EJE DE CIRCULACIÓN Y PERDER LA DIRECCIÓN DE SU VEHÍCULO HACIA EL LADO IZQUIERDO DE LA VÍA, DESPISTÁNDOSE TOTALMENTE, REALIZANDO UN RECORRIDO DIRECTO SOBRE SUS EJES DE CIRCULACIÓN SOBRE LA ZONA DE TIERRA Y ARBUSTOS, PARA LUEGO VOLCARSE EN CAMPANA ANTERIOR ½, MATERIALIZÁNDOSE EL ACCIDENTE DE TRÁNSITO.;
A-2024-08-104;09/08/2024;01:10;VOLCADURA;CAIDA Y ATROPELLO;1;0;PROLONGACION LIBERTAD CUADRA 14;FRENTE A LA CONCHA ACUSTICA DE LA MPH;-13.149996;-74.2279197;DESPEJADO;IMPRUDENCIA DEL CONDUCTOR;CONDUCIR EN ESTADO DE EBRIEDAD Y/O DROGADICCIÓN;;CONDUCTOR EN ESTADO DE EBRIEDAD
A-2024-08-116;10/08/2024;03:50;ATROPELLO;FATAL;1;0;CARRETERA PANAMERICANA NORTE KM. 10.500;OESTE A ESTE;-12.03548019;-77.04780897267598;DESPEJADO;IMPRUDENCIA DEL PEATÓN;ESTADO DE EBRIEDAD Y/O DROGADICCIÓN;;CONTRIBUTIVO: IMPRUDENCIA DEL CONDUCTOR
A-2024-08-117;10/08/2024;04:40;ATROPELLO FUGA;;1;0;INTERSECCION AV. LIMA CON JR. LORETO ;OESTE A ESTE;-12.20687179;-76.90640770180012;DESPEJADO;EN PROCESO DE INVESTIGACIÓN;NO CUENTA CON CAUSA ESPECIFICA;;
A-2024-08-119;10/08/2024;23:50;ATROPELLO;FATAL;1;0;AV. SANTA ROSA CDR 02;NORTE A SUR;-12.0507831;-76.96202197124389;DESPEJADO;EN PROCESO DE INVESTIGACIÓN;NO CUENTA CON CAUSA ESPECIFICA;;
A-2024-08-97;11/08/2024;13:00;DESPISTE;;1;0;CARRETERA QUE C0DUCE DE JAEN A SAN IGNCIO ALTURA DEL CASERIO CEREAL;;-5.423696;-78.785651;DESPEJADO;IMPRUDENCIA DEL CONDUCTOR;EXCESO DE VELOCIDAD;;
A-2024-08-118;11/08/2024;07:50;ATROPELLO;FATAL;1;1;AV. AVIACION 1265;SUR A NORTE;-12.07405372;-77.01108483495699;DESPEJADO;EN PROCESO DE INVESTIGACIÓN;NO CUENTA CON CAUSA ESPECIFICA;;
A-2024-08-120;11/08/2024;05:00;ATROPELLO;FATAL;1;0;CARRETERA PANAMERICANA SUR KM 17.000 REF. PUENTE PEATONAL CAPILLA S/N ;SUR A NORTE;-12.20581565;-76.97475433527437;DESPEJADO;EN PROCESO DE INVESTIGACIÓN;NO CUENTA CON CAUSA ESPECIFICA;;
A-2024-08-121;11/08/2024;01:40;CHOQUE;FATAL;1;0;JR. MARISCAL AGUSTIN GAMARRA CDRA. 04-;ESTE A OESTE;-12.0674218;-76.99002194985424;DESPEJADO;EN PROCESO DE INVESTIGACIÓN;NO CUENTA CON CAUSA ESPECIFICA;;
A-2024-08-122;11/08/2024;14:45;VOLCADURA;CAIDA Y ATROPELLO;1;0;VIA EVITAMIENTO ALT. PUENTE HUANUCO SUR A NORTE;SUR A NORTE;-12.04178807;-77.01976772853801;DESPEJADO;EN PROCESO DE INVESTIGACIÓN;NO CUENTA CON CAUSA ESPECIFICA;;
A-2024-08-123;12/08/2024;03:30;CHOQUE;POR ALCANCE;1;0;AV. PABLO CARRIQUIRY CDRA.07;SUR A NORTE;-12.09937524;-77.01819648576925;DESPEJADO;EN PROCESO DE INVESTIGACIÓN;NO CUENTA CON CAUSA ESPECIFICA;;
A-2024-08-124;12/08/2024;10:12;FERROVIARIO;ARROLLAMIENTO (ACCIDENTE FERROVIARIO);1;0;RIELES ALTURA DEL KM. 13.800 CARRETERA CENTRAL-SANTA CLARA;OESTE A ESTE;-12.00845308;-76.86223978193883;DESPEJADO;EN PROCESO DE INVESTIGACIÓN;NO CUENTA CON CAUSA ESPECIFICA;;
A-2024-08-125;12/08/2024;20:00;ATROPELLO;FATAL;1;0;INTERSECCION DE LA AV. FRANCISCO PIZARRO CON JR. PAITA;NORTE A SUR;-12.03987191;-77.03026863362967;DESPEJADO;EN PROCESO DE INVESTIGACIÓN;NO CUENTA CON CAUSA ESPECIFICA;;
A-2024-08-95;13/08/2024;08:30;ATROPELLO;;1;0;JR. 28 DE JULIO CON CALLE 07 DE JUNIO. CIUDAD DE BAMBAMARCA;;-6.682778;-78.520907;DESPEJADO;IMPRUDENCIA DEL CONDUCTOR;EXCESO DE VELOCIDAD;;
A-2024-08-126;13/08/2024;06:55;ATROPELLO;FATAL;1;0;AV. UNIVERSITARIA REF: ALT. DEL MERCADO VILLA CHILLON;NORTE A SUR;-11.88657399;-77.03180474960081;DESPEJADO;EN PROCESO DE INVESTIGACIÓN;NO CUENTA CON CAUSA ESPECIFICA;;
A-2024-08-98;15/08/2024;15:00;VOLCADURA;;1;1;JR. LIMA CDRA. 01;;-6.476466;-78.884793;DESPEJADO;IMPRUDENCIA DEL CONDUCTOR;CONDUCIR EN ESTADO DE EBRIEDAD Y/O DROGADICCIÓN;;
A-2024-08-127;15/08/2024;07:00;ATROPELLO FUGA;FATAL;1;0;CARRETERA CENTRAL KM. 15 200 INTERSECCION CON LA AV. PRIMAVERA;NORTE A SUR;-12.00644375;-76.85009112695346;DESPEJADO;EN PROCESO DE INVESTIGACIÓN;NO CUENTA CON CAUSA ESPECIFICA;;
A-2024-08-128;15/08/2024;08:30;CHOQUE;ATROPELLO, VOLCADURA Y CAIDA Y ARRASTRAMIENTO FAAL;1;0;INTERSECCION JR. JORGE MARSHAL CON LA AV. EL MURO ;NORTE A SUR;-11.94723431;-76.9855999204485;DESPEJADO;EN PROCESO DE INVESTIGACIÓN;NO CUENTA CON CAUSA ESPECIFICA;;
A-2024-08-129;15/08/2024;20:15;ATROPELLO;VOLCADURA Y CAIDA FATAL;1;0;AV. ANGELICA GAMARRA Y CALLE HIPOLITO UNANUE REF. CDRA. 21;;-12.0080398;-77.08568638266051;DESPEJADO;EN PROCESO DE INVESTIGACIÓN;NO CUENTA CON CAUSA ESPECIFICA;;
A-2024-08-130;16/08/2024;20:50;VOLCADURA;CAIDA Y ATROPELLO Y FUGA FATAL;1;0;VIA EVITAMIENTO REF. PTE. SANTA ANITA;SUR A NORTE;-12.05893;-76.97303106972156;DESPEJADO;EN PROCESO DE INVESTIGACIÓN;NO CUENTA CON CAUSA ESPECIFICA;;
A-2024-08-131;18/08/2024;03:30;ATROPELLO;FATAL;1;0;CARRETERA PANAMERICA NORTE KM. 22 ALTRA. PROCERES HUANDOY ;SUR A NORTE;-11.93769127;-77.07166018481297;DESPEJADO;EN PROCESO DE INVESTIGACIÓN;NO CUENTA CON CAUSA ESPECIFICA;;
A-2024-08-99;18/08/2024;06:35;DESPISTE;;1;0;CARRETERA CAJAMARCA CHOTA. ALTURA DEL KM 2.5. SECTOR HUAMBOCANCHA.;;-7.126816;-78.523474;DESPEJADO;IMPRUDENCIA DEL CONDUCTOR;CONDUCIR EN ESTADO DE EBRIEDAD Y/O DROGADICCIÓN;;
A-2024-08-133;18/08/2024;07:40;DESPISTE;VOLCADURA Y CAIDA FATAL;1;0;PANAMERICA SUR KM. 5.357 ALTRA. PEATONAL PENTAGONITO;NORTE A SUR ;-12.1025508;-76.97938786936827;DESPEJADO;EN PROCESO DE INVESTIGACIÓN;NO CUENTA CON CAUSA ESPECIFICA;;
A-2024-08-134;19/08/2024;13:45;ATROPELLO;FATAL;1;0;INTERSECCION DE LA AV. BRASIL CDRA. 09 ALT. JR. ORBEGOSO;NORTE A SUR;-12.06813173;-77.04819942873605;DESPEJADO;EN PROCESO DE INVESTIGACIÓN;NO CUENTA CON CAUSA ESPECIFICA;;
A-2024-08-135;20/08/2024;01:40;CHOQUE;DESPITE Y VOLCADURA;1;2;CARRETERA PANAMERICANA NORTE KM 28.700 REF: ALT. PUENTE PEATONAL ROSA LUZ;SUR A NORTE ;-11.8801777;-77.06882364504403;DESPEJADO;EN PROCESO DE INVESTIGACIÓN;NO CUENTA CON CAUSA ESPECIFICA;;
A-2024-08-136;21/08/2024;01:10;CHOQUE;FATAL;1;1;CARRETERA PANAMERICANA SUR KM. 7.140 ;REF. PTE VIVANCI SUR A NORTE;-12.11881343;-76.97730044092215;DESPEJADO;EN PROCESO DE INVESTIGACIÓN;NO CUENTA CON CAUSA ESPECIFICA;;
A-2024-08-137;21/08/2024;21:30;ATROPELLO;FATAL;1;0;INTERSECCION AV. PABLO PATRON CON AV. CIRCUNVALACION;SUR A NORTE;-12.06724839;-76.99729037819188;DESPEJADO;EN PROCESO DE INVESTIGACIÓN;NO CUENTA CON CAUSA ESPECIFICA;;
A-2024-08-138;22/08/2024;01:30;CHOQUE;FATAL;1;0;SV. SANTA ELVIRA REF. FRONTIS MERCADO AGRARIO;SUR A NORTE;-11.94755525;-77.07391951539456;DESPEJADO;EN PROCESO DE INVESTIGACIÓN;NO CUENTA CON CAUSA ESPECIFICA;;
A-2024-08-139;23/08/2024;20:40;ATROPELLO;FATAL;1;0;JR. ZEPITA C-7;ESTE A OESTE;-12.04847606;-77.0421107457921;DESPEJADO;EN PROCESO DE INVESTIGACIÓN;NO CUENTA CON CAUSA ESPECIFICA;;
A-2024-08-91;25/08/2024;19:15;ATROPELLO FUGA;;1;0;CALLE 06 N° 138-139 CASA BLANCA;;-11.97060449;-77.0057359559185;DESPEJADO;EN PROCESO DE INVESTIGACIÓN;NO CUENTA CON CAUSA ESPECIFICA;;
A-2024-08-140;25/08/2024;00:45;DESPISTE;CHOQUE, VOLCADURA, CAIDA;1;1;AV. MICAELA BASTIDAS CDRA. 06- REF: AV. UNIVERSITARIA;OESTE A ESTE;-11.93043871;-77.0526313740967;DESPEJADO;EN PROCESO DE INVESTIGACIÓN;NO CUENTA CON CAUSA ESPECIFICA;;
A-2024-08-141;26/08/2024;18:00;CHOQUE;FATAL;1;0;PANAMERICANA SUR- SENTIDO SUR A NORTE REF: PUENTE PRIMAVERA 6 100;SUR A NORTE;-12.11032746;-76.97816138055343;DESPEJADO;EN PROCESO DE INVESTIGACIÓN;NO CUENTA CON CAUSA ESPECIFICA;;
A-2024-08-142;27/08/2024;17:30;ATROPELLO FUGA;;1;0;CALLE 06 N° 138-139 CASA BLANCA;OESTE A ESTE;-12.21903936;-76.85588384500072;DESPEJADO;EN PROCESO DE INVESTIGACIÓN;NO CUENTA CON CAUSA ESPECIFICA;;
A-2024-08-143;27/08/2024;20:20;CAÍDA DE PASAJERO;FATAL;1;0;AV. CAMINOS DEL INCA CRUCE CON LA CALLE PUNTA PEJERREY;ESTE A OESTE;-12.11309804;-76.9924970312784;DESPEJADO;EN PROCESO DE INVESTIGACIÓN;NO CUENTA CON CAUSA ESPECIFICA;;