COD_ACCIDE;FechaDelAccidente;HoraDelAccidente;ClaseDelAccidente;SecuenciaAccidente;CantidadDeFallecidos;CantidadDeLesionados;Direccion;LugarReferencia;y;x;CondClimatica;CausaFactorPrincipal;CausaEspecifica;OtraCausa;Observaciones
A-2024-08-144;28/08/2024;12:30;DESPISTE;CHOQUE, VOLCADURA Y CAIDA  ;1;0;AV. FERROCARRIL. REF: MZ C LOTE 6 ASOC. DANIEL ALCIDES CARRION;OESTE A ESTE;-12.03488903;-76.99466642316598;DESPEJADO;EN PROCESO DE INVESTIGACIÓN;NO CUENTA CON CAUSA ESPECIFICA;;
A-2024-08-145;28/08/2024;14:14;ATROPELLO FUGA;FATAL;1;0;AV. HUSARES DE JUNIN CDRA.  8- FRENTE AL INMUEBLE N°830;OESTE A ESTE;-12.0793431;-77.0482444757764;DESPEJADO;EN PROCESO DE INVESTIGACIÓN;NO CUENTA CON CAUSA ESPECIFICA;;
A-2024-08-146;28/08/2024;18:20;ATROPELLO;FATAL;1;0;AV. TRES. ASOC. DE VIVIENDA 11 DE NOVIEMBRE ALT. MZ. A;ESTE A OESTE;-11.84658946;-76.99604160080257;DESPEJADO;EN PROCESO DE INVESTIGACIÓN;NO CUENTA CON CAUSA ESPECIFICA;;
A-2024-08-148;28/08/2024;05:15;CAÍDA DE PASAJERO;FUGA;1;0;AV. NICOLAS AYLLON CON INTERSECCION CON AV. MARCO PUENTE LLANOS;OESTE A ESTE;-12.02888437;-76.92390041894586;DESPEJADO;EN PROCESO DE INVESTIGACIÓN;NO CUENTA CON CAUSA ESPECIFICA;;
A-2024-08-147;29/08/2024;08:50;CHOQUE;VOLCADURA, APLASTAMIENTO;1;0;INTERSECCION DE LA AV. JOSE SACO ROJAS CON LA AV. CASUARINAS;OESTE A ESTE;-11.85875444;-77.04523542238633;DESPEJADO;EN PROCESO DE INVESTIGACIÓN;NO CUENTA CON CAUSA ESPECIFICA;;
A-2024-08-149;30/08/2024;17:00;ATROPELLO FUGA;FATAL;1;0;CALLE LOS LIRIOS. ALT. DE LA CALLE LAS ORQUIDEAS ;(REF: CAPILLA SAGRADO CORAZON DE JESUS) SUR A NORTE;-11.99115128;-77.10242694797752;DESPEJADO;NO IDENTIFICA LA CAUSA;;;EN FISCALIA
A-2024-08-151;30/08/2024;20:20;ATROPELLO;FATAL;1;0;AV. FERNANDO WIESSE CDRA. 34. ALT. DE LA ESTACION SAN MARTIN LINEA 1 TREN ELECTRICO ;OESTE A ESTE;-11.97487996;-77.00004540641497;DESPEJADO;EN PROCESO DE INVESTIGACIÓN;NO CUENTA CON CAUSA ESPECIFICA;;
A-2024-08-150;31/08/2024;19:30;ATROPELLO;FATAL;1;1;AV. 24 DE OCTUBRE CON LA AV. LOS INCAS-TUPAC AMARU DE VILLA (;REF: MEDIA CUADRA DE LA I.E 6075 JOSE MARIA ARGUEDAS) OESTE A ESTE;-12.19847876;-76.98095948357955;DESPEJADO;EN PROCESO DE INVESTIGACIÓN;NO CUENTA CON CAUSA ESPECIFICA;;
A-2024-08-103;31/08/2024;02:30;VOLCADURA;;1;0;AV. CAJAMARCA CDRA. 03 BARRIO ALTO SEVILLA;;-6.875352;-78.141947;DESPEJADO;IMPRUDENCIA DEL CONDUCTOR;EXCESO DE VELOCIDAD;;
A-2024-09-95;01/09/2024;11:30;ATROPELLO;FATAL;1;0;AV. MARIA REICHE ALTRA. PARADERO SEDAPAL ;SUR A NORTE;-12.24464889;-76.9206833937598;DESPEJADO;EN PROCESO DE INVESTIGACIÓN;NO CUENTA CON CAUSA ESPECIFICA;;
A-2024-09-96;01/09/2024;20:50;DESPISTE;Y VOLCADURA FATAL;2;5;CARRETERA PANAMERICANA SUR ALTRA. KM. 48.000;SUR A NORTE;-12.38419382;-76.77118616307789;DESPEJADO;EN PROCESO DE INVESTIGACIÓN;NO CUENTA CON CAUSA ESPECIFICA;;
A-2024-09-97;01/09/2024;23:50;ATROPELLO FUGA;FATAL;1;0;CARRETERA PANAMERICANA SUR ALTRA. KM. 16.000;NORTE A SUR;-12.19707997;-76.973293745685;DESPEJADO;EN PROCESO DE INVESTIGACIÓN;NO CUENTA CON CAUSA ESPECIFICA;;
A-2024-09-98;01/09/2024;23:58;ATROPELLO FUGA;FATAL;1;0;CARRETERA CENTRAL KM. 14.000 REF. GRIFO GLORIA;OESTE A ESTE;-12.00765525;-76.85677555835976;DESPEJADO;EN PROCESO DE INVESTIGACIÓN;NO CUENTA CON CAUSA ESPECIFICA;;
A-2024-09-84;07/09/2024;10:15;DESPISTE;;1;0;CARRETERA SAN MARCOS - CAJAMARCA. ALTURA KM 45. SECTOR SANTA TERESA. CASERÍO COCHAMARCA. PROVINCIA DE SAN MARCOS DEPARTAMENTO DE CAJAMARCA.;;-7.283624;-78.22294;DESPEJADO;IMPRUDENCIA DEL CONDUCTOR;EXCESO DE VELOCIDAD;;
A-2024-09-99;07/09/2024;04:45;ATROPELLO;FATAL;1;0;AV. LOS HEROES (ALTURA DEL PUENTE ATOCONGO);ESTE A OESTE;-12.15080557;-76.97924230900693;DESPEJADO;EN PROCESO DE INVESTIGACIÓN;NO CUENTA CON CAUSA ESPECIFICA;;
A-2024-09-100;07/09/2024;22:00;DESPISTE;CHOQUE Y VOLCADURA  ;1;0;AV. PROLONGACION HUAYLAS ( ALTURA DE LA ALAMEDA DEL PREMIO REAL);SUR A  NORTE;-12.20061666;-76.99624757240655;DESPEJADO;EN PROCESO DE INVESTIGACIÓN;NO CUENTA CON CAUSA ESPECIFICA;;VEHÍCULO ROBADO
A-2024-09-101;07/09/2024;13:30;ATROPELLO;FATAL;1;0;AV. HEROES DEL CENEPA ALT. DE LA INTERSECCION CON CALLE 5;ESTE A OESTE;-11.96346608;-76.97980904835953;DESPEJADO;EN PROCESO DE INVESTIGACIÓN;NO CUENTA CON CAUSA ESPECIFICA;;
A-2024-09-102;11/09/2024;16:20;ATROPELLO;FATAL;1;0;AV. PACHACUTEC CON AV. 200 MILLAS;NORTE A SUR;-12.22387602;-76.9198851055976;DESPEJADO;EN PROCESO DE INVESTIGACIÓN;NO CUENTA CON CAUSA ESPECIFICA;;
A-2024-09-90;13/09/2024;19:00;DESPISTE;;1;1;CARRETERA QUE CONDUCE DEL CASERIO PLAYA AZUL AL DISTRITO DE COLASAY;;-6.013822;-79.04964;DESPEJADO;IMPRUDENCIA DEL CONDUCTOR;CONDUCIR EN ESTADO DE EBRIEDAD Y/O DROGADICCIÓN;;
A-2024-09-86;13/09/2024;07:40;ESPECIAL;POR DETERMINAR;1;0;KM. 15 DE LA CARRETERA QUE CONDUCE DE TACABAMBA A ANGUÍA ;;-6.351192;-78.609739;DESPEJADO;NO IDENTIFICA LA CAUSA;;;
A-2024-09-94;14/09/2024;06:10;ATROPELLO;DESPISTE PARCIAL;1;2;AV. MARISCAL CASTILLA;6TA CUADRA;-12.936101;-74.251797;DESPEJADO;IMPRUDENCIA DEL CONDUCTOR;CONDUCIR EN ESTADO DE EBRIEDAD Y/O DROGADICCIÓN;;CONDUCTOR EN ESTADO DE EBRIEDAD
A-2024-09-104;14/09/2024;13:00;ATROPELLO;CON PROYECCION FATAL;1;0;AV. BRASIL CDRA 10 ;NORTE A SUR;-12.0695911;-77.0494113760052;DESPEJADO;EN PROCESO DE INVESTIGACIÓN;NO CUENTA CON CAUSA ESPECIFICA;;
A-2024-09-92;14/09/2024;04:00;DESPISTE;;1;0;AV. PAKAMUROS CDRA 18;;-5.699007;-78.806465;DESPEJADO;IMPRUDENCIA DEL CONDUCTOR;EXCESO DE VELOCIDAD;;
A-2024-09-103;14/09/2024;01:40;ATROPELLO FUGA;FATAL;1;0;CIRCUITO DE PLAYAS REF. RESTAURANTE CALA ;SUR A NORTE;-12.14465123;-77.02539669807277;DESPEJADO;EN PROCESO DE INVESTIGACIÓN;NO CUENTA CON CAUSA ESPECIFICA;;
A-2024-09-91;15/09/2024;19:30;DESPISTE;;2;0;CARRETERA QUE UNE DEL C.P. TAMBORAPA PUEBLO AL CASERÍO JOSÉ SANTOS;;-5.314093;-79.129622;DESPEJADO;IMPRUDENCIA DEL CONDUCTOR;EXCESO DE VELOCIDAD;;
A-2024-09-105;16/09/2024;09:00;ATROPELLO FUGA;FATAL;1;0;CUARTA URBANIZACION EL BOSQUE ;NORTE A SUR;-12.24088014;-76.89351816401827;DESPEJADO;EN PROCESO DE INVESTIGACIÓN;NO CUENTA CON CAUSA ESPECIFICA;;
A-2024-09-106;16/09/2024;12:15;ATROPELLO;FATAL;1;0;CARRETERA CENTRAL KM. 37.000;ESTE A OESTE;-11.92259471;-76.67870565105193;DESPEJADO;EN PROCESO DE INVESTIGACIÓN;NO CUENTA CON CAUSA ESPECIFICA;;
A-2024-09-107;17/09/2024;07:50;ATROPELLO;FATAL;1;0;AV- ALFREDO MEDIOLA CDRA. 38;SUR A NORTE;-11.98935532;-77.06384534320232;DESPEJADO;EN PROCESO DE INVESTIGACIÓN;NO CUENTA CON CAUSA ESPECIFICA;;
A-2024-09-108;17/09/2024;15:15;CHOQUE;VOCADURA, CAIDA DE CONDUCTOR Y OCUPANTE FATAL;1;1;VIA EVITAMIENTO KM. 03.106 ALTRA. PTE PEAT. PARADERO 11;NORTE A SUR;-12.08400888;-76.98142782284472;DESPEJADO;EN PROCESO DE INVESTIGACIÓN;NO CUENTA CON CAUSA ESPECIFICA;;
A-2024-09-87;18/09/2024;15:50;ESPECIAL;SEGUIDO DE CHOQUE;1;1;CARRETERA QUE CONDUCE DEL DISTRITO DE TACABAMBA A LA PROVINCIA DE CHOTA. ALTURA DEL CASERIO LA PALMA;;-6.489903;-78.623124;DESPEJADO;IMPRUDENCIA DEL CONDUCTOR;OTRO (IMPRUDENCIA DEL CONDUCTOR);"LA ACTITUD IMPRUDENTE POR PARTE DEL SEÑOR DILMER BURGA BENAVIDES (33) – CONDUCTOR DE LA UT-2 (CAMIÓN), AL REALIZAR SU GIRO A LA IZQUIERDA CON EXCESO DE CONFIANZA Y SIN EXTREMAR SUS MEDIDAS DE SEGURIDAD COMO ES, COLOCAR LA SEÑAL DE GIRO HACIA DICHO LADO (LUZ DIRECCIONAL IZQUIERDA INOPERATIVA), A FIN DE ADVERTIR DICHA MANIOBRA AL CONDUCTOR DE LA UT-1 (MOTOCICLETA) QUE CIRCULABA POR LA PARTE POSTERIOR; ASÍ COMO, LA VISUALIZACIÓN DEL ESPEJO RETROVISOR IZQUIERDO; MATERIALIZANDO EL ACCIDENTE DE TRÁNSITO. ";
A-2024-09-109;19/09/2024;06:30;DESPISTE; Y VOLCADURA FATAL;1;0;CARRETERA PANAMERICANA NORTE KM. 47;SUR A NORTE;-11.75466936;-77.14998448461907;DESPEJADO;EN PROCESO DE INVESTIGACIÓN;NO CUENTA CON CAUSA ESPECIFICA;;
A-2024-09-110;19/09/2024;17:00;CHOQUE;VOLCADURA CAIDA Y APLASTAMIENTO FATAL;1;0;CARRETRA CENTRAL FRENTE EX FABRICA DE NYLON REF. 100 MTRS CON AV. ESPERANZA ;OESTE A ESTE;-12.02185306;-76.90730533626098;DESPEJADO;EN PROCESO DE INVESTIGACIÓN;NO CUENTA CON CAUSA ESPECIFICA;;
A-2024-09-111;19/09/2024;08:44;DESPISTE;VOLCADURA FATAL;1;1;CARRETRA CENTRAL FRENTE EX FABRICA DE NYLON REF. 100 MTRS CON AV. ESPERANZA  INTERSECCION DE LA AV. 15 DE JULIO ALTRA. CON CA. LOS CEDROS;SUR A NORTE;-12.01284087;-76.8244970704311;DESPEJADO;EN PROCESO DE INVESTIGACIÓN;NO CUENTA CON CAUSA ESPECIFICA;;
A-2024-09-89;20/09/2024;05:00;DESPISTE;;1;0;CARRETERA QUE CONDUCE DE CASERIO DE CUMBIL CON SAN JUAN DE LICUPIS.;;-6.562779;-79.262486;DESPEJADO;NEGLIGENCIA DEL CONDUCTOR;OTRO (IMPRUDENCIA DEL CONDUCTOR);LA ACTIUD NEGLIGENTE DEL CONDUCTOR DE LA UT, AL CONDUCIR SU UNIDAD VEHIUCLAR, CON UN EVIDENTE EXCESO DE CONFIANZA Y SIN ADOPTAR SUS MEDIDAS DE SEGURIDAD, TRANSPORTANDO PERSONAS A BORDO POR UNA VÍA CARROZABLE, CUYA CONFIGURACIÓN SINUOSA, ADVIERTE RIESGOS DE POSIBLES ACCIDENTES DE TRÁNSITO. BAJO ESAS CONDICIONES DE VULNERABILIDAD, EL CONDUCTOR, EL CONDUCTOR TOMA LA DECISIÓN DE DESPLAZAR SU UNIDAD POR UNA PENDIENTE SINUOSA, SIENDO ESE EL INSTANTE EN QUE PIERDE EL CONTROL DEL VEHÍCULO, QUE SIMULTANEAMENTE EMPEZÓ A RETROCEDER, SALIENDO DE LA PORCIÓN CIRCULABLE E IMPACTANDO CONTRA EL CERRO DEL LADO SUR, PRODUCIENDOCE LA SUBSECUENTE VOLCADURA DE TONEL, MATERIALIZANDOCE DE ESA MANERA EL ACCIDENTE DE TRÁNSITO.;
A-2024-09-113;21/09/2024;06:30;DESPISTE;CHOQUE FATAL;1;0;AV. LA MARINA CDRA 03;ESTE A OESTE;-12.08403158;-77.06482981705766;DESPEJADO;EN PROCESO DE INVESTIGACIÓN;NO CUENTA CON CAUSA ESPECIFICA;;
A-2024-09-114;21/09/2024;05:45;ATROPELLO;FATAL;1;0;MERCADO MAYORISTA PABELLON A3 LADO NORTE;NORTE A SUR;-12.0366738;-76.9447836897068;DESPEJADO;EN PROCESO DE INVESTIGACIÓN;NO CUENTA CON CAUSA ESPECIFICA;;DENTRO DE MERCADO DE ABASTOS- VÍA PRIVADA DE ACCESO PÚBLICO
A-2024-09-115;21/09/2024;06:30;DESPISTE;VOLCADURA Y APLASTAMIENTO FATAL;1;1;AV. LOS CEDROS MZ. D LOTE 11 ASOCIACION VIVIENDA BELLA VISTA;ESTE A OESTE;-12.16416402;-76.93401260129251;DESPEJADO;EN PROCESO DE INVESTIGACIÓN;NO CUENTA CON CAUSA ESPECIFICA;;
A-2024-09-112;21/09/2024;03:00;ATROPELLO FUGA;FATAL;1;0;CARRETERA PANAMERICANA NORTE KM. 30.000;ALTRA PTE PEAT. TOTTUS;-11.86756554;-77.07263411036996;DESPEJADO;EN PROCESO DE INVESTIGACIÓN;NO CUENTA CON CAUSA ESPECIFICA;;
A-2024-09-116;22/09/2024;04:40;ATROPELLO;FATAL;1;0;AV. CANTA CALLAO ALTRA. MZ A- ASOCIACION BRISAS DE SANTA ROSA;ESTE A OESTE;-11.98473175;-77.10063034238064;DESPEJADO;EN PROCESO DE INVESTIGACIÓN;NO CUENTA CON CAUSA ESPECIFICA;;
A-2024-09-117;23/09/2024;20:50;ATROPELLO;FATAL;1;0;INTERSECCION DE LA AV. 28 DE JULIO CON AV. IQUITOS ;OESTE A ESTE;-12.06342033;-77.03099157200053;DESPEJADO;EN PROCESO DE INVESTIGACIÓN;NO CUENTA CON CAUSA ESPECIFICA;;
A-2024-09-93;24/09/2024;18:00;DESPISTE;VOLCADURA;1;1;CARRETERA VIA INTEROCEANICA ;;-14.605142;-73.598382;DESPEJADO;IMPRUDENCIA DEL CONDUCTOR;EXCESO DE VELOCIDAD;;EXCESO DE VELOCIDAD
A-2024-09-118;25/09/2024;04:45;ATROPELLO;FATAL;1;0;INTERSECCION AV. BAUZATE Y MEZA CON AV. SAN PABLO;OESTE A ESTE;-12.0620892;-77.01018121541586;DESPEJADO;EN PROCESO DE INVESTIGACIÓN;NO CUENTA CON CAUSA ESPECIFICA;;
A-2024-09-119;26/09/2024;14:20;ATROPELLO;FATAL;1;0;AV. PASEO DE LA REPUBLICA CDRA. 01 ;ESTE A OESTE;-12.05594754;-77.03591327078361;DESPEJADO;EN PROCESO DE INVESTIGACIÓN;NO CUENTA CON CAUSA ESPECIFICA;;
A-2024-09-120;27/09/2024;23:30;ATROPELLO;FATAL;1;0;AV. COSTA PERUANA CDRA. 17 ;SUR A NORTE;-12.32889721;-76.83049857210662;DESPEJADO;EN PROCESO DE INVESTIGACIÓN;NO CUENTA CON CAUSA ESPECIFICA;;
A-2024-09-121;28/09/2024;05:15;ATROPELLO FUGA;;1;0;INTERSECCION JR. MARISCAL JOSE DE LA MAR CON JR. ARICA;ESTE A OESTE;-12.19351258;-76.92548731736109;DESPEJADO;EN PROCESO DE INVESTIGACIÓN;NO CUENTA CON CAUSA ESPECIFICA;;
A-2024-09-83;29/09/2024;17:30;DESPISTE;VEHICULO MENOR TRANSIUTABA EN LA VIA COMPRENDIDA DE DESCANDO A ESPINAR  DESPISTANDODE  EN UNA SEMI CURVA DONDE SE MATERIALISO EL ACCIDENTE ;1;0;KILOMETRO25 MAS CIEN ;;-14.661652;-71.264258;DESPEJADO;IMPRUDENCIA DEL CONDUCTOR;EXCESO DE VELOCIDAD;;NINGUNA
A-2024-09-122;29/09/2024;06:50;DESPISTE;VOLCADURA, CAIDA FATAL;1;0;AV. PEDRO VENTURO CDRA. 04;ESTE A OESTE;-12.12130549;-76.99339230694903;DESPEJADO;EN PROCESO DE INVESTIGACIÓN;NO CUENTA CON CAUSA ESPECIFICA;;
A-2024-09-123;30/09/2024;15:40;ATROPELLO;FATAL;1;0;INTERSECCION AV. LAS PALMERAS CON LA AV. CARLOS IZAGUIRRE-;SUR A NORTE;-11.99125162;-77.07157391018701;DESPEJADO;EN PROCESO DE INVESTIGACIÓN;NO CUENTA CON CAUSA ESPECIFICA;;
A-2024-10-87;04/10/2024;15:40;ATROPELLO;FATAL;1;0;AV. TUPAC AMARU KM 21 - ;NORTE A SUR;-11.86807592;-77.01231547975453;DESPEJADO;EN PROCESO DE INVESTIGACIÓN;NO CUENTA CON CAUSA ESPECIFICA;;
A-2024-10-120;05/10/2024;16:45;DESPISTE;EN LA VIA OCARRETERA DE VELILLE A SANT0 TOMAS EL VEHICULO CIRCULABA DE ESTE A OESTE  DONDE SE INTERPUSO AL EJE DE MARCHA  UN GANADO  IMPACTANDO AL ANIMAL ;1;0;SECTOR MIRAFLORES DEL DISTRITO DE VELILLE ;URBANIZACION DE MIRAFLORES ;-14.554078;-71.920281;DESPEJADO;IMPRUDENCIA DEL CONDUCTOR;FATIGA Y/O CANSANCIO;;NINGUNA
A-2024-10-88;05/10/2024;08:20;CHOQUE;VOLCADURA Y CAIDA FATAL;1;0;VIA EVITAMIENTO KM. 02.090 ALTRA PTE PEAT. UGARTECHE;SUR A NORTE;-12.04386733;-76.98491305675641;DESPEJADO;EN PROCESO DE INVESTIGACIÓN;NO CUENTA CON CAUSA ESPECIFICA;;
A-2024-10-89;05/10/2024;22:40;ATROPELLO;FATAL;2;0;INTERSECCION DE LA AV. PROCERES DE LA INDEPENDECIA CON LA AV. EL SOL;OESTE A ESTE;-11.98487444;-77.00685640797121;DESPEJADO;EN PROCESO DE INVESTIGACIÓN;NO CUENTA CON CAUSA ESPECIFICA;;
A-2024-10-90;06/10/2024;13:40;CHOQUE CON OBJETO FIJO;VOLCADURA FATAL;1;1;AA.HH. MANO DE DIOS ETAPA II MZ. E LTE. 06 HUARCAR;NORTE A SUR;-11.94754836;-77.01011788532216;DESPEJADO;EN PROCESO DE INVESTIGACIÓN;NO CUENTA CON CAUSA ESPECIFICA;;
A-2024-10-91;06/10/2024;21:45;ATROPELLO;FATAL;1;0;AV. NACIONES UNIDAS CDRA. 11;OESTE A ESTE;-12.04834094;-77.0593447954587;DESPEJADO;EN PROCESO DE INVESTIGACIÓN;NO CUENTA CON CAUSA ESPECIFICA;;
A-2024-10-74;07/10/2024;03:10;DESPISTE;;1;1;CARRETERA QUE CONDUCE DE BAMBAMARCA A CAJAMARCA ALTURA DEL SECTOR CRUZ VERDE;;-6.68145;-78.529235;DESPEJADO;IMPRUDENCIA DEL CONDUCTOR;CONDUCIR EN ESTADO DE EBRIEDAD Y/O DROGADICCIÓN;;
A-2024-10-77;07/10/2024;14:00;VOLCADURA;;1;1;CARRETERA QUE CONDUCE DE SAN IGNACIO - JAÉN ;;-5.15358;-78.922256;DESPEJADO;IMPRUDENCIA DEL CONDUCTOR;EXCESO DE VELOCIDAD;;
A-2024-10-92;08/10/2024;03:30;ATROPELLO FUGA;FATAL;1;0;CARRETERA PANAMERICANA SUR KM 14.600 ;NORTE A SUR;-12.18446062;-76.97496548239543;DESPEJADO;EN PROCESO DE INVESTIGACIÓN;NO CUENTA CON CAUSA ESPECIFICA;;
A-2024-10-93;09/10/2024;16:00;DESPISTE;Y CHOQUE FATA;1;2;AV. ALAMEDA DEL CERREGIDOR CDRA 12 ;NORTE A SUR;-12.09331984;-76.95278414226816;DESPEJADO;EN PROCESO DE INVESTIGACIÓN;NO CUENTA CON CAUSA ESPECIFICA;;
A-2024-10-75;11/10/2024;21:50;DESPISTE;;1;1;KM. 33 DE LA CARRETERA JAÉN - SAN IGNACIO;;-5.614354;-78.77331;DESPEJADO;IMPRUDENCIA DEL CONDUCTOR;EXCESO DE VELOCIDAD;;
A-2024-10-78;12/10/2024;00:30;VOLCADURA;;1;0; EN LA TROCHA CARROZABLE. QUE SE DIRIGE DEL SECTOR LA UNIÓN HACIA EL CASERÍO TUPAYTUPANA C.P. MONTANGO DEL DISTRITO SANTA ROSA DE LA YUNGA ;;-5.4387806;-78.529762;DESPEJADO;IMPRUDENCIA DEL CONDUCTOR;EXCESO DE VELOCIDAD;;
A-2024-10-79;14/10/2024;05:30;CHOQUE;;1;0;KM 161 280 DE LA CARRETERA FERNANDO BELAUNDE TERRY. DISTRITO DE CHOROS;;-5.888218;-78.828728;DESPEJADO;IMPRUDENCIA DEL CONDUCTOR;EXCESO DE VELOCIDAD;;
A-2024-10-94;15/10/2024;04:00;ATROPELLO FUGA;FATAL;1;0;CARRETERA PANAMERICANA SUR KM 30.00;NORTE A SUR;-12.27601106;-76.8901469725719;DESPEJADO;EN PROCESO DE INVESTIGACIÓN;NO CUENTA CON CAUSA ESPECIFICA;;
A-2024-10-95;15/10/2024;21:00;CHOQUE;VOLCADURA, CAIDA;1;0;CARRETERA PANAMERICANA NORTE KM 12.800- REF: SEGUNDA ENTRADA DE PALAO;SUR A NORTE;-12.02033807;-77.05929693050848;DESPEJADO;EN PROCESO DE INVESTIGACIÓN;NO CUENTA CON CAUSA ESPECIFICA;;
A-2024-10-96;15/10/2024;22:45;ATROPELLO;FATAL;1;0;PANAMERICANA SUR KM. 4.500 ;REF. PTA PRINCIPAL HIPODROMO DE MONTERRICO NORTE A SUR;-12.09589434;-76.98032720095229;DESPEJADO;EN PROCESO DE INVESTIGACIÓN;NO CUENTA CON CAUSA ESPECIFICA;;
A-2024-10-70;16/10/2024;06:00;ATROPELLO;VEHICULO MENOR TRANSITABA E IMPRUDENTENENTE  INGRESO ALA CALSADA INTERPONIENDOSE EN SU EJE DE MARCHA DE VEHICLO MENOR DONDE SE MATERIALIZO EL HECHO;1;0;PUENTE NUEVO DE SANTA MARIA ;KILOMETRO 01 ENTRE SANTAMARIA Y SANTA TERSA;-13.00495923;-72.62616589053529;NUBLADO;IMPRUDENCIA DEL PEATÓN;CRUCE INDEBIDO POR LA CALZADA;;NINGUNA
A-2024-10-68;17/10/2024;16:00;ATROPELLO;     CAMIONETA QUE CIRCULABA POR LA CARRETE DE ESTE A OESTE DONDE EL PEATON HACE SU INGRESO A LA CALSADA DONDE SE MATERIALISA EL ACCIDENTE  ATROPELLO ;1;0;CARRETERA TRAMO ENTRE CANCHIS SICUANI Y LA RAYA  AVEN IDA PACHACUTEC  ALTURA DESAN ISIDRO;COMUNIDAD DE SAN ISISRO;-14.270894;-71.236478;DESPEJADO;IMPRUDENCIA DEL PEATÓN;CRUCE INDEBIDO POR LA CALZADA;;NINGUNA
A-2024-10-97;18/10/2024;01:10;DESPISTE; Y CHOQUE FATAL;1;1;AV. TOMAS MARZANO CDRA. 19;SUR A NORTE;-12.12054643;-77.00673133964338;DESPEJADO;EN PROCESO DE INVESTIGACIÓN;NO CUENTA CON CAUSA ESPECIFICA;;SE ENCONTRABA HACIENDO CABALLITO CON LA MOTOCICLETA CUANDO PIERDE EL CONTROL DEL VEHÍCULO
A-2024-10-98;19/10/2024;00:10;ATROPELLO;FATAL;1;0;JR. JAUJA CDRA 03 ;NORTE A SUR;-12.04685073;-77.02019814984581;DESPEJADO;EN PROCESO DE INVESTIGACIÓN;NO CUENTA CON CAUSA ESPECIFICA;;
A-2024-10-99;19/10/2024;09:10;ATROPELLO;FATAL;1;0;AV. EL OLIVAR CDRA 38 ;OESTE A ESTE;-12.01365273;-77.08747384198611;DESPEJADO;EN PROCESO DE INVESTIGACIÓN;NO CUENTA CON CAUSA ESPECIFICA;;
A-2024-10-100;19/10/2024;18:00;ATROPELLO;FATAL;1;0;AV. BRASIL CDRA. 13;;-12.07219513;-77.0514710142701;DESPEJADO;EN PROCESO DE INVESTIGACIÓN;NO CUENTA CON CAUSA ESPECIFICA;;
A-2024-10-82;19/10/2024;02:20;VOLCADURA;;1;0;CARRETERA CHIRINOS - C.P. LAS PIRIAS;;-5.248562;-78.945056;DESPEJADO;IMPRUDENCIA DEL CONDUCTOR;OTRO (IMPRUDENCIA DEL CONDUCTOR);LA ACTITUD IMPRUDENTE POR PARTE DEL CONDUCTOR DE LA UT, AL CONDUCIR CON EXCESO DE CONFIANZA, POR LO QUE NO VALORÓ LAS CONDICIONES DE LA VÍA AL SALIR DE LA CURVA A LA DERECHA CON PENDIENTE EN BAJADA, PARA HACER SU INGRESO A UN TRAMO RECTO, QUE AL ENCONTRARSE PRÓXIMO AL MONTÍCULO DE TIERRA REALIZA UNA MALA MANIOBRA PERDIENDO EL CONTROL Y ESTABILIDAD DE LA UT, LLEGANDO A VOLCARSE EN TONEL IZQUIERDO 1/1.;
A-2024-10-101;19/10/2024;20:40;ATROPELLO;FATAL;1;0;AV. PROLONGACION JAVIER PRADO ALTRA. AV. NICOLAS AYLLON;SUR A NORTE;-12.0322657;-76.92647944586156;DESPEJADO;EN PROCESO DE INVESTIGACIÓN;NO CUENTA CON CAUSA ESPECIFICA;;
A-2024-10-83;19/10/2024;23:00;DESPISTE;;1;7;CARRETERA QUE CONDUCE AL CENTRO AMBOTO AL C.P CHOLAN;;-5.472318;-78.961161;DESPEJADO;IMPRUDENCIA DEL CONDUCTOR;OTRO (IMPRUDENCIA DEL CONDUCTOR);LA DESATENCIÓN POR PARTE DEL CONDUCTOR DE LA UT, QUE GENERÓ SU APROXIMACIÓN TEMERARIA HACIA EL LADO DERECHO DE LA VÍA, NO TENIENDO TIEMPO Y ESPACIO, DEBIDO A LA VÍA ANGOSTA, PARA REALIZAR UNA MANIOBRA DE VIRAJE HACIA SU IZQUIERDA PARA RETOMAR SU SENDERO DE CIRCULACIÓN, LLEGANDO A DESPISTARSE SOBRE LA ZONA DE TIERRA LADO DERECHO, MATERIALIZÁNDOSE EL ACCIDENTE DE TRÁNSITO.;
A-2024-10-105;20/10/2024;21:15;CHOQUE;FATAL;1;0;INTERSECCION DE LA AV. CANTO GRANDE CON AV. LAS FLORES;SUR A NORTE;-11.9705174;-77.00579345896607;DESPEJADO;EN PROCESO DE INVESTIGACIÓN;NO CUENTA CON CAUSA ESPECIFICA;;
A-2024-10-80;21/10/2024;00:50;DESPISTE;;1;0;AV. AGRICULTURA CDRA. 01;;-6.562292;-78.644627;DESPEJADO;NO IDENTIFICA LA CAUSA;;;