COD_ACCIDE;FechaDelAccidente;HoraDelAccidente;ClaseDelAccidente;SecuenciaAccidente;CantidadDeFallecidos;CantidadDeLesionados;Direccion;LugarReferencia;y;x;CondClimatica;CausaFactorPrincipal;CausaEspecifica;OtraCausa;Observaciones
A-2024-10-102;21/10/2024;02:10;CHOQUE;VOLCADURA, Y CAIDA FATAL;1;0;INTERSECCION DE LA AV. PERU CON AV. 12 DE OCTUBRE;ESTE A OESTE;-12.03054004;-77.08825772304178;DESPEJADO;IMPRUDENCIA DEL CONDUCTOR;CONDUCIR EN ESTADO DE EBRIEDAD Y/O DROGADICCIÓN;;
A-2024-10-103;21/10/2024;15:00;ATROPELLO;FATAL;1;0;INTERSECCION DE LA AV. GERMAN AMEZAGA CON AV. OSCAR BENAVIDES ;SUR A NORTE;-12.05144405;-77.0853240936385;DESPEJADO;EN PROCESO DE INVESTIGACIÓN;NO CUENTA CON CAUSA ESPECIFICA;;
A-2024-10-104;21/10/2024;20:30;ATROPELLO FUGA;;1;0;INTERSECCION DE LA AV. CENTRAL CON LA AV. BOLIVAR ;REF. FRONTIS DEL PALACIO DE LA JUVENTUD;-12.21525154;-76.93236728543265;DESPEJADO;EN PROCESO DE INVESTIGACIÓN;NO CUENTA CON CAUSA ESPECIFICA;;
A-2024-10-81;22/10/2024;18:15;DESPISTE;;1;2;CARRETERA CAJABAMBA - CAJAMARCA A LA ALTURA DEL CASERÍO ISCOCUCHO;;-7.569672;-78.139411;DESPEJADO;IMPRUDENCIA DEL CONDUCTOR;EXCESO DE VELOCIDAD;;
A-2024-10-106;23/10/2024;02:00;CHOQUE;FATAL;1;1;AV. JAVIER PRADO ESTRE ALTRA. 14;ESTE A OESTE;-12.08915793;-77.01169798641595;DESPEJADO;IMPRUDENCIA DEL CONDUCTOR;OTRO (IMPRUDENCIA DEL CONDUCTOR);CONDUCIR SU VEHÍCULO SIN ADOPTAR LAS MEDIDAS DE SEGURIDAD;CAUSANTE DEL SINIESTRO EL AUTOMÓVIL QUIEN CHOCA CONTRA EL VEHÍCULO DE MANTENIMIENTO DE VÍAS, ATROPELLANDO A LOS TRABAJADORES QUE SE ENCONTRABAN DEMARCANDO LA VÍA
A-2024-10-107;24/10/2024;04:50;CHOQUE;DESPISTE FATAL;2;3;CARETERRA LIMA CANTA KM.24 ALTRA PARADERO PUNCHAUCA;PASANDO PRIMAX TORRE BLANCA;-11.840518;-76.99915497563767;DESPEJADO;EN PROCESO DE INVESTIGACIÓN;NO CUENTA CON CAUSA ESPECIFICA;;
A-2024-10-108;24/10/2024;21:00;ATROPELLO;FATAL;1;0;INTERSECCION DE AV. RIVAGUERO ALTRA DE LA CDRA. 923 AV. INCA RIPAC CDRA.694;NORTE A SUR;-12.05189794;-77.00329128604257;DESPEJADO;EN PROCESO DE INVESTIGACIÓN;NO CUENTA CON CAUSA ESPECIFICA;;
A-2024-10-72;26/10/2024;14:30;DESPISTE;EL VEHICULO CIRCULAVA DE ESTE A OESTE POR SU CARRIL LEGANDO A UNA CUR INVADIO EL CARRIL CONTRARIO Y POSTERIOR VOLCADURA  HACIA EL RIO ;1;0;SECTOR DENOMINA SAQRAYOC  DEL DISTRITO DE HUYOPATA ;KILOMETRO 182 MAS 660 ;-13.030966;-72.474889;DESPEJADO;IMPRUDENCIA DEL CONDUCTOR;FATIGA Y/O CANSANCIO;;NINGUNO
A-2024-10-110;27/10/2024;19:15;DESPISTE;VOLCADURA Y CAIDA FATAL;1;0;AV. SAN PEDRO REF. FRONTIS EMPRESA LADRILLOS LARK;OESTE A ESTE;-12.27997488;-76.87612210383425;DESPEJADO;EN PROCESO DE INVESTIGACIÓN;NO CUENTA CON CAUSA ESPECIFICA;;
A-2024-10-111;27/10/2024;18:50;CHOQUE;FATAL;1;1;CARRETERA PANAMERICANA SUR KM. 23.000;NORTE A SUR;-12.24230019;-76.94443531208574;DESPEJADO;EN PROCESO DE INVESTIGACIÓN;NO CUENTA CON CAUSA ESPECIFICA;;
A-2024-10-112;27/10/2024;20:40;ATROPELLO FUGA;FATAL;1;0;AV. HEROES DEL CENEPA ALT. DE LA MZ. D AA.HH.STA MARIA ;ESTE A OESTE;-11.96297459;-76.98040688295917;DESPEJADO;EN PROCESO DE INVESTIGACIÓN;NO CUENTA CON CAUSA ESPECIFICA;;
A-2024-10-114;27/10/2024;20:10;ATROPELLO;FATAL;1;0;AV. ANTUNEZ DE MAYOLO CDRA. 16;ESTE A OESTE;-11.99594272;-77.08386123229786;DESPEJADO;EN PROCESO DE INVESTIGACIÓN;NO CUENTA CON CAUSA ESPECIFICA;;
A-2024-10-116;27/10/2024;07:40;CHOQUE;VOLCADURA Y CAIDA;1;0;AV. LOS PROCERES CUADRA 03 REF: FRENTE A PROSEGUR-;SUR A NORTE;-12.14974161;-76.98709475687463;DESPEJADO;EN PROCESO DE INVESTIGACIÓN;NO CUENTA CON CAUSA ESPECIFICA;;
A-2024-10-86;27/10/2024;18:41;CHOQUE;EL VEHICULO MENOR CIRCULABA POR SU CARRIL Y EN CARRIL CONTRARIO SE ENCONTRABA ESTACIONADONUN VEHICLO MAYOR  AL CUAL ADELANTO EL OTRO VEHICULO MENOR TRIMOTO EN ESA CIRCUNSTACIAS CHOCO CON LA MOTOCICLETA ;1;0;TRAMO LIMATAMBO ANTA SECTOR HOSPITALPAMPA ;KILOMETRO 941 MAS 300;-13.473334;-72.15645;DESPEJADO;IMPRUDENCIA DEL CONDUCTOR;CONDUCIR EN ESTADO DE EBRIEDAD Y/O DROGADICCIÓN;;NINGUNO
A-2024-10-84;27/10/2024;15:30;CHOQUE;;1;2;KM. 05 200 CARRETERA DE CP. CHMAYA HACIA LA PROVINCIA JAÉN;;-7.216566;-78.915727;DESPEJADO;NO IDENTIFICA LA CAUSA;;;
A-2024-10-119;27/10/2024;18:40;CHOQUE;EL VEHICULO MENOR TRIMOTO QUIEN CIRCULABA DE ESTE A OESTE B Y EL VEHICULO MENOR MOTOCICLETA DE OESTE A ESTE DONDE LA UTI INVADE EL CARRIL PARA LUEGO IMPACTAR EN EL CARRIL CONTRARIO DE LA MOTOCICLETA ;1;0;CARRETERA ANTA LIMATAMBO  SECTOR  HOSPITAL PAMPA;KILOMETRO 941  300;-13.473334;-72.15645;DESPEJADO;IMPRUDENCIA DEL CONDUCTOR;INVASIÓN DE CARRIL;;NINGUNA
A-2024-10-109;27/10/2024;12:40;DESPISTE;CHOQUE, VOLCADURA Y CAIDA FATAL;1;0;EVITAMIENTO KM. 01.700 ;SUR A NORTE;-12.07308732;-76.97379610224523;DESPEJADO;EN PROCESO DE INVESTIGACIÓN;NO CUENTA CON CAUSA ESPECIFICA;;
A-2024-10-113;28/10/2024;02:15;DESPISTE;Y CHOQUE FATAL;1;0;PANAMERICANA SUR KM. 16.700 REF. PTE TOYOTA;SUR A NORTE;-12.20297239;-76.97422639407436;DESPEJADO;EN PROCESO DE INVESTIGACIÓN;NO CUENTA CON CAUSA ESPECIFICA;;
A-2024-10-121;28/10/2024;19:30;CHOQUE FUGA;EL VEHICULO MENOR SE DIRIGIA HACIA ESPINAR EN LA CARRETERA INVADIO SU CARRIL EN VEHICULO QUE SE DIO LA FUGA ;1;0;RED VIA NACIONAL CARRETERA ESPINAR CONDOROMA  HUANCANE BAJO ;KILOMETRO 26 MAS 500;-14.823718;-71.31396;DESPEJADO;IMPRUDENCIA DEL CONDUCTOR;INVASIÓN DE CARRIL;;NINGUNO
A-2024-10-69;29/10/2024;11:40;CHOQUE;VEHICULO MENOR CIRCULABA POR EL CAMINO CARRETERO DE ESTE A OSTE POR UNA CARRETERA AFIRMADO Y EN SENTIDO CONTRARIO EL CAMION QUE AL PARECER OCUPA CASI EL TOTAL DE LA CALZADA DON IMPACTA CON EL LADO  IZQUIERDO  MATRIALIZANDO EL HECHO      ;1;0;KILOMETRO19 MAS740 ALTURA DEL SECTOR QELLOMOQO;HITO 19 MAS 740;-13.127077;-71.733965;DESPEJADO;IMPERICIA DEL CONDUCTOR;;;NINGUNA
A-2024-10-115;30/10/2024;00:00;ATROPELLO;FATAL;1;0;AV. LA MARINA CDRA. 24 ;REF. AV. LAS LEYENDAS;-12.07796771;-77.08851208524169;DESPEJADO;EN PROCESO DE INVESTIGACIÓN;NO CUENTA CON CAUSA ESPECIFICA;;
A-2024-10-85;30/10/2024;15:30;CHOQUE;;1;1;KM. 81 500 CARRETERA DE PENETRACIÓN CIUDAD DE DIOS - CAJAMARCA ;;-7.216566;-78.915727;DESPEJADO;IMPRUDENCIA DEL CONDUCTOR;EXCESO DE VELOCIDAD;;
A-2024-10-122;31/10/2024;06:20;DESPISTE;EL VEHICULO CAMIONETA CIRCULABA POR LA CARRETERA PUTUSI LA QUEBRADA DONDE POR CANSANCIO DEL CONDUCTOR SE DESPISTA ;1;0;KILOMETRO 200 MAS 200;SECTOR LOROHUACHJANA BAJA ;-12.6078;-72.52945;;;;;
A-2024-11-110;01/11/2024;04:45;ATROPELLO FUGA;FATAL;1;0;PANAMERICA SUR KM 10;ALT. DE PUENTE PEATONAL JUSTINIANO (PARADERO TOTTUS);-12.14495617;-76.98185581829424;DESPEJADO;EN PROCESO DE INVESTIGACIÓN;NO CUENTA CON CAUSA ESPECIFICA;;
A-2024-11-111;01/11/2024;05:00;ATROPELLO FUGA;FATAL;1;0;CARRETERA PANAMERICANA SUR KM 29.150 (ALT. GRIFO PRIMAX);SUR A NORTE;-12.27172661;-76.89665058034338;DESPEJADO;EN PROCESO DE INVESTIGACIÓN;NO CUENTA CON CAUSA ESPECIFICA;;
A-2024-11-112;01/11/2024;21:00;CHOQUE;SUBSECUENTE, MUERTE Y DAÑOS MATERIALES;1;0;INTERSECCION AV. MEXICO Y AV. PARINACOCHAS;NORTE A SUR;-12.07326225;-77.0164748562846;DESPEJADO;EN PROCESO DE INVESTIGACIÓN;NO CUENTA CON CAUSA ESPECIFICA;;
A-2024-11-98;01/11/2024;20:00;CHOQUE;;1;0;KM. 70 300 CARRETERA FERNANDO BELAUNDE TERRY. CASERÍO 81;;-5.899904;-79.329734;DESPEJADO;IMPRUDENCIA DEL CONDUCTOR;EXCESO DE VELOCIDAD;;
A-2024-11-113;02/11/2024;01:45;DESPISTE;CHOQUE;1;0;CARRETERA PANAMERICANA NORTE KM 34.500 ALT. GRIFO VIPUSA;SUR A NORTE;-11.84132188;-77.1036778709971;DESPEJADO;EN PROCESO DE INVESTIGACIÓN;NO CUENTA CON CAUSA ESPECIFICA;;
A-2024-11-114;02/11/2024;00:30;ATROPELLO;FATAL;1;0;INTERSECCION AV. GRAN CHIMU Y AV. PIRAMIDE DE SOL;NORTE A SUR;-12.02573482;-77.00192120499887;DESPEJADO;EN PROCESO DE INVESTIGACIÓN;NO CUENTA CON CAUSA ESPECIFICA;;
A-2024-11-115;02/11/2024;20:10;ATROPELLO;FATAL Y DAÑOS MATERIALES;1;0;ALTURA DEL KILOMETRO 58 DE LA PANAMERICANA SUR-;NORTE  A SUR;-12.46768405;-76.75083889502976;DESPEJADO;EN PROCESO DE INVESTIGACIÓN;NO CUENTA CON CAUSA ESPECIFICA;;
A-2024-11-116;02/11/2024;09:00;CHOQUE;VOLCADURA Y CAIDA;1;0;INTERSECCION DE LA AV PASEO DE LA REPUBLICA CON CALLE  JOSE FELIX OLCAY;SUR A NORTE ;-12.12373644;-77.0243079785896;DESPEJADO;EN PROCESO DE INVESTIGACIÓN;NO CUENTA CON CAUSA ESPECIFICA;;
A-2024-11-97;03/11/2024;19:40;ATROPELLO FUGA;;1;0;CARRETERA CAJAMARCA - CIUDAD DE DIOS ALTURA DEL KM.138 700;;-7.287024;-78.514292;DESPEJADO;IMPRUDENCIA DEL PEATÓN;CRUCE INDEBIDO POR LA CALZADA;;
A-2024-11-117;03/11/2024;06:20;CHOQUE;POR EMBISTE, VOLCADURA DE TONEL IZQUIERDO Y ATROPELLO;1;1;CARRATERA PANAMERICANA SUR KM 34.914 REF: SEGUNDO PUENTE PLAYA ARICA;OESTE  A ESTE;-12.29890286;-76.85174523994628;DESPEJADO;EN PROCESO DE INVESTIGACIÓN;NO CUENTA CON CAUSA ESPECIFICA;;
A-2024-11-118;03/11/2024;05:50;DESPISTE;Y CHOQUE;1;1;AV. INDUSTRIAL  CDR. 33- INDEPENDENCIA- REF: ALTURA INSTITUTO SENATI;NORTE A SUR;-11.99852821;-77.05822505973255;DESPEJADO;EN PROCESO DE INVESTIGACIÓN;NO CUENTA CON CAUSA ESPECIFICA;;
A-2024-11-119;03/11/2024;00:20;CHOQUE CON OBJETO FIJO;FATAL;1;0;INTERIOR DE ESTACIONAMIENTO MEGAPLAZA;AREA DE VIABILIDAD  DE USO PUBLICO DEL CENTRO COMERCIAL MEGA PLAZA, ZONA DE ESTACIONAMIENTO SUBTERRANEO (REF: AV. ALFREDO MENDIOLA CDR.36) SUR A NORTE ;-11.9933553;-77.0626444291615;DESPEJADO;EN PROCESO DE INVESTIGACIÓN;NO CUENTA CON CAUSA ESPECIFICA;;
A-2024-11-148;04/11/2024;17:55;DESPISTE;VEHICULO CAMINETA QUE CINCULABA POR ESTA  A VELOCIDA NO PERMITIDA AL LLEGAR A ESTA CURBA DESPISTO ;1;0;KILOMETRO 1 MAS 700; HUACARPAY TRAMO SAN SALVADOR ;-13.593077;-71.719844;DESPEJADO;IMPRUDENCIA DEL CONDUCTOR;FATIGA Y/O CANSANCIO;;
A-2024-11-120;04/11/2024;06:00;ATROPELLO FUGA;FATAL;1;0;CARRETERA PANAMERICANA SUR KM30.175 CLUB UNIVERSITARIO);SUR A NORTE;-12.276684;-76.88874829640085;DESPEJADO;EN PROCESO DE INVESTIGACIÓN;NO CUENTA CON CAUSA ESPECIFICA;;
A-2024-11-146;05/11/2024;19:20;ATROPELLO;VEHICULO OMNIBUS CIRCULABA DE ESTE A OESTE Y LA RED IAL NACIONBAL SUR ALTURA DEL DISTRITOP DE OROPEZA HACE INGRESO EL MENOR A LA CALZDA  INDEBIDAMENTE ;1;0;DISTRITO DE OROPEZA ;KILOMEDTRO 1100;-13.5888922;-71.801062;DESPEJADO;IMPRUDENCIA DEL PEATÓN;CRUCE INDEBIDO POR LA CALZADA;;NINGUNO
A-2024-11-100;05/11/2024;19:07;ATROPELLO;;1;0;JR. JUA VILLANUEVA CDRA. 02;;-7.157194;-78.523541;DESPEJADO;NEGLIGENCIA DEL CONDUCTOR;OTRO (NEGLIGENCIA DEL CONDUCTOR);LA ACTITUD NEGLIGENTE POR PARTE DEL CONDUCTOR DE LA UT-1, AL NO ACCIONAR CORRECTAMENTE EL CAMBIO “R”, PARA LA MANIOBRA A REALIZAR, NO CERCIORÁNDOSE HASTA EN TRES OPORTUNIDADES DE DICHA ACCIÓN COMPRIMIENDO VIOLENTAMENTE A LA UT-2 CONTRA LA UT-3.;
A-2024-11-99;06/11/2024;19:00;CHOQUE;;1;2;KM 1494 200. CARRETERA QUE CONDUCE DE CHOTA BAMBAMARCA;;-6.618948;-78.58683;DESPEJADO;IMPRUDENCIA DEL CONDUCTOR;EXCESO DE VELOCIDAD;;
A-2024-11-121;06/11/2024;22:40;ATROPELLO;FATAL;1;0;AV. TUPAC AMARU KM. 17 500 (REF: ALT. GRIFO REPSOL);NORTE A SUR;-11.89217068;-77.02816044391959;DESPEJADO;EN PROCESO DE INVESTIGACIÓN;NO CUENTA CON CAUSA ESPECIFICA;;
A-2024-11-122;07/11/2024;11:52;ATROPELLO;CHOQUE;1;0;AV. FLORA TRISTAN CDRA. 08 ;SUR A NORTE;-12.06432462;-76.94522786177386;DESPEJADO;EN PROCESO DE INVESTIGACIÓN;NO CUENTA CON CAUSA ESPECIFICA;;
A-2024-11-124;09/11/2024;22:25;CHOQUE CON OBJETO FIJO;VOLCADURA Y CAIDA FATAL;1;0;AV. AVIACION CDRA. 29;NORTE A SUR;-12.09888274;-77.00210472603328;DESPEJADO;EN PROCESO DE INVESTIGACIÓN;NO CUENTA CON CAUSA ESPECIFICA;;
A-2024-11-123;09/11/2024;21:30;DESPISTE;VOLCADURA Y CAIDA FATAL;1;0;AV. CAMINO REAL MZ. F LOTE 7 (REF: ESPALDA DE LA INSTITUCION EDUCATIVA NAZARENO)-PAMPLONA ALTA;ESTE A OESTE;-12.13758732;-76.95544834304832;DESPEJADO;EN PROCESO DE INVESTIGACIÓN;NO CUENTA CON CAUSA ESPECIFICA;;
A-2024-11-125;10/11/2024;01:30;CHOQUE;FATAL;1;0;PANAMERICANA SUR KM 51.000;NORTE A SUR;-12.40563732;-76.75669771860223;DESPEJADO;EN PROCESO DE INVESTIGACIÓN;NO CUENTA CON CAUSA ESPECIFICA;;
A-2024-11-126;13/11/2024;01:00;CHOQUE;FATAL;1;0;INTERSECCION DE LA AV. PROLONGACION IQUITOS CON LA AV. RISSO ;SUR A NORTE;-12.08494837;-77.0283723746829;DESPEJADO;EN PROCESO DE INVESTIGACIÓN;NO CUENTA CON CAUSA ESPECIFICA;;
A-2024-11-127;16/11/2024;08:30;CHOQUE;VOLCADURA, CAIDA,ARRASTRE Y APLASTAMIENTO FATAL;1;0;CARRETERA PANAMERICANA NORTE KM. 11 ALTRA. AV. ZARUMILLA CDRA. 8;SUR A NORTE;-12.03155082;-77.05585270077225;DESPEJADO;EN PROCESO DE INVESTIGACIÓN;NO CUENTA CON CAUSA ESPECIFICA;;
A-2024-11-109;17/11/2024;01:30;DESPISTE;VOLCADURA;1;0;CARRETERA PUQUIO - CHALHUANCA;;-14.56388992;-73.44992261786385;DESPEJADO;IMPRUDENCIA DEL CONDUCTOR;FATIGA Y/O CANSANCIO;;FATIGA Y/O CANSANCIO
A-2024-11-103;17/11/2024;21:14;ATROPELLO;;1;1;CALLE ATAHUALPA CUADRA 3 - JAÉN;;-5.702946;-78.808604;DESPEJADO;IMPRUDENCIA DEL CONDUCTOR;CONDUCIR EN ESTADO DE EBRIEDAD Y/O DROGADICCIÓN;;
A-2024-11-128;17/11/2024;05:30;ATROPELLO FUGA;FATAL;1;0;CARRETERA PANAMERICANA SUR ALTRA. KM. 25.500;SUR A NORTE;-12.25412272;-76.92498423773603;DESPEJADO;EN PROCESO DE INVESTIGACIÓN;NO CUENTA CON CAUSA ESPECIFICA;;
A-2024-11-129;17/11/2024;22:15;ATROPELLO FUGA;FATAL;1;0;VIA EVITAMIENTO KM. 02.427 REF PTE MORRO;NORTE A SUR;-12.04170848;-76.98714409229062;DESPEJADO;EN PROCESO DE INVESTIGACIÓN;NO CUENTA CON CAUSA ESPECIFICA;;
A-2024-11-95;18/11/2024;05:30;DESPISTE;EL VEHICULO  QUE TRANSITABA POR LA VIA  RED VIAL TRAMO RANCA CCASA  SANTO TOMAS ;3;0;KILOMETRO 18 MAS 800;A LADO DE UNA CASA DE ADOBE EN LA VIA M;-14.364546;-72.040714;DESPEJADO;IMPRUDENCIA DEL CONDUCTOR;EXCESO DE VELOCIDAD;;NINGUNO
A-2024-11-130;18/11/2024;02:05;ATROPELLO FUGA;FATAL;1;0;INTERSECCION AV. LA CULTURA Y CALLE JOSE SANTOS CHOCANO;SUR A NORTE;-12.03127232;-76.95029158645784;DESPEJADO;EN PROCESO DE INVESTIGACIÓN;NO CUENTA CON CAUSA ESPECIFICA;;
A-2024-11-134;19/11/2024;22:30;ATROPELLO;FATAL;1;0;CARRETERA PANAMERICANA SUR KM 24 000-;NORTE A SUR;-12.24652287;-76.93626354696862;DESPEJADO;EN PROCESO DE INVESTIGACIÓN;NO CUENTA CON CAUSA ESPECIFICA;;
A-2024-11-131;19/11/2024;05:30;DESPISTE;CHOQUE Y CAIDA DE PASAJEROS ;1;3;JR. LIBERTAD MZ. R LOTE 12 A REF. AV. SAN MARTIN CDRA. 14;NORTE A SUR;-12.15717625;-76.94240417988301;DESPEJADO;EN PROCESO DE INVESTIGACIÓN;NO CUENTA CON CAUSA ESPECIFICA;;
A-2024-11-132;19/11/2024;02:10;CHOQUE;FATAL;1;0;CARRETERA PANAMERICANA NORTE KM. 49.000;SUR A NORTE;-11.74092191;-77.1378463333404;DESPEJADO;EN PROCESO DE INVESTIGACIÓN;NO CUENTA CON CAUSA ESPECIFICA;;
A-2024-11-133;19/11/2024;18:15;ATROPELLO;FATAL;1;0;AV. PROLONGACION TACNA ALT. DEL FRONTIS DEL MERCADO LIMONCILLO;SUR A NORTE;-12.03663305;-77.03078979505882;DESPEJADO;EN PROCESO DE INVESTIGACIÓN;NO CUENTA CON CAUSA ESPECIFICA;;
A-2024-11-149;20/11/2024;21:30;CHOQUE;EL VEHICULO MENOR TRIMOTO CIRCULABA POR LA VIA HACIA PAMPA ANSA  EL MISMO QUE CONDUCIAAPARECER CON VISIBLES SINTOMAS DE EBRIEDAD EL MISMO QUE CHOCO COL EL MICROBUS;1;0;VIA DIFULCACION DE LA COMUNIDAD DE PAMPA ANSA ;VIA NACIONAL SUR HACIA LA COMUNIDAD DE QUEHUAR;-14.245399;-71.255016;DESPEJADO;IMPRUDENCIA DEL CONDUCTOR;CONDUCIR EN ESTADO DE EBRIEDAD Y/O DROGADICCIÓN;;NINGUNO
A-2024-11-135;20/11/2024;06:30;CHOQUE;ATROPELLO Y FUGA FATAL;1;2;CARRETERA PAN. NORTE KM. 27 490 ;ALTRA. 27 PARADERO ESTABLO SUR A NORTE;-11.890463;-77.06823869713902;DESPEJADO;EN PROCESO DE INVESTIGACIÓN;NO CUENTA CON CAUSA ESPECIFICA;;
A-2024-11-147;22/11/2024;15:31;VOLCADURA;EL VEHICULO MENOR TRANSITABA A VELOCIDAD NO PERMITIDA POR ESTA VIA  CAUSANDO UNA COLISION QUE VENIA EN SENTIDO CONTRARIO MATERUIALIZANDO EL HECHO  Y VOLCANDO PARA LUEGO CHOCAR ;1;0;CARRETERA DE POTRRO A LA CONVENCION ;KILOMETRO 15 MAS 50;-12.8958;-72.744772;DESPEJADO;IMPRUDENCIA DEL CONDUCTOR;EXCESO DE VELOCIDAD;;NINGUNA
A-2024-11-136;22/11/2024;13:30;ATROPELLO;FATAL;1;0;AV. ABTAO CDRA. 8 FRENTE INMUEBLE N°829;SUR A NORTE;-12.06674406;-77.02224160706999;DESPEJADO;EN PROCESO DE INVESTIGACIÓN;NO CUENTA CON CAUSA ESPECIFICA;;
A-2024-11-137;22/11/2024;20:00;CHOQUE;FATAL;1;0;VIA EVITAMIENTO 6 800 REF. ALTRA DEL PTE.SETAME ;NORTE A SUR ;-12.04003993;-77.01643219509405;DESPEJADO;EN PROCESO DE INVESTIGACIÓN;NO CUENTA CON CAUSA ESPECIFICA;;
A-2024-11-138;23/11/2024;21:00;CHOQUE;VOLCADURA, CAIDA Y APLATAMIENTO FATAL;1;1;CARRETERA PANAMERICANA NORTE KM. 33 REF. PTE. GRAMADAL;SUR A NORTE;-11.85136219;-77.09113117642298;DESPEJADO;EN PROCESO DE INVESTIGACIÓN;NO CUENTA CON CAUSA ESPECIFICA;;
A-2024-11-150;23/11/2024;14:35;CHOQUE;EL VEHICULO MENOR TRANSITABA POR LA VIA CARRETERA EN SINTIDO ESE A OESTE  AL PARECER CON SINTOMAS DE EBRIEDAD CHOCANDO CON CAMIO FURGO EL ITERSECION DE LA CALLE ;1;0;EL RED VIAL NACIONAL SUR KILOMETRO 1077  MAS 700;KILOMETRO 1077 MAS 700;-14.099271;-71.43008;DESPEJADO;IMPRUDENCIA DEL CONDUCTOR;CONDUCIR EN ESTADO DE EBRIEDAD Y/O DROGADICCIÓN;;NINGUNO
A-2024-11-139;24/11/2024;11:00;ATROPELLO;FATAL;1;0;INTERSECCION AV. SEPARADORA INDUSTRIAL CON AV. MARIA REICHE;OESTE A ESTE;-12.24068012;-76.91381042386361;DESPEJADO;EN PROCESO DE INVESTIGACIÓN;NO CUENTA CON CAUSA ESPECIFICA;;
A-2024-11-140;24/11/2024;15:00;DESPISTE;Y VOLCADURA FATAL;1;0;INTERSECCION AV. JOSE CARLOS MARIATEGUI CON AV. HEROES DEL CENEPA REF MERCADO 9 DE MARZO;SUR A NORTE;-11.95579641;-76.9920513078763;DESPEJADO;EN PROCESO DE INVESTIGACIÓN;NO CUENTA CON CAUSA ESPECIFICA;;
A-2024-11-104;25/11/2024;00:30;CHOQUE;;2;1;KM 1252 DE LA CARRETERA CAJAMARCA A NAMORA;;-7.199469;-78.373078;DESPEJADO;IMPRUDENCIA DEL CONDUCTOR;EXCESO DE VELOCIDAD;;
A-2024-11-106;27/11/2024;07:40;ATROPELLO;;1;0;CALLE ZENÓN CERVERA CRA N| 01;;-5.933341;-79.228563;DESPEJADO;IMPRUDENCIA DEL PEATÓN;OTRO (IMPRUDENCIA DEL PEATÓN);"LA FALTA DE RESPONSABILIDAD EN EL CUIDADO Y ATENCIÓN POR PARTE DE LOS TUTORES DEL MENOR DE EDAD QUIENES PESE A TENER CONOCIMIENTO QUE TIENE UNA DISCAPACIDAD DE RETRASO MENTAL LEVE; LE ENTREGARON UN VEHÍCULO MOTORIZADO DE SERVICIO PÚBLICO PARA QUE CONDUZCA Y SE TRASLADE A SABIENDAS QUE NO TENIA LICENCIA DE CONDUCIR NI PERMISO PROVISIONAL.";
A-2024-11-141;28/11/2024;13:10;CHOQUE;FATAL;1;0;INTERSECCION DE LA AV. METROPOLITANA Y EL JR SAN MARTIN ;REF. POLLERIA LEÑA Y CARBON ESTE A OESTE;-12.03281788;-76.937145845464;DESPEJADO;EN PROCESO DE INVESTIGACIÓN;NO CUENTA CON CAUSA ESPECIFICA;;
A-2024-11-105;28/11/2024;09:40;DESPISTE;;2;0;TROCHA CARROZABLE QUE CONDUCE DEL DISTRITO DE CALQUIS A CAS. TRES RIOS;;-6.966097;-78.860335;DESPEJADO;IMPRUDENCIA DEL CONDUCTOR;EXCESO DE VELOCIDAD;;
A-2024-11-142;29/11/2024;05:20;CHOQUE;FATAL;1;0;INTERSECCION DE LA AV. UNIVERSITARIA Y LA AV. ARGENTINA ;REF. ESTABLECIEMIENTO POLIMETALES NORTE A SUR;-12.04673448;-77.07687116379219;DESPEJADO;EN PROCESO DE INVESTIGACIÓN;NO CUENTA CON CAUSA ESPECIFICA;;
A-2024-11-143;29/11/2024;14:40;ATROPELLO;FATAL;1;0;CARRETERA PANAMERICANA NORTE KM 10.150;SUR A NORTE;-12.03616954;-77.0447629320172;DESPEJADO;EN PROCESO DE INVESTIGACIÓN;NO CUENTA CON CAUSA ESPECIFICA;;
A-2024-11-144;30/11/2024;13:50;CHOQUE;ATROPELLO;1;0;AV. NICOLAS AYLLON CDR. 4050- REF: FRENTE A LA ENTRADA PRINCIPAL DE LA FABRICA BACKUS ;OESTE A ESTE;-12.04525781;-76.94137016878985;DESPEJADO;EN PROCESO DE INVESTIGACIÓN;NO CUENTA CON CAUSA ESPECIFICA;;
A-2024-11-145;30/11/2024;10:30;ATROPELLO;FATAL;1;0;INTERSECCION AV. GRAU CDR 10 CON JR. HUANUCO ;ESTE A OESTE;-12.05734512;-77.01747286212846;DESPEJADO;EN PROCESO DE INVESTIGACIÓN;NO CUENTA CON CAUSA ESPECIFICA;;