COD_ACCIDE;FechaDelAccidente;HoraDelAccidente;ClaseDelAccidente;SecuenciaAccidente;CantidadDeFallecidos;CantidadDeLesionados;Direccion;LugarReferencia;y;x;CondClimatica;CausaFactorPrincipal;CausaEspecifica;OtraCausa;Observaciones
A-2024-11-107;30/11/2024;19:00;DESPISTE;;1;11;KM 3   440 CARRETERA QUER CONDUCE DEL DISTRITO DE SAN PABLO  AL SCASERIO YAMINCHAD. SECTOR CONGA AZUL.;;-7.119026;-78.801889;DESPEJADO;IMPRUDENCIA DEL CONDUCTOR;OTRO (IMPRUDENCIA DEL CONDUCTOR); LA IMPRUDENCIA DEL CONDUCTOR AL CONDUCIR SU UNIDAD VEHICULAR CON EXCESO DE CONFIANZA, SIN TOMAR EN CUENTA LAS CONDICIONES CLIMATOLOGICAS (NEBLINA) LA CUAL LE RESTRINGIA SU VISIBILIDAD EN AMPLITUD Y PROGFUNDIDAD, APROXIMANDOSE AL BORDE DE LA TROCHA CARROZABLE LADO ESTE, MATERIALIZANDOSE EL PRESENTE ACCIDENTE DE TRANSITO.;
A-2024-12-87;01/12/2024;17:30;ATROPELLO;FATAL;1;0;AV. PACHACUTEC CON AV. JUAN VELASCO ALVARADO;INTERSECCION;-12.20306713;-76.93050158751072;DESPEJADO;EN PROCESO DE INVESTIGACIÓN;NO CUENTA CON CAUSA ESPECIFICA;;
A-2024-12-88;01/12/2024;22:00;ATROPELLO FUGA;FATAL;1;0;CARRETERA PANAMERICANA SUR KM 8;REF: ALT.  DEL PUENTE PEATONAL PROSEGUR SUR A NORTE;-12.12760071;-76.97691375951386;DESPEJADO;EN PROCESO DE INVESTIGACIÓN;NO CUENTA CON CAUSA ESPECIFICA;;
A-2024-12-89;01/12/2024;23:05;ATROPELLO FUGA;;1;0;CARRETERA PANAMERICANA NORTE KM 11 - REF: AV. ZARUMILLA CDR 08;SUR A NORTE;-12.03333829;-77.05347766528016;DESPEJADO;EN PROCESO DE INVESTIGACIÓN;NO CUENTA CON CAUSA ESPECIFICA;;
A-2024-12-74;02/12/2024;15:00;ESPECIAL;CHOUE CON SUBSECUENTE DESPISTE - VOLCADURA EN CAMPANAT AANTERIO;1;10;KM 125 DE LA CARRETERA CHOTA - CHICLAYO;;-6.487601;-78.848345;DESPEJADO;IMPRUDENCIA DEL CONDUCTOR;OTRO (IMPRUDENCIA DEL CONDUCTOR);EL CRUCE INTEMPESTIVO DE LA UT-2 (BECERRO), HACIA LA CALZADA REALIZANDO UN INGRESO DE DERECHA A IZQUIERDA, EXPONIENDO SU FLANCO IZQUIERDO, INTERPONIÉNDOSE EN SU EJE DE MARCHA DE LA UT-1, MATERIALIZÁNDOSE EL VIOLENTO IMPACTO. ;
A-2024-12-76;02/12/2024;18:01;DESPISTE;;1;2;KM 60 DE LA CARRETERA DE PENETRACION CIUADAD DE DIOS CAJAMARCA;;-7.19679;-79.041861;DESPEJADO;IMPRUDENCIA DEL CONDUCTOR;CONDUCIR EN ESTADO DE EBRIEDAD Y/O DROGADICCIÓN;;
A-2024-12-86;04/12/2024;02:30;ATROPELLO FUGA;FATAL;1;0;CARRETERA PANAMERICANA NORTE KM 22.500;SUR A NORTE;-11.93381447;-77.07207325287774;DESPEJADO;EN PROCESO DE INVESTIGACIÓN;NO CUENTA CON CAUSA ESPECIFICA;;
A-2024-12-103;04/12/2024;20:20;ATROPELLO;;1;0;AV. VICTOR MALASQUEZ CON CALLE 76;;-12.12119009;-76.87256800173131;DESPEJADO;EN PROCESO DE INVESTIGACIÓN;NO CUENTA CON CAUSA ESPECIFICA;;NINGUNA
A-2024-12-106;05/12/2024;20:30;ATROPELLO;;1;0;AV. BRASIL CON AV. SAN FELIPE;;-12.08064948;-77.05828510972947;DESPEJADO;IMPRUDENCIA DEL PEATÓN;DESACATO DE SEÑAL DE TRÁNSITO;;NINGUNA
A-2024-12-90;05/12/2024;10:00;ATROPELLO;FATAL;1;0;AV. CARLOS IZAGUIRRE ALT. DE LA MZ A DE LA ASOCIACION  DE VIVIENDA LOS NISPEROS;ESTE A OESTE;-11.99013756;-77.09541737990095;DESPEJADO;EN PROCESO DE INVESTIGACIÓN;NO CUENTA CON CAUSA ESPECIFICA;;
A-2024-12-105;05/12/2024;12:45;ATROPELLO;;1;0;CARRETERA CENTRAL KM. 16; ALTURA GRIFO PRIMAX;-12.00233672;-76.84169135373683;DESPEJADO;IMPRUDENCIA DEL CONDUCTOR;OTRO (IMPRUDENCIA DEL CONDUCTOR);NO ADOPTA MEDIDAS DE PREVENCION EN SU ENTORNO;NINGUNA
A-2024-12-91;07/12/2024;02:00;DESPISTE;Y CHOQUE;1;0;INTERSECCION DE LA AV. BOSQUE HUANCA CON CALLE JUANJUI - REF: IGLESIA DE LOS MORMONES;NORTE A SUR;-12.03273812;-76.99669402204279;DESPEJADO;EN PROCESO DE INVESTIGACIÓN;NO CUENTA CON CAUSA ESPECIFICA;;
A-2024-12-92;07/12/2024;04:10;DESPISTE;Y VOLCADURA;1;1;CARRETERA CENTRAL KM 32 DE LA URB. SANTA MARIA CHOSICA CON PASAJE SOLEA KM 32 CON 445;REF: DIVISION POLICIAL CHOSICA;-11.94575507;-76.71007762607162;DESPEJADO;EN PROCESO DE INVESTIGACIÓN;NO CUENTA CON CAUSA ESPECIFICA;;
A-2024-12-93;07/12/2024;19:30;ATROPELLO;FATAL;1;0;CARRETERA PANAMERICANA  NORTE KM 46.500 (SERPENTIN DE PASAMAYO KM 2.100) ;REF: FRONTIS DE LA FERRETERIA BALA;-11.76823571;-77.16107079620207;DESPEJADO;EN PROCESO DE INVESTIGACIÓN;NO CUENTA CON CAUSA ESPECIFICA;;
A-2024-12-95;08/12/2024;19:10;ATROPELLO;;1;0;AV. JULIO CESAR TELLO CUADRA 02 SAN GABRIEL;NORTE A SUR;-12.15511209;-76.95864852025149;DESPEJADO;EN PROCESO DE INVESTIGACIÓN;NO CUENTA CON CAUSA ESPECIFICA;;
A-2024-12-77;08/12/2024;00:20;CHOQUE;;1;1;JR. JORGE CHAVEZ CDRAA.08;;-6.68145;-78.529235;DESPEJADO;IMPRUDENCIA DEL CONDUCTOR;CONDUCIR EN ESTADO DE EBRIEDAD Y/O DROGADICCIÓN;;
A-2024-12-94;08/12/2024;01:50;CHOQUE CON OBJETO FIJO;VOLCADURA Y CAIDA;1;0;CARRETERA PANAMERICANA SUR KM.3.800-ALT. AV. OCEANO PACIFICO;SUR A NORTE;-12.08056023;-76.97758366172309;DESPEJADO;EN PROCESO DE INVESTIGACIÓN;NO CUENTA CON CAUSA ESPECIFICA;;
A-2024-12-98;09/12/2024;23:55;ATROPELLO;FATAL;1;0;PANAMERICANA SUR KM. 40.000;SUR A NORTE ;-12.33177568;-76.82095575612404;DESPEJADO;EN PROCESO DE INVESTIGACIÓN;NO CUENTA CON CAUSA ESPECIFICA;;
A-2024-12-96;09/12/2024;05:15;DESPISTE;VOLCADURA Y CAIDA  ;2;0;AV. PERU CDR- 15 URB.CAJA DE AGUA REF: SALIDA DEL TUNEL SAN MARTIN-;OESTE A ESTE;-12.02937713;-77.01776087661604;DESPEJADO;EN PROCESO DE INVESTIGACIÓN;NO CUENTA CON CAUSA ESPECIFICA;;
A-2024-12-97;09/12/2024;16:05;CHOQUE;FATAL;1;0;AUTOPISTA PANAMERICANA SUR KM 17.032 REF: PUENTE CAPILLA;NORTE A SUR;-12.20626581;-76.97498784346062;DESPEJADO;EN PROCESO DE INVESTIGACIÓN;NO CUENTA CON CAUSA ESPECIFICA;;
A-2024-12-99;10/12/2024;08:40;DESPISTE;CAIDA FATAL;1;3;AV. PROLONGACION SAN JUAN PARADERO 18;ESTE A OESTE;-12.13791956;-76.96104368818563;DESPEJADO;EN PROCESO DE INVESTIGACIÓN;NO CUENTA CON CAUSA ESPECIFICA;;EL VEHÍCULO SE ENCONTRABA PINTADO COMO SERVICIO DE TRANSPORTE PÚBLICO BRINDANDO SERVICIO INFORMAL
A-2024-12-100;13/12/2024;01:30;ATROPELLO FUGA;FATAL;1;0;AV. PERU CDRA 21;ESTE A OESTE;-12.03167541;-77.06809336339548;DESPEJADO;EN PROCESO DE INVESTIGACIÓN;NO CUENTA CON CAUSA ESPECIFICA;;
A-2024-12-101;14/12/2024;02:30;DESPISTE;VOLCADURA FATAL;1;0;VIA EVITAMIENTO  ALTRA. PTE PEAT. PRIMAVERA; NORTE A SUR;-12.03285757;-77.00682081487176;DESPEJADO;EN PROCESO DE INVESTIGACIÓN;NO CUENTA CON CAUSA ESPECIFICA;;
A-2024-12-102;14/12/2024;04:55;CHOQUE;FATAL;1;0;PANAMERICANA SUR KM. 23.000 ;SIN;-12.24251204;-76.94402208978147;DESPEJADO;EN PROCESO DE INVESTIGACIÓN;NO CUENTA CON CAUSA ESPECIFICA;;
A-2024-12-104;15/12/2024;02:38;CHOQUE;FATAL;1;1;CARRETERA PANAMERICANA NORTE KM. 34.600;SUR A NORTE;-11.84132433;-77.10368626847814;DESPEJADO;EN PROCESO DE INVESTIGACIÓN;NO CUENTA CON CAUSA ESPECIFICA;;
A-2024-12-107;15/12/2024;05:40;DESPISTE;VOLCADURA Y CAIDA FATAL;1;1;CIRCUITO DE PLAYA ALTRA BAJADA DE LA AV. SUCRE ;NORTE A SUR;-12.09777291;-77.07281905686722;DESPEJADO;EN PROCESO DE INVESTIGACIÓN;NO CUENTA CON CAUSA ESPECIFICA;;
A-2024-12-108;16/12/2024;02:10;CHOQUE CON OBJETO FIJO;FATAL;2;0;AV. TUPAC AMARU CDRA.36;SUR A NORTE;-11.99147043;-77.05703698927088;DESPEJADO;EN PROCESO DE INVESTIGACIÓN;NO CUENTA CON CAUSA ESPECIFICA;;
A-2024-12-80;17/12/2024;19:45;ATROPELLO FUGA;;1;0;JR. HORACIO URTEAGA CUADRA 02;;-7.155486;-78.522833;DESPEJADO;NO IDENTIFICA LA CAUSA;;;
A-2024-12-109;18/12/2024;22:20;ATROPELLO FUGA;FATAL;1;0;CARRETERA PANAMERICANA SUR ALTURA DEL KM 14.900;SUR A NORTE;-12.18699869;-76.97398166117583;DESPEJADO;EN PROCESO DE INVESTIGACIÓN;NO CUENTA CON CAUSA ESPECIFICA;;
A-2024-12-81;18/12/2024;06:50;DESPISTE;;1;1;CIUDAD DE JAEN A LA CIUDAD DE SAN IGNACIO;;-5.596149;-78.782988;DESPEJADO;IMPRUDENCIA DEL CONDUCTOR;EXCESO DE VELOCIDAD;;
A-2024-12-84;19/12/2024;07:00;VOLCADURA;VEHICULO QUE TRANSITABA POR LA VIA Y ANTES DE INGRSAR ALA CURVS SE VOLCCO A LADO IZQUIERDO A LA IZQUIERDA ;1;0;SEXTOR DE HUACCAYTAQUI KILOMETRO 11042;KILOMETRO 1042;-13.850571;-71.532271;DESPEJADO;IMPRUDENCIA DEL CONDUCTOR;EXCESO DE VELOCIDAD;;NINGUNA
A-2024-12-110;19/12/2024;06:45;CHOQUE;VOLCADURA Y CAIDA FATAL;1;0;PANAMERICANA SUR REF. COLEGIO FRANCO PERUANO;NORTE A SUR ;-12.11779908;-76.97732486059529;DESPEJADO;EN PROCESO DE INVESTIGACIÓN;NO CUENTA CON CAUSA ESPECIFICA;;
A-2024-12-85;21/12/2024;01:24;ATROPELLO;;1;1;JR. AMAZONAS CDRA. 07 - CAJAMARCA (REF. FRONTIS DEL HOTEL GRAN CONTINENTAL);;-7.157446;-78.515156;DESPEJADO;IMPRUDENCIA DEL PEATÓN;ESTADO DE EBRIEDAD Y/O DROGADICCIÓN;;
A-2024-12-111;21/12/2024;17:20;CHOQUE;FATAL;1;0;AV. PASTOR SEVILLA CON AV. PACTO ANDINO;SUR A NORTE;-12.20056444;-76.9558679286369;DESPEJADO;EN PROCESO DE INVESTIGACIÓN;NO CUENTA CON CAUSA ESPECIFICA;;
A-2024-12-112;21/12/2024;15:50;ATROPELLO;FATAL;1;0;AV. LA MARINA CDRA. 32 ALTRA DE LA AV. FAUCETT;SUR A NORTE;-12.07455774;-77.09914819879518;DESPEJADO;EN PROCESO DE INVESTIGACIÓN;NO CUENTA CON CAUSA ESPECIFICA;;
A-2024-12-113;22/12/2024;07:00;DESPISTE;FATAL;1;0;INTERSECCION AV. VARGAS MACHUCA CON AV. CESAR CANEVARO;SUR A NORTE;-12.16465722;-76.96921840704017;DESPEJADO;EN PROCESO DE INVESTIGACIÓN;NO CUENTA CON CAUSA ESPECIFICA;;
A-2024-12-114;22/12/2024;11:00;DESPISTE;VOLCADURA FATAL;1;3;AV. PROLONGACION NARANJAL S/N ALTRA. A.H. VILLA ISOLINA;ESTE A OESTE;-11.94148339;-77.12505312745871;DESPEJADO;EN PROCESO DE INVESTIGACIÓN;NO CUENTA CON CAUSA ESPECIFICA;;
A-2024-12-115;22/12/2024;07:00;CHOQUE CON OBJETO FIJO;VOLCADURA Y FUGA FATAL;1;1;AV. NARANJAL CDRA 02;ESTE A OESTE;-11.97686076;-77.06214146847923;DESPEJADO;EN PROCESO DE INVESTIGACIÓN;NO CUENTA CON CAUSA ESPECIFICA;;
A-2024-12-116;23/12/2024;11:20;ATROPELLO FUGA;FATAL;1;0;INTERSECCION DE AV. LIMA CON AV. BENJAMIN FRANKLIN;ESTE A OESTE;-12.23497083;-76.9115445209504;DESPEJADO;EN PROCESO DE INVESTIGACIÓN;NO CUENTA CON CAUSA ESPECIFICA;;
A-2024-12-82;24/12/2024;23:15;VOLCADURA;;1;1;AV. LA PAZ  Y JR. SUCRE.;;-7.166205;-78.50921;DESPEJADO;IMPRUDENCIA DEL CONDUCTOR;EXCESO DE VELOCIDAD;;
A-2024-12-117;25/12/2024;15:00;DESPISTE;VOLCADURA Y CAIDA FATAL;1;12;CARRETERA PANAMERICANA NORTE KM. 30.390;SUR A NORTE;-11.86558906;-77.07380925963687;DESPEJADO;EN PROCESO DE INVESTIGACIÓN;NO CUENTA CON CAUSA ESPECIFICA;;
A-2024-12-73;26/12/2024;08:30;DESPISTE;VEHICULO MENOR QUE TRANSITAVA POR LA CARRETERA  DONDE  EL VEHICULO MENOR SE DESPISTA ;1;0;ANTES DEL PUENTE SANTA MARI  KILOMETRO 01;KILOMETRO 00 MAS800;-13.31320096;-71.59247934481394;DESPEJADO;IMPRUDENCIA DEL CONDUCTOR;EXCESO DE VELOCIDAD;;NINGUNO
A-2024-12-118;26/12/2024;01:10;ATROPELLO FUGA;FATAL;1;0;CARRETERA PANAMERICANA SUR KM. 14.000 REF. PTR UMAMARCA. GRIFO PRIMAX;SUR A NORTE;-12.1734119;-76.97832109687727;DESPEJADO;EN PROCESO DE INVESTIGACIÓN;NO CUENTA CON CAUSA ESPECIFICA;;
A-2024-12-119;26/12/2024;12:25;ATROPELLO;FATAL;1;0;CARRETERA PANAMERICANA NORTE KM. 42.500;NORTE A SUR;-11.78842134;-77.15100409865374;DESPEJADO;EN PROCESO DE INVESTIGACIÓN;NO CUENTA CON CAUSA ESPECIFICA;;
A-2024-12-72;27/12/2024;13:20;ATROPELLO;EL VEHICULO CAMION VOLQUETE ESTABA ESTACIONADO EN VIA DONDE ESTABA ESPERANDO LA SEÑAL DEL SEMARO HACE SU INGRESO EL PEATON POR LA CAZA POR DELANTE DEL CAMION E INIA ESTE SU PARCHA SIN PERCATARSE DEL PEATON INICIANDOSE EL ATR0PELLO CON LA PARTE POSTERIORDE LAS LLANTAS  ;1;0;CALLE ANTONIO LORENA Y PATACALLE CON LA INTERSECCION  EN EL SEMAFORO DE ESTE ;SEMARO DE LA AV. ANTONIO LORENA ;-13.527004;-71.984263;DESPEJADO;IMPRUDENCIA DEL PEATÓN;CRUCE INDEBIDO POR LA CALZADA;;NINGUNA
A-2024-12-83;28/12/2024;05:50;CHOQUE;;1;0;KM.1252 CARRETERA SAN MARCOS .- CAJAMARCA;;-7.202115;-78.376795;DESPEJADO;IMPRUDENCIA DEL CONDUCTOR;EXCESO DE VELOCIDAD;;
A-2024-12-120;28/12/2024;15:10;CHOQUE CON OBJETO FIJO;FATAL;1;0;AV. SANTA MARIA REF. ALTRA CONDOMINIO EL PORTAL DE SANTA MARIA DE CARABAYLLO;SUR A NORTE;-11.84356455;-77.04260489490063;DESPEJADO;EN PROCESO DE INVESTIGACIÓN;NO CUENTA CON CAUSA ESPECIFICA;;
A-2024-12-121;29/12/2024;01:20;DESPISTE;CHOQUE, VOLCADURA Y CAIDA FATAL;1;0;VIA EVITAMIENTO KM. 05.452 REF PEAT PRIMEVRA;ESTE A OESTE;-12.03302616;-77.0073929749146;DESPEJADO;EN PROCESO DE INVESTIGACIÓN;NO CUENTA CON CAUSA ESPECIFICA;;
A-2024-12-122;29/12/2024;04:09;ATROPELLO;FATAL;1;0;CARRETERA PANAMERICANA NORTE KM. 47.500;SUR A NORTE;-11.75068424;-77.14646781175321;DESPEJADO;EN PROCESO DE INVESTIGACIÓN;NO CUENTA CON CAUSA ESPECIFICA;;
A-2024-12-123;29/12/2024;17:25;ATROPELLO;FATAL;1;0;AV. ANGAMOS CDRA. 24;ESTE A OESTE;-12.11183046;-77.00284380737456;DESPEJADO;EN PROCESO DE INVESTIGACIÓN;NO CUENTA CON CAUSA ESPECIFICA;;
A-2024-12-124;29/12/2024;08:00;CHOQUE;FATAL;1;1;INTERSECCION DE AV. GUARDIA CIVIL CON CALLE LOS METEOROS ;NORTE A SUR ;-12.18016407;-76.99803302373233;DESPEJADO;EN PROCESO DE INVESTIGACIÓN;NO CUENTA CON CAUSA ESPECIFICA;;
A-2025-01-31;01/01/2025;18:20;CHOQUE;-;1;0;CARRETERA PANAMERICANA NORTE ALTURA DEL KM. 619.5;-;-7.802651369;-79.19688102066583;DESPEJADO;NO IDENTIFICA LA CAUSA;;;
A-2025-01-62;02/01/2025;22:00;ATROPELLO;;1;0;KM 58 600. DE LA CARRETERA DE PENTRACION CIUDAD DE DIOS - CAJAMRCA;;-7.145412;-78.516992;DESPEJADO;NO IDENTIFICA LA CAUSA;;;
A-2025-01-72;05/01/2025;06:00;DESPISTE;EL VEHICULO CIRCULABA DE OESTE A ESTE POR LA CARRETERA CUSCO ESPINAR DONDE EN EL KL.24 MAS420 SE DESPISTO  CON SU VEHICULO MOTOCICLETA.;1;0;KILOMETRO 24MAS 420 ALTURA DE  LA COMUNIDAD CONDE VELUYO;;-14.3715556;-71.32525;DESPEJADO;IMPRUDENCIA DEL CONDUCTOR;EXCESO DE VELOCIDAD;;NINGUNA
A-2025-01-32;06/01/2025;02:00;DESPISTE;-;2;0;CARRETERA DE ACCESO DE HUANCASPATA - TAYABAMBA S/N ;-;-8.540750479;-77.211523416;DESPEJADO;INFRAESTRUCTURA Y ENTORNO VIAL;FACTOR AMBIENTAL;;
A-2025-01-63;07/01/2025;22:15;ATROPELLO FUGA;;1;0;KM 146 300 CARRETERA CHOTA - CHICLAYO. COMUNIDAD EL PARAISO;;-6.543665;-78.705535;LLUVIOSO;NO IDENTIFICA LA CAUSA;;;
A-2025-01-61;08/01/2025;21:00;DESPISTE;VOLCADURA;2;0;TROCHA CARROZABLE OCROS ANEXO URUBAMBA;LUGAR DENOMINADO PANTIONCCASA;-13.370327;-73.90041;DESPEJADO;IMPRUDENCIA DEL CONDUCTOR;CONDUCIR EN ESTADO DE EBRIEDAD Y/O DROGADICCIÓN;;CONDUCCION EN ESTADO DE EBRIEDAD
A-2025-01-64;08/01/2025;20:30;DESPISTE;;1;0;KM. 1174 DE LA CARRETERA CAJAMARCA - CAJABAMBA. ALTURA DEL SECTOR PANAMA;;-7.524396;-78.147494;DESPEJADO;IMPRUDENCIA DEL CONDUCTOR;EXCESO DE VELOCIDAD;;
A-2025-01-35;11/01/2025;06:02;CHOQUE;-;1;0;CARRETERA PANAMERICANA NORTE ALTURA DEL KM. 677;-;-7.419061555;-79.5350589325773;DESPEJADO;NO IDENTIFICA LA CAUSA;;;
A-2025-01-58;11/01/2025;18:30;CHOQUE;DESPISTE;1;14;CARRETERA AYACUCHO ANDAHUAYLAS;;-13.3445747;-74.1211239;LLUVIOSO;IMPRUDENCIA DEL CONDUCTOR;EXCESO DE VELOCIDAD;;EXCESO DE VELOCIDAD
A-2025-01-65;11/01/2025;22:30;DESPISTE;;1;1;CARRETERA CAJAMARCA - CAJABAMBA. ALTURA DEL SECTOR PANAMA ;;-7.521706;-78.146309;DESPEJADO;IMPRUDENCIA DEL CONDUCTOR;EXCESO DE VELOCIDAD;;
A-2025-01-59;12/01/2025;21:00;DESPISTE;CHOQUE VOLCADURA;1;0;CARRETERA AYACUCHO MANAYASACC;;-13.471288;-74.160654;DESPEJADO;IMPRUDENCIA DEL CONDUCTOR;CONDUCIR EN ESTADO DE EBRIEDAD Y/O DROGADICCIÓN;;CONDUCTOR EN ESTADO DE EBRIEDAD
A-2025-01-67;12/01/2025;16:45;VOLCADURA;;1;0;KM 03 DE LA CARRETERA QUE CONDUCE DEL DISTRITO DE LLAPA AL EMPALME;;-6.968318;-78.796152;NUBLADO;IMPRUDENCIA DEL CONDUCTOR;CONDUCIR EN ESTADO DE EBRIEDAD Y/O DROGADICCIÓN;;
A-2025-01-68;12/01/2025;09:40;CHOQUE;;1;1;CARRETERA JAEN SAN IGNACIO K.22;;-5.68531;-78.78899;DESPEJADO;IMPRUDENCIA DEL CONDUCTOR;CONDUCIR EN ESTADO DE EBRIEDAD Y/O DROGADICCIÓN;;
A-2025-01-60;13/01/2025;16:00;DESPISTE;VOLCADURA ;3;9;CARRETERA HUANCASANCOS PUQUIO;SECTOR ACCOCCASA;-14.11171313;-74.21122520072382;DESPEJADO;IMPRUDENCIA DEL CONDUCTOR;EXCESO DE VELOCIDAD;;EXCESO DE VELOCIDAD
A-2025-01-36;13/01/2025;12:10;CHOQUE;-;1;2;AV. NILA CERRUTTI CDRA. 4;-;-7.249080257;-79.47103997616402;DESPEJADO;NO IDENTIFICA LA CAUSA;;;
A-2025-01-55;18/01/2025;18:40;DESPISTE;DESPISTE CON CONSECUENCIA FATAL;1;0;CARRETERA HUARAZ-CARAZ;CRUCE ENTRADA A YUNGAY;-9.143456603;-77.74519078038597;DESPEJADO;NO IDENTIFICA LA CAUSA;;;NINGUNO
A-2025-01-69;23/01/2025;09:00;DESPISTE;;1;0;K. 5 500 CARRETERA CALLAYUC - CASERIO LAS JUNTAS (ALT. CASERIO HUERTILLAS);;-6.141162;-78.908867;DESPEJADO;IMPRUDENCIA DEL CONDUCTOR;OTRO (IMPRUDENCIA DEL CONDUCTOR);"LA NOTABLE DESATENCIÓN DEL CONDUCTOR DE LA UT EN SU EJE DE MARCHA; SITUACIÓN QUE LE GENERA SU APROXIMACIÓN TEMERARIA HACIA EL BORDE IZQUIERDO (OESTE) DE LA VÍA, SUFRIENDO EL DESPISTE Y POSTERIOR VOLCADURA EN TONEL IZQUIERDO HACIA LA PROPIEDAD PRIVADA (ABISMO); MATERIALIZÁNDOSE EL ACCIDENTE DE TRÁNSITO.";
A-2025-01-56;24/01/2025;05:00;DESPISTE;DESPISTE CON CONSECUENCIA FATAL, LESIONES Y DAÑOS MATERIALES;1;4;CARRETERA PENETRACION PACCHA - HUYLLUCUTAY;CASERIO DE HUYLLUCUTAY;-8.456682369;-77.68355541637838;DESPEJADO;EN PROCESO DE INVESTIGACIÓN;NO CUENTA CON CAUSA ESPECIFICA;;NINGUNO
A-2025-02-60;01/02/2025;03:40;DESPISTE;;1;2;TROCHA CARROZABLE QUE SE DIRIGE DE LA PROVINCIA CUTERVO HACIA E DISTRITO SÓCOTA;;-6.352866;-78.749786;DESPEJADO;IMPRUDENCIA DEL CONDUCTOR;OTRO (IMPRUDENCIA DEL CONDUCTOR);LA DESATENCIÓN POR PARTE DEL CONDUCTOR DE LA UT, AL REALIZAR SU INGRESO AL PUENTE ANGOSTO, DESPISTÁNDOSE PARA POSTERIOR VOLCAR EN TONEL IZQUIERDO 1/1, MATERIALIZÁNDOSE EL ACCIDENTE DE TRÁNSITO.;
A-2025-02-63;02/02/2025;02:30;DESPISTE;;1;0;CARRETERA QUE CONDCUE DE LA PROVINCIA DE SAN IGNACIO A JAEN. ALTURA DEL KM. 75;;-5.3319;-78.79707;DESPEJADO;IMPRUDENCIA DEL CONDUCTOR;EXCESO DE VELOCIDAD;;
A-2025-02-57;07/02/2025;00:25;DESPISTE;VOLCADURA Y CAIDA;1;0;INTERSECCION DE LAS AV. LAS MERCEDES Y JR. LAS AZUCENAS;FRONTIS DEL COLEGIO NUESTRA SEÑORA DE LAS MERCEDES;-13.16156272;-74.21126818084073;DESPEJADO;IMPRUDENCIA DEL CONDUCTOR;CONDUCIR EN ESTADO DE EBRIEDAD Y/O DROGADICCIÓN;;CONDUCCION EN ESTADO DE EBRIEDAD
A-2025-02-62;09/02/2025;11:50;CHOQUE;;1;1;INTERSECCION DEL JR. JUAN Z. MONTENEGRO Y JR. SANTA ROSA;;-6.377757;-78.814625;DESPEJADO;EN PROCESO DE INVESTIGACIÓN;NO CUENTA CON CAUSA ESPECIFICA;;
A-2025-02-58;12/02/2025;17:30;ESPECIAL;ESPECIAL;1;0;TROCHA CARROZABLE DEL CENTRO POBLADO LAS VEGAS;;-13.012644;-74.223282;LLUVIOSO;IMPRUDENCIA DEL CONDUCTOR;VEHÍCULO MAL ESTACIONADO;;VEHICULO FUE DEJADO EN UNA PENDIENTE SIN ADOPTAR LAS MEDIDAS DE SEGURIDAD
A-2025-02-64;15/02/2025;13:40;ATROPELLO;;1;0;EN EL KM. 07 DE LA CARRETERA QUE CONDUCE DE BAMBAMARCA - CAJAMARCA ALTURA DREL CASERIO APAN BAJO;;-6.721302;-78.558327;DESPEJADO;IMPRUDENCIA DEL PEATÓN;OTRO (IMPRUDENCIA DEL PEATÓN);LA ACTITUD NEGLIGENTE DE LA PERSONA MAYOR DE EDAD  OLGA VASQUEZ LÓPEZ POR PARTE DE NO TOMAR SUS PRECAUCIONES DEL CASO Y PERMITIR QUE LA MENOR SAMY JHONSHU BECERRA VASQUEZ, BAJE POR EL LADO IZQUIERDO DE LA TRIMOTO DE PASAJEROS Y NO TENER EL CONTROL DE LA SITUACIÓN Y HABER ADVERTIDO Y QUE LOS MENORES BAJEN POR EL LADO DERECHO, ASIMISMO TAMBIÉN SON SOLIDARIAMENTE RESPONSABLES LOS PADRES DE FAMILIA POR DARLE LA RESPONSABILIDAD DE LLEVAR A TRES MENORES DE EDAD A UNA PERSONA ADULTA EN ESTE CASO  FUE INSUFICIENTE LAS MEDIDAS DE CONTROL  GENERANDO QUE UNO DE ELLOS NO MIDA S DE PELIGRO Y SER EXPONGA AL FLUJO VEHICULAR.;
A-2025-02-65;18/02/2025;07:20;DESPISTE;;1;0;CARRETERA SAN MARCOS CAJAMARCA ALTURA DEL KM 1238;;-7.245504;-78.25702;DESPEJADO;EN PROCESO DE INVESTIGACIÓN;NO CUENTA CON CAUSA ESPECIFICA;;
A-2025-02-68;21/02/2025;07:00;CHOQUE;;1;1;EN EL KM. 14 180 DE LA CARRETERA QUE CONDUCE DEL DISTRITO DE HUASMIN AL CENTRO POBLADO  JEREZ;;-6.818408;-78.287364;DESPEJADO;IMPRUDENCIA DEL CONDUCTOR;EXCESO DE VELOCIDAD;;
A-2025-02-69;21/02/2025;05:30;CHOQUE;;1;1;CARRETERA CAJAMARCA - JESUS (REF. A 50 METROS DEL GRIFO ACUARIO);;-7.190046;-78.47066;DESPEJADO;IMPRUDENCIA DEL CONDUCTOR;OTRO (IMPRUDENCIA DEL CONDUCTOR);LA ACTITUD IMPRUDENTE DEL CONDUCTOR DE LA UT-2, AL CONDUCIR SU UNIDAD VEHICULAR CON UNA NOTABLE DESATENCION EN SU EJE DE MARCHA, LLEGANDO INVADIR COMPLETAMENTE EL CARRIL CONTRARIO AL DE SU CIRCULACION IMPACTAMDO CONTRA LA UT-1, MATERIALIZANDOSE EL ACCIDNETE DE TRÁNSITO.;