COD_ACCIDE;FechaDelAccidente;HoraDelAccidente;ClaseDelAccidente;SecuenciaAccidente;CantidadDeFallecidos;CantidadDeLesionados;Direccion;LugarReferencia;y;x;CondClimatica;CausaFactorPrincipal;CausaEspecifica;OtraCausa;Observaciones
A-2025-02-56;27/02/2025;07:30;DESPISTE;DESPISTE CON CONSECUENCIA FATAL Y DAÑOS MATERIALES;1;0;PUENTE JUDAS ANDACHUPA - HUALLANCA;PUENDE JUDAS;-9.912037279;-76.95093504689598;NUBLADO;IMPERICIA DEL CONDUCTOR;;;NINGUNO
A-2025-03-68;01/03/2025;19:45;CHOQUE;;1;0;CARRETERA PICHARI - PUERTO SIVIA;;-12.513098;-73.846375;DESPEJADO;IMPRUDENCIA DEL CONDUCTOR;CONDUCIR EN ESTADO DE EBRIEDAD Y/O DROGADICCIÓN;;CONDUCTOR EN ESTADO DE EBRIEDAD
A-2025-03-55;01/03/2025;09:20;CHOQUE;;1;0;AV. SALOMON VILCHEZ MURGA;;-6.377396;-78.811572;DESPEJADO;IMPRUDENCIA DEL CONDUCTOR;OTRO (IMPRUDENCIA DEL CONDUCTOR);LA ACCIÓN IMPRUDENTE POR PARTE DE ARÍSTIDES CIEZA QUIROZ (52) - OCCISO, CUANDO SE DESPLAZA COMO CONDUCTOR DEL VEHÍCULO AUTOMOTOR MENOR (MOTOCICLETA) UT1, AL INGRESAR A LA AV. SALOMÓN VÍLCHEZ MURGA EN SENTIDO CONTRARIO AL TRÁNSITO EN UN TRAMO DE LA VÍA Y POSTERIORMENTE AL CONTINUAR SU RECORRIDO NUEVAMENTE EN FORMA PERPENDICULAR, SIN EXTREMAR SU MEDIDAS DE SEGURIDAD NO VALORANDO LOS RIESGOS PRESENTES Y POSIBLES EN LA VÍA, INTERPONIÉNDOSE EN EL EJE DE MARCHA DE LA UT2 – MICROBÚS, QUE EN ESE MOMENTO SE DESPLAZABA POR LA AVENIDA EN SENTIDO REGLAMENTARIO, MATERIALIZÁNDOSE EL ACCIDENTE DE TRÁNSITO, CONFORME A LO ANTES EXPUESTO.LA ACCIÓN IMPRUDENTE DE KELVIN RAMOS GONZALES (26), CONDUCTOR DEL VEHÍCULO AUTOMOTOR LIVIANO UT2- (MICROBUS), AL CIRCULAR CON EXCESO DE VELOCIDAD PARA EL MOMENTO Y LUGAR SIN EL DEBIDO CUIDADO Y PREVENCIÓN AL APROXIMARSE A UNA INTERSECCIÓN URBANA NO SEMAFORIZADA DONDE ANTE LA APARICIÓN E INTERPOSICIÓN EN SU EJE DE MARCHA DEL VEHÍCULO (MOTOCICLETA) POR LA VELOCIDAD DE DESPLAZAMIENTO SU MANIOBRA DE VIRAJE Y FRENADO RESULTO INEFICAZ, MATERIALIZÁNDOSE EL ACCIDENTE DE TRÁNSITO;
A-2025-03-62;02/03/2025;05:50;ATROPELLO FUGA;;1;0;CARRETERA QUE CONDUCE DE SAN IGNACIO - NAMBALLE;;-5.1350091;-78.992492;DESPEJADO;NO IDENTIFICA LA CAUSA;;;
A-2025-03-48;03/03/2025;19:16;ATROPELLO;FATAL;1;0;AV. APURIMAC;;-14.18571799;-73.54518146115718;DESPEJADO;IMPRUDENCIA DEL PEATÓN;ESTADO DE EBRIEDAD Y/O DROGADICCIÓN;;
A-2025-03-54;03/03/2025;14:30;CHOQUE;FRONTAL;1;8;CARRETERA VIA LOS LIBERTADORES;PEAJE DE RUMICHACA;-13.412535;-74.923013;LLUVIOSO;IMPRUDENCIA DEL CONDUCTOR;EXCESO DE VELOCIDAD;;EXCESO DE VELOCIDAD
A-2025-03-67;04/03/2025;22:00;DESPISTE;;1;1;CARRETERA QUE CONDUCE DE CELENDIN - SOROCHUCO;;-6.953219;-78.156725;DESPEJADO;EN PROCESO DE INVESTIGACIÓN;NO CUENTA CON CAUSA ESPECIFICA;;
A-2025-03-58;09/03/2025;00:20;DESPISTE;;1;1;KM. 137   740 CARRETERA CHOTA - CHICLAYO;;-6.551038;-78.766424;DESPEJADO;IMPRUDENCIA DEL CONDUCTOR;EXCESO DE VELOCIDAD;;
A-2025-03-59;13/03/2025;09:20;ATROPELLO;;1;0;KM 162 440. CARRETERA CHOTA - CHICLAYO;;-6.553308;-78.670456;DESPEJADO;IMPRUDENCIA DEL CONDUCTOR;CONDUCIR EN ESTADO DE EBRIEDAD Y/O DROGADICCIÓN;;
A-2025-03-52;14/03/2025;14:00;DESPISTE;;1;0;CARRETERA HUARI- SAN MARCOS;;-9.451263139;-77.15449515540745;LLUVIOSO;INFRAESTRUCTURA Y ENTORNO VIAL;SUPERFICIE DETERIORADA;;NINGUNA
A-2025-03-60;15/03/2025;18:30;ATROPELLO;;1;0;KM 2.5 DE LA CARRETERA CAJAMARCA BAMBAMARCA;;-7.126104;-78.523655;DESPEJADO;IMPRUDENCIA DEL CONDUCTOR;EXCESO DE VELOCIDAD;;
A-2025-03-63;16/03/2025;06:50;CHOQUE FUGA;;1;0;CARRETERA QUE CONDUCE DE JAEN - SAN IGNACIO. ALTURA DEL CASERIO SANTA ROSA DE SHANANGO;;-5.635768;-78.750505;DESPEJADO;IMPRUDENCIA DEL CONDUCTOR;OTRO (IMPRUDENCIA DEL CONDUCTOR);EL ACCIONAR POR PARTE DEL CONDUCTOR DE LA UT-2, AL INVADIR PARCIALMENTE EL CARRIL CONTRARIO AL DE SU CIRCULACION POR DONDE REALIZABA SU RECORRIDO LA UT-1, MATERIALIZANDOSE EL ACCIDENTE DE TRÁNSITO.;
A-2025-03-49;21/03/2025;18:10;CHOQUE;VEHICULO TRIMOTO CISCULABA DE OESTE A ESTE  EN TRAMO CARRETERO DE SANTO TOMAS Y COLQUEMARCA  HACIENDO SU APARICION EL VEHICULO MENOR SIENDO EMBISTE;1;0; EN LA VIA SANTO TOMAS A COLQUEMARCA FRONTIS DEL GRIFO  CALVARIO;;-14.446591;-72.079601;DESPEJADO;IMPRUDENCIA DEL CONDUCTOR;EXCESO DE VELOCIDAD;;NINGUNA
A-2025-03-64;22/03/2025;16:50;ATROPELLO;;1;0;BARRIO CALLE EL MILAGRO;;-6.881412;-78.145238;DESPEJADO;EN PROCESO DE INVESTIGACIÓN;NO CUENTA CON CAUSA ESPECIFICA;;
A-2025-03-65;22/03/2025;19:30;DESPISTE;;1;0;CARRETERA CAJABAMBA - CAJAMARCA. ALTURA DEL SECTOR EL CHIRMOYO;;-7.603497;-78.088976;DESPEJADO;EN PROCESO DE INVESTIGACIÓN;NO CUENTA CON CAUSA ESPECIFICA;;
A-2025-03-66;30/03/2025;11:50;DESPISTE;;1;0;CARRETERA QUEW CONDUCE DE LA PROVINCIA DE CHOTA - BAMBAMARCA ;;-6.656983;-78.538828;DESPEJADO;IMPRUDENCIA DEL CONDUCTOR;EXCESO DE VELOCIDAD;;
A-2025-03-51;31/03/2025;19:00;ATROPELLO FUGA;EL PEATON TRANSITABA  POR LA VIA  DE ESTEV A OESTE  Y VEHICULO PASO EN SENTIO CONTRARIO  IMPACTANDO  Y LUEGO DARSE A LA FUGA ;1;0;VIA ESPINAR -PALLPATA. COMPRENCION DE LA COMUNIDAD DE ANTACAMA DEL  DISTRITO DE PALLPATA;COMUNIDAD DE PALLPATA ;-14.88621;-71.233492;DESPEJADO;IMPRUDENCIA DEL CONDUCTOR;OTRO (IMPRUDENCIA DEL CONDUCTOR);FUGA ;NINGUNA
A-2025-04-42;01/04/2025;14:20;CHOQUE;FATAL , LESIONES Y DAÑOS MATERIALES;2;1;CARRETERA PANAMERICANA SUR KM 183;KM183;-13.392128;-76.199498;;;;;
A-2025-04-36;03/04/2025;11:30;ATROPELLO;;1;1;SUR A NORTE;;-13.81727962;-73.31410144883733;SOLEADO;IMPRUDENCIA DEL CONDUCTOR;GIRAR IMPRUDENTEMENTE;;
A-2025-04-56;04/04/2025;18:50;CHOQUE;;1;0;CARRETERA LONGITUDINAL SIERRA SUR AYACUCHO - ANDAHUAYLAS ;SECTOR ERAPATA;-13.42;-73.896;DESPEJADO;IMPRUDENCIA DEL CONDUCTOR;INVASIÓN DE CARRIL;;CONTRIBUTIVO ESTADO DE EBRIEDAD DEL CONDUCTOR
A-2025-04-50;05/04/2025;10:30;DESPISTE;;1;6; EN LA TROCHA CARROZABLE QUE VA DEL C.P RAMOSCUCHO AL CASERÍO BUENOS AIRES (REF. A 150 MTS. DE DISTANCIA APROX. DEL C.P RAMOSCUCHO).;;-6.665888;-78.332336;DESPEJADO;EN PROCESO DE INVESTIGACIÓN;NO CUENTA CON CAUSA ESPECIFICA;;
A-2025-04-54;08/04/2025;17:30;ATROPELLO;;1;0;ASOCIACIONPAMPA HERMOSA;;-13.191;-74.201;DESPEJADO;IMPRUDENCIA DEL CONDUCTOR;NO DAR PASO PREFERENTE AL PEATÓN;;NO ESTABLECER EL DERECHO DE PASO
A-2025-04-35;08/04/2025;20:30;FERROVIARIO;|LA LOOMOTORA OPERADO POR EL MAQUINISTA  EN CIRCUNSTANCIA QUE REALIZABA LA MANIOBRA DE RETROCESO A FIN DE REALIZAR EL ACOPLE  CON EL COCHE NDE TIPO BODEGA  Y PLATAFORMA CON EL SISTEMA DE TOPE  DE ENGANCHE  QUE SE ENCONTRABA DETENIDO  EN DONDE EL MAQUINISTA  Y POR INERCIA FUERON TRASLADADOS  ;1;0;EN LA VIA FERREA  DEVIO EL MUERTO DEL RAMAL DE URUBAMBA  ALTURA DEL KILOMETRO 00.400 DE LA SUB DIVICION  O8;ALTURA DE LA DE LA ESTACION MOVIL  08 PUENTE PACHAR  DESVIO  MUERT0;-13.27159197;-72.22043566499373;DESPEJADO;IMPRUDENCIA DEL CONDUCTOR;OTRO (IMPRUDENCIA DEL CONDUCTOR);EXESO DE CONFIANZA DEL CONDUCTOR;NINGUNA
A-2025-04-51;12/04/2025;17:00;DESPISTE;;1;1;KM.93 200. CARRETERA CAJAMARCA - CIUDAD DE DIOS;;-7.226349;-78.822903;DESPEJADO;EN PROCESO DE INVESTIGACIÓN;NO CUENTA CON CAUSA ESPECIFICA;;
A-2025-04-38;15/04/2025;10:00;DESPISTE;VEHICULO MENOR MOTOCICLETA QUE TRANSITABA EN EL TRAMO DE COLQUEMARCA A SANTO TOMAS  SALIDA DE UNA CURVA CERRADO EL CUAL A GENERADO UNA MELLDURA PARA LUEGO DESPERTAR;1;0;SETOR DENOMINADO YURAC UNUC KILOMETRO 0 900;EN EL LUGAR SE ENCONTRO BESTIGIOS DE RESTOS DEL VEHICULO MENOR ;-14.44683;-72.075008;DESPEJADO;IMPRUDENCIA DEL CONDUCTOR;EXCESO DE VELOCIDAD;;NINGUNA
A-2025-04-37;15/04/2025;15:39;ATROPELLO FUGA;EL PEATON CRUZABA LA CALZADA EN SENTIDO DE SUR A NORTE  POR DELANTE DE UNA UNIDAD VEHICULAR DETENIDA Y VEHICULO MENOR POR ADELANTAR ATROPELLA AL PEATON  ;1;0;CALLE ARCOPUNKU ALTURA DE LA INTERSECCION CON LA CAÑLLE HUASCAY LA AV DE LA CULTURA  ;PASO PEATONOL CON LA INTERSECCION DE LA CULTURA CON LA CALLE HUASCAR ;-13.520023;-71.972141;DESPEJADO;IMPRUDENCIA DEL CONDUCTOR;EXCESO DE VELOCIDAD;;NINGUNA
A-2025-04-55;16/04/2025;07:00;CHOQUE;;1;3;CARRETERA SAN MIGUEL TAMBO;HUATASOCOS;-12.987883;-73.98542;DESPEJADO;IMPRUDENCIA DEL CONDUCTOR;FATIGA Y/O CANSANCIO;;ESTADO DE CANSANCIO DEL CONDUCTOR
A-2025-04-45;19/04/2025;01:30;DESPISTE;;1;0;CARRETERA CATAC-HUARI;;-9.536849378;-77.15973429242257;DESPEJADO;EN PROCESO DE INVESTIGACIÓN;NO CUENTA CON CAUSA ESPECIFICA;;NINGUNA
A-2025-04-34;20/04/2025;15:00;CHOQUE;VEHICULO AUTOMVIL CIRCULABA DE SUR A NORTE Y POR LA VELOCIDAD PIERDE EL CONTROL  EN INGRSA AL SENDERO CONTRARIO IMPACTANDO CON LADO IZQUIERDO DEL VEHICULO MENOR;1;0;TRAMO CARRETERO DE SANTO TOMA S ALTURA DEL KILOMETRO 366 DEL SECTOR MUYURINA;KILOMETRO  336   SECTOR MUYURINA ;-14.546164;-71.899198;DESPEJADO;IMPERICIA DEL CONDUCTOR;;;NINGUNA
A-2025-04-39;21/04/2025;21:30;ATROPELLO FUGA;EL MENOR SALIO DE CHACRA HACIA LA CARRETERA  DONDE EL MENOR LE REFIERE A SU MADRE QUE LE HABIA IMPACTADO UN VEHICULO Y SU PROGENITORA LO TRASLADO A LA CENTRO MEDICO DONDE FALLECE EL MENBOR ;1;0;SECTOR  FORTALESA  POBLADO DE PATRIA ;SECTOR  FORTALESA ;-12.9844;-71.427692;DESPEJADO;IMPERICIA DEL CONDUCTOR;;;NINGUNA
A-2025-04-47;22/04/2025;14:30;CHOQUE;;2;0;MINERA YANACANCHA;MINA ANTAMINA;-9.580184575;-77.02101442991417;DESPEJADO;EN PROCESO DE INVESTIGACIÓN;NO CUENTA CON CAUSA ESPECIFICA;;NINGUNA
A-2025-04-32;22/04/2025;20:30;ATROPELLO;EL PEATON CRUZA LA CALSADA EN FORMA INTESPECTIVA  Y FUE IMPACTADOY PROYECTADO LA CALZADA  POR EL VEHICULO MAYOR;1;0;CARRETERA ENTRE SAN PABLO  Y SICUANI LUGAR LARIPAMPA  PARADERO PUENTE ;KILOMETRO 1100 MAS 500;-14.22892;-71.279282;DESPEJADO;IMPRUDENCIA DEL PEATÓN;CRUCE INDEBIDO POR LA CALZADA;;NINGUNA
A-2025-04-48;24/04/2025;00:50;DESPISTE;;1;0;CARRETERA HUAROCHIRI-CORONGO;;-8.66058898;-77.90181549918728;DESPEJADO;NO IDENTIFICA LA CAUSA;;;NINGUNA
A-2025-04-30;28/04/2025;07:15;CHOQUE;LA CAMIONETA IMPACTA EN EL VERTICE DERECHO HACIENDO QUE EL AUTOMOVIL INVADIERA EL CARRIL CONTRARIO DONDE CIRCULABA EL OMNIBUS IMPACTANDO ESTE EN EL AUTOMOVIL ;1;1;OROPESA ANDAHUYLILLAS SECTOR PIQUILLACTA ;KILOMETRO  1002;-13.62028;-71.712517;DESPEJADO;IMPRUDENCIA DEL CONDUCTOR;EXCESO DE VELOCIDAD;;NINGUNA
A-2025-04-29;30/04/2025;12:20;CHOQUE;-;1;0;AV CAJAMARCA SUR CON JR. COMERCIO;-;-5.945122;-77.305492;DESPEJADO;IMPRUDENCIA DEL CONDUCTOR;OTRO (IMPRUDENCIA DEL CONDUCTOR);;
A-2025-04-53;30/04/2025;20:00;VOLCADURA;;3;0;CASERIO PARAISO. ALTURA DEL PUENTE ROJO ;;-6.5370162;-78.6946091;DESPEJADO;EN PROCESO DE INVESTIGACIÓN;NO CUENTA CON CAUSA ESPECIFICA;;
A-2025-05-18;01/05/2025;14:00;DESPISTE;VOLCADURA;1;0;CARRETERA CHACCO COMPAÑIA;;-13.077157;-74.235676;DESPEJADO;IMPRUDENCIA DEL CONDUCTOR;FATIGA Y/O CANSANCIO;;CONDUCTOR FATIGADO
A-2025-05-1;01/05/2025;13:10;ATROPELLO;FATAL, LESIONES Y DAÑOS MATERIALES;1;2;INTERSECCION DE LA CALLE PROLONGACION MIGUEL GRAU CON CALLE TUPAC AMARU;A UNA CUADRA DEL OVALO MIGUEL GRAU;-16.407954;-71.476814;NUBLADO;;;;NO
A-2025-05-3;03/05/2025;03:28;DESPISTE;DESPISTE, CHOQUE VOLCADURA DE CONSECUENCIA FATAL, LESIONES Y DAÑOS MATERIALES;1;1;KM. 5 DE LA VIA INGRESO AL PUEBLO TRADICIONAL DE LA JOYA;HITO DE KILOMETRAJES 5;-16.450423;-71.840037;DESPEJADO;NO IDENTIFICA LA CAUSA;;;NO
A-2025-05-9;04/05/2025;19:20;CHOQUE;.;1;4;CARRETERA PANAMERICANA NORTE. 233.6;.;-3.630833149;-80.57249523368198;DESPEJADO;IMPRUDENCIA DEL CONDUCTOR;OTRO (IMPRUDENCIA DEL CONDUCTOR);FALTA DE CUIDADO Y PREVENCION ;
A-2025-05-2;04/05/2025;17:00;ATROPELLO;;1;0;NORESTE;SURESTE;-13.784193;-73.618418;DESPEJADO;IMPRUDENCIA DEL CONDUCTOR;OTRO (IMPRUDENCIA DEL CONDUCTOR);;
A-2025-05-22;06/05/2025;19:00;ATROPELLO;;1;0;AV. LOS PELICANOS CON CALLE 11;;-11.8748109;-77.130277117;;;;;
A-2025-05-11;08/05/2025;18:30;ATROPELLO FUGA;ATROPELLO DE CONSECUENCIA Y DAÑOS MATERIALES;1;0;AUTOPISTA AREQUIPA LA JOYA;ALTURA DE LA ASOCIACION VIRGEN DE COPACABANA;-16.36045;-71.61908;;;;;
A-2025-05-4;09/05/2025;20:40;CHOQUE;-;1;0;CARRETERA FERNANDO BELAUNDE TERRY KM 436 500;CRUCE DEL CASERIO SAN MIGUEL;-5.835548;-77.361;DESPEJADO;IMPRUDENCIA DEL CONDUCTOR;OTRO (IMPRUDENCIA DEL CONDUCTOR);;
A-2025-05-13;16/05/2025;15:40;ATROPELLO FUGA;ATROPELLO Y FUGA CON SUBSECUENTE MUERTE DE MENOR;1;0;CENTRPO POBÑLADO E-3 FRONTIS DE LOS INMUEBLES C-4 Y C-5;INMUEBLE MZ. C LT. 4 MZ. C LT. 5 CENTRO POBLADO E-3 DISTRITO DE MAJES;-16.302738;-72.205849;DESPEJADO;EN PROCESO DE INVESTIGACIÓN;NO CUENTA CON CAUSA ESPECIFICA;;NO
A-2025-05-5;16/05/2025;04:25;DESPISTE;-;1;0;CARRETERA BAÑOS TERMALES MOYOBAMBA;ALTURA A LA UNIVERSIDAD CESAR VALLEJO;-5.941336;-77.301729;DESPEJADO;IMPRUDENCIA DEL CONDUCTOR;OTRO (IMPRUDENCIA DEL CONDUCTOR);;
A-2025-05-15;17/05/2025;09:30;ATROPELLO;DE CONSECUENCIA FATAL;1;0;AV. GOYENECHE CUADRA 19 MIRAFLORES;FRONTIS INMUEBLE 1900;-16.390425;-71.516481;SOLEADO;EN PROCESO DE INVESTIGACIÓN;NO CUENTA CON CAUSA ESPECIFICA;;NO
A-2025-05-20;17/05/2025;13:00;DESPISTE;VOLCADURA;1;5;TROCHA CARROZABLE CANGALLO PUTICA;MALOBAMBA;-13.616;-74.141;DESPEJADO;IMPRUDENCIA DEL CONDUCTOR;FATIGA Y/O CANSANCIO;;CONDUCTOR CON CANSANCIO
A-2025-05-7;17/05/2025;15:30;CHOQUE;;1;2;C.P PATACCOCHA;;-13.812534;-73.3317874232672;;;;;
A-2025-05-19;18/05/2025;05:00;CHOQUE;VOLCADURA;2;1;CARRETERA VIA AYACUCHO CANGALLO;;-13.535;-74.188;DESPEJADO;IMPRUDENCIA DEL CONDUCTOR;CONDUCIR EN ESTADO DE EBRIEDAD Y/O DROGADICCIÓN;;CONDUCTOR EN ESTADO DE EBRIEDAD
A-2025-05-17;20/05/2025;06:58;VOLCADURA;;1;0;CARRETERA QUE CONDUCE DE JAEN - SAN IGNACIO ALTURA. DEL KM. 86 160 REF. EL SALTO DEL TIGRE;;-5.255974;-78.823854;DESPEJADO;EN PROCESO DE INVESTIGACIÓN;NO CUENTA CON CAUSA ESPECIFICA;;
A-2025-05-14;23/05/2025;21:30;CHOQUE;;1;0;CARRETERA HUARAZ CARAZ;;-9.141693939;-77.74562888520576;;;;;
A-2025-05-10;25/05/2025;20:00;CHOQUE;-;1;0;CARRETERA FERNANDO BELAUNDE TERRY KM 518 500;CASERIO RAMIREZ;-6.038387;-77.080342;DESPEJADO;IMPRUDENCIA DEL CONDUCTOR;OTRO (IMPRUDENCIA DEL CONDUCTOR);;
A-2025-05-12;26/05/2025;05:30;ATROPELLO;MUERTE Y DAÑOS;1;1;CARRETERA FERNANDO BELAUNDE TERRY KM 432 600;FRENTE AL GRIFO PETRO PERÚ;-5.814956;-77.38707;DESPEJADO;IMPRUDENCIA DEL CONDUCTOR;EXCESO DE VELOCIDAD;;
A-2025-05-21;31/05/2025;03:55;CHOQUE;;1;1;AV. ARGENTINA CON AV. FAUCETT;;-12.0484997;-77.101054717;LLUVIOSO;EN PROCESO DE INVESTIGACIÓN;NO CUENTA CON CAUSA ESPECIFICA;;
A-2025-06-9;03/06/2025;20:40;ATROPELLO FUGA;ATROPELLO CON PROYECCION DE CONSECUENCIA FATAL Y DAÑOS MATERIALES;1;0;VARIANTE DE UCHUMAYO;FRONTIS A LA CEVICHERIA ORILLAS;-16.41294;-71.554685;DESPEJADO;NO IDENTIFICA LA CAUSA;;;NO
A-2025-06-6;05/06/2025;16:30;DESPISTE;DESPISTE Y VOLCADURA.;1;2;CARRETERA PANAMERICANA NORTE KM67;VARIANTE DE PASAMAYO;-11.6317883;-77.2067298;SOLEADO;EN PROCESO DE INVESTIGACIÓN;NO CUENTA CON CAUSA ESPECIFICA;;SIN OBSERVACIONES
A-2025-06-10;06/06/2025;20:45;ATROPELLO;ATROPELLO CON PROYECCION Y APLASTAMIENTO DE CONSECUENCIA FATAL Y DAÑOS MATERIALES;1;0;AV. ARGENTINA INTERSECCION CON LA AV. PERU CUADRA 10;FRONTIS AL HOSPEDAJE LA TERRAZA;-16.404852;-71.49855;DESPEJADO;NO IDENTIFICA LA CAUSA;;;NO
A-2025-06-15;06/06/2025;18:30;DESPISTE;DESPISTE;1;0;CARRETERA MASIN POMACHACA;;-9.367571641;-77.0984527406655;DESPEJADO;EN PROCESO DE INVESTIGACIÓN;NO CUENTA CON CAUSA ESPECIFICA;;NINGUNA
A-2025-06-5;07/06/2025;15:54;ATROPELLO;DESPISTE - ATROPELLO - VOLCADURA;1;0;CALLE LORETO;KM 01;-12.732962;-74.664934;DESPEJADO;EN PROCESO DE INVESTIGACIÓN;NO CUENTA CON CAUSA ESPECIFICA;;NINGUNA
A-2025-06-2;08/06/2025;06:45;CHOQUE;CHOQUE POR EMBIESTE EXCENTRICO POSTERIOR LATERAL DERECHO;2;0;CARRETERA FERNANDO BELAUNDE TERRY KM 490 19;FRENTE AL CEMENTERIO INDAÑE-MOYOBAMBA;-6.046523;-77.002287;DESPEJADO;IMPRUDENCIA DEL CONDUCTOR;EXCESO DE VELOCIDAD;;
A-2025-06-20;13/06/2025;04:00;ATROPELLO FUGA;DE CONSECUENCIA FATAL Y DAÑOS MATERIALES;1;0;INTERSECCION DE LA VIA DE EVITAMIENTO CON CALLE REPUBLICA DE CHILE;POSTE DE ALTA TENSION NRO. COMOL 2012-15-400;-16.39618667;-71.5837398566;DESPEJADO;EN PROCESO DE INVESTIGACIÓN;NO CUENTA CON CAUSA ESPECIFICA;;NO
A-2025-06-7;15/06/2025;18:30;ATROPELLO FUGA;ATROPELLO Y FUGA;1;0;CARRETERA PANAMERICANA NORTE  KM 92 160;CHANCAYLLO;-11.4857237;-77.3058397;DESPEJADO;EN PROCESO DE INVESTIGACIÓN;NO CUENTA CON CAUSA ESPECIFICA;;SIN OBSERVACIONES
A-2025-06-3;16/06/2025;07:00;CHOQUE;CHOQUE POR ALCANCE SEGUIDO DE VOLCADURA;1;0;CARRETERA FERNANDO BELAUNDE TERRY KM 465 500;-;-6.033405;-77.203167;DESPEJADO;IMPRUDENCIA DEL CONDUCTOR;OTRO (IMPRUDENCIA DEL CONDUCTOR);;
A-2025-06-16;20/06/2025;12:10;CHOQUE;CHOQUE SEGUIDO DE VOLCADURA;1;0;INTERSECCIÓN DEL JR. CALLAO CON JR. REYES GUERRA MOYOBAMBA;FRENTE AL INEI;-6.03449;-76.97278;DESPEJADO;EN PROCESO DE INVESTIGACIÓN;NO CUENTA CON CAUSA ESPECIFICA;;
A-2025-06-17;21/06/2025;19:25;CHOQUE FUGA;CHOQUE Y FUFA;1;0;CARRETERA FERNANDO BELAUNDE TERRY KM 229 148;SECTOR EL PIÑAL;-5.795907;-77.410965;DESPEJADO;EN PROCESO DE INVESTIGACIÓN;NO CUENTA CON CAUSA ESPECIFICA;;
A-2025-06-21;22/06/2025;03:30;DESPISTE;DESPISTE, CHOQUE, VOLCADURA DE CONSECUENCIA FATAL Y DAÑOS MATERIALES;1;0;VIA DE EVITAMIENTO KM. 0.300;FRONTIS DE LA LADRILLERIA EL DIAMANTE;-16.402334;-71.584648;DESPEJADO;NO IDENTIFICA LA CAUSA;;;NO
A-2025-06-18;25/06/2025;06:00;CHOQUE;CHOQUE FRONTAL EXCÉNTRICO IZQUIERDO;1;0;CARRETERA FERNANDO BELAUNDE TERRY KM 495 150;FRENTE AL HOSPEDAJE CASA BLANCA;-6.035935;-77.198525;DESPEJADO;IMPRUDENCIA DEL CONDUCTOR;EXCESO DE VELOCIDAD;;
A-2025-06-13;25/06/2025;21:15;CHOQUE FUGA;VOLCADURA ;1;0;CARRETERA PANAMERICANA NORTE. KM 273.8;.;-3.482889123;-80.25399492671777;DESPEJADO;IMPRUDENCIA DEL CONDUCTOR;OTRO (IMPRUDENCIA DEL CONDUCTOR);FALTA DE CUIDADO Y PREVENCION ;
A-2025-06-22;26/06/2025;21:20;ATROPELLO FUGA;ATROPELLO Y FUGA DE CONSECUENCIA FATAL;1;0;CALLE JOSE TABOADA INGRESO TROCHA CARROSABLE;CALLE JOSE TABOADA N° 116;-16.402588;-71.559784;DESPEJADO;EN PROCESO DE INVESTIGACIÓN;NO CUENTA CON CAUSA ESPECIFICA;;NO
A-2025-06-11;27/06/2025;00:00;ATROPELLO FUGA;CONECUENCIA FATAL;1;0;CARRETERA PANAMERICA NORTE KM 74;;-11.6109195;-77.224728;DESPEJADO;EN PROCESO DE INVESTIGACIÓN;NO CUENTA CON CAUSA ESPECIFICA;;SIN OBSERVACIONES
A-2025-06-19;28/06/2025;20:30;ATROPELLO;-;2;1;CARRETERA FERNANDO BELAUNDE TERRY KM 466 56;CASERIO FLOR DEL VALLE;-6.035876;-77.198682;DESPEJADO;EN PROCESO DE INVESTIGACIÓN;NO CUENTA CON CAUSA ESPECIFICA;;
A-2025-06-12;28/06/2025;18:30;ATROPELLO FUGA;FATAL;1;0;CARRETEREA PANAMERICANA NORTE KM 82 500;;-11.5593801;-77.266452;DESPEJADO;EN PROCESO DE INVESTIGACIÓN;NO CUENTA CON CAUSA ESPECIFICA;;SIN OBSERVACIONES
A-2025-06-23;29/06/2025;06:30;CHOQUE;CONSECUENCIA FATAL Y DAÑOS MATERIALES;2;2;KM. 57   200 DE LA CARRETERA AREQUIPA-PUNO DISTRITO DE YURA;SECTOR CERRO CORTADO YURA;-16.271093;-71.667534;DESPEJADO;EN PROCESO DE INVESTIGACIÓN;NO CUENTA CON CAUSA ESPECIFICA;;NO
A-2025-06-24;30/06/2025;03:00;CHOQUE;CONSECUENCIA FATAL Y DAÑOS MATERIALES;1;0;VIA DE PENETRACION DE AREQUIPA KM.3 950;CRUCE CON LA CARRETERA DE INGRESO A CERRO VERDDE;-16.525204;-71.749496;DESPEJADO;EN PROCESO DE INVESTIGACIÓN;NO CUENTA CON CAUSA ESPECIFICA;;NO
A-2025-07-1;01/07/2025;03:00;CHOQUE FUGA;CHOQUE Y FUGA CON CONSECUENCIA FATAL Y DAÑOS MATERIALES;1;0;CARRETERA PANAMERIACANA NORTE KM 86;PUENTE HUANCHACO;-11.5296755;-77.2870452;DESPEJADO;EN PROCESO DE INVESTIGACIÓN;NO CUENTA CON CAUSA ESPECIFICA;;SIN OBSERVACIONES
A-2025-07-2;02/07/2025;19:10;CHOQUE;ATROPELLO CON CONSECUENCIA FATAL;1;6;VIA PENETRACION AREQUIPA KM.3   800;CERCA AL INGRESO A LA SOCIEDAD MINERA CERRO VERDE S.A.A;-16.525204;-71.749496;DESPEJADO;EN PROCESO DE INVESTIGACIÓN;NO CUENTA CON CAUSA ESPECIFICA;;NO